topology,workload,advert,feature,seed,delivered,sent,alice_flood,alice_direct,radio_tx,radio_rx,collisions,ackpath_tx,total_flood_tx,total_direct_tx,probes_fired,wall_s,rc
chain_6,medium,medium,p2_c40_mp2,202,6,6,0,6,110,222,23,27,49,35,0,0.918602466583252,0
chain_6,medium,medium,p2_c40,101,6,6,0,6,104,219,17,28,49,35,0,0.9444835186004639,0
chain_6,medium,medium,baseline,101,6,6,1,5,100,218,13,22,34,45,0,1.0189554691314697,0
chain_6,medium,medium,p2_c40_h2,42,6,6,0,6,102,206,29,26,43,38,1,1.2296602725982666,0
chain_6,medium,medium,p2_c120_mp2,101,6,6,4,2,113,231,24,29,51,37,0,1.229827880859375,0
chain_6,medium,medium,p2_c40_mp2,101,6,6,0,6,111,232,14,29,50,35,0,1.334097146987915,0
chain_6,medium,medium,p2_c120,202,6,6,4,2,113,232,24,28,55,35,0,1.3536524772644043,0
chain_6,medium,medium,p2_c120_mp2,42,6,6,3,3,101,189,36,30,38,37,0,1.3546311855316162,0
chain_6,medium,medium,p2_c40_mp2,42,6,6,0,6,98,188,27,27,37,35,0,1.3570077419281006,0
chain_6,medium,medium,p2_c120,42,6,6,4,2,94,176,33,23,41,31,0,1.356173038482666,0
chain_6,medium,medium,p2_c40_mp3,202,6,6,0,6,114,216,31,25,47,35,0,1.3571007251739502,0
chain_6,medium,medium,p2_c40_penalty_off,202,6,6,3,3,111,221,35,31,49,39,0,1.3572187423706055,0
chain_6,medium,medium,p2_c120_mp3,101,6,6,4,2,113,223,28,27,51,35,0,1.3611371517181396,0
chain_6,medium,medium,baseline,42,6,6,1,5,94,180,32,28,40,33,0,1.3683109283447266,0
chain_6,medium,medium,baseline,202,6,6,1,5,101,217,17,22,35,45,0,1.371433973312378,0
chain_6,medium,medium,p2_c40_penalty_off,101,6,6,3,3,112,233,22,32,52,37,0,1.3717691898345947,0
chain_6,medium,medium,p2_c40_mp3,42,6,6,0,6,103,191,28,26,36,35,0,1.3772339820861816,0
chain_6,medium,medium,p2_c40_penalty_off,42,6,6,3,3,99,190,36,31,37,39,0,1.3793084621429443,0
chain_6,medium,medium,p2_c40_h2,101,6,6,0,6,109,230,19,29,49,38,2,1.3807241916656494,0
chain_6,medium,medium,p2_c40_h2,202,6,6,0,6,99,198,30,26,40,38,1,1.381140947341919,0
chain_6,medium,medium,p2_c120_mp3,202,6,6,4,2,111,222,25,22,50,35,0,1.3832404613494873,0
chain_6,medium,medium,p2_c40,42,6,6,0,6,91,178,29,26,36,35,0,1.3861331939697266,0
chain_6,medium,medium,p2_c40,202,6,6,0,6,105,221,20,28,50,35,0,1.385915994644165,0
chain_6,medium,medium,p2_c120_mp3,42,6,6,3,3,103,189,35,29,39,35,0,1.3864548206329346,0
chain_6,medium,medium,p2_c120_mp2,202,6,6,4,2,114,229,27,27,54,35,0,1.3885819911956787,0
chain_6,medium,medium,p2_c120,101,6,6,4,2,110,224,27,28,50,37,0,1.3894307613372803,0
chain_6,medium,medium,p2_c40_mp3,101,6,6,0,6,114,223,23,26,47,35,0,1.3950810432434082,0
chain_6,medium,medium,p2_c120_h2,42,6,6,4,2,105,209,30,23,44,38,1,1.4041171073913574,0
chain_6,medium,medium,p2_etl_60,202,6,6,4,2,113,232,24,28,55,35,0,0.9585180282592773,0
chain_6,medium,medium,p2_c120_h2,101,6,6,4,2,114,229,29,28,51,38,2,1.2881355285644531,0
chain_6,medium,medium,p2_etl_60,42,6,6,4,2,94,176,33,23,41,31,0,1.215153455734253,0
chain_6,medium,medium,p2_c120_h2,202,6,6,4,2,102,195,35,22,45,34,1,1.3156721591949463,0
chain_6,medium,medium,p2_etl_86400,101,6,6,4,2,110,224,27,28,50,37,0,0.9816923141479492,0
chain_6,medium,frequent,p2_c40_h2,42,6,6,0,6,130,253,41,27,63,38,1,0.9931409358978271,0
chain_6,medium,frequent,p2_c40_mp2,101,6,6,0,6,145,285,37,28,76,35,0,1.0466959476470947,0
chain_6,medium,medium,p2_etl_1800,42,6,6,4,2,94,176,33,23,41,31,0,1.2762470245361328,0
chain_6,medium,frequent,p2_c40,202,6,6,0,6,125,234,47,26,62,35,0,1.2384765148162842,0
chain_6,medium,medium,p2_etl_60,101,6,6,4,2,110,224,27,28,50,37,0,1.3971590995788574,0
chain_6,medium,frequent,baseline,42,6,6,1,5,111,211,39,22,37,45,0,1.2867779731750488,0
chain_6,medium,frequent,p2_c40_penalty_off,101,6,6,3,3,141,275,45,26,74,37,0,1.314103126525879,0
chain_6,medium,medium,p2_etl_1800,202,6,6,4,2,113,232,24,28,55,35,0,1.3504128456115723,0
chain_6,medium,frequent,baseline,202,6,6,1,5,123,238,40,22,49,45,0,1.3419995307922363,0
chain_6,medium,medium,p2_etl_86400,202,6,6,4,2,113,232,24,28,55,35,0,1.358928918838501,0
chain_6,medium,medium,p2_etl_1800,101,6,6,4,2,110,224,27,28,50,37,0,1.364701747894287,0
chain_6,medium,frequent,baseline,101,6,6,1,5,134,270,37,22,60,45,0,1.3580684661865234,0
chain_6,medium,frequent,p2_c40_mp2,42,6,6,0,6,121,219,44,27,52,35,0,1.3550398349761963,0
chain_6,medium,frequent,p2_c40_mp2,202,6,6,0,6,130,233,52,25,61,35,0,1.3636689186096191,0
chain_6,medium,medium,p2_etl_86400,42,6,6,4,2,94,176,33,23,41,31,0,1.3909943103790283,0
chain_6,medium,frequent,p2_c40_mp3,42,6,6,0,6,127,222,45,27,52,35,0,1.3631110191345215,0
chain_6,medium,frequent,p2_c40,42,6,6,0,6,113,205,48,25,50,35,0,1.3970441818237305,0
chain_6,medium,frequent,p2_c40_penalty_off,202,6,6,3,3,125,229,49,20,63,33,0,1.387803077697754,0
chain_6,medium,frequent,p2_c40_mp3,202,6,6,0,6,138,249,46,27,63,35,0,1.3987953662872314,0
chain_6,medium,frequent,p2_c40,101,6,6,0,6,138,274,40,27,75,35,0,1.4120783805847168,0
chain_6,medium,frequent,p2_c40_penalty_off,42,6,6,3,3,117,211,50,25,50,37,0,1.404078722000122,0
chain_6,medium,frequent,p2_c40_mp3,101,6,6,0,6,150,286,40,27,75,35,0,1.4145164489746094,0
chain_6,medium,frequent,p2_c40_h2,101,6,6,0,6,133,261,42,26,66,38,1,1.4177720546722412,0
chain_6,medium,frequent,p2_c120,101,6,6,4,2,146,286,45,29,78,37,0,1.1912999153137207,0
chain_6,medium,frequent,p2_c120,202,6,6,4,2,133,244,54,28,65,37,0,1.2710015773773193,0
chain_6,medium,frequent,p2_c40_h2,202,6,6,0,6,125,236,47,27,58,38,1,1.3718724250793457,0
chain_6,medium,frequent,p2_c120,42,6,6,3,3,122,226,48,31,50,41,0,1.3670353889465332,0
chain_6,medium,frequent,p2_c120_mp2,42,6,6,3,3,125,229,48,31,50,41,0,1.3130979537963867,0
chain_6,medium,frequent,p2_etl_86400,42,6,6,3,3,122,226,48,31,50,41,0,0.9773712158203125,0
chain_6,medium,frequent,p2_etl_86400,101,6,6,4,2,146,286,45,29,78,37,0,0.9812045097351074,0
chain_6,medium,frequent,p2_c120_mp2,101,6,6,4,2,148,288,45,29,78,37,0,1.3861563205718994,0
chain_6,medium,frequent,p2_c120_mp2,202,6,6,4,2,136,253,47,28,68,35,0,1.4041900634765625,0
chain_6,medium,frequent,p2_c120_mp3,42,6,6,3,3,129,237,45,32,51,41,0,1.261049509048462,0
chain_6,medium,frequent,p2_c120_mp3,101,6,6,4,2,150,289,46,29,78,37,0,1.3106563091278076,0
chain_6,medium,frequent,p2_c120_mp3,202,6,6,4,2,138,255,47,28,68,35,0,1.3418760299682617,0
chain_6,medium,frequent,p2_c120_h2,42,6,6,3,3,138,267,46,32,62,44,1,1.3565831184387207,0
chain_6,medium,frequent,p2_etl_60,101,6,6,4,2,146,286,45,29,78,37,0,1.3293495178222656,0
chain_6,medium,frequent,p2_etl_1800,42,6,6,3,3,122,226,48,31,50,41,0,1.3469882011413574,0
chain_6,heavy,medium,p2_c40,202,12,12,0,12,148,302,37,54,69,47,0,1.2498600482940674,0
chain_6,medium,frequent,p2_etl_60,42,6,6,3,3,122,226,48,31,50,41,0,1.3690266609191895,0
chain_6,medium,frequent,p2_etl_60,202,6,6,4,2,133,244,54,28,65,37,0,1.3642210960388184,0
chain_6,medium,frequent,p2_c120_h2,202,6,6,3,3,131,244,52,29,57,42,1,1.3978266716003418,0
chain_6,heavy,medium,baseline,202,12,12,1,11,144,282,46,53,66,45,0,1.3197906017303467,0
chain_6,medium,frequent,p2_etl_1800,202,6,6,4,2,133,244,54,28,65,37,0,1.3670730590820312,0
chain_6,medium,frequent,p2_etl_1800,101,6,6,4,2,146,286,45,29,78,37,0,1.3805570602416992,0
chain_6,medium,frequent,p2_etl_86400,202,6,6,4,2,133,244,54,28,65,37,0,1.3477280139923096,0
chain_6,medium,frequent,p2_c120_h2,101,6,6,4,2,136,264,43,23,67,38,1,1.431638240814209,0
chain_6,heavy,medium,baseline,42,12,12,4,8,141,277,37,47,69,39,0,1.3793399333953857,0
chain_6,heavy,medium,baseline,101,11,12,2,10,132,281,23,36,38,62,0,1.3840885162353516,0
chain_6,heavy,medium,p2_c40,42,12,12,0,12,140,284,35,54,61,47,0,1.38242506980896,0
chain_6,heavy,medium,p2_c40,101,10,12,0,12,139,288,29,45,64,45,0,1.390263557434082,0
chain_6,heavy,medium,p2_c40_mp2,42,12,12,0,12,147,277,42,50,56,47,0,1.0305438041687012,0
chain_6,heavy,medium,p2_c40_mp3,42,12,12,0,12,166,314,33,55,63,47,0,1.296191930770874,0
chain_6,heavy,medium,p2_c40_mp2,202,12,12,0,12,160,311,40,54,69,47,0,1.3186912536621094,0
chain_6,heavy,medium,p2_c40_mp2,101,10,12,0,12,153,303,31,45,66,45,0,1.4182443618774414,0
chain_6,heavy,medium,p2_c40_mp3,101,11,12,0,12,170,326,32,48,69,46,0,1.4110033512115479,0
chain_6,heavy,medium,p2_c40_penalty_off,101,10,12,7,5,151,300,42,48,69,47,0,1.2952680587768555,0
chain_6,heavy,medium,p2_c40_mp3,202,12,12,0,12,172,332,30,56,69,47,0,1.3634147644042969,0
chain_6,heavy,medium,p2_c40_h2,101,10,12,0,12,140,280,39,44,60,48,2,1.1941065788269043,0
chain_6,heavy,medium,p2_c40_penalty_off,42,12,12,6,6,149,291,47,56,59,53,0,1.4094438552856445,0
chain_6,heavy,medium,p2_etl_60,42,12,12,8,4,144,269,50,44,67,41,0,0.998213529586792,0
chain_6,heavy,medium,p2_c40_penalty_off,202,12,12,6,6,160,319,45,58,72,51,0,1.3748500347137451,0
chain_6,heavy,medium,p2_etl_60,202,12,12,7,5,153,296,50,52,67,49,0,1.106497049331665,0
chain_6,heavy,medium,p2_c40_h2,42,12,12,0,12,145,296,35,54,62,50,1,1.4172544479370117,0
chain_6,heavy,medium,p2_c120,42,12,12,8,4,144,269,50,44,67,41,0,1.3356988430023193,0
chain_6,heavy,medium,p2_c120,101,11,12,8,4,149,293,40,41,72,42,0,1.3057632446289062,0
chain_6,heavy,medium,p2_c120_h2,202,12,12,7,5,156,310,44,51,64,54,1,1.2262678146362305,0
chain_6,heavy,medium,p2_c40_h2,202,12,12,0,12,150,312,31,56,67,50,1,1.4005553722381592,0
chain_6,heavy,medium,p2_c120,202,12,12,7,5,153,296,50,52,67,49,0,1.3135993480682373,0
chain_6,heavy,medium,p2_c120_mp2,202,12,12,8,4,148,269,56,42,67,41,0,1.3565928936004639,0
chain_6,heavy,medium,p2_c120_mp2,42,12,12,8,4,155,295,47,52,69,45,0,1.3715269565582275,0
chain_6,heavy,medium,p2_c120_h2,42,12,12,8,4,154,293,54,49,66,50,1,1.3374004364013672,0
chain_6,heavy,medium,p2_c120_mp2,101,11,12,8,4,156,302,42,46,74,42,0,1.3912808895111084,0
chain_6,heavy,medium,p2_c120_mp3,42,12,12,8,4,153,282,49,45,66,43,0,1.3684413433074951,0
chain_6,heavy,medium,p2_etl_1800,42,12,12,8,4,144,269,50,44,67,41,0,1.2875456809997559,0
chain_6,heavy,medium,p2_c120_mp3,101,12,12,7,5,167,324,42,54,69,51,0,1.3812124729156494,0
chain_6,heavy,medium,p2_c120_mp3,202,12,12,6,6,168,309,56,59,69,49,0,1.382955551147461,0
chain_6,heavy,medium,p2_c120_h2,101,10,12,7,5,155,307,44,49,67,51,2,1.4011738300323486,0
chain_6,heavy,medium,p2_etl_60,101,11,12,8,4,149,293,40,41,72,42,0,1.4227039813995361,0
chain_6,heavy,medium,p2_etl_1800,101,11,12,8,4,149,293,40,41,72,42,0,1.442326545715332,0
chain_6,heavy,medium,p2_etl_1800,202,12,12,7,5,153,296,50,52,67,49,0,1.2838315963745117,0
chain_6,heavy,medium,p2_etl_86400,42,12,12,8,4,144,269,50,44,67,41,0,1.324824333190918,0
chain_6,heavy,medium,p2_etl_86400,101,11,12,8,4,149,293,40,41,72,42,0,1.2972922325134277,0
chain_6,heavy,frequent,baseline,101,11,12,1,11,164,337,39,37,58,66,0,1.284438133239746,0
chain_6,heavy,frequent,p2_c40_mp3,42,12,12,0,12,183,325,56,53,72,47,0,1.1042115688323975,0
chain_6,heavy,medium,p2_etl_86400,202,12,12,7,5,153,296,50,52,67,49,0,1.4012868404388428,0
chain_6,heavy,frequent,p2_c40,202,12,12,0,12,173,329,62,53,86,47,0,1.2687199115753174,0
chain_6,heavy,frequent,baseline,42,12,12,1,11,149,298,40,40,39,69,0,1.4101269245147705,0
chain_6,heavy,frequent,baseline,202,12,12,1,11,159,321,42,40,49,69,0,1.3959357738494873,0
chain_6,heavy,frequent,p2_c120,101,11,12,7,5,190,369,62,57,92,53,0,1.0354995727539062,0
chain_6,heavy,frequent,p2_c40,101,11,12,0,12,173,334,59,48,88,46,0,1.3887081146240234,0
chain_6,heavy,frequent,p2_c40,42,12,12,0,12,160,303,56,53,73,47,0,1.4337785243988037,0
chain_6,heavy,frequent,p2_c40_penalty_off,42,12,12,7,5,165,306,57,47,76,45,0,1.198315143585205,0
chain_6,heavy,frequent,p2_c40_mp2,42,12,12,0,12,173,321,52,54,74,47,0,1.3930425643920898,0
chain_6,heavy,frequent,p2_c40_mp3,202,12,12,0,12,194,340,69,50,83,47,0,1.3211960792541504,0
chain_6,heavy,frequent,p2_c40_mp2,202,12,12,0,12,187,348,59,55,88,47,0,1.37278413772583,0
chain_6,heavy,frequent,p2_c40_mp3,101,12,12,0,12,210,396,50,57,99,47,0,1.3646528720855713,0
chain_6,heavy,frequent,p2_c40_mp2,101,11,12,0,12,188,353,59,47,91,46,0,1.4459211826324463,0
chain_6,heavy,frequent,p2_c120_mp2,42,12,12,7,5,181,334,66,59,75,55,0,1.3130409717559814,0
chain_6,heavy,frequent,p2_c40_penalty_off,202,12,12,7,5,177,336,59,48,84,49,0,1.3933711051940918,0
chain_6,heavy,frequent,p2_c120,202,12,12,6,6,185,356,60,60,84,55,0,1.3492989540100098,0
chain_6,heavy,frequent,p2_c40_penalty_off,101,11,12,8,4,174,315,71,37,97,35,0,1.423710823059082,0
chain_6,heavy,frequent,p2_c120,42,12,12,7,5,176,331,62,59,77,53,0,1.400296926498413,0
chain_6,heavy,frequent,p2_c40_h2,42,12,12,0,12,176,348,50,55,85,50,1,1.4331541061401367,0
chain_6,heavy,frequent,p2_c40_h2,101,11,12,0,12,175,347,50,50,86,49,1,1.4454269409179688,0
chain_6,heavy,frequent,p2_c40_h2,202,12,12,0,12,169,327,55,54,78,50,1,1.4635100364685059,0
chain_6,heavy,frequent,p2_c120_mp2,101,11,12,7,5,188,358,60,50,88,51,0,1.3618764877319336,0
chain_6,heavy,frequent,p2_c120_mp2,202,12,12,7,5,186,345,64,53,85,51,0,1.370854139328003,0
chain_6,heavy,frequent,p2_c120_mp3,42,12,12,7,5,184,337,59,59,75,53,0,1.2917280197143555,0
chain_6,heavy,frequent,p2_c120_h2,101,11,12,8,4,181,334,73,48,88,48,1,1.0670750141143799,0
chain_6,heavy,frequent,p2_etl_60,101,11,12,7,5,190,369,62,57,92,53,0,1.074291467666626,0
chain_6,heavy,frequent,p2_c120_mp3,202,12,12,7,5,190,349,63,52,84,51,0,1.3730721473693848,0
chain_6,heavy,frequent,p2_c120_mp3,101,11,12,7,5,201,378,66,57,93,53,0,1.4443905353546143,0
chain_6,heavy,frequent,p2_etl_60,202,12,12,6,6,185,356,60,60,84,55,0,1.306187391281128,0
chain_6,heavy,frequent,p2_etl_1800,42,12,12,7,5,176,331,62,59,77,53,0,1.3039321899414062,0
chain_6,heavy,frequent,p2_c120_h2,42,12,12,7,5,180,339,66,51,80,54,1,1.452709674835205,0
chain_6,heavy,frequent,p2_c120_h2,202,12,12,7,5,176,324,73,52,74,56,1,1.3624751567840576,0
chain_6,heavy,frequent,p2_etl_60,42,12,12,7,5,176,331,62,59,77,53,0,1.3557968139648438,0
chain_6,heavy,frequent,p2_etl_86400,42,12,12,7,5,176,331,62,59,77,53,0,1.3043086528778076,0
chain_6,heavy,frequent,p2_etl_86400,101,11,12,7,5,190,369,62,57,92,53,0,1.3096320629119873,0
chain_6,heavy,frequent,p2_etl_1800,101,11,12,7,5,190,369,62,57,92,53,0,1.440183162689209,0
chain_6,heavy,frequent,p2_etl_1800,202,12,12,6,6,185,356,60,60,84,55,0,1.4284799098968506,0
chain_6,heavy,frequent,p2_etl_86400,202,12,12,6,6,185,356,60,60,84,55,0,1.3677706718444824,0
chain_10,medium,medium,p2_c40_mp3,42,0,6,0,6,149,262,10,0,46,77,0,1.8839144706726074,0
chain_10,medium,medium,baseline,202,,,0,0,81,145,9,0,28,45,0,2.17043399810791,0
chain_10,medium,medium,baseline,101,6,6,1,5,221,413,8,60,68,132,0,2.210017442703247,0
chain_10,medium,medium,baseline,42,6,6,1,5,218,407,8,63,62,135,0,2.259643077850342,0
chain_10,medium,medium,p2_c40,101,6,6,3,3,242,455,6,81,100,119,0,2.181865930557251,0
chain_10,medium,medium,p2_c40,202,,,0,0,81,145,9,0,28,45,0,2.198655366897583,0
chain_10,medium,medium,p2_c40_mp2,202,,,0,0,81,145,9,0,28,45,0,2.1776809692382812,0
chain_10,medium,medium,p2_c40_mp2,42,0,6,0,6,143,256,10,0,46,77,0,2.2118079662323,0
chain_10,medium,medium,p2_c40,42,0,6,0,6,137,250,10,0,46,77,0,2.2527029514312744,0
chain_10,medium,medium,p2_c40_mp2,101,6,6,3,3,242,455,6,81,100,119,0,2.2130208015441895,0
chain_10,medium,medium,p2_c40_mp3,202,,,0,0,81,145,9,0,28,45,0,2.220210552215576,0
chain_10,medium,medium,p2_c40_mp3,101,6,6,3,3,242,455,6,81,100,119,0,2.2512004375457764,0
chain_10,medium,medium,p2_c40_penalty_off,202,,,0,0,81,145,9,0,28,45,0,1.7798776626586914,0
chain_10,medium,medium,p2_c40_penalty_off,42,3,6,3,3,178,326,12,31,79,81,0,2.208225965499878,0
chain_10,medium,medium,p2_c40_penalty_off,101,6,6,3,3,242,455,6,81,100,119,0,2.0908126831054688,0
chain_10,medium,medium,p2_c120,42,6,6,4,2,231,429,10,76,105,103,0,1.8252785205841064,0
chain_10,medium,medium,p2_c40_h2,202,,,0,0,81,145,9,0,28,45,0,2.0931296348571777,0
chain_10,medium,medium,p2_c40_h2,42,0,6,0,6,147,268,10,0,46,85,2,2.2051968574523926,0
chain_10,medium,medium,p2_c120,101,6,6,3,3,242,455,6,81,100,119,0,1.9913411140441895,0
chain_10,medium,medium,p2_c40_h2,101,6,6,3,3,252,468,11,81,100,127,2,2.2044832706451416,0
chain_10,medium,medium,p2_c120,202,,,0,0,81,145,9,0,28,45,0,2.1723577976226807,0
chain_10,medium,medium,p2_c120_mp2,101,6,6,3,3,242,455,6,81,100,119,0,2.1884605884552,0
chain_10,medium,medium,p2_c120_mp2,202,,,0,0,81,145,9,0,28,45,0,2.1376943588256836,0
chain_10,medium,medium,p2_c120_mp2,42,6,6,4,2,233,431,10,76,105,103,0,2.196974515914917,0
chain_10,medium,medium,p2_c120_mp3,202,,,0,0,81,145,9,0,28,45,0,2.131143808364868,0
chain_10,medium,medium,p2_c120_mp3,42,5,6,4,2,224,411,11,67,105,93,0,2.1583826541900635,0
chain_10,medium,medium,p2_c120_mp3,101,6,6,3,3,242,455,6,81,100,119,0,2.206052541732788,0
chain_10,medium,medium,p2_c120_h2,42,5,6,4,2,230,422,14,67,105,101,2,2.2779417037963867,0
chain_10,medium,medium,p2_etl_60,42,6,6,4,2,231,429,10,76,105,103,0,1.8328311443328857,0
chain_10,medium,medium,p2_etl_1800,101,6,6,3,3,242,455,6,81,100,119,0,1.858947515487671,0
chain_10,medium,medium,p2_etl_60,101,6,6,3,3,242,455,6,81,100,119,0,1.9852120876312256,0
chain_10,medium,medium,p2_c120_h2,202,,,0,0,81,145,9,0,28,45,0,2.0614912509918213,0
chain_10,medium,medium,p2_etl_86400,101,6,6,3,3,242,455,6,81,100,119,0,1.9196782112121582,0
chain_10,medium,medium,p2_c120_h2,101,6,6,3,3,252,468,11,81,100,127,2,2.2235405445098877,0
chain_10,medium,frequent,baseline,42,5,6,1,5,263,481,17,54,111,124,0,1.91707181930542,0
chain_10,medium,medium,p2_etl_86400,202,,,0,0,81,145,9,0,28,45,0,2.04274320602417,0
chain_10,medium,medium,p2_etl_60,202,,,0,0,81,145,9,0,28,45,0,2.197260856628418,0
chain_10,medium,medium,p2_etl_1800,202,,,0,0,81,145,9,0,28,45,0,2.166496753692627,0
chain_10,medium,medium,p2_etl_86400,42,6,6,4,2,231,429,10,76,105,103,0,2.1873092651367188,0
chain_10,medium,medium,p2_etl_1800,42,6,6,4,2,231,429,10,76,105,103,0,2.2920422554016113,0
chain_10,medium,frequent,baseline,101,6,6,1,5,272,502,13,63,108,135,0,2.1687207221984863,0
chain_10,medium,frequent,p2_c40,202,6,6,3,3,279,511,16,81,131,117,0,1.8513967990875244,0
chain_10,medium,frequent,baseline,202,6,6,1,5,256,467,16,58,99,128,0,2.149160623550415,0
chain_10,medium,frequent,p2_c40,42,0,6,0,6,194,349,17,0,95,77,0,2.1029257774353027,0
chain_10,medium,frequent,p2_c40_mp2,101,6,6,3,3,285,524,15,76,140,114,0,1.8615663051605225,0
chain_10,medium,frequent,p2_c40,101,6,6,3,3,285,524,15,76,140,114,0,2.0567381381988525,0
chain_10,medium,frequent,p2_c40_mp2,202,6,6,3,3,279,511,16,81,131,117,0,2.084920883178711,0
chain_10,medium,frequent,p2_c40_mp2,42,0,6,0,6,200,357,15,0,95,77,0,2.1741793155670166,0
chain_10,medium,frequent,p2_c40_mp3,202,6,6,3,3,279,511,16,81,131,117,0,2.0560522079467773,0
chain_10,medium,frequent,p2_c40_mp3,42,0,6,0,6,206,363,15,0,95,77,0,2.158841609954834,0
chain_10,medium,frequent,p2_c40_penalty_off,42,4,6,3,3,261,477,17,54,133,100,0,2.2243831157684326,0
chain_10,medium,frequent,p2_c40_mp3,101,6,6,3,3,285,524,15,76,140,114,0,2.2633392810821533,0
chain_10,medium,frequent,p2_c40_penalty_off,202,6,6,3,3,279,511,16,81,131,117,0,2.156432628631592,0
chain_10,medium,frequent,p2_c40_h2,42,0,6,0,6,181,322,16,0,72,85,2,2.2229416370391846,0
chain_10,medium,frequent,p2_c40_penalty_off,101,6,6,3,3,285,524,15,76,140,114,0,2.3109827041625977,0
chain_10,medium,frequent,p2_c40_h2,101,6,6,3,3,300,554,13,81,140,127,2,2.22810697555542,0
chain_10,medium,frequent,p2_c40_h2,202,6,6,3,3,280,511,16,81,122,125,2,2.215332269668579,0
chain_10,medium,frequent,p2_c120_mp3,42,5,6,4,2,281,509,19,67,154,93,0,1.8775215148925781,0
chain_10,medium,frequent,p2_c120_mp2,202,6,6,3,3,279,511,16,81,131,117,0,2.0212414264678955,0
chain_10,medium,frequent,p2_c120,42,5,6,3,3,281,514,18,72,143,108,0,2.2116146087646484,0
chain_10,medium,frequent,p2_c120_mp2,101,6,6,3,3,285,524,15,76,140,114,0,2.152860164642334,0
chain_10,medium,frequent,p2_c120_mp3,202,6,6,3,3,279,511,16,81,131,117,0,1.9340307712554932,0
chain_10,medium,frequent,p2_c120,202,6,6,3,3,279,511,16,81,131,117,0,2.25968599319458,0
chain_10,medium,frequent,p2_c120,101,6,6,3,3,285,524,15,76,140,114,0,2.275329828262329,0
chain_10,medium,frequent,p2_c120_mp2,42,6,6,4,2,290,530,17,76,154,103,0,2.2253220081329346,0
chain_10,medium,frequent,p2_c120_mp3,101,6,6,3,3,285,524,15,76,140,114,0,2.228895902633667,0
chain_10,medium,frequent,p2_c120_h2,42,5,6,3,3,269,489,17,72,120,117,2,2.193542242050171,0
chain_10,medium,frequent,p2_c120_h2,202,6,6,3,3,280,511,16,81,122,125,2,2.057114362716675,0
chain_10,medium,frequent,p2_etl_60,42,5,6,3,3,281,514,18,72,143,108,0,1.9656257629394531,0
chain_10,medium,frequent,p2_c120_h2,101,6,6,3,3,300,554,13,81,140,127,2,2.2227489948272705,0
chain_10,medium,frequent,p2_etl_1800,101,6,6,3,3,285,524,15,76,140,114,0,1.9664490222930908,0
chain_10,medium,frequent,p2_etl_1800,42,5,6,3,3,281,514,18,72,143,108,0,2.2149672508239746,0
chain_10,medium,frequent,p2_etl_60,101,6,6,3,3,285,524,15,76,140,114,0,2.2770836353302,0
chain_10,medium,frequent,p2_etl_60,202,6,6,3,3,279,511,16,81,131,117,0,2.2644758224487305,0
chain_10,medium,frequent,p2_etl_86400,42,5,6,3,3,281,514,18,72,143,108,0,2.183950662612915,0
chain_10,medium,frequent,p2_etl_1800,202,6,6,3,3,279,511,16,81,131,117,0,2.235123634338379,0
chain_10,medium,frequent,p2_etl_86400,202,6,6,3,3,279,511,16,81,131,117,0,2.100055456161499,0
chain_10,heavy,medium,baseline,101,11,12,1,11,307,569,13,108,59,216,0,2.0018470287323,0
chain_10,medium,frequent,p2_etl_86400,101,6,6,3,3,285,524,15,76,140,114,0,2.240575075149536,0
chain_10,heavy,medium,baseline,42,12,12,1,11,326,606,13,117,62,231,0,2.1063997745513916,0
chain_10,heavy,medium,baseline,202,,,0,0,81,145,9,0,28,45,0,2.1953208446502686,0
chain_10,heavy,medium,p2_c40,42,0,12,0,12,176,322,10,0,49,107,0,2.0890748500823975,0
chain_10,heavy,medium,p2_c40,202,,,0,0,81,145,9,0,28,45,0,1.9495656490325928,0
chain_10,heavy,medium,p2_c40,101,11,12,7,5,341,632,14,142,138,167,0,2.2638776302337646,0
chain_10,heavy,medium,p2_c40_mp2,42,0,12,0,12,194,347,9,0,55,107,0,2.0797152519226074,0
chain_10,heavy,medium,p2_c40_penalty_off,42,10,12,6,6,350,652,12,144,145,169,0,2.0877034664154053,0
chain_10,heavy,medium,p2_c40_penalty_off,101,11,12,7,5,341,632,14,142,138,167,0,2.1029739379882812,0
chain_10,heavy,medium,p2_c40_mp2,101,11,12,7,5,341,632,14,142,138,167,0,2.274519681930542,0
chain_10,heavy,medium,p2_c40_mp3,42,0,12,0,12,197,342,8,0,46,107,0,2.2931630611419678,0
chain_10,heavy,medium,p2_c40_mp2,202,,,0,0,81,145,9,0,28,45,0,2.3526413440704346,0
chain_10,heavy,medium,p2_c40_h2,101,11,12,7,5,358,661,16,147,151,168,2,2.076827049255371,0
chain_10,heavy,medium,p2_c40_mp3,101,11,12,7,5,341,632,14,142,138,167,0,2.4341650009155273,0
chain_10,heavy,medium,p2_c40_penalty_off,202,,,0,0,81,145,9,0,28,45,0,2.3886523246765137,0
chain_10,heavy,medium,p2_c40_h2,202,,,0,0,81,145,9,0,28,45,0,2.188342809677124,0
chain_10,heavy,medium,p2_c40_h2,42,0,12,0,12,192,349,13,0,55,115,2,2.285820960998535,0
chain_10,heavy,medium,p2_c40_mp3,202,,,0,0,81,145,9,0,28,45,0,2.6068711280822754,0
chain_10,heavy,medium,p2_c120,101,11,12,7,5,341,632,14,142,138,167,0,2.3456039428710938,0
chain_10,heavy,medium,p2_c120_mp2,42,12,12,7,5,360,662,16,146,151,167,0,2.0775368213653564,0
chain_10,heavy,medium,p2_c120_mp2,202,,,0,0,81,145,9,0,28,45,0,2.101128339767456,0
chain_10,heavy,medium,p2_c120,42,12,12,6,6,371,690,14,162,142,191,0,2.456663131713867,0
chain_10,heavy,medium,p2_c120,202,,,0,0,81,145,9,0,28,45,0,2.5407814979553223,0
chain_10,heavy,medium,p2_c120_mp3,202,,,0,0,81,145,9,0,28,45,0,1.9848158359527588,0
chain_10,heavy,medium,p2_c120_mp2,101,11,12,7,5,341,632,14,142,138,167,0,2.3535053730010986,0
chain_10,heavy,medium,p2_c120_mp3,42,12,12,7,5,365,663,20,146,151,167,0,2.4375293254852295,0
chain_10,heavy,medium,p2_c120_h2,202,,,0,0,81,145,9,0,28,45,0,2.205244779586792,0
chain_10,heavy,medium,p2_c120_h2,42,12,12,7,5,377,696,19,149,163,175,2,2.3318324089050293,0
chain_10,heavy,medium,p2_etl_60,101,11,12,7,5,341,632,14,142,138,167,0,2.2856204509735107,0
chain_10,heavy,medium,p2_c120_h2,101,11,12,7,5,358,661,16,147,151,168,2,2.555811882019043,0
chain_10,heavy,medium,p2_c120_mp3,101,11,12,7,5,341,632,14,142,138,167,0,2.7334935665130615,0
chain_10,heavy,medium,p2_etl_60,42,12,12,6,6,371,690,14,162,142,191,0,2.4933855533599854,0
chain_10,heavy,medium,p2_etl_60,202,,,0,0,81,145,9,0,28,45,0,2.4895753860473633,0
chain_10,heavy,medium,p2_etl_1800,42,12,12,6,6,371,690,14,162,142,191,0,2.455772638320923,0
chain_10,heavy,medium,p2_etl_1800,101,11,12,7,5,341,632,14,142,138,167,0,2.2422707080841064,0
chain_10,heavy,medium,p2_etl_86400,42,12,12,6,6,371,690,14,162,142,191,0,2.3545989990234375,0
chain_10,heavy,frequent,baseline,42,11,12,1,11,371,685,17,108,111,220,0,2.2333381175994873,0
chain_10,heavy,medium,p2_etl_86400,202,,,0,0,81,145,9,0,28,45,0,2.3184781074523926,0
chain_10,heavy,medium,p2_etl_86400,101,11,12,7,5,341,632,14,142,138,167,0,2.4189207553863525,0
chain_10,heavy,medium,p2_etl_1800,202,,,0,0,81,145,9,0,28,45,0,2.516954183578491,0
chain_10,heavy,frequent,baseline,101,11,12,1,11,373,692,14,108,117,216,0,2.309798002243042,0
chain_10,heavy,frequent,baseline,202,12,12,1,11,358,658,17,115,90,227,0,2.383880853652954,0
chain_10,heavy,frequent,p2_c40,101,11,12,7,5,411,759,19,142,200,167,0,2.370018243789673,0
chain_10,heavy,frequent,p2_c40_mp2,202,12,12,6,6,405,749,15,162,170,189,0,2.247753381729126,0
chain_10,heavy,frequent,p2_c40,42,0,12,0,12,230,415,17,0,95,107,0,2.6492626667022705,0
chain_10,heavy,frequent,p2_c40,202,12,12,6,6,405,749,15,162,170,189,0,2.5485751628875732,0
chain_10,heavy,frequent,p2_c40_mp2,42,0,12,0,12,242,429,15,0,95,107,0,2.608982801437378,0
chain_10,heavy,frequent,p2_c40_penalty_off,101,11,12,7,5,411,759,19,142,200,167,0,2.191819906234741,0
chain_10,heavy,frequent,p2_c40_mp3,42,0,12,0,12,254,441,15,0,95,107,0,2.498476982116699,0
chain_10,heavy,frequent,p2_c40_mp3,101,11,12,7,5,411,759,19,142,200,167,0,2.600191831588745,0
chain_10,heavy,frequent,p2_c40_mp2,101,11,12,7,5,411,759,19,142,200,167,0,2.7262914180755615,0
chain_10,heavy,frequent,p2_c40_penalty_off,42,10,12,7,5,378,690,23,125,187,148,0,2.407670497894287,0
chain_10,heavy,frequent,p2_c40_penalty_off,202,12,12,6,6,405,749,15,162,170,189,0,2.2443175315856934,0
chain_10,heavy,frequent,p2_c40_mp3,202,12,12,6,6,405,749,15,162,170,189,0,2.7081079483032227,0
chain_10,heavy,frequent,p2_c40_h2,42,0,12,0,12,217,388,16,0,72,115,2,2.428579807281494,0
chain_10,heavy,frequent,p2_c40_h2,101,11,12,7,5,417,770,18,142,196,175,2,2.466505527496338,0
chain_10,heavy,frequent,p2_c40_h2,202,12,12,6,6,424,786,14,162,179,197,2,2.324978828430176,0
chain_10,heavy,frequent,p2_c120,202,12,12,6,6,405,749,15,162,170,189,0,2.1281723976135254,0
chain_10,heavy,frequent,p2_c120,42,12,12,6,6,420,773,21,154,191,183,0,2.43335223197937,0
chain_10,heavy,frequent,p2_c120_mp2,101,11,12,7,5,411,759,19,142,200,167,0,2.275219202041626,0
chain_10,heavy,frequent,p2_c120,101,11,12,7,5,411,759,19,142,200,167,0,2.5941481590270996,0
chain_10,heavy,frequent,p2_c120_mp2,42,12,12,6,6,434,797,19,162,191,191,0,2.5375874042510986,0
chain_10,heavy,frequent,p2_c120_mp2,202,12,12,6,6,405,749,15,162,170,189,0,2.3139350414276123,0
chain_10,heavy,frequent,p2_c120_mp3,101,11,12,7,5,411,759,19,142,200,167,0,2.2669620513916016,0
chain_10,heavy,frequent,p2_c120_mp3,42,11,12,7,5,413,752,19,146,190,168,0,2.554986000061035,0
chain_10,heavy,frequent,p2_c120_h2,202,12,12,6,6,424,786,14,162,179,197,2,2.5291314125061035,0
chain_10,heavy,frequent,p2_c120_mp3,202,12,12,6,6,405,749,15,162,170,189,0,2.699474811553955,0
chain_10,heavy,frequent,p2_etl_60,101,11,12,7,5,411,759,19,142,200,167,0,2.387784004211426,0
chain_10,heavy,frequent,p2_etl_60,202,12,12,6,6,405,749,15,162,170,189,0,2.284202814102173,0
chain_10,heavy,frequent,p2_c120_h2,101,11,12,7,5,417,770,18,142,196,175,2,2.736295223236084,0
chain_10,heavy,frequent,p2_c120_h2,42,12,12,6,6,416,766,18,154,177,191,2,2.790491819381714,0
chain_10,heavy,frequent,p2_etl_60,42,12,12,6,6,420,773,21,154,191,183,0,2.603055953979492,0
chain_10,heavy,frequent,p2_etl_1800,202,12,12,6,6,405,749,15,162,170,189,0,2.30926513671875,0
chain_10,heavy,frequent,p2_etl_1800,101,11,12,7,5,411,759,19,142,200,167,0,2.444309711456299,0
chain_10,heavy,frequent,p2_etl_1800,42,12,12,6,6,420,773,21,154,191,183,0,2.5116288661956787,0
chain_10,heavy,frequent,p2_etl_86400,42,12,12,6,6,420,773,21,154,191,183,0,2.3630101680755615,0
chain_10,heavy,frequent,p2_etl_86400,202,12,12,6,6,405,749,15,162,170,189,0,2.3046202659606934,0
chain_10,heavy,frequent,p2_etl_86400,101,11,12,7,5,411,759,19,142,200,167,0,2.5729033946990967,0
chain_15,medium,medium,baseline,42,5,6,1,5,308,586,10,84,92,196,0,3.247452735900879,0
chain_15,medium,medium,baseline,101,6,6,2,4,324,614,13,75,123,180,0,3.4206793308258057,0
chain_15,medium,medium,p2_c40,101,6,6,4,2,330,623,15,81,167,141,0,3.217161178588867,0
chain_15,medium,medium,p2_c40,42,0,6,0,6,184,346,8,0,66,104,0,3.430858850479126,0
chain_15,medium,medium,p2_c40_mp2,42,0,6,0,6,190,352,8,0,66,104,0,3.27201771736145,0
chain_15,medium,medium,baseline,202,6,6,1,5,324,619,8,98,85,218,0,3.736370801925659,0
chain_15,medium,medium,p2_c40_mp2,101,6,6,4,2,330,623,15,81,167,141,0,3.4726343154907227,0
chain_15,medium,medium,p2_c40,202,6,6,3,3,352,673,8,126,137,192,0,3.549504518508911,0
chain_15,medium,medium,p2_c40_mp2,202,6,6,3,3,352,673,8,126,137,192,0,3.414227247238159,0
chain_15,medium,medium,p2_c40_mp3,42,0,6,0,6,196,360,6,0,66,104,0,3.3904566764831543,0
chain_15,medium,medium,p2_c40_penalty_off,42,2,6,3,3,237,444,13,36,118,102,0,3.2823374271392822,0
chain_15,medium,medium,p2_c40_mp3,101,6,6,4,2,330,623,15,81,167,141,0,3.4423859119415283,0
chain_15,medium,medium,p2_c40_mp3,202,6,6,3,3,352,673,8,126,137,192,0,3.588989734649658,0
chain_15,medium,medium,p2_c40_penalty_off,101,6,6,4,2,330,623,15,81,167,141,0,3.313608169555664,0
chain_15,medium,medium,p2_c120_mp3,101,6,6,4,2,330,623,15,81,167,141,0,2.518348217010498,0
chain_15,medium,medium,p2_c120_mp2,202,6,6,3,3,352,673,8,126,137,192,0,2.781343698501587,0
chain_15,medium,medium,p2_c40_h2,101,6,6,4,2,374,710,13,115,175,174,2,3.091306209564209,0
chain_15,medium,medium,p2_c120_mp2,42,6,6,3,3,361,687,9,126,144,191,0,2.945319175720215,0
chain_15,medium,medium,p2_c40_h2,42,0,6,0,6,194,364,8,0,66,112,2,3.240645408630371,0
chain_15,medium,medium,p2_c40_penalty_off,202,6,6,3,3,352,673,8,126,137,192,0,3.402301549911499,0
chain_15,medium,medium,p2_c40_h2,202,6,6,3,3,362,691,8,126,137,200,2,3.2889957427978516,0
chain_15,medium,medium,p2_c120,42,6,6,3,3,358,685,8,126,144,191,0,3.296107292175293,0
chain_15,medium,medium,p2_c120_mp2,101,6,6,4,2,330,623,15,81,167,141,0,3.2091596126556396,0
chain_15,medium,medium,p2_c120,202,6,6,3,3,352,673,8,126,137,192,0,3.334585666656494,0
chain_15,medium,medium,p2_c120,101,6,6,4,2,330,623,15,81,167,141,0,3.4359865188598633,0
chain_15,medium,medium,p2_c120_mp3,42,5,6,3,3,343,648,10,112,144,171,0,3.3153793811798096,0
chain_15,medium,medium,p2_c120_h2,42,4,6,4,2,311,583,17,78,149,140,2,3.215723991394043,0
chain_15,medium,medium,p2_c120_mp3,202,6,6,3,3,352,673,8,126,137,192,0,3.3815667629241943,0
chain_15,medium,medium,p2_c120_h2,202,6,6,3,3,362,691,8,126,137,200,2,2.929847002029419,0
chain_15,medium,medium,p2_etl_60,42,6,6,3,3,358,685,8,126,144,191,0,2.8701391220092773,0
chain_15,medium,medium,p2_c120_h2,101,6,6,4,2,374,710,13,115,175,174,2,3.2276947498321533,0
chain_15,medium,medium,p2_etl_60,202,6,6,3,3,352,673,8,126,137,192,0,2.745213270187378,0
chain_15,medium,medium,p2_etl_60,101,6,6,4,2,330,623,15,81,167,141,0,3.23222279548645,0
chain_15,medium,medium,p2_etl_1800,101,6,6,4,2,330,623,15,81,167,141,0,3.0357887744903564,0
chain_15,medium,medium,p2_etl_86400,42,6,6,3,3,358,685,8,126,144,191,0,3.0426290035247803,0
chain_15,medium,medium,p2_etl_1800,202,6,6,3,3,352,673,8,126,137,192,0,3.216533899307251,0
chain_15,medium,medium,p2_etl_1800,42,6,6,3,3,358,685,8,126,144,191,0,3.324739933013916,0
chain_15,medium,frequent,baseline,42,5,6,1,5,389,725,25,71,218,143,0,2.946852684020996,0
chain_15,medium,medium,p2_etl_86400,101,6,6,4,2,330,623,15,81,167,141,0,3.2304205894470215,0
chain_15,medium,medium,p2_etl_86400,202,6,6,3,3,352,673,8,126,137,192,0,3.223604917526245,0
chain_15,medium,frequent,baseline,101,6,6,2,4,414,774,25,87,193,192,0,3.213392972946167,0
chain_15,medium,frequent,p2_c40,42,0,6,0,6,277,511,21,0,151,104,0,3.1121573448181152,0
chain_15,medium,frequent,p2_c40_mp3,42,0,6,0,6,289,525,19,0,151,104,0,2.7379310131073,0
chain_15,medium,frequent,p2_c40,202,6,6,3,3,447,842,21,126,224,192,0,2.998223066329956,0
chain_15,medium,frequent,baseline,202,6,6,1,5,419,788,21,98,172,218,0,3.2659614086151123,0
chain_15,medium,frequent,p2_c40_mp2,42,0,6,0,6,283,519,19,0,151,104,0,3.105548620223999,0
chain_15,medium,frequent,p2_c40,101,6,6,4,2,442,830,23,115,245,166,0,3.198169231414795,0
chain_15,medium,frequent,p2_c40_mp2,101,6,6,4,2,442,830,23,115,245,166,0,3.1970138549804688,0
chain_15,medium,frequent,p2_c40_mp2,202,6,6,3,3,447,842,21,126,224,192,0,3.2003655433654785,0
chain_15,medium,frequent,p2_c40_penalty_off,42,5,6,3,3,429,806,22,112,229,170,0,3.1742477416992188,0
chain_15,medium,frequent,p2_c40_mp3,101,6,6,4,2,442,830,23,115,245,166,0,3.3345656394958496,0
chain_15,medium,frequent,p2_c40_mp3,202,6,6,3,3,447,842,21,126,224,192,0,3.2868754863739014,0
chain_15,medium,frequent,p2_c40_penalty_off,202,6,6,3,3,447,842,21,126,224,192,0,3.2276179790496826,0
chain_15,medium,frequent,p2_c40_penalty_off,101,6,6,4,2,442,830,23,115,245,166,0,3.3408212661743164,0
chain_15,medium,frequent,p2_c40_h2,42,0,6,0,6,324,612,12,0,188,112,2,3.2541821002960205,0
chain_15,medium,frequent,p2_c40_h2,101,6,6,4,2,444,837,19,97,251,161,2,3.3778538703918457,0
chain_15,medium,frequent,p2_c40_h2,202,6,6,3,3,457,858,23,126,224,200,2,2.9793355464935303,0
chain_15,medium,frequent,p2_c120,101,6,6,4,2,442,830,23,115,245,166,0,2.9371914863586426,0
chain_15,medium,frequent,p2_c120,42,5,6,3,3,428,801,25,110,229,169,0,3.2725489139556885,0
chain_15,medium,frequent,p2_c120,202,6,6,3,3,447,842,21,126,224,192,0,3.2334721088409424,0
chain_15,medium,frequent,p2_c120_mp2,202,6,6,3,3,447,842,21,126,224,192,0,2.9664793014526367,0
chain_15,medium,frequent,p2_c120_mp2,42,5,6,3,3,431,804,25,110,229,169,0,3.1629979610443115,0
chain_15,medium,frequent,p2_c120_mp2,101,6,6,4,2,442,830,23,115,245,166,0,3.152559518814087,0
chain_15,medium,frequent,p2_c120_mp3,42,5,6,3,3,434,807,25,110,229,169,0,3.042910575866699,0
chain_15,medium,frequent,p2_c120_mp3,101,6,6,4,2,442,830,23,115,245,166,0,3.1922404766082764,0
chain_15,medium,frequent,p2_c120_h2,42,4,6,4,2,416,776,26,59,265,121,2,3.0192089080810547,0
chain_15,medium,frequent,p2_c120_mp3,202,6,6,3,3,447,842,21,126,224,192,0,3.2342562675476074,0
chain_15,medium,frequent,p2_c120_h2,101,6,6,4,2,444,837,19,97,251,161,2,2.994755744934082,0
chain_15,medium,frequent,p2_etl_60,101,6,6,4,2,442,830,23,115,245,166,0,2.81976056098938,0
chain_15,medium,frequent,p2_etl_1800,42,5,6,3,3,428,801,25,110,229,169,0,3.0025601387023926,0
chain_15,medium,frequent,p2_etl_60,42,5,6,3,3,428,801,25,110,229,169,0,3.1474223136901855,0
chain_15,medium,frequent,p2_etl_60,202,6,6,3,3,447,842,21,126,224,192,0,3.072052478790283,0
chain_15,medium,frequent,p2_c120_h2,202,6,6,3,3,457,858,23,126,224,200,2,3.273745059967041,0
chain_15,medium,frequent,p2_etl_1800,202,6,6,3,3,447,842,21,126,224,192,0,3.1802079677581787,0
chain_15,medium,frequent,p2_etl_86400,42,5,6,3,3,428,801,25,110,229,169,0,3.116706132888794,0
chain_15,medium,frequent,p2_etl_1800,101,6,6,4,2,442,830,23,115,245,166,0,3.343123435974121,0
chain_15,medium,frequent,p2_etl_86400,101,6,6,4,2,442,830,23,115,245,166,0,3.223609209060669,0
chain_15,medium,frequent,p2_etl_86400,202,6,6,3,3,447,842,21,126,224,192,0,3.243572950363159,0
chain_15,heavy,medium,baseline,42,11,12,4,8,468,889,15,158,141,295,0,3.2344181537628174,0
chain_15,heavy,medium,baseline,101,10,12,2,10,434,816,21,139,95,308,0,3.2434771060943604,0
chain_15,heavy,medium,baseline,202,9,10,2,8,413,783,14,143,111,273,0,3.2512271404266357,0
chain_15,heavy,medium,p2_c40,42,0,12,0,12,222,414,10,0,68,134,0,3.295448064804077,0
chain_15,heavy,medium,p2_c40,101,10,12,2,10,434,816,21,139,95,308,0,3.221214771270752,0
chain_15,heavy,medium,p2_c40,202,9,10,2,8,413,783,14,143,111,273,0,3.2132411003112793,0
chain_15,heavy,medium,p2_c40_mp2,42,0,12,0,12,234,426,10,0,68,134,0,3.060976266860962,0
chain_15,heavy,medium,p2_c40_mp2,101,10,12,2,10,434,816,21,139,95,308,0,3.0854103565216064,0
chain_15,heavy,medium,p2_c40_mp3,42,0,12,0,12,246,440,8,0,68,134,0,2.976653814315796,0
chain_15,heavy,medium,p2_c40_mp2,202,9,10,2,8,413,783,14,143,111,273,0,3.188612461090088,0
chain_15,heavy,medium,p2_c40_penalty_off,42,11,12,1,11,467,891,11,157,94,341,0,2.8497323989868164,0
chain_15,heavy,medium,p2_c40_mp3,101,10,12,2,10,434,816,21,139,95,308,0,3.2240917682647705,0
chain_15,heavy,medium,p2_c40_mp3,202,9,10,2,8,413,783,14,143,111,273,0,3.2315785884857178,0
chain_15,heavy,medium,p2_c40_h2,42,0,12,0,12,230,428,10,0,66,142,2,2.9961342811584473,0
chain_15,heavy,medium,p2_c40_penalty_off,101,10,12,2,10,434,816,21,139,95,308,0,3.224127769470215,0
chain_15,heavy,medium,p2_c40_penalty_off,202,9,10,2,8,413,783,14,143,111,273,0,3.1105639934539795,0
chain_15,heavy,medium,p2_c40_h2,202,10,10,1,9,436,829,12,144,200,205,2,3.071481704711914,0
chain_15,heavy,medium,p2_c120,42,11,12,4,8,468,889,15,158,141,295,0,2.949021339416504,0
chain_15,heavy,medium,p2_c40_h2,101,10,12,2,10,435,820,17,129,96,306,2,3.2310261726379395,0
chain_15,heavy,medium,p2_c120,202,9,10,2,8,413,783,14,143,111,273,0,2.876870632171631,0
chain_15,heavy,medium,p2_c120,101,10,12,2,10,434,816,21,139,95,308,0,3.0313761234283447,0
chain_15,heavy,medium,p2_c120_mp2,202,9,10,2,8,413,783,14,143,111,273,0,2.7408103942871094,0
chain_15,heavy,medium,p2_c120_mp2,42,9,12,8,4,465,866,26,175,245,182,0,3.338068723678589,0
chain_15,heavy,medium,p2_c120_mp2,101,10,12,2,10,434,816,21,139,95,308,0,3.3437397480010986,0
chain_15,heavy,medium,p2_c120_mp3,42,8,12,8,4,444,823,25,158,224,180,0,3.177654981613159,0
chain_15,heavy,medium,p2_c120_mp3,202,9,10,2,8,413,783,14,143,111,273,0,3.0637991428375244,0
chain_15,heavy,medium,p2_c120_mp3,101,10,12,2,10,434,816,21,139,95,308,0,3.230910301208496,0
chain_15,heavy,medium,p2_c120_h2,42,11,12,2,10,466,879,19,140,121,311,2,3.0814716815948486,0
chain_15,heavy,medium,p2_c120_h2,101,10,12,2,10,435,820,17,129,96,306,2,3.1024656295776367,0
chain_15,heavy,medium,p2_c120_h2,202,10,10,1,9,436,829,12,144,200,205,2,3.07446551322937,0
chain_15,heavy,medium,p2_etl_60,42,11,12,4,8,468,889,15,158,141,295,0,3.1656758785247803,0
chain_15,heavy,medium,p2_etl_60,101,10,12,2,10,434,816,21,139,95,308,0,3.1690378189086914,0
chain_15,heavy,medium,p2_etl_86400,42,11,12,4,8,468,889,15,158,141,295,0,2.671175479888916,0
chain_15,heavy,medium,p2_etl_60,202,9,10,2,8,413,783,14,143,111,273,0,3.3050124645233154,0
chain_15,heavy,medium,p2_etl_1800,42,11,12,4,8,468,889,15,158,141,295,0,3.3375613689422607,0
chain_15,heavy,medium,p2_etl_1800,101,10,12,2,10,434,816,21,139,95,308,0,3.301240921020508,0
chain_15,heavy,medium,p2_etl_1800,202,9,10,2,8,413,783,14,143,111,273,0,3.2199501991271973,0
chain_15,heavy,medium,p2_etl_86400,101,10,12,2,10,434,816,21,139,95,308,0,3.1426851749420166,0
chain_15,heavy,medium,p2_etl_86400,202,9,10,2,8,413,783,14,143,111,273,0,3.0788352489471436,0
chain_15,heavy,frequent,p2_c40,101,10,12,3,9,532,992,33,129,301,192,0,2.593839645385742,0
chain_15,heavy,frequent,baseline,101,10,12,3,9,532,992,33,129,301,192,0,3.180885076522827,0
chain_15,heavy,frequent,baseline,42,10,12,5,7,501,930,33,127,222,240,0,3.2888972759246826,0
chain_15,heavy,frequent,baseline,202,8,12,4,8,495,923,30,126,188,270,0,3.269834280014038,0
chain_15,heavy,frequent,p2_c40,42,0,12,0,12,301,551,23,0,142,131,0,3.2642629146575928,0
chain_15,heavy,frequent,p2_c40_mp2,101,10,12,3,9,532,992,33,129,301,192,0,3.0921287536621094,0
chain_15,heavy,frequent,p2_c40,202,8,12,4,8,495,923,30,126,188,270,0,3.347761869430542,0
chain_15,heavy,frequent,p2_c40_mp2,202,8,12,4,8,495,923,30,126,188,270,0,3.080960273742676,0
chain_15,heavy,frequent,p2_c40_mp3,101,10,12,3,9,532,992,33,129,301,192,0,2.9382925033569336,0
chain_15,heavy,frequent,p2_c40_mp2,42,0,12,0,12,313,563,23,0,142,131,0,3.3471016883850098,0
chain_15,heavy,frequent,p2_c40_mp3,42,0,12,0,12,323,575,19,0,137,134,0,3.0518150329589844,0
chain_15,heavy,frequent,p2_c40_mp3,202,8,12,4,8,495,923,30,126,188,270,0,3.0724239349365234,0
chain_15,heavy,frequent,p2_c40_h2,202,10,12,4,8,511,951,30,132,294,176,2,2.609583616256714,0
chain_15,heavy,frequent,p2_c40_penalty_off,202,8,12,4,8,495,923,30,126,188,270,0,2.9682841300964355,0
chain_15,heavy,frequent,p2_c40_penalty_off,42,10,12,1,11,518,971,26,148,160,319,0,3.282740354537964,0
chain_15,heavy,frequent,p2_c40_h2,42,0,12,0,12,346,648,14,0,174,142,2,3.07507586479187,0
chain_15,heavy,frequent,p2_c40_penalty_off,101,10,12,3,9,532,992,33,129,301,192,0,3.35093092918396,0
chain_15,heavy,frequent,p2_c40_h2,101,11,12,2,10,548,1027,27,135,200,306,2,3.1084682941436768,0
chain_15,heavy,frequent,p2_c120,42,10,12,5,7,501,930,33,127,222,240,0,3.2636005878448486,0
chain_15,heavy,frequent,p2_c120,101,10,12,3,9,532,992,33,129,301,192,0,3.1936347484588623,0
chain_15,heavy,frequent,p2_c120,202,8,12,4,8,495,923,30,126,188,270,0,3.2036030292510986,0
chain_15,heavy,frequent,p2_c120_mp2,42,8,12,9,3,492,903,38,136,317,132,0,3.086764097213745,0
chain_15,heavy,frequent,p2_c120_mp2,101,10,12,3,9,532,992,33,129,301,192,0,3.1090877056121826,0
chain_15,heavy,frequent,p2_c120_mp3,101,10,12,3,9,532,992,33,129,301,192,0,2.9738306999206543,0
chain_15,heavy,frequent,p2_c120_mp2,202,8,12,4,8,495,923,30,126,188,270,0,3.138331174850464,0
chain_15,heavy,frequent,p2_c120_mp3,42,7,12,9,3,489,891,42,131,311,133,0,3.346360206604004,0
chain_15,heavy,frequent,p2_c120_mp3,202,8,12,4,8,495,923,30,126,188,270,0,3.1605608463287354,0
chain_15,heavy,frequent,p2_c120_h2,42,10,12,2,10,570,1072,27,131,226,303,2,3.154222011566162,0
chain_15,heavy,frequent,p2_c120_h2,101,11,12,2,10,548,1027,27,135,200,306,2,3.1630308628082275,0
chain_15,heavy,frequent,p2_etl_60,42,10,12,5,7,501,930,33,127,222,240,0,2.9294164180755615,0
chain_15,heavy,frequent,p2_c120_h2,202,10,12,4,8,511,951,30,132,294,176,2,3.1531264781951904,0
chain_15,heavy,frequent,p2_etl_60,202,8,12,4,8,495,923,30,126,188,270,0,2.974597215652466,0
chain_15,heavy,frequent,p2_etl_1800,42,10,12,5,7,501,930,33,127,222,240,0,2.9920291900634766,0
chain_15,heavy,frequent,p2_etl_86400,202,8,12,4,8,495,923,30,126,188,270,0,2.794095277786255,0
chain_15,heavy,frequent,p2_etl_1800,101,10,12,3,9,532,992,33,129,301,192,0,2.9023518562316895,0
chain_15,heavy,frequent,p2_etl_60,101,10,12,3,9,532,992,33,129,301,192,0,3.1329760551452637,0
chain_15,heavy,frequent,p2_etl_1800,202,8,12,4,8,495,923,30,126,188,270,0,3.1032521724700928,0
chain_15,heavy,frequent,p2_etl_86400,101,10,12,3,9,532,992,33,129,301,192,0,3.197763681411743,0
chain_15,heavy,frequent,p2_etl_86400,42,10,12,5,7,501,930,33,127,222,240,0,3.2726428508758545,0
grid_3x3,medium,medium,baseline,101,4,4,3,1,210,702,217,20,123,62,0,2.78539776802063,0
grid_3x3,medium,medium,baseline,202,4,4,4,0,213,742,195,14,137,50,0,2.8229784965515137,0
grid_3x3,medium,medium,baseline,42,4,4,3,1,190,677,148,23,108,56,0,2.9518895149230957,0
grid_3x3,medium,medium,p2_c40,202,4,4,0,4,215,767,177,40,128,62,0,2.587164878845215,0
grid_3x3,medium,medium,p2_c40_mp2,42,4,4,0,4,184,652,127,31,90,65,0,2.588954210281372,0
grid_3x3,medium,medium,p2_c40,42,4,4,0,4,180,651,124,31,90,65,0,2.9007623195648193,0
grid_3x3,medium,medium,p2_c40,101,4,4,0,4,214,739,205,40,123,67,0,2.8894405364990234,0
grid_3x3,medium,medium,p2_c40_mp2,101,4,4,0,4,218,733,215,40,123,67,0,2.9363138675689697,0
grid_3x3,medium,medium,p2_c40_mp2,202,4,4,0,4,219,772,176,40,128,62,0,2.7893271446228027,0
grid_3x3,medium,medium,p2_c40_mp3,42,4,4,0,4,188,660,123,31,90,65,0,2.864384889602661,0
grid_3x3,medium,medium,p2_c40_mp3,202,4,4,0,4,223,773,179,40,128,62,0,2.7176766395568848,0
grid_3x3,medium,medium,p2_c40_mp3,101,4,4,0,4,222,746,206,40,123,67,0,2.8706047534942627,0
grid_3x3,medium,medium,p2_c40_penalty_off,42,4,4,0,4,180,651,124,31,90,65,0,2.967392921447754,0
grid_3x3,medium,medium,p2_c40_penalty_off,101,4,4,0,4,214,726,215,40,123,67,0,2.9274251461029053,0
grid_3x3,medium,medium,p2_c40_h2,42,4,4,0,4,204,714,152,31,94,81,4,2.6660850048065186,0
grid_3x3,medium,medium,p2_c40_penalty_off,202,4,4,0,4,215,767,177,40,128,62,0,2.8838348388671875,0
grid_3x3,medium,medium,p2_c40_h2,101,4,4,0,4,233,788,217,40,113,89,6,2.738104820251465,0
grid_3x3,medium,medium,p2_c40_h2,202,4,4,0,4,233,815,187,40,125,76,6,2.974905252456665,0
grid_3x3,medium,medium,p2_c120,202,4,4,4,0,213,742,195,14,137,50,0,2.5768656730651855,0
grid_3x3,medium,medium,p2_c120,42,4,4,3,1,190,677,148,23,108,56,0,2.8931689262390137,0
grid_3x3,medium,medium,p2_c120_mp2,42,4,4,3,1,191,678,148,23,108,56,0,2.6998343467712402,0
grid_3x3,medium,medium,p2_c120_mp3,42,4,4,3,1,192,677,150,23,108,56,0,2.706498861312866,0
grid_3x3,medium,medium,p2_c120_mp2,202,4,4,4,0,213,742,195,14,137,50,0,2.7915091514587402,0
grid_3x3,medium,medium,p2_c120_mp3,202,4,4,4,0,213,742,195,14,137,50,0,2.4573771953582764,0
grid_3x3,medium,medium,p2_c120_mp2,101,4,4,3,1,211,703,217,20,123,62,0,2.8683648109436035,0
grid_3x3,medium,medium,p2_c120,101,4,4,3,1,210,702,217,20,123,62,0,3.0085361003875732,0
grid_3x3,medium,medium,p2_c120_mp3,101,4,4,3,1,212,704,217,20,123,62,0,2.992527484893799,0
grid_3x3,medium,medium,p2_etl_1800,42,4,4,3,1,190,677,148,23,108,56,0,2.572594165802002,0
grid_3x3,medium,medium,p2_c120_h2,42,4,4,2,2,215,763,149,30,103,81,4,2.9086966514587402,0
grid_3x3,medium,medium,p2_c120_h2,101,4,4,4,0,217,721,212,4,113,73,6,2.8944225311279297,0
grid_3x3,medium,medium,p2_etl_60,42,4,4,3,1,190,677,148,23,108,56,0,2.798165798187256,0
grid_3x3,medium,medium,p2_etl_60,202,4,4,4,0,213,742,195,14,137,50,0,2.686075210571289,0
grid_3x3,medium,medium,p2_c120_h2,202,4,4,4,0,234,795,213,17,134,67,6,2.9133334159851074,0
grid_3x3,medium,medium,p2_etl_60,101,4,4,3,1,210,702,217,20,123,62,0,2.9058563709259033,0
grid_3x3,medium,medium,p2_etl_1800,101,4,4,3,1,210,702,217,20,123,62,0,2.9051218032836914,0
grid_3x3,medium,medium,p2_etl_1800,202,4,4,4,0,213,742,195,14,137,50,0,2.618609666824341,0
grid_3x3,medium,medium,p2_etl_86400,42,4,4,3,1,190,677,148,23,108,56,0,2.7738020420074463,0
grid_3x3,medium,medium,p2_etl_86400,101,4,4,3,1,210,702,217,20,123,62,0,2.70272159576416,0
grid_3x3,medium,medium,p2_etl_86400,202,4,4,4,0,213,742,195,14,137,50,0,2.753908395767212,0
grid_3x3,medium,frequent,baseline,42,6,6,6,0,334,1094,353,19,232,56,0,2.7419347763061523,0
grid_3x3,medium,frequent,baseline,202,6,6,5,1,321,1010,366,25,220,54,0,2.853721857070923,0
grid_3x3,medium,frequent,p2_c40,42,6,6,0,6,341,1151,329,60,223,73,0,2.7089293003082275,0
grid_3x3,medium,frequent,baseline,101,6,6,6,0,327,1025,390,6,228,52,0,2.9355671405792236,0
grid_3x3,medium,frequent,p2_c40,202,6,6,0,6,328,1053,353,60,211,71,0,2.6770002841949463,0
grid_3x3,medium,frequent,p2_c40,101,6,6,0,6,347,1137,375,60,228,72,0,3.0331478118896484,0
grid_3x3,medium,frequent,p2_c40_mp3,202,6,6,0,6,340,1057,361,60,211,71,0,2.4622206687927246,0
grid_3x3,medium,frequent,p2_c40_mp2,202,6,6,0,6,334,1071,341,60,211,71,0,2.7025742530822754,0
grid_3x3,medium,frequent,p2_c40_mp2,101,6,6,0,6,353,1140,378,60,228,72,0,2.9448840618133545,0
grid_3x3,medium,frequent,p2_c40_mp2,42,6,6,0,6,347,1158,328,60,223,73,0,3.013439416885376,0
grid_3x3,medium,frequent,p2_c120,101,6,6,6,0,327,1025,390,6,228,52,0,2.2008912563323975,0
grid_3x3,medium,frequent,p2_c40_mp3,101,6,6,0,6,359,1154,370,60,228,72,0,2.8386292457580566,0
grid_3x3,medium,frequent,p2_c40_mp3,42,6,6,0,6,344,1130,318,51,214,73,0,2.925252914428711,0
grid_3x3,medium,frequent,p2_c40_penalty_off,42,6,6,0,6,341,1145,332,60,223,73,0,2.893484354019165,0
grid_3x3,medium,frequent,p2_c40_penalty_off,101,6,6,0,6,347,1137,378,60,228,72,0,2.900599479675293,0
grid_3x3,medium,frequent,p2_c40_penalty_off,202,6,6,0,6,328,1057,346,60,211,71,0,2.9207565784454346,0
grid_3x3,medium,frequent,p2_c40_h2,101,6,6,0,6,353,1187,325,60,208,94,6,2.6086673736572266,0
grid_3x3,medium,frequent,p2_c120,42,6,6,6,0,334,1094,353,19,232,56,0,2.7288899421691895,0
grid_3x3,medium,frequent,p2_c120_mp3,42,6,6,6,0,334,1094,353,19,232,56,0,2.211754322052002,0
grid_3x3,medium,frequent,p2_c120,202,6,6,5,1,321,1010,366,25,220,54,0,2.827455520629883,0
grid_3x3,medium,frequent,p2_c40_h2,42,6,6,0,6,351,1191,301,51,207,90,6,2.988213300704956,0
grid_3x3,medium,frequent,p2_c40_h2,202,6,6,0,6,407,1301,447,60,259,95,6,2.9495627880096436,0
grid_3x3,medium,frequent,p2_c120_mp2,42,6,6,6,0,334,1094,353,19,232,56,0,2.9095914363861084,0
grid_3x3,medium,frequent,p2_c120_mp2,202,6,6,5,1,322,1011,366,25,220,54,0,2.7564871311187744,0
grid_3x3,medium,frequent,p2_c120_mp2,101,6,6,6,0,327,1025,390,6,228,52,0,2.9936070442199707,0
grid_3x3,medium,frequent,p2_c120_h2,101,6,6,4,2,360,1169,376,45,226,81,6,2.3926641941070557,0
grid_3x3,medium,frequent,p2_c120_mp3,202,6,6,5,1,323,1012,366,25,220,54,0,2.759460210800171,0
grid_3x3,medium,frequent,p2_c120_mp3,101,6,6,6,0,327,1025,390,6,228,52,0,3.012042999267578,0
grid_3x3,medium,frequent,p2_c120_h2,42,6,6,5,1,346,1134,334,16,216,75,6,2.9226601123809814,0
grid_3x3,medium,frequent,p2_etl_60,42,6,6,6,0,334,1094,353,19,232,56,0,2.6883463859558105,0
grid_3x3,medium,frequent,p2_etl_60,101,6,6,6,0,327,1025,390,6,228,52,0,2.7361137866973877,0
grid_3x3,medium,frequent,p2_etl_60,202,6,6,5,1,321,1010,366,25,220,54,0,2.8697400093078613,0
grid_3x3,medium,frequent,p2_c120_h2,202,6,6,3,3,421,1359,462,57,268,97,6,3.03420090675354,0
grid_3x3,medium,frequent,p2_etl_1800,42,6,6,6,0,334,1094,353,19,232,56,0,2.812269449234009,0
grid_3x3,medium,frequent,p2_etl_1800,202,6,6,5,1,321,1010,366,25,220,54,0,2.7565016746520996,0
grid_3x3,heavy,medium,p2_c40,42,7,8,0,8,238,868,170,70,126,80,0,2.358421564102173,0
grid_3x3,medium,frequent,p2_etl_1800,101,6,6,6,0,327,1025,390,6,228,52,0,2.9105961322784424,0
grid_3x3,medium,frequent,p2_etl_86400,101,6,6,6,0,327,1025,390,6,228,52,0,2.795356035232544,0
grid_3x3,medium,frequent,p2_etl_86400,42,6,6,6,0,334,1094,353,19,232,56,0,2.913623571395874,0
grid_3x3,heavy,medium,p2_c40,202,7,8,0,8,253,888,212,70,145,76,0,2.4775354862213135,0
grid_3x3,heavy,medium,baseline,42,8,8,6,2,237,821,200,40,131,71,0,2.8424220085144043,0
grid_3x3,heavy,medium,baseline,101,7,8,7,1,246,829,242,24,150,64,0,2.8486716747283936,0
grid_3x3,heavy,medium,baseline,202,12,12,11,1,319,1052,334,38,217,59,0,2.775906562805176,0
grid_3x3,medium,frequent,p2_etl_86400,202,6,6,5,1,321,1010,366,25,220,54,0,2.9961977005004883,0
grid_3x3,heavy,medium,p2_c40_mp2,101,6,8,0,8,255,844,245,60,141,76,0,2.5133659839630127,0
grid_3x3,heavy,medium,p2_c40,101,6,8,0,8,247,840,239,60,141,76,0,2.8773159980773926,0
grid_3x3,heavy,medium,p2_c40_mp2,42,8,8,0,8,255,880,197,80,135,79,0,2.7976057529449463,0
grid_3x3,heavy,medium,p2_c40_mp2,202,11,12,0,12,328,1136,254,110,190,86,0,2.7397592067718506,0
grid_3x3,heavy,medium,p2_c40_mp3,202,11,12,0,12,349,1163,281,110,198,86,0,2.7027628421783447,0
grid_3x3,heavy,medium,p2_c40_mp3,42,7,8,0,8,254,882,170,70,126,80,0,2.870671033859253,0
grid_3x3,heavy,medium,p2_c40_mp3,101,8,12,0,12,305,955,282,80,162,83,0,2.8989124298095703,0
grid_3x3,heavy,medium,p2_c40_penalty_off,42,7,8,4,4,247,906,167,57,144,69,0,2.7777018547058105,0
grid_3x3,heavy,medium,p2_c40_penalty_off,101,6,8,4,4,250,831,254,41,150,68,0,2.8053596019744873,0
grid_3x3,heavy,medium,p2_c40_h2,42,8,8,0,8,280,1011,186,80,144,98,5,2.609935998916626,0
grid_3x3,heavy,medium,p2_c40_penalty_off,202,7,8,4,4,258,875,249,54,163,61,0,2.9468119144439697,0
grid_3x3,heavy,medium,p2_c40_h2,202,8,8,0,8,291,998,251,76,162,89,6,2.8098981380462646,0
grid_3x3,heavy,medium,p2_c40_h2,101,6,8,0,8,265,926,219,60,131,98,5,2.9124648571014404,0
grid_3x3,heavy,medium,p2_c120,101,7,8,7,1,246,829,242,24,150,64,0,2.707601547241211,0
grid_3x3,heavy,medium,p2_c120,202,12,12,11,1,319,1052,334,38,217,59,0,2.5859248638153076,0
grid_3x3,heavy,medium,p2_c120,42,8,8,7,1,240,827,209,37,140,65,0,2.9250972270965576,0
grid_3x3,heavy,medium,p2_c120_mp2,202,12,12,11,1,320,1054,333,38,217,59,0,2.3386390209198,0
grid_3x3,heavy,medium,p2_c120_mp2,42,8,8,7,1,241,828,209,37,140,65,0,2.9695725440979004,0
grid_3x3,heavy,medium,p2_c120_mp3,42,8,8,7,1,239,808,214,34,140,62,0,2.7104134559631348,0
grid_3x3,heavy,medium,p2_c120_mp2,101,7,8,7,1,247,830,242,24,150,64,0,2.8954620361328125,0
grid_3x3,heavy,medium,p2_c120_h2,202,8,8,6,2,292,980,276,44,171,79,6,2.4891140460968018,0
grid_3x3,heavy,medium,p2_c120_mp3,101,7,8,7,1,248,831,242,24,150,64,0,2.7952070236206055,0
grid_3x3,heavy,medium,p2_etl_1800,42,8,8,7,1,240,827,209,37,140,65,0,2.482187032699585,0
grid_3x3,heavy,medium,p2_c120_mp3,202,12,12,11,1,321,1055,333,38,217,59,0,2.8588857650756836,0
grid_3x3,heavy,medium,p2_c120_h2,101,7,8,6,2,295,983,289,59,167,87,6,2.7684707641601562,0
grid_3x3,heavy,medium,p2_c120_h2,42,8,8,6,2,288,990,244,57,162,84,6,2.9405646324157715,0
grid_3x3,heavy,medium,p2_etl_60,42,8,8,7,1,240,827,209,37,140,65,0,2.8752944469451904,0
grid_3x3,heavy,medium,p2_etl_60,202,12,12,11,1,319,1052,334,38,217,59,0,2.84637713432312,0
grid_3x3,heavy,medium,p2_etl_60,101,7,8,7,1,246,829,242,24,150,64,0,2.8728442192077637,0
grid_3x3,heavy,medium,p2_etl_1800,101,7,8,7,1,246,829,242,24,150,64,0,2.9426333904266357,0
grid_3x3,heavy,medium,p2_etl_86400,101,7,8,7,1,246,829,242,24,150,64,0,2.611315965652466,0
grid_3x3,heavy,medium,p2_etl_86400,42,8,8,7,1,240,827,209,37,140,65,0,2.7370693683624268,0
grid_3x3,heavy,medium,p2_etl_1800,202,12,12,11,1,319,1052,334,38,217,59,0,2.886510133743286,0
grid_3x3,heavy,medium,p2_etl_86400,202,12,12,11,1,319,1052,334,38,217,59,0,2.8006937503814697,0
grid_3x3,heavy,frequent,baseline,42,11,12,9,3,405,1317,417,52,271,76,0,2.8351540565490723,0
grid_3x3,heavy,frequent,baseline,101,9,12,10,2,394,1272,430,60,275,61,0,2.8086326122283936,0
grid_3x3,heavy,frequent,baseline,202,12,12,10,2,413,1316,448,45,283,70,0,2.7636961936950684,0
grid_3x3,heavy,frequent,p2_c40,42,10,12,0,12,413,1403,383,100,268,90,0,2.6169376373291016,0
grid_3x3,heavy,frequent,p2_c40,101,9,12,0,12,394,1300,409,90,255,83,0,3.0529322624206543,0
grid_3x3,heavy,frequent,p2_c40,202,11,12,0,12,411,1358,408,110,265,89,0,2.9374380111694336,0
grid_3x3,heavy,frequent,p2_c40_mp3,42,11,12,0,12,440,1435,387,110,268,92,0,2.599593162536621,0
grid_3x3,heavy,frequent,p2_c40_mp2,42,11,12,0,12,428,1431,379,110,268,92,0,3.031137228012085,0
grid_3x3,heavy,frequent,p2_c40_mp2,202,11,12,0,12,423,1351,425,110,265,89,0,2.8242554664611816,0
grid_3x3,heavy,frequent,p2_c40_mp2,101,9,12,0,12,408,1320,410,90,256,85,0,3.024512529373169,0
grid_3x3,heavy,frequent,p2_c40_mp3,101,8,12,0,12,389,1224,370,80,230,81,0,2.8612496852874756,0
grid_3x3,heavy,frequent,p2_c40_penalty_off,202,11,12,6,6,401,1273,441,66,274,69,0,2.5544538497924805,0
grid_3x3,heavy,frequent,p2_c40_penalty_off,101,9,12,6,6,390,1252,434,58,264,69,0,2.656165599822998,0
grid_3x3,heavy,frequent,p2_c40_mp3,202,11,12,0,12,437,1380,419,110,265,91,0,2.9604148864746094,0
grid_3x3,heavy,frequent,p2_c40_penalty_off,42,10,12,6,6,411,1353,418,66,286,68,0,2.9806504249572754,0
grid_3x3,heavy,frequent,p2_c40_h2,42,10,12,0,12,420,1420,374,91,252,104,6,2.898472547531128,0
grid_3x3,heavy,frequent,p2_c120,42,11,12,10,2,406,1310,432,48,280,68,0,2.8576507568359375,0
grid_3x3,heavy,frequent,p2_c40_h2,101,9,12,0,12,404,1358,359,90,234,110,6,2.9335925579071045,0
grid_3x3,heavy,frequent,p2_c120,202,12,12,11,1,429,1365,475,55,301,67,0,2.7570416927337646,0
grid_3x3,heavy,frequent,p2_c120_mp2,101,9,12,11,1,369,1159,425,28,257,55,0,2.707765579223633,0
grid_3x3,heavy,frequent,p2_c120_mp2,42,11,12,10,2,408,1310,434,48,280,68,0,2.737961769104004,0
grid_3x3,heavy,frequent,p2_c120,101,9,12,11,1,368,1158,425,28,257,55,0,2.8600003719329834,0
grid_3x3,heavy,frequent,p2_c40_h2,202,11,12,0,12,481,1561,501,110,304,113,6,3.0472452640533447,0
grid_3x3,heavy,frequent,p2_c120_mp3,101,9,12,11,1,380,1188,440,38,266,55,0,2.52246356010437,0
grid_3x3,heavy,frequent,p2_c120_mp3,202,12,12,11,1,431,1375,467,55,301,67,0,2.508139133453369,0
grid_3x3,heavy,frequent,p2_c120_mp2,202,12,12,11,1,417,1317,466,42,292,64,0,2.849698066711426,0
grid_3x3,heavy,frequent,p2_c120_mp3,42,11,12,10,2,410,1314,432,48,280,68,0,2.8911097049713135,0
grid_3x3,heavy,frequent,p2_c120_h2,42,11,12,9,3,469,1534,484,81,315,85,6,2.9192607402801514,0
grid_3x3,heavy,frequent,p2_etl_60,101,9,12,11,1,368,1158,425,28,257,55,0,2.7084884643554688,0
grid_3x3,heavy,frequent,p2_c120_h2,101,8,12,10,2,408,1331,416,47,261,85,6,2.8619322776794434,0
grid_3x3,heavy,frequent,p2_etl_60,42,11,12,10,2,406,1310,432,48,280,68,0,2.810903310775757,0
grid_3x3,heavy,frequent,p2_c120_h2,202,12,12,10,2,473,1445,576,64,322,83,6,2.915492534637451,0
grid_3x3,heavy,frequent,p2_etl_60,202,12,12,11,1,429,1365,475,55,301,67,0,2.4699935913085938,0
grid_3x3,heavy,frequent,p2_etl_1800,42,11,12,10,2,406,1310,432,48,280,68,0,2.7791950702667236,0
grid_3x3,heavy,frequent,p2_etl_1800,202,12,12,11,1,429,1365,475,55,301,67,0,2.8175415992736816,0
grid_3x3,heavy,frequent,p2_etl_86400,202,12,12,11,1,429,1365,475,55,301,67,0,2.6648919582366943,0
grid_3x3,heavy,frequent,p2_etl_1800,101,9,12,11,1,368,1158,425,28,257,55,0,2.9885573387145996,0
grid_3x3,heavy,frequent,p2_etl_86400,42,11,12,10,2,406,1310,432,48,280,68,0,2.9274444580078125,0
grid_3x3,heavy,frequent,p2_etl_86400,101,9,12,11,1,368,1158,425,28,257,55,0,3.009608268737793,0
grid_5x5,medium,medium,p2_c40,101,6,6,1,5,613,2437,1020,142,400,183,0,4.983676195144653,0
grid_5x5,medium,medium,baseline,101,6,6,5,1,631,2414,1160,83,450,150,0,5.566774368286133,0
grid_5x5,medium,medium,p2_c40,42,5,6,0,6,621,2411,1096,130,417,176,0,5.410841226577759,0
grid_5x5,medium,medium,p2_c40_mp2,202,4,4,0,4,593,2262,1086,104,392,170,0,5.270074844360352,0
grid_5x5,medium,medium,baseline,42,6,6,4,2,688,2587,1308,120,490,166,0,6.49003791809082,0
grid_5x5,medium,medium,baseline,202,4,4,3,1,597,2230,1161,55,417,152,0,6.2981696128845215,0
grid_5x5,medium,medium,p2_c40,202,4,4,0,4,589,2265,1079,104,392,170,0,6.005331993103027,0
grid_5x5,medium,medium,p2_c40_mp3,202,4,4,0,4,596,2269,1082,104,392,170,0,6.182180166244507,0
grid_5x5,medium,medium,p2_c40_mp3,101,6,6,1,5,610,2432,991,131,400,175,0,6.338069677352905,0
grid_5x5,medium,medium,p2_c40_penalty_off,101,6,6,0,6,610,2483,982,156,400,181,0,6.298493385314941,0
grid_5x5,medium,medium,p2_c40_mp2,42,5,6,0,6,625,2405,1106,130,417,176,0,6.504415988922119,0
grid_5x5,medium,medium,p2_c40_mp2,101,6,6,1,5,609,2385,1026,133,400,174,0,6.515130043029785,0
grid_5x5,medium,medium,p2_c120,42,6,6,4,2,688,2587,1308,120,490,166,0,5.7694337368011475,0
grid_5x5,medium,medium,p2_c40_penalty_off,42,5,6,0,6,621,2404,1109,130,417,176,0,6.4536049365997314,0
grid_5x5,medium,medium,p2_c40_mp3,42,5,6,0,6,629,2392,1123,130,417,176,0,6.785205364227295,0
grid_5x5,medium,medium,p2_c40_h2,202,2,6,0,6,564,2193,938,52,345,185,6,6.089285373687744,0
grid_5x5,medium,medium,p2_c40_h2,42,6,6,0,6,654,2529,1118,156,427,193,6,6.643900394439697,0
grid_5x5,medium,medium,p2_c120,202,4,4,3,1,597,2230,1161,55,417,152,0,6.355035781860352,0
grid_5x5,medium,medium,p2_c40_penalty_off,202,4,4,0,4,588,2287,1049,104,392,169,0,6.80579137802124,0
grid_5x5,medium,medium,p2_c40_h2,101,5,6,0,6,644,2484,1102,130,411,197,6,6.590686082839966,0
grid_5x5,medium,medium,p2_c120_mp2,42,6,6,4,2,690,2591,1306,120,490,166,0,6.451473712921143,0
grid_5x5,medium,medium,p2_c120,101,6,6,5,1,631,2414,1160,83,450,150,0,6.814144849777222,0
grid_5x5,medium,medium,p2_c120_mp2,101,6,6,5,1,632,2420,1155,83,450,150,0,6.254314661026001,0
grid_5x5,medium,medium,p2_c120_mp3,42,5,6,4,2,663,2485,1245,94,465,163,0,6.631718397140503,0
grid_5x5,medium,medium,p2_c120_mp2,202,4,4,3,1,598,2242,1150,55,417,152,0,6.866927146911621,0
grid_5x5,medium,medium,p2_c120_mp3,202,4,4,3,1,599,2251,1142,55,417,152,0,6.740387678146362,0
grid_5x5,medium,medium,p2_c120_mp3,101,6,6,5,1,633,2416,1160,83,450,150,0,7.059332847595215,0
grid_5x5,medium,medium,p2_c120_h2,42,6,6,4,2,673,2585,1192,97,452,185,6,7.117106199264526,0
grid_5x5,medium,medium,p2_c120_h2,101,5,6,4,2,678,2528,1272,85,459,181,6,7.193061828613281,0
grid_5x5,medium,medium,p2_c120_h2,202,5,6,6,0,623,2362,1122,5,420,166,6,6.974126577377319,0
grid_5x5,medium,medium,p2_etl_60,42,6,6,4,2,688,2587,1308,120,490,166,0,7.145145654678345,0
grid_5x5,medium,medium,p2_etl_60,101,6,6,5,1,631,2414,1160,83,450,150,0,7.079288482666016,0
grid_5x5,medium,medium,p2_etl_1800,101,6,6,5,1,631,2414,1160,83,450,150,0,6.965960741043091,0
grid_5x5,medium,medium,p2_etl_1800,202,4,4,3,1,597,2230,1161,55,417,152,0,6.6457414627075195,0
grid_5x5,medium,frequent,baseline,101,6,6,6,0,950,3373,1990,37,750,150,0,6.505633592605591,0
grid_5x5,medium,medium,p2_etl_60,202,4,4,3,1,597,2230,1161,55,417,152,0,7.2226221561431885,0
grid_5x5,medium,medium,p2_etl_86400,101,6,6,5,1,631,2414,1160,83,450,150,0,6.691094636917114,0
grid_5x5,medium,frequent,baseline,42,6,6,4,2,919,3230,1911,92,702,168,0,6.715848445892334,0
grid_5x5,medium,medium,p2_etl_86400,202,4,4,3,1,597,2230,1161,55,417,152,0,6.859119415283203,0
grid_5x5,medium,medium,p2_etl_1800,42,6,6,4,2,688,2587,1308,120,490,166,0,7.519170761108398,0
grid_5x5,medium,frequent,baseline,202,5,6,4,2,946,3375,1946,138,732,163,0,6.895246982574463,0
grid_5x5,medium,frequent,p2_c40,101,5,6,0,6,923,3345,1851,130,700,175,0,6.655515193939209,0
grid_5x5,medium,medium,p2_etl_86400,42,6,6,4,2,688,2587,1308,120,490,166,0,7.196211338043213,0
grid_5x5,medium,frequent,p2_c40_mp2,101,5,6,0,6,928,3354,1847,130,700,175,0,6.436495542526245,0
grid_5x5,medium,frequent,p2_c40,42,5,6,0,6,872,3111,1766,130,653,173,0,6.947458267211914,0
grid_5x5,medium,frequent,p2_c40,202,2,6,0,6,793,2862,1588,52,582,166,0,6.709224700927734,0
grid_5x5,medium,frequent,p2_c40_mp3,202,2,6,0,6,808,2901,1581,52,582,169,0,5.960329532623291,0
grid_5x5,medium,frequent,p2_c40_mp3,42,4,6,0,6,855,3042,1685,104,628,170,0,6.320213317871094,0
grid_5x5,medium,frequent,p2_c40_mp2,202,2,6,0,6,802,2899,1577,52,582,169,0,6.557865381240845,0
grid_5x5,medium,frequent,p2_c40_mp2,42,5,6,0,6,878,3163,1720,130,653,173,0,7.221874475479126,0
grid_5x5,medium,frequent,p2_c40_mp3,101,5,6,0,6,930,3369,1830,130,700,175,0,7.08917498588562,0
grid_5x5,medium,frequent,p2_c40_penalty_off,202,2,6,0,6,793,2853,1588,52,582,166,0,6.263844728469849,0
grid_5x5,medium,frequent,p2_c40_penalty_off,42,6,6,0,6,900,3228,1810,156,678,175,0,6.7057249546051025,0
grid_5x5,medium,frequent,p2_c40_h2,101,5,6,0,6,900,3233,1787,130,658,190,6,6.242151260375977,0
grid_5x5,medium,frequent,p2_c40_h2,42,4,6,0,6,840,3008,1644,104,597,192,6,6.703235387802124,0
grid_5x5,medium,frequent,p2_c40_penalty_off,101,5,6,0,6,922,3350,1835,130,700,174,0,7.146959066390991,0
grid_5x5,medium,frequent,p2_c120,42,6,6,4,2,919,3230,1911,92,702,168,0,5.950238466262817,0
grid_5x5,medium,frequent,p2_etl_60,101,6,6,6,0,950,3373,1990,37,750,150,0,4.6550962924957275,0
grid_5x5,medium,frequent,p2_c120_mp2,101,6,6,6,0,950,3373,1990,37,750,150,0,5.377434730529785,0
grid_5x5,medium,frequent,p2_c40_h2,202,2,6,0,6,797,2932,1484,52,560,185,6,6.427429676055908,0
grid_5x5,medium,frequent,p2_c120,202,5,6,4,2,946,3375,1946,138,732,163,0,6.470904350280762,0
grid_5x5,medium,frequent,p2_c120_mp2,42,6,6,4,2,921,3246,1897,92,702,168,0,6.017040252685547,0
grid_5x5,medium,frequent,p2_c120,101,6,6,6,0,950,3373,1990,37,750,150,0,6.617083549499512,0
grid_5x5,medium,frequent,p2_etl_60,202,5,6,4,2,946,3375,1946,138,732,163,0,5.344357490539551,0
grid_5x5,medium,frequent,p2_c120_mp2,202,5,6,4,2,943,3340,1958,133,732,158,0,6.4050703048706055,0
grid_5x5,medium,frequent,p2_c120_h2,42,6,6,5,1,896,3142,1828,57,672,170,6,6.153313159942627,0
grid_5x5,medium,frequent,p2_c120_h2,202,5,6,4,2,904,3303,1731,92,660,187,6,6.025740385055542,0
grid_5x5,medium,frequent,p2_c120_mp3,42,6,6,4,2,923,3251,1894,92,702,168,0,6.459319829940796,0
grid_5x5,medium,frequent,p2_c120_mp3,101,6,6,6,0,950,3373,1990,37,750,150,0,6.474513530731201,0
grid_5x5,medium,frequent,p2_c120_mp3,202,5,6,4,2,950,3375,1951,138,732,163,0,6.398796558380127,0
grid_5x5,medium,frequent,p2_etl_86400,101,6,6,6,0,950,3373,1990,37,750,150,0,5.958726406097412,0
grid_5x5,medium,frequent,p2_etl_60,42,6,6,4,2,919,3230,1911,92,702,168,0,6.40390682220459,0
grid_5x5,medium,frequent,p2_c120_h2,101,6,6,5,1,959,3404,1954,88,733,171,6,6.631385564804077,0
grid_5x5,medium,frequent,p2_etl_1800,42,6,6,4,2,919,3230,1911,92,702,168,0,6.3260087966918945,0
grid_5x5,medium,frequent,p2_etl_1800,101,6,6,6,0,950,3373,1990,37,750,150,0,6.36114501953125,0
grid_5x5,medium,frequent,p2_etl_86400,42,6,6,4,2,919,3230,1911,92,702,168,0,6.391990900039673,0
grid_5x5,medium,frequent,p2_etl_1800,202,5,6,4,2,946,3375,1946,138,732,163,0,6.476362466812134,0
grid_5x5,medium,frequent,p2_etl_86400,202,5,6,4,2,946,3375,1946,138,732,163,0,6.278504371643066,0
grid_5x5,heavy,medium,baseline,42,12,12,5,7,793,3044,1408,221,548,201,0,6.0756659507751465,0
grid_5x5,heavy,medium,baseline,101,11,12,10,2,775,2956,1411,118,573,160,0,6.3282248973846436,0
grid_5x5,heavy,medium,baseline,202,6,8,8,0,596,2257,1112,6,417,147,0,6.158450603485107,0
grid_5x5,heavy,medium,p2_c40,42,11,12,2,10,802,3133,1383,268,554,208,0,6.102185249328613,0
grid_5x5,heavy,medium,p2_c40,101,10,12,4,8,722,2840,1224,160,500,183,0,6.4961652755737305,0
grid_5x5,heavy,medium,p2_c40,202,7,8,0,8,650,2544,1110,156,426,191,0,6.452121019363403,0
grid_5x5,heavy,medium,p2_c40_mp2,202,4,8,0,8,607,2354,1035,98,389,180,0,5.30349063873291,0
grid_5x5,heavy,medium,p2_c40_mp2,42,9,12,2,10,701,2718,1168,168,454,201,0,5.866801500320435,0
grid_5x5,heavy,medium,p2_c40_mp2,101,10,12,4,8,728,2800,1268,160,500,183,0,5.6701178550720215,0
grid_5x5,heavy,medium,p2_c40_mp3,202,5,8,0,8,649,2468,1130,130,419,184,0,5.173762559890747,0
grid_5x5,heavy,medium,p2_c40_mp3,42,12,12,2,10,792,3000,1359,236,531,204,0,6.311917304992676,0
grid_5x5,heavy,medium,p2_c40_penalty_off,101,10,12,6,6,733,2893,1236,132,500,192,0,6.120077848434448,0
grid_5x5,heavy,medium,p2_c40_penalty_off,42,11,12,6,6,765,2964,1348,155,529,195,0,6.234405279159546,0
grid_5x5,heavy,medium,p2_c40_mp3,101,10,12,0,12,785,3033,1285,260,523,200,0,6.379588842391968,0
grid_5x5,heavy,medium,p2_c120,101,11,12,11,1,770,2927,1406,93,573,155,0,5.690966606140137,0
grid_5x5,heavy,medium,p2_c40_h2,42,10,12,1,11,731,2912,1157,208,475,212,6,6.130698204040527,0
grid_5x5,heavy,medium,p2_c40_penalty_off,202,6,8,4,4,655,2489,1206,89,452,169,0,6.332910060882568,0
grid_5x5,heavy,medium,p2_c40_h2,202,4,12,0,12,629,2389,1080,79,383,204,6,6.22284722328186,0
grid_5x5,heavy,medium,p2_c40_h2,101,8,12,0,12,752,2940,1240,208,486,221,6,6.374707937240601,0
grid_5x5,heavy,medium,p2_c120_mp3,42,12,12,11,1,776,2831,1530,92,573,158,0,5.717402696609497,0
grid_5x5,heavy,medium,p2_c120_mp2,101,11,12,10,2,815,3121,1463,156,597,172,0,5.887315988540649,0
grid_5x5,heavy,medium,p2_c120_mp2,42,11,12,8,4,796,2974,1472,173,573,174,0,6.17830228805542,0
grid_5x5,heavy,medium,p2_c120,42,12,12,9,3,813,2974,1597,167,598,170,0,6.544170379638672,0
grid_5x5,heavy,medium,p2_c120,202,6,8,8,0,596,2257,1112,6,417,147,0,6.425883531570435,0
grid_5x5,heavy,medium,p2_c120_mp3,202,6,8,8,0,596,2257,1112,6,417,147,0,6.215521812438965,0
grid_5x5,heavy,medium,p2_c120_mp2,202,6,8,8,0,596,2257,1112,6,417,147,0,6.442473411560059,0
grid_5x5,heavy,medium,p2_c120_mp3,101,11,12,11,1,798,2991,1497,119,598,155,0,6.44062614440918,0
grid_5x5,heavy,medium,p2_etl_1800,42,12,12,9,3,813,2974,1597,167,598,170,0,4.943876028060913,0
grid_5x5,heavy,medium,p2_c120_h2,42,12,12,11,1,852,3084,1681,105,624,179,6,6.501858472824097,0
grid_5x5,heavy,medium,p2_c120_h2,101,10,12,8,4,874,3155,1742,189,636,187,6,6.534847021102905,0
grid_5x5,heavy,medium,p2_c120_h2,202,10,12,10,2,809,3048,1482,105,570,188,6,6.1100664138793945,0
grid_5x5,heavy,medium,p2_etl_60,42,12,12,9,3,813,2974,1597,167,598,170,0,6.084127187728882,0
grid_5x5,heavy,medium,p2_etl_60,101,11,12,11,1,770,2927,1406,93,573,155,0,6.319486379623413,0
grid_5x5,heavy,medium,p2_etl_60,202,6,8,8,0,596,2257,1112,6,417,147,0,6.47317361831665,0
grid_5x5,heavy,medium,p2_etl_1800,101,11,12,11,1,770,2927,1406,93,573,155,0,5.785948276519775,0
grid_5x5,heavy,medium,p2_etl_86400,42,12,12,9,3,813,2974,1597,167,598,170,0,6.041035413742065,0
grid_5x5,heavy,medium,p2_etl_1800,202,6,8,8,0,596,2257,1112,6,417,147,0,6.447762966156006,0
grid_5x5,heavy,medium,p2_etl_86400,101,11,12,11,1,770,2927,1406,93,573,155,0,6.339454412460327,0
grid_5x5,heavy,medium,p2_etl_86400,202,6,8,8,0,596,2257,1112,6,417,147,0,6.137768030166626,0
grid_5x5,heavy,frequent,p2_c40_mp2,101,9,12,0,12,1070,3886,2087,232,800,204,0,5.156484127044678,0
grid_5x5,heavy,frequent,baseline,42,10,12,5,7,1096,3939,2207,201,839,196,0,6.2019312381744385,0
grid_5x5,heavy,frequent,p2_c40_h2,42,7,12,0,12,954,3477,1787,182,673,221,6,4.707370281219482,0
grid_5x5,heavy,frequent,baseline,101,11,12,6,6,1101,3956,2195,188,838,202,0,6.356236696243286,0
grid_5x5,heavy,frequent,p2_c40_mp3,42,9,12,0,12,1019,3630,1977,209,745,199,0,5.572225093841553,0
grid_5x5,heavy,frequent,baseline,202,11,12,8,4,1065,3765,2223,139,835,169,0,6.526710510253906,0
grid_5x5,heavy,frequent,p2_c40_mp2,202,3,12,0,12,868,3100,1684,78,616,187,0,5.950942754745483,0
grid_5x5,heavy,frequent,p2_c40,42,9,12,0,12,1021,3663,2043,209,763,201,0,6.577200889587402,0
grid_5x5,heavy,frequent,p2_c40,101,9,12,1,11,1052,3836,2077,209,800,195,0,6.3214781284332275,0
grid_5x5,heavy,frequent,p2_c40_penalty_off,202,6,12,6,6,981,3518,1963,125,747,176,0,5.5184547901153564,0
grid_5x5,heavy,frequent,p2_c40_mp3,101,10,12,0,12,1104,4039,2112,260,827,206,0,6.051750659942627,0
grid_5x5,heavy,frequent,p2_c40_mp2,42,8,12,0,12,981,3474,1951,183,720,195,0,6.368502378463745,0
grid_5x5,heavy,frequent,p2_c40,202,2,12,1,11,828,2963,1652,58,594,183,0,6.599158763885498,0
grid_5x5,heavy,frequent,p2_c40_mp3,202,5,12,1,11,909,3221,1766,103,650,188,0,6.437437295913696,0
grid_5x5,heavy,frequent,p2_c40_penalty_off,42,10,12,6,6,1145,4026,2375,215,886,196,0,6.589705944061279,0
grid_5x5,heavy,frequent,p2_c40_penalty_off,101,10,12,6,6,1092,3874,2250,150,848,184,0,6.426560163497925,0
grid_5x5,heavy,frequent,p2_c40_h2,202,3,8,0,8,809,3048,1443,78,558,196,6,6.223913669586182,0
grid_5x5,heavy,frequent,p2_c120,202,11,12,10,2,1118,3950,2338,174,885,170,0,5.977313756942749,0
grid_5x5,heavy,frequent,p2_c40_h2,101,9,12,0,12,1060,3857,2062,234,783,215,6,6.511423349380493,0
grid_5x5,heavy,frequent,p2_c120,101,11,12,8,4,1163,4172,2356,210,913,187,0,6.315349102020264,0
grid_5x5,heavy,frequent,p2_c120,42,11,12,9,3,1129,3984,2344,155,889,177,0,6.439350605010986,0
grid_5x5,heavy,frequent,p2_c120_mp2,42,11,12,8,4,1153,4088,2357,195,889,196,0,6.3860790729522705,0
grid_5x5,heavy,frequent,p2_c120_mp2,101,11,12,8,4,1167,4176,2356,210,913,187,0,6.1946446895599365,0
grid_5x5,heavy,frequent,p2_c120_mp2,202,11,12,11,1,1057,3677,2246,94,835,160,0,6.286354064941406,0
grid_5x5,heavy,frequent,p2_c120_mp3,42,10,12,8,4,1129,3975,2327,171,889,170,0,6.16501522064209,0
grid_5x5,heavy,frequent,p2_c120_mp3,101,11,12,8,4,1173,4151,2406,217,913,192,0,6.24938440322876,0
grid_5x5,heavy,frequent,p2_c120_h2,101,10,12,8,4,1147,4028,2384,189,905,173,6,5.803154468536377,0
grid_5x5,heavy,frequent,p2_c120_mp3,202,11,12,10,2,1087,3815,2273,140,860,161,0,6.557213544845581,0
grid_5x5,heavy,frequent,p2_c120_h2,42,11,12,11,1,1070,3701,2247,62,833,171,6,6.303244113922119,0
grid_5x5_nodiag,medium,medium,p2_c40,42,4,6,0,6,517,1210,455,102,316,175,0,4.4913649559021,0
grid_5x5,heavy,frequent,p2_etl_60,42,11,12,9,3,1129,3984,2344,155,889,177,0,5.994253873825073,0
grid_5x5,heavy,frequent,p2_etl_60,202,11,12,10,2,1118,3950,2338,174,885,170,0,6.008918523788452,0
grid_5x5,heavy,frequent,p2_etl_1800,42,11,12,9,3,1129,3984,2344,155,889,177,0,5.965306758880615,0
grid_5x5,heavy,frequent,p2_etl_86400,202,11,12,10,2,1118,3950,2338,174,885,170,0,5.699218988418579,0
grid_5x5,heavy,frequent,p2_c120_h2,202,9,11,9,2,1053,3840,2027,118,805,181,6,6.670609474182129,0
grid_5x5,heavy,frequent,p2_etl_60,101,11,12,8,4,1163,4172,2356,210,913,187,0,6.476790904998779,0
grid_5x5_nodiag,medium,medium,baseline,101,5,6,5,1,564,1277,549,76,386,150,0,5.714415550231934,0
grid_5x5,heavy,frequent,p2_etl_1800,202,11,12,10,2,1118,3950,2338,174,885,170,0,6.215106010437012,0
grid_5x5,heavy,frequent,p2_etl_86400,42,11,12,9,3,1129,3984,2344,155,889,177,0,6.201111316680908,0
grid_5x5,heavy,frequent,p2_etl_1800,101,11,12,8,4,1163,4172,2356,210,913,187,0,6.345984697341919,0
grid_5x5_nodiag,medium,medium,baseline,42,5,6,4,2,563,1297,514,75,359,175,0,6.170322895050049,0
grid_5x5_nodiag,medium,medium,p2_c40,101,6,6,1,5,567,1331,501,146,360,178,0,5.736051797866821,0
grid_5x5,heavy,frequent,p2_etl_86400,101,11,12,8,4,1163,4172,2356,210,913,187,0,6.670274972915649,0
grid_5x5_nodiag,medium,medium,baseline,202,4,4,3,1,496,1145,447,65,303,167,0,6.208299398422241,0
grid_5x5_nodiag,medium,medium,p2_c40_mp2,42,4,6,0,6,521,1200,464,100,314,175,0,5.992629289627075,0
grid_5x5_nodiag,medium,medium,p2_c40,202,3,4,0,4,445,1035,398,71,256,166,0,6.054389715194702,0
grid_5x5_nodiag,medium,medium,p2_c40_mp2,101,6,6,1,5,571,1320,516,146,360,178,0,6.048832416534424,0
grid_5x5_nodiag,medium,medium,p2_c40_mp3,42,4,6,0,6,527,1216,456,100,314,175,0,6.043220520019531,0
grid_5x5_nodiag,medium,medium,p2_c40_mp2,202,3,4,0,4,448,1042,394,71,256,166,0,6.403417348861694,0
grid_5x5_nodiag,medium,medium,p2_c40_mp3,101,5,6,1,5,545,1248,495,121,336,173,0,6.015597820281982,0
grid_5x5_nodiag,medium,medium,p2_c40_mp3,202,3,4,0,4,452,1049,393,72,257,166,0,5.890256881713867,0
grid_5x5_nodiag,medium,medium,p2_c40_penalty_off,42,4,6,0,6,515,1204,455,100,314,175,0,5.968649625778198,0
grid_5x5_nodiag,medium,medium,p2_c40_penalty_off,101,6,6,1,5,569,1330,508,148,362,178,0,5.8502655029296875,0
grid_5x5_nodiag,medium,medium,p2_c120_mp3,42,5,6,4,2,567,1301,514,75,359,175,0,4.706281661987305,0
grid_5x5_nodiag,medium,medium,p2_c40_penalty_off,202,2,4,0,4,420,986,368,47,233,165,0,6.268483400344849,0
grid_5x5_nodiag,medium,medium,p2_c40_h2,202,2,4,0,4,489,1104,460,51,287,176,4,5.79469108581543,0
grid_5x5_nodiag,medium,medium,p2_c40_h2,42,4,6,2,4,608,1396,558,98,390,187,5,6.209390163421631,0
grid_5x5_nodiag,medium,medium,p2_c40_h2,101,5,6,2,4,610,1381,578,124,391,186,5,6.382252931594849,0
grid_5x5_nodiag,medium,medium,p2_c120_mp3,202,4,4,3,1,498,1147,447,65,303,167,0,5.282486438751221,0
grid_5x5_nodiag,medium,medium,p2_c120,42,5,6,4,2,563,1297,514,75,359,175,0,6.225214958190918,0
grid_5x5_nodiag,medium,medium,p2_c120,101,5,6,5,1,564,1277,549,76,386,150,0,6.193570375442505,0
grid_5x5_nodiag,medium,medium,p2_c120_h2,101,5,6,5,1,604,1360,575,62,380,190,5,5.500050067901611,0
grid_5x5_nodiag,medium,medium,p2_c120,202,4,4,3,1,496,1145,447,65,303,167,0,6.233572483062744,0
grid_5x5_nodiag,medium,medium,p2_c120_mp2,42,5,6,4,2,565,1299,514,75,359,175,0,6.211990118026733,0
grid_5x5_nodiag,medium,medium,p2_c120_mp2,202,4,4,3,1,497,1146,447,65,303,167,0,6.085110664367676,0
grid_5x5_nodiag,medium,medium,p2_c120_mp2,101,6,6,5,1,589,1325,583,98,409,150,0,6.366516351699829,0
grid_5x5_nodiag,medium,medium,p2_c120_h2,42,4,6,6,0,603,1352,592,25,409,163,5,6.1155922412872314,0
grid_5x5_nodiag,medium,medium,p2_c120_h2,202,4,4,4,0,523,1134,545,5,335,160,4,6.003347158432007,0
grid_5x5_nodiag,medium,medium,p2_etl_60,42,5,6,4,2,563,1297,514,75,359,175,0,5.706852197647095,0
grid_5x5_nodiag,medium,medium,p2_etl_60,101,5,6,5,1,564,1277,549,76,386,150,0,5.710411310195923,0
grid_5x5_nodiag,medium,medium,p2_c120_mp3,101,6,6,5,1,618,1400,597,127,435,150,0,6.379907608032227,0
grid_5x5_nodiag,medium,medium,p2_etl_60,202,4,4,3,1,496,1145,447,65,303,167,0,6.017216205596924,0
grid_5x5_nodiag,medium,medium,p2_etl_1800,202,4,4,3,1,496,1145,447,65,303,167,0,5.7694573402404785,0
grid_5x5_nodiag,medium,medium,p2_etl_1800,42,5,6,4,2,563,1297,514,75,359,175,0,6.212011337280273,0
grid_5x5_nodiag,medium,medium,p2_etl_1800,101,5,6,5,1,564,1277,549,76,386,150,0,6.267157793045044,0
grid_5x5_nodiag,medium,medium,p2_etl_86400,101,5,6,5,1,564,1277,549,76,386,150,0,5.66615629196167,0
grid_5x5_nodiag,medium,medium,p2_etl_86400,42,5,6,4,2,563,1297,514,75,359,175,0,6.0064685344696045,0
grid_5x5_nodiag,medium,medium,p2_etl_86400,202,4,4,3,1,496,1145,447,65,303,167,0,5.982800245285034,0
grid_5x5_nodiag,medium,frequent,baseline,42,6,6,6,0,807,1688,902,62,609,153,0,6.134843826293945,0
grid_5x5_nodiag,medium,frequent,baseline,101,6,6,4,2,922,2002,981,105,719,157,0,5.815624952316284,0
grid_5x5_nodiag,medium,frequent,p2_c40,101,5,6,2,4,881,1930,920,99,673,165,0,5.325235843658447,0
grid_5x5_nodiag,medium,frequent,baseline,202,6,6,4,2,856,1824,918,128,623,186,0,6.226848602294922,0
grid_5x5_nodiag,medium,frequent,p2_c40,42,5,6,2,4,775,1666,815,104,567,165,0,6.02652645111084,0
grid_5x5_nodiag,medium,frequent,p2_c40,202,2,6,1,5,716,1556,742,48,509,167,0,5.890750408172607,0
grid_5x5_nodiag,medium,frequent,p2_c40_mp2,101,6,6,1,5,921,2031,938,148,698,174,0,5.662818908691406,0
grid_5x5_nodiag,medium,frequent,p2_c40_mp2,42,5,6,2,4,795,1693,847,123,583,165,0,6.3169777393341064,0
grid_5x5_nodiag,medium,frequent,p2_c40_mp2,202,2,6,1,5,708,1525,740,38,499,167,0,5.955159902572632,0
grid_5x5_nodiag,medium,frequent,p2_c40_mp3,42,6,6,2,4,834,1780,876,157,608,173,0,6.283252239227295,0
grid_5x5_nodiag,medium,frequent,p2_c40_penalty_off,101,5,6,2,4,881,1930,920,99,673,165,0,6.008188009262085,0
grid_5x5_nodiag,medium,frequent,p2_c40_mp3,101,6,6,1,5,927,2041,941,150,700,174,0,6.447786092758179,0
grid_5x5_nodiag,medium,frequent,p2_c40_mp3,202,2,6,1,5,718,1549,745,46,507,167,0,6.354557752609253,0
grid_5x5_nodiag,medium,frequent,p2_c40_penalty_off,42,5,6,2,4,775,1666,815,104,567,165,0,6.421372175216675,0
grid_5x5_nodiag,medium,frequent,p2_c40_penalty_off,202,2,6,0,6,696,1520,709,47,485,171,0,6.146860599517822,0
grid_5x5_nodiag,medium,frequent,p2_c120,42,6,6,6,0,807,1688,902,62,609,153,0,5.920368432998657,0
grid_5x5_nodiag,medium,frequent,p2_c40_h2,101,6,6,1,5,840,1854,826,132,584,206,5,6.213404178619385,0
grid_5x5_nodiag,medium,frequent,p2_c120_mp2,42,6,6,6,0,807,1688,902,62,609,153,0,5.711474418640137,0
grid_5x5_nodiag,medium,frequent,p2_c120_mp3,101,6,6,4,2,926,2001,986,105,719,157,0,4.792579174041748,0
grid_5x5_nodiag,medium,frequent,p2_c40_h2,42,4,6,0,6,784,1771,730,96,540,196,6,6.4171142578125,0
grid_5x5_nodiag,medium,frequent,p2_c40_h2,202,2,6,0,6,769,1631,828,47,532,192,5,6.3178675174713135,0
grid_5x5_nodiag,medium,frequent,p2_c120,101,6,6,4,2,922,2002,981,105,719,157,0,6.259404897689819,0
grid_5x5_nodiag,medium,frequent,p2_c120,202,6,6,4,2,856,1824,918,128,623,186,0,6.266202688217163,0
grid_5x5_nodiag,medium,frequent,p2_c120_mp2,202,6,6,4,2,857,1825,918,128,623,186,0,5.703496694564819,0
grid_5x5_nodiag,medium,frequent,p2_c120_mp2,101,6,6,4,2,924,1999,986,105,719,157,0,6.311112403869629,0
grid_5x5_nodiag,medium,frequent,p2_c120_mp3,42,6,6,6,0,807,1688,902,62,609,153,0,6.071187734603882,0
grid_5x5_nodiag,medium,frequent,p2_c120_mp3,202,6,6,4,2,858,1826,918,128,623,186,0,6.048840761184692,0
grid_5x5_nodiag,medium,frequent,p2_c120_h2,42,6,6,5,1,839,1849,826,63,606,181,6,6.303633689880371,0
grid_5x5_nodiag,medium,frequent,p2_c120_h2,101,5,6,5,1,885,1919,916,108,652,182,5,6.167681455612183,0
grid_5x5_nodiag,medium,frequent,p2_etl_60,42,6,6,6,0,807,1688,902,62,609,153,0,5.2383294105529785,0
grid_5x5_nodiag,medium,frequent,p2_c120_h2,202,6,6,4,2,893,1891,968,89,654,188,5,5.906772136688232,0
grid_5x5_nodiag,medium,frequent,p2_etl_60,101,6,6,4,2,922,2002,981,105,719,157,0,5.988134860992432,0
grid_5x5_nodiag,medium,frequent,p2_etl_1800,101,6,6,4,2,922,2002,981,105,719,157,0,5.253254652023315,0
grid_5x5_nodiag,medium,frequent,p2_etl_60,202,6,6,4,2,856,1824,918,128,623,186,0,6.142529726028442,0
grid_5x5_nodiag,medium,frequent,p2_etl_1800,42,6,6,6,0,807,1688,902,62,609,153,0,6.265826463699341,0
grid_5x5_nodiag,medium,frequent,p2_etl_86400,42,6,6,6,0,807,1688,902,62,609,153,0,6.023772478103638,0
grid_5x5_nodiag,medium,frequent,p2_etl_1800,202,6,6,4,2,856,1824,918,128,623,186,0,6.398235559463501,0
grid_5x5_nodiag,heavy,medium,baseline,42,11,12,5,7,707,1659,580,143,420,245,0,5.920674800872803,0
grid_5x5_nodiag,heavy,medium,p2_c40,202,4,11,0,11,508,1202,415,102,287,190,0,5.577091217041016,0
grid_5x5_nodiag,heavy,medium,p2_c40_mp3,101,6,8,3,5,588,1339,547,122,374,175,0,5.3383519649505615,0
grid_5x5_nodiag,heavy,medium,p2_c40_mp2,202,6,8,1,7,557,1252,520,141,341,180,0,5.450679063796997,0
grid_5x5_nodiag,medium,frequent,p2_etl_86400,101,6,6,4,2,922,2002,981,105,719,157,0,6.3093719482421875,0
grid_5x5_nodiag,medium,frequent,p2_etl_86400,202,6,6,4,2,856,1824,918,128,623,186,0,6.227638483047485,0
grid_5x5_nodiag,heavy,medium,baseline,101,9,12,9,3,670,1501,645,126,451,180,0,6.348729848861694,0
grid_5x5_nodiag,heavy,medium,p2_c40,101,10,12,3,9,722,1710,610,253,458,224,0,6.1156628131866455,0
grid_5x5_nodiag,heavy,medium,p2_c40,42,7,12,0,12,629,1479,536,146,389,205,0,6.248849630355835,0
grid_5x5_nodiag,heavy,medium,baseline,202,8,8,5,3,597,1347,567,132,396,167,0,6.29017186164856,0
grid_5x5_nodiag,heavy,medium,p2_c40_mp2,42,8,12,0,12,622,1416,545,150,370,204,0,5.9977006912231445,0
grid_5x5_nodiag,heavy,medium,p2_c40_mp2,101,10,12,3,9,715,1648,639,239,455,215,0,6.077149868011475,0
grid_5x5_nodiag,heavy,medium,p2_c40_mp3,202,4,4,0,4,452,1051,385,69,251,169,0,6.155334234237671,0
grid_5x5_nodiag,heavy,medium,p2_c40_mp3,42,8,12,0,12,662,1483,580,175,400,202,0,6.309790372848511,0
grid_5x5_nodiag,heavy,medium,p2_c40_penalty_off,202,5,11,5,6,578,1291,551,85,369,175,0,5.634744644165039,0
grid_5x5_nodiag,heavy,medium,p2_c40_penalty_off,42,9,12,6,6,670,1512,636,82,462,170,0,6.122949123382568,0
grid_5x5_nodiag,heavy,medium,p2_c40_penalty_off,101,10,12,7,5,668,1545,597,134,429,199,0,6.114777565002441,0
grid_5x5_nodiag,heavy,medium,p2_c40_h2,42,7,12,1,11,707,1651,613,183,430,236,5,6.414349794387817,0
grid_5x5_nodiag,heavy,medium,p2_c40_h2,101,10,12,5,7,751,1680,710,196,502,204,6,6.068850755691528,0
grid_5x5_nodiag,heavy,medium,p2_c40_h2,202,7,12,2,10,674,1514,628,150,421,210,6,5.93640398979187,0
grid_5x5_nodiag,heavy,medium,p2_c120,42,9,12,9,3,767,1728,726,141,534,192,0,5.903567314147949,0
grid_5x5_nodiag,heavy,medium,p2_c120,101,9,12,11,1,755,1683,757,174,547,169,0,6.219645261764526,0
grid_5x5_nodiag,heavy,medium,p2_c120,202,7,8,6,2,562,1259,544,85,368,161,0,5.654762506484985,0
grid_5x5_nodiag,heavy,medium,p2_c120_mp2,42,9,12,9,3,745,1680,698,112,515,187,0,5.942171573638916,0
grid_5x5_nodiag,heavy,medium,p2_c120_mp2,101,9,12,11,1,749,1649,762,163,546,162,0,5.895544767379761,0
grid_5x5_nodiag,heavy,medium,p2_c120_mp2,202,7,8,5,3,616,1380,593,153,417,162,0,6.14578652381897,0
grid_5x5_nodiag,heavy,medium,p2_c120_mp3,101,9,12,10,2,752,1679,731,182,528,179,0,5.666070938110352,0
grid_5x5_nodiag,heavy,frequent,baseline,42,12,12,6,6,939,2036,940,158,669,211,0,4.472390651702881,0
grid_5x5_nodiag,heavy,medium,p2_c120_mp3,42,9,12,9,3,802,1797,755,168,558,196,0,6.234360218048096,0
grid_5x5_nodiag,heavy,medium,p2_c120_mp3,202,8,8,5,3,649,1455,619,183,439,169,0,5.7644712924957275,0
grid_5x5_nodiag,heavy,medium,p2_etl_86400,101,9,12,11,1,755,1683,757,174,547,169,0,5.277724504470825,0
grid_5x5_nodiag,heavy,medium,p2_etl_60,42,9,12,9,3,767,1728,726,141,534,192,0,5.849048852920532,0
grid_5x5_nodiag,heavy,medium,p2_c120_h2,42,8,12,10,2,762,1706,732,105,540,178,6,5.958974838256836,0
grid_5x5_nodiag,heavy,medium,p2_c120_h2,202,12,12,11,1,765,1689,742,103,535,183,5,6.0820276737213135,0
grid_5x5_nodiag,heavy,medium,p2_c120_h2,101,11,12,9,3,828,1830,820,194,578,201,6,6.230428218841553,0
grid_5x5_nodiag,heavy,medium,p2_etl_60,101,9,12,11,1,755,1683,757,174,547,169,0,6.239175319671631,0
grid_5x5_nodiag,heavy,medium,p2_etl_1800,101,9,12,11,1,755,1683,757,174,547,169,0,5.9865312576293945,0
grid_5x5_nodiag,heavy,medium,p2_etl_1800,202,7,8,6,2,562,1259,544,85,368,161,0,5.988582134246826,0
grid_5x5_nodiag,heavy,medium,p2_etl_60,202,7,8,6,2,562,1259,544,85,368,161,0,6.193490505218506,0
grid_5x5_nodiag,heavy,medium,p2_etl_86400,42,9,12,9,3,767,1728,726,141,534,192,0,6.2081427574157715,0
grid_5x5_nodiag,heavy,medium,p2_etl_1800,42,9,12,9,3,767,1728,726,141,534,192,0,6.388874292373657,0
grid_5x5_nodiag,heavy,medium,p2_etl_86400,202,7,8,6,2,562,1259,544,85,368,161,0,6.121118545532227,0
grid_5x5_nodiag,heavy,frequent,baseline,202,7,8,5,3,826,1782,866,101,591,186,0,6.025569677352905,0
grid_5x5_nodiag,heavy,frequent,baseline,101,9,12,9,3,1054,2285,1112,131,813,185,0,6.496188163757324,0
grid_5x5_nodiag,heavy,frequent,p2_c40,42,7,12,4,8,873,1884,900,144,640,182,0,6.152833938598633,0
grid_5x5_nodiag,heavy,frequent,p2_c40,101,11,12,3,9,1055,2345,1057,221,810,189,0,6.145734071731567,0
grid_5x5_nodiag,heavy,frequent,p2_c40,202,6,8,3,5,821,1787,844,102,606,168,0,6.577136993408203,0
grid_5x5_nodiag,heavy,frequent,p2_c40_mp2,101,11,12,3,9,1100,2418,1116,261,840,198,0,6.153017997741699,0
grid_5x5_nodiag,heavy,frequent,p2_c40_mp2,42,8,12,1,11,898,1953,886,173,638,197,0,6.506187200546265,0
grid_5x5_nodiag,heavy,frequent,p2_c40_mp2,202,6,8,3,5,821,1787,844,102,606,168,0,5.976945877075195,0
grid_5x5_nodiag,heavy,frequent,p2_c40_mp3,42,11,12,3,9,988,2127,995,249,726,190,0,6.8393235206604,0
grid_5x5_nodiag,heavy,frequent,p2_c40_mp3,101,11,12,3,9,1049,2331,1021,195,771,209,0,6.625439882278442,0
grid_5x5_nodiag,heavy,frequent,p2_c40_mp3,202,6,8,3,5,821,1787,844,102,606,168,0,6.339182138442993,0
grid_5x5_nodiag,heavy,frequent,p2_c40_penalty_off,101,9,12,8,4,1093,2362,1166,184,871,165,0,6.417248725891113,0
grid_5x5_nodiag,heavy,frequent,p2_c40_penalty_off,202,5,8,4,4,797,1734,816,60,579,172,0,6.570644855499268,0
grid_5x5_nodiag,heavy,frequent,p2_c40_penalty_off,42,10,12,7,5,1005,2171,1035,218,730,216,0,6.913194179534912,0
grid_5x5_nodiag,heavy,frequent,p2_c120,101,9,12,10,2,1068,2305,1142,126,837,175,0,6.217455863952637,0
star_5,medium,medium,baseline,42,6,6,4,2,78,246,0,20,28,14,0,1.4246962070465088,0
grid_5x5_nodiag,heavy,frequent,p2_c120,202,7,8,7,1,831,1777,889,75,614,168,0,6.4671547412872314,0
grid_5x5_nodiag,heavy,frequent,p2_c120,42,12,12,8,4,1001,2150,1035,179,747,194,0,6.676466941833496,0
grid_5x5_nodiag,heavy,frequent,p2_c40_h2,202,5,12,1,11,833,1779,860,96,569,209,6,6.812851190567017,0
grid_5x5_nodiag,heavy,frequent,p2_c40_h2,101,7,12,7,5,952,2123,907,133,700,193,6,7.179527521133423,0
grid_5x5_nodiag,heavy,frequent,p2_c120_mp3,101,9,12,10,2,1071,2308,1142,126,837,175,0,6.34288477897644,0
grid_5x5_nodiag,heavy,frequent,p2_c120_mp2,202,7,8,7,1,832,1778,889,75,614,168,0,6.51994776725769,0
grid_5x5_nodiag,heavy,frequent,p2_c40_h2,42,10,12,3,9,1030,2332,956,247,737,231,6,7.40700101852417,0
star_5,medium,medium,baseline,101,6,6,4,2,78,246,0,20,28,14,0,1.3747296333312988,0
grid_5x5_nodiag,heavy,frequent,p2_c120_mp2,101,9,12,10,2,1078,2337,1138,135,836,184,0,6.831428289413452,0
grid_5x5_nodiag,heavy,frequent,p2_c120_h2,42,11,12,11,1,1074,2337,1099,140,827,183,6,6.449804782867432,0
grid_5x5_nodiag,heavy,frequent,p2_c120_mp2,42,11,12,7,5,1000,2156,1020,200,718,218,0,7.114981412887573,0
grid_5x5_nodiag,heavy,frequent,p2_c120_mp3,202,7,8,7,1,832,1778,889,75,614,168,0,6.786736011505127,0
star_5,medium,medium,baseline,202,6,6,4,2,78,246,0,20,28,14,0,1.585935115814209,0
star_5,medium,medium,p2_c40,101,6,6,0,6,70,222,0,12,26,12,0,1.5093374252319336,0
star_5,medium,medium,p2_c40,42,6,6,0,6,70,222,0,12,26,12,0,1.6187934875488281,0
grid_5x5_nodiag,heavy,frequent,p2_c120_h2,101,9,12,10,2,999,2225,958,139,756,180,6,6.933858633041382,0
grid_5x5_nodiag,heavy,frequent,p2_c120_mp3,42,12,12,8,4,1034,2220,1059,206,768,199,0,7.578738212585449,0
star_5,medium,medium,p2_c40_mp2,101,6,6,0,6,76,228,0,12,26,12,0,1.446272373199463,0
star_5,medium,medium,p2_c40,202,6,6,0,6,70,222,0,12,26,12,0,1.684201955795288,0
star_5,medium,medium,p2_c40_mp2,202,6,6,0,6,76,228,0,12,26,12,0,1.4672625064849854,0
star_5,medium,medium,p2_c40_mp2,42,6,6,0,6,76,228,0,12,26,12,0,1.6201579570770264,0
star_5,medium,medium,p2_c40_mp3,101,6,6,0,6,81,227,2,11,25,12,0,1.404808521270752,0
star_5,medium,medium,p2_c40_mp3,42,6,6,0,6,82,234,0,12,26,12,0,1.4858582019805908,0
star_5,medium,medium,p2_c40_mp3,202,6,6,0,6,82,234,0,12,26,12,0,1.4061899185180664,0
star_5,medium,medium,p2_c40_penalty_off,42,6,6,0,6,70,222,0,12,26,12,0,1.550426959991455,0
star_5,medium,medium,p2_c40_penalty_off,202,6,6,0,6,70,222,0,12,26,12,0,1.4212422370910645,0
star_5,medium,medium,p2_c40_penalty_off,101,6,6,0,6,70,222,0,12,26,12,0,1.4923985004425049,0
star_5,medium,medium,p2_c40_h2,42,6,6,0,6,70,222,0,12,26,12,0,1.4632954597473145,0
grid_5x5_nodiag,heavy,frequent,p2_etl_60,42,12,12,8,4,1001,2150,1035,179,747,194,0,6.880767583847046,0
star_5,medium,medium,p2_c40_h2,202,6,6,0,6,70,222,0,12,26,12,0,1.3423197269439697,0
grid_5x5_nodiag,heavy,frequent,p2_etl_60,202,7,8,7,1,831,1777,889,75,614,168,0,6.4862220287323,0
grid_5x5_nodiag,heavy,frequent,p2_c120_h2,202,10,12,9,3,1035,2197,1097,161,752,220,5,7.427754163742065,0
star_5,medium,medium,p2_c120,42,6,6,4,2,78,246,0,20,28,14,0,1.3361241817474365,0
grid_5x5_nodiag,heavy,frequent,p2_etl_60,101,9,12,10,2,1068,2305,1142,126,837,175,0,6.8560638427734375,0
star_5,medium,medium,p2_c40_h2,101,6,6,0,6,70,222,0,12,26,12,0,1.6213488578796387,0
star_5,medium,medium,p2_c120_mp2,101,6,6,4,2,80,248,0,20,28,14,0,1.0973012447357178,0
star_5,medium,medium,p2_c120,202,6,6,4,2,78,246,0,20,28,14,0,1.4174094200134277,0
star_5,medium,medium,p2_c120,101,6,6,4,2,78,246,0,20,28,14,0,1.4798920154571533,0
star_5,medium,medium,p2_c120_mp2,42,6,6,4,2,80,248,0,20,28,14,0,1.3576197624206543,0
star_5,medium,medium,p2_c120_mp2,202,6,6,4,2,80,248,0,20,28,14,0,1.3772468566894531,0
star_5,medium,medium,p2_c120_mp3,101,6,6,4,2,82,250,0,20,28,14,0,1.318579912185669,0
star_5,medium,medium,p2_c120_mp3,202,6,6,4,2,82,250,0,20,28,14,0,1.3262441158294678,0
star_5,medium,medium,p2_c120_h2,101,6,6,4,2,78,246,0,20,28,14,0,1.232229232788086,0
star_5,medium,medium,p2_c120_mp3,42,6,6,4,2,81,243,2,19,28,13,0,1.3972382545471191,0
star_5,medium,medium,p2_c120_h2,42,6,6,4,2,78,246,0,20,28,14,0,1.3983588218688965,0
grid_5x5_nodiag,heavy,frequent,p2_etl_1800,42,12,12,8,4,1001,2150,1035,179,747,194,0,6.4245758056640625,0
star_5,medium,medium,p2_c120_h2,202,6,6,4,2,78,246,0,20,28,14,0,1.4194400310516357,0
grid_5x5_nodiag,heavy,frequent,p2_etl_1800,202,7,8,7,1,831,1777,889,75,614,168,0,6.377242088317871,0
grid_5x5_nodiag,heavy,frequent,p2_etl_86400,42,12,12,8,4,1001,2150,1035,179,747,194,0,6.3642871379852295,0
star_5,medium,medium,p2_etl_60,42,6,6,4,2,78,246,0,20,28,14,0,1.3889172077178955,0
star_5,medium,medium,p2_etl_60,202,6,6,4,2,78,246,0,20,28,14,0,1.2978911399841309,0
star_5,medium,medium,p2_etl_60,101,6,6,4,2,78,246,0,20,28,14,0,1.4347522258758545,0
star_5,medium,medium,p2_etl_1800,42,6,6,4,2,78,246,0,20,28,14,0,1.3810796737670898,0
star_5,medium,medium,p2_etl_1800,101,6,6,4,2,78,246,0,20,28,14,0,1.3421056270599365,0
star_5,medium,medium,p2_etl_1800,202,6,6,4,2,78,246,0,20,28,14,0,1.3651964664459229,0
grid_5x5_nodiag,heavy,frequent,p2_etl_1800,101,9,12,10,2,1068,2305,1142,126,837,175,0,6.8617634773254395,0
star_5,medium,medium,p2_etl_86400,202,6,6,4,2,78,246,0,20,28,14,0,1.349273443222046,0
star_5,medium,frequent,baseline,42,6,6,4,2,118,366,0,20,48,14,0,1.351402997970581,0
star_5,medium,medium,p2_etl_86400,101,6,6,4,2,78,246,0,20,28,14,0,1.400670051574707,0
star_5,medium,medium,p2_etl_86400,42,6,6,4,2,78,246,0,20,28,14,0,1.412001609802246,0
star_5,medium,frequent,baseline,101,6,6,4,2,118,366,0,20,48,14,0,1.3603367805480957,0
star_5,medium,frequent,baseline,202,6,6,4,2,118,366,0,20,48,14,0,1.289966106414795,0
star_5,medium,frequent,p2_c40,42,6,6,0,6,110,342,0,12,46,12,0,1.429734468460083,0
star_5,medium,frequent,p2_c40,101,6,6,0,6,110,342,0,12,46,12,0,1.4623181819915771,0
star_5,medium,frequent,p2_c40,202,6,6,0,6,110,342,0,12,46,12,0,1.424415111541748,0
star_5,medium,frequent,p2_c40_mp2,42,6,6,0,6,116,348,0,12,46,12,0,1.30171537399292,0
star_5,medium,frequent,p2_c40_mp2,202,6,6,0,6,116,348,0,12,46,12,0,1.2610204219818115,0
star_5,medium,frequent,p2_c40_mp3,42,6,6,0,6,122,354,0,12,46,12,0,1.2670183181762695,0
grid_5x5_nodiag,heavy,frequent,p2_etl_86400,202,7,8,7,1,831,1777,889,75,614,168,0,6.026870250701904,0
star_5,medium,frequent,p2_c40_mp3,202,6,6,0,6,122,354,0,12,46,12,0,1.219985008239746,0
star_5,medium,frequent,p2_c40_mp2,101,6,6,0,6,116,348,0,12,46,12,0,1.409898042678833,0
star_5,medium,frequent,p2_c40_mp3,101,6,6,0,6,122,354,0,12,46,12,0,1.4212191104888916,0
star_5,medium,frequent,p2_c40_penalty_off,42,6,6,0,6,110,342,0,12,46,12,0,1.408534049987793,0
star_5,medium,frequent,p2_c40_penalty_off,101,6,6,0,6,110,342,0,12,46,12,0,1.4000556468963623,0
star_5,medium,frequent,p2_c120,101,6,6,4,2,118,366,0,20,48,14,0,1.1832573413848877,0
star_5,medium,frequent,p2_c40_h2,42,6,6,0,6,110,342,0,12,46,12,0,1.3435161113739014,0
star_5,medium,frequent,p2_c40_penalty_off,202,6,6,0,6,110,342,0,12,46,12,0,1.4399240016937256,0
star_5,medium,frequent,p2_c120,202,6,6,4,2,118,366,0,20,48,14,0,1.2228169441223145,0
star_5,medium,frequent,p2_c40_h2,101,6,6,0,6,110,342,0,12,46,12,0,1.449875831604004,0
star_5,medium,frequent,p2_c40_h2,202,6,6,0,6,110,342,0,12,46,12,0,1.4357035160064697,0
star_5,medium,frequent,p2_c120,42,6,6,4,2,118,366,0,20,48,14,0,1.4102704524993896,0
star_5,medium,frequent,p2_c120_mp2,101,6,6,4,2,120,368,0,20,48,14,0,1.3934104442596436,0
star_5,medium,frequent,p2_c120_mp2,42,6,6,4,2,120,368,0,20,48,14,0,1.4137895107269287,0
star_5,medium,frequent,p2_c120_mp2,202,6,6,4,2,120,368,0,20,48,14,0,1.4103538990020752,0
star_5,medium,frequent,p2_c120_mp3,202,6,6,4,2,122,370,0,20,48,14,0,1.373938798904419,0
star_5,medium,frequent,p2_c120_mp3,42,6,6,4,2,122,368,0,20,48,14,0,1.414909839630127,0
star_5,medium,frequent,p2_c120_h2,101,6,6,4,2,118,366,0,20,48,14,0,1.3188426494598389,0
star_5,medium,frequent,p2_c120_mp3,101,6,6,4,2,122,370,0,20,48,14,0,1.4425268173217773,0
grid_5x5_nodiag,heavy,frequent,p2_etl_86400,101,9,12,10,2,1068,2305,1142,126,837,175,0,7.061774492263794,0
star_5,medium,frequent,p2_c120_h2,42,6,6,4,2,118,366,0,20,48,14,0,1.448352575302124,0
star_5,medium,frequent,p2_c120_h2,202,6,6,4,2,118,366,0,20,48,14,0,1.2966747283935547,0
star_5,medium,frequent,p2_etl_60,101,6,6,4,2,118,366,0,20,48,14,0,1.3050713539123535,0
star_5,medium,frequent,p2_etl_60,42,6,6,4,2,118,366,0,20,48,14,0,1.4153578281402588,0
star_5,medium,frequent,p2_etl_60,202,6,6,4,2,118,366,0,20,48,14,0,1.307018518447876,0
star_5,medium,frequent,p2_etl_86400,101,6,6,4,2,118,366,0,20,48,14,0,1.1902658939361572,0
star_5,medium,frequent,p2_etl_1800,202,6,6,4,2,118,366,0,20,48,14,0,1.3128623962402344,0
star_5,medium,frequent,p2_etl_1800,42,6,6,4,2,118,366,0,20,48,14,0,1.416991949081421,0
star_5,medium,frequent,p2_etl_1800,101,6,6,4,2,118,366,0,20,48,14,0,1.435349702835083,0
star_5,medium,frequent,p2_etl_86400,42,6,6,4,2,118,366,0,20,48,14,0,1.3657994270324707,0
star_5,medium,frequent,p2_etl_86400,202,6,6,4,2,118,366,0,20,48,14,0,1.4486451148986816,0
star_5,heavy,medium,baseline,42,12,12,4,8,100,306,2,31,29,23,0,1.3590385913848877,0
star_5,heavy,medium,p2_c40,101,12,12,0,12,94,294,0,24,32,18,0,1.242314338684082,0
star_5,heavy,medium,baseline,101,12,12,4,8,100,306,2,31,29,23,0,1.3652091026306152,0
star_5,heavy,medium,p2_c40,42,12,12,0,12,94,294,0,24,32,18,0,1.3369436264038086,0
star_5,heavy,medium,p2_c40_mp2,42,12,12,0,12,106,306,0,24,32,18,0,1.2086634635925293,0
star_5,heavy,medium,baseline,202,12,12,4,8,100,306,2,31,29,23,0,1.3560845851898193,0
star_5,heavy,medium,p2_c40_mp2,202,12,12,0,12,106,304,0,24,32,18,0,1.2830567359924316,0
star_5,heavy,medium,p2_c40,202,12,12,0,12,94,294,0,24,32,18,0,1.3794496059417725,0
star_5,heavy,medium,p2_c40_mp2,101,12,12,0,12,106,306,0,24,32,18,0,1.4211094379425049,0
star_5,heavy,medium,p2_c40_penalty_off,202,12,12,0,12,94,294,0,24,32,18,0,1.2217724323272705,0
star_5,heavy,medium,p2_c40_mp3,42,12,12,0,12,117,311,2,23,31,18,0,1.3370778560638428,0
star_5,heavy,medium,p2_c40_penalty_off,42,12,12,0,12,94,294,0,24,32,18,0,1.298950433731079,0
star_5,heavy,medium,p2_c40_mp3,101,12,12,0,12,118,318,0,24,32,18,0,1.3544743061065674,0
star_5,heavy,medium,p2_c40_h2,101,12,12,0,12,94,294,0,24,32,18,0,1.271967887878418,0
star_5,heavy,medium,p2_c40_mp3,202,12,12,0,12,118,318,0,24,32,18,0,1.3716986179351807,0
star_5,heavy,medium,p2_c40_penalty_off,101,12,12,0,12,94,294,0,24,32,18,0,1.3810813426971436,0
star_5,heavy,medium,p2_c40_h2,42,12,12,0,12,94,294,0,24,32,18,0,1.409665822982788,0
star_5,heavy,medium,p2_c40_h2,202,12,12,0,12,94,294,0,24,32,18,0,1.4032416343688965,0
star_5,heavy,medium,p2_c120,42,12,12,8,4,108,330,2,39,36,20,0,1.3854548931121826,0
star_5,heavy,medium,p2_c120,202,12,12,8,4,108,330,2,39,36,20,0,1.2314367294311523,0
star_5,heavy,medium,p2_c120_mp2,42,12,12,8,4,112,334,2,39,36,20,0,1.307448387145996,0
star_5,heavy,medium,p2_c120,101,12,12,8,4,108,330,2,39,36,20,0,1.3737971782684326,0
star_5,heavy,medium,p2_c120_mp3,42,12,12,8,4,115,331,4,38,36,19,0,1.2009682655334473,0
star_5,heavy,medium,p2_c120_mp2,202,12,12,8,4,112,334,2,39,36,20,0,1.2844345569610596,0
star_5,heavy,medium,p2_c120_mp2,101,12,12,8,4,112,334,2,39,36,20,0,1.3735525608062744,0
star_5,heavy,medium,p2_c120_mp3,101,12,12,8,4,116,338,2,39,36,20,0,1.3850183486938477,0
star_5,heavy,medium,p2_c120_mp3,202,12,12,8,4,116,338,2,39,36,20,0,1.3794424533843994,0
star_5,heavy,medium,p2_c120_h2,101,12,12,8,4,108,330,2,39,36,20,0,1.1951336860656738,0
star_5,heavy,medium,p2_c120_h2,202,12,12,8,4,108,330,2,39,36,20,0,1.2644248008728027,0
star_5,heavy,medium,p2_c120_h2,42,12,12,8,4,108,330,2,39,36,20,0,1.352207899093628,0
star_5,heavy,medium,p2_etl_60,42,12,12,8,4,108,330,2,39,36,20,0,1.3717732429504395,0
star_5,heavy,medium,p2_etl_60,101,12,12,8,4,108,330,2,39,36,20,0,1.3289062976837158,0
star_5,heavy,medium,p2_etl_60,202,12,12,8,4,108,330,2,39,36,20,0,1.3405816555023193,0
star_5,heavy,medium,p2_etl_1800,42,12,12,8,4,108,330,2,39,36,20,0,1.369434118270874,0
star_5,heavy,medium,p2_etl_1800,101,12,12,8,4,108,330,2,39,36,20,0,1.337174892425537,0
star_5,heavy,medium,p2_etl_1800,202,12,12,8,4,108,330,2,39,36,20,0,1.4089288711547852,0
star_5,heavy,medium,p2_etl_86400,42,12,12,8,4,108,330,2,39,36,20,0,1.3422484397888184,0
star_5,heavy,medium,p2_etl_86400,202,12,12,8,4,108,330,2,39,36,20,0,1.278031826019287,0
star_5,heavy,medium,p2_etl_86400,101,12,12,8,4,108,330,2,39,36,20,0,1.3631811141967773,0
star_5,heavy,frequent,baseline,202,12,12,4,8,142,438,0,32,48,26,0,1.3297195434570312,0
star_5,heavy,frequent,p2_c40,101,12,12,0,12,134,414,0,24,52,18,0,1.3112213611602783,0
star_5,heavy,frequent,baseline,101,12,12,4,8,142,438,0,32,48,26,0,1.3992738723754883,0
star_5,heavy,frequent,baseline,42,12,12,4,8,142,438,0,32,48,26,0,1.430710792541504,0
star_5,heavy,frequent,p2_c40,42,12,12,0,12,134,414,0,24,52,18,0,1.397183895111084,0
star_5,heavy,frequent,p2_c40,202,12,12,0,12,134,414,0,24,52,18,0,1.372321605682373,0
star_5,heavy,frequent,p2_c40_mp2,42,12,12,0,12,146,426,0,24,52,18,0,1.400940179824829,0
star_5,heavy,frequent,p2_c40_mp2,101,12,12,0,12,146,426,0,24,52,18,0,1.4057848453521729,0
star_5,heavy,frequent,p2_c40_mp2,202,12,12,0,12,145,417,2,23,51,18,0,1.4257230758666992,0
star_5,heavy,frequent,p2_c40_mp3,202,12,12,0,12,155,415,6,21,49,18,0,1.2912769317626953,0
star_5,heavy,frequent,p2_c40_mp3,101,12,12,0,12,158,436,0,24,52,18,0,1.4101698398590088,0
star_5,heavy,frequent,p2_c40_mp3,42,12,12,0,12,158,438,0,24,52,18,0,1.4311292171478271,0
star_5,heavy,frequent,p2_c40_h2,42,12,12,0,12,134,414,0,24,52,18,0,1.1897523403167725,0
star_5,heavy,frequent,p2_c40_penalty_off,101,12,12,0,12,134,414,0,24,52,18,0,1.364804983139038,0
star_5,heavy,frequent,p2_c40_penalty_off,42,12,12,0,12,134,414,0,24,52,18,0,1.4240236282348633,0
star_5,heavy,frequent,p2_c40_penalty_off,202,12,12,0,12,134,414,0,24,52,18,0,1.3289730548858643,0
star_5,heavy,frequent,p2_c40_h2,101,12,12,0,12,134,414,0,24,52,18,0,1.3738808631896973,0
star_5,heavy,frequent,p2_c120,202,12,12,8,4,150,462,0,40,56,22,0,1.1685681343078613,0
star_5,heavy,frequent,p2_c120,42,12,12,8,4,150,462,0,40,56,22,0,1.3503131866455078,0
star_5,heavy,frequent,p2_c40_h2,202,12,12,0,12,134,414,0,24,52,18,0,1.3872032165527344,0
star_5,heavy,frequent,p2_c120_mp2,42,12,12,8,4,154,466,0,40,56,22,0,1.2835307121276855,0
star_5,heavy,frequent,p2_c120,101,12,12,8,4,150,462,0,40,56,22,0,1.390981912612915,0
star_5,heavy,frequent,p2_c120_mp3,42,12,12,8,4,158,468,0,40,56,22,0,1.2665235996246338,0
star_5,heavy,frequent,p2_c120_mp2,101,12,12,8,4,154,466,0,40,56,22,0,1.4581713676452637,0
star_5,heavy,frequent,p2_c120_mp2,202,12,12,8,4,154,466,0,40,56,22,0,1.3732705116271973,0
star_5,heavy,frequent,p2_c120_mp3,202,12,12,8,4,158,470,0,40,56,22,0,1.3125293254852295,0
star_5,heavy,frequent,p2_c120_mp3,101,12,12,8,4,158,470,0,40,56,22,0,1.3994266986846924,0
star_5,heavy,frequent,p2_c120_h2,42,12,12,8,4,150,462,0,40,56,22,0,1.3645455837249756,0
star_5,heavy,frequent,p2_c120_h2,202,12,12,8,4,150,462,0,40,56,22,0,1.3291816711425781,0
star_5,heavy,frequent,p2_etl_60,101,12,12,8,4,150,462,0,40,56,22,0,1.298302412033081,0
star_5,heavy,frequent,p2_etl_60,42,12,12,8,4,150,462,0,40,56,22,0,1.3982508182525635,0
star_5,heavy,frequent,p2_c120_h2,101,12,12,8,4,150,462,0,40,56,22,0,1.4607772827148438,0
star_5,heavy,frequent,p2_etl_1800,42,12,12,8,4,150,462,0,40,56,22,0,1.326172113418579,0
star_5,heavy,frequent,p2_etl_60,202,12,12,8,4,150,462,0,40,56,22,0,1.4436070919036865,0
star_5,heavy,frequent,p2_etl_1800,202,12,12,8,4,150,462,0,40,56,22,0,1.221381425857544,0
star_5,heavy,frequent,p2_etl_1800,101,12,12,8,4,150,462,0,40,56,22,0,1.387446641921997,0
star_5,heavy,frequent,p2_etl_86400,42,12,12,8,4,150,462,0,40,56,22,0,1.4097750186920166,0
star_5,heavy,frequent,p2_etl_86400,101,12,12,8,4,150,462,0,40,56,22,0,1.4584627151489258,0
star_5,heavy,frequent,p2_etl_86400,202,12,12,8,4,150,462,0,40,56,22,0,1.3770945072174072,0
tree_d3f2,medium,medium,p2_c40_mp2,101,4,4,0,4,403,760,172,64,252,103,0,3.9916090965270996,0
tree_d3f2,medium,medium,p2_c40_mp3,101,4,4,0,4,400,746,173,57,245,103,0,4.163311958312988,0
tree_d3f2,medium,medium,p2_c40,202,5,5,0,5,416,789,174,77,263,107,0,4.536292552947998,0
tree_d3f2,medium,medium,p2_c120_mp3,202,5,5,5,0,487,914,213,93,341,95,0,3.6303422451019287,0
tree_d3f2,medium,medium,p2_c40,101,4,4,0,4,399,755,173,64,252,103,0,4.834591865539551,0
tree_d3f2,medium,medium,baseline,42,6,6,6,0,538,1004,248,101,391,94,0,5.065850496292114,0
tree_d3f2,medium,medium,baseline,202,5,5,5,0,487,914,213,93,341,95,0,5.050072431564331,0
tree_d3f2,medium,medium,baseline,101,4,4,4,0,441,808,215,65,302,91,0,5.102320432662964,0
tree_d3f2,medium,medium,p2_c40_mp2,42,6,6,0,6,465,891,184,88,301,110,0,5.062142848968506,0
tree_d3f2,medium,medium,p2_c40,42,6,6,0,6,459,883,186,88,301,110,0,5.303220510482788,0
tree_d3f2,medium,medium,p2_c40_mp3,202,5,5,0,5,426,798,175,77,263,107,0,4.762403726577759,0
tree_d3f2,medium,medium,p2_c40_mp2,202,5,5,0,5,421,795,173,77,263,107,0,5.260896444320679,0
tree_d3f2,medium,medium,p2_c40_penalty_off,42,6,6,0,6,459,883,186,88,301,110,0,5.058647871017456,0
tree_d3f2,medium,medium,p2_c40_mp3,42,6,6,0,6,471,896,185,88,301,110,0,5.320055246353149,0
tree_d3f2,medium,medium,p2_c120,101,4,4,4,0,441,808,215,65,302,91,0,4.803433895111084,0
tree_d3f2,medium,medium,p2_c40_penalty_off,202,4,5,0,5,401,758,169,64,251,105,0,5.088872671127319,0
tree_d3f2,medium,medium,p2_c40_penalty_off,101,4,4,0,4,399,755,173,64,252,103,0,5.240766525268555,0
tree_d3f2,medium,medium,p2_c40_h2,42,4,4,0,4,416,811,159,56,242,124,6,5.1546549797058105,0
tree_d3f2,medium,medium,p2_c40_h2,101,5,5,0,5,435,836,176,80,258,125,6,5.095165729522705,0
tree_d3f2,medium,medium,p2_c120,202,5,5,5,0,487,914,213,93,341,95,0,4.9946815967559814,0
tree_d3f2,medium,medium,p2_c120_mp3,42,6,6,6,0,538,1004,248,101,391,94,0,4.828619956970215,0
tree_d3f2,medium,medium,p2_c40_h2,202,3,4,0,4,423,823,164,48,255,119,6,5.166169166564941,0
tree_d3f2,medium,medium,p2_c120,42,6,6,6,0,538,1004,248,101,391,94,0,5.162681818008423,0
tree_d3f2,medium,medium,p2_c120_mp2,42,6,6,6,0,538,1004,248,101,391,94,0,5.112364768981934,0
tree_d3f2,medium,medium,p2_c120_mp2,202,5,5,5,0,487,914,213,93,341,95,0,5.11253547668457,0
tree_d3f2,medium,medium,p2_c120_mp2,101,4,4,4,0,441,808,215,65,302,91,0,5.245578289031982,0
tree_d3f2,medium,medium,p2_c120_mp3,101,4,4,4,0,441,808,215,65,302,91,0,5.0881667137146,0
tree_d3f2,medium,medium,p2_c120_h2,42,4,4,4,0,476,902,207,72,310,112,6,5.193620920181274,0
tree_d3f2,medium,medium,p2_c120_h2,101,5,5,5,0,503,936,233,93,333,113,6,5.260139465332031,0
tree_d3f2,medium,medium,p2_c120_h2,202,4,4,4,0,490,929,213,69,327,109,6,5.083887100219727,0
tree_d3f2,medium,medium,p2_etl_1800,42,6,6,6,0,538,1004,248,101,391,94,0,4.671921253204346,0
tree_d3f2,medium,medium,p2_etl_60,42,6,6,6,0,538,1004,248,101,391,94,0,5.18647837638855,0
tree_d3f2,medium,medium,p2_etl_1800,101,4,4,4,0,441,808,215,65,302,91,0,4.866449594497681,0
tree_d3f2,medium,frequent,baseline,42,6,6,6,0,782,1416,380,101,599,94,0,4.408760070800781,0
tree_d3f2,medium,medium,p2_etl_1800,202,5,5,5,0,487,914,213,93,341,95,0,5.022175312042236,0
tree_d3f2,medium,medium,p2_etl_60,202,5,5,5,0,487,914,213,93,341,95,0,5.169786214828491,0
tree_d3f2,medium,medium,p2_etl_60,101,4,4,4,0,441,808,215,65,302,91,0,5.190320253372192,0
tree_d3f2,medium,frequent,p2_c40_penalty_off,42,6,6,0,6,703,1278,335,88,509,110,0,4.24691367149353,0
tree_d3f2,medium,frequent,p2_c40_h2,101,6,6,0,6,693,1303,291,96,467,136,6,3.875023126602173,0
tree_d3f2,medium,medium,p2_etl_86400,42,6,6,6,0,538,1004,248,101,391,94,0,5.173338174819946,0
tree_d3f2,medium,medium,p2_etl_86400,202,5,5,5,0,487,914,213,93,341,95,0,5.142790079116821,0
tree_d3f2,medium,medium,p2_etl_86400,101,4,4,4,0,441,808,215,65,302,91,0,5.253459930419922,0
tree_d3f2,medium,frequent,baseline,202,6,6,6,0,801,1452,397,114,612,99,0,5.143368721008301,0
tree_d3f2,medium,frequent,p2_c40,101,6,6,0,6,682,1248,318,96,487,111,0,5.085729122161865,0
tree_d3f2,medium,frequent,p2_c40_h2,42,6,6,0,6,684,1283,283,88,467,127,6,4.536656856536865,0
tree_d3f2,medium,frequent,p2_c40_mp3,202,6,6,0,6,725,1313,343,93,519,111,0,4.880168199539185,0
tree_d3f2,medium,frequent,baseline,101,6,6,6,0,755,1350,383,103,570,95,0,5.2741758823394775,0
tree_d3f2,medium,frequent,p2_c40_penalty_off,202,5,6,0,6,699,1276,335,80,507,109,0,4.695598840713501,0
tree_d3f2,medium,frequent,p2_c40,42,6,6,0,6,703,1278,335,88,509,110,0,5.281492471694946,0
tree_d3f2,medium,frequent,p2_c40_mp2,101,6,6,0,6,688,1252,320,96,487,111,0,5.16218638420105,0
tree_d3f2,medium,frequent,p2_c40_mp2,202,6,6,0,6,720,1312,341,93,519,111,0,5.152180433273315,0
tree_d3f2,medium,frequent,p2_c40,202,6,6,0,6,714,1306,341,93,519,111,0,5.253152132034302,0
tree_d3f2,medium,frequent,p2_c40_mp2,42,6,6,0,6,709,1289,330,88,509,110,0,5.381359577178955,0
tree_d3f2,medium,frequent,p2_c40_penalty_off,101,6,6,0,6,682,1248,318,96,487,111,0,5.150296926498413,0
tree_d3f2,medium,frequent,p2_c40_mp3,101,6,6,0,6,694,1257,321,96,487,111,0,5.316754579544067,0
tree_d3f2,medium,frequent,p2_c40_mp3,42,6,6,0,6,715,1295,330,88,509,110,0,5.378772735595703,0
tree_d3f2,medium,frequent,p2_c120,42,6,6,6,0,782,1416,380,101,599,94,0,4.6345789432525635,0
tree_d3f2,medium,frequent,p2_c120,202,6,6,6,0,801,1452,397,114,612,99,0,4.408867359161377,0
tree_d3f2,medium,frequent,p2_c40_h2,202,5,6,0,6,661,1219,301,80,441,132,5,5.119075536727905,0
tree_d3f2,medium,frequent,p2_etl_86400,42,6,6,6,0,782,1416,380,101,599,94,0,3.820178985595703,0
tree_d3f2,medium,frequent,p2_c120,101,6,6,6,0,755,1350,383,103,570,95,0,5.382370233535767,0
tree_d3f2,heavy,medium,baseline,202,8,10,9,1,591,1079,293,144,427,103,0,3.8828954696655273,0
tree_d3f2,medium,frequent,p2_c120_mp2,42,6,6,6,0,782,1416,380,101,599,94,0,5.299391031265259,0
tree_d3f2,medium,frequent,p2_c120_mp2,101,6,6,6,0,755,1350,383,103,570,95,0,5.282547235488892,0
tree_d3f2,medium,frequent,p2_c120_mp3,101,6,6,6,0,755,1350,383,103,570,95,0,5.139175891876221,0
tree_d3f2,medium,frequent,p2_etl_1800,202,6,6,6,0,801,1452,397,114,612,99,0,4.430731296539307,0
tree_d3f2,medium,frequent,p2_c120_mp3,42,6,6,6,0,782,1416,380,101,599,94,0,5.248319149017334,0
tree_d3f2,medium,frequent,p2_c120_h2,202,5,6,6,0,740,1341,362,93,531,116,5,5.000653266906738,0
tree_d3f2,medium,frequent,p2_c120_mp2,202,6,6,6,0,801,1452,397,114,612,99,0,5.3833842277526855,0
tree_d3f2,medium,frequent,p2_c120_mp3,202,6,6,6,0,801,1452,397,114,612,99,0,5.150621175765991,0
tree_d3f2,medium,frequent,p2_c120_h2,101,6,6,6,0,763,1394,360,103,547,120,6,5.167104005813599,0
tree_d3f2,medium,frequent,p2_c120_h2,42,6,6,6,0,755,1393,334,93,557,103,6,5.296975374221802,0
tree_d3f2,medium,frequent,p2_etl_60,42,6,6,6,0,782,1416,380,101,599,94,0,5.394731521606445,0
tree_d3f2,medium,frequent,p2_etl_60,101,6,6,6,0,755,1350,383,103,570,95,0,5.154845476150513,0
tree_d3f2,medium,frequent,p2_etl_1800,101,6,6,6,0,755,1350,383,103,570,95,0,5.177647113800049,0
tree_d3f2,medium,frequent,p2_etl_1800,42,6,6,6,0,782,1416,380,101,599,94,0,5.2499425411224365,0
tree_d3f2,medium,frequent,p2_etl_86400,101,6,6,6,0,755,1350,383,103,570,95,0,5.210418701171875,0
tree_d3f2,medium,frequent,p2_etl_60,202,6,6,6,0,801,1452,397,114,612,99,0,5.370403051376343,0
tree_d3f2,medium,frequent,p2_etl_86400,202,6,6,6,0,801,1452,397,114,612,99,0,5.195943593978882,0
tree_d3f2,heavy,medium,baseline,42,10,12,10,2,648,1205,311,162,464,118,0,5.2280309200286865,0
tree_d3f2,heavy,medium,baseline,101,6,7,7,0,490,888,247,78,346,91,0,5.243718862533569,0
tree_d3f2,heavy,medium,p2_c40,202,9,10,0,10,508,978,204,129,329,124,0,5.048103332519531,0
tree_d3f2,heavy,medium,p2_c40,42,11,12,0,12,552,1072,219,164,360,133,0,5.148475170135498,0
tree_d3f2,heavy,medium,p2_c40,101,5,7,0,7,425,814,175,80,267,110,0,5.143810033798218,0
tree_d3f2,heavy,medium,p2_c40_mp2,101,5,7,0,7,432,819,177,80,267,110,0,4.629518508911133,0
tree_d3f2,heavy,medium,p2_c40_penalty_off,42,11,12,0,12,552,1072,219,164,360,133,0,3.829967737197876,0
tree_d3f2,heavy,medium,p2_c40_mp2,42,12,12,0,12,563,1073,226,171,357,134,0,4.78798508644104,0
tree_d3f2,heavy,medium,p2_c40_h2,101,8,11,0,11,496,962,192,128,295,140,6,3.7700486183166504,0
tree_d3f2,heavy,medium,p2_c40_mp3,101,6,8,0,8,447,847,169,82,267,114,0,4.156729221343994,0
tree_d3f2,heavy,medium,p2_c40_mp2,202,8,9,0,9,486,918,200,118,302,122,0,5.27828311920166,0
tree_d3f2,heavy,medium,p2_c40_mp3,42,11,12,0,12,570,1091,210,157,354,133,0,5.27746844291687,0
tree_d3f2,heavy,medium,p2_c40_penalty_off,101,5,7,0,7,425,814,175,80,267,110,0,4.890189170837402,0
tree_d3f2,heavy,medium,p2_c40_mp3,202,8,10,0,10,510,961,199,125,314,122,0,5.082436561584473,0
tree_d3f2,heavy,medium,p2_c120,42,10,12,10,2,648,1205,311,162,464,118,0,4.790894508361816,0
tree_d3f2,heavy,medium,p2_c40_penalty_off,202,8,10,0,10,490,936,203,113,314,122,0,5.1394665241241455,0
tree_d3f2,heavy,medium,p2_c40_h2,42,7,9,0,9,506,991,194,105,308,140,6,5.134588241577148,0
tree_d3f2,heavy,medium,p2_c40_h2,202,7,9,0,9,490,965,180,103,291,141,6,5.15034031867981,0
tree_d3f2,heavy,medium,p2_c120,101,6,7,7,0,490,888,247,78,346,91,0,5.134703636169434,0
tree_d3f2,heavy,medium,p2_c120_mp3,202,8,10,9,1,593,1080,294,144,427,103,0,4.582162857055664,0
tree_d3f2,heavy,medium,p2_c120,202,8,10,9,1,591,1079,293,144,427,103,0,5.260205030441284,0
tree_d3f2,heavy,medium,p2_c120_mp2,42,10,12,10,2,650,1207,311,162,464,118,0,5.298050403594971,0
tree_d3f2,heavy,medium,p2_c120_h2,202,7,7,5,2,548,1046,231,124,365,122,6,4.788146018981934,0
tree_d3f2,heavy,medium,p2_c120_mp3,101,6,7,7,0,490,888,247,78,346,91,0,5.020295143127441,0
tree_d3f2,heavy,medium,p2_c120_mp2,101,6,7,7,0,490,888,247,78,346,91,0,5.2428998947143555,0
tree_d3f2,heavy,medium,p2_c120_mp3,42,10,12,10,2,652,1211,309,162,464,118,0,5.174176931381226,0
tree_d3f2,heavy,medium,p2_c120_mp2,202,8,10,9,1,592,1080,293,144,427,103,0,5.285872220993042,0
tree_d3f2,heavy,medium,p2_c120_h2,101,9,11,11,0,602,1133,263,137,416,117,6,5.101656913757324,0
tree_d3f2,heavy,medium,p2_c120_h2,42,7,10,8,2,583,1106,255,118,399,120,6,5.205643892288208,0
tree_d3f2,heavy,medium,p2_etl_60,101,6,7,7,0,490,888,247,78,346,91,0,5.074282169342041,0
tree_d3f2,heavy,medium,p2_etl_60,202,8,10,9,1,591,1079,293,144,427,103,0,5.107834339141846,0
tree_d3f2,heavy,medium,p2_etl_60,42,10,12,10,2,648,1205,311,162,464,118,0,5.25712251663208,0
tree_d3f2,heavy,medium,p2_etl_1800,42,10,12,10,2,648,1205,311,162,464,118,0,5.283774137496948,0
tree_d3f2,heavy,medium,p2_etl_1800,101,6,7,7,0,490,888,247,78,346,91,0,4.005849361419678,0
tree_d3f2,heavy,medium,p2_etl_86400,42,10,12,10,2,648,1205,311,162,464,118,0,4.581366062164307,0
tree_d3f2,heavy,medium,p2_etl_86400,101,6,7,7,0,490,888,247,78,346,91,0,4.659890651702881,0
tree_d3f2,heavy,medium,p2_etl_1800,202,8,10,9,1,591,1079,293,144,427,103,0,4.960569143295288,0
tree_d3f2,heavy,medium,p2_etl_86400,202,8,10,9,1,591,1079,293,144,427,103,0,5.060473918914795,0
tree_d3f2,heavy,frequent,p2_c40,101,9,11,0,11,734,1362,326,137,516,126,0,4.70893669128418,0
tree_d3f2,heavy,frequent,baseline,202,10,11,8,3,825,1510,390,154,602,123,0,4.865161895751953,0
tree_d3f2,heavy,frequent,baseline,42,12,12,8,4,886,1592,448,191,656,126,0,5.315701007843018,0
tree_d3f2,heavy,frequent,p2_c40,42,12,12,0,12,809,1500,364,170,579,134,0,5.104058742523193,0
tree_d3f2,heavy,frequent,baseline,101,10,11,9,2,822,1477,408,144,624,99,0,5.264416217803955,0
tree_d3f2,heavy,frequent,p2_c40_mp2,202,10,11,0,11,765,1387,360,142,534,127,0,4.898098468780518,0
tree_d3f2,heavy,frequent,p2_c40_penalty_off,42,12,12,0,12,809,1500,364,170,579,134,0,4.45458984375,0
tree_d3f2,heavy,frequent,p2_c40,202,10,11,0,11,754,1378,358,142,534,127,0,5.1835126876831055,0
tree_d3f2,heavy,frequent,p2_c40_mp3,101,10,12,0,12,778,1436,322,146,530,130,0,4.843153238296509,0
tree_d3f2,heavy,frequent,p2_c40_mp2,101,10,12,0,12,788,1449,352,148,552,130,0,5.146939516067505,0
tree_d3f2,heavy,frequent,p2_c40_mp2,42,12,12,0,12,816,1518,345,177,574,134,0,5.391379117965698,0
tree_d3f2,heavy,frequent,p2_c40_h2,42,11,12,0,12,782,1481,315,161,532,149,6,4.651543140411377,0
tree_d3f2,heavy,frequent,p2_c40_mp3,42,11,12,0,12,827,1507,368,162,576,132,0,5.112010955810547,0
tree_d3f2,heavy,frequent,p2_c40_mp3,202,10,11,0,11,766,1386,348,146,525,127,0,5.2947633266448975,0
tree_d3f2,heavy,frequent,p2_c40_penalty_off,202,9,11,0,11,736,1348,345,126,519,125,0,5.129924535751343,0
tree_d3f2,heavy,frequent,p2_c40_h2,101,10,12,0,12,765,1437,327,152,510,155,6,5.090317487716675,0
tree_d3f2,heavy,frequent,p2_c40_penalty_off,101,9,11,0,11,734,1362,326,137,516,126,0,5.27540135383606,0
tree_d3f2,heavy,frequent,p2_c120,42,12,12,8,4,886,1592,448,191,656,126,0,4.99481725692749,0
tree_d3f2,heavy,frequent,p2_c120_mp2,101,10,11,9,2,824,1481,406,144,624,99,0,4.730389356613159,0
tree_d3f2,heavy,frequent,p2_c40_h2,202,10,12,0,12,762,1429,329,148,507,156,5,5.172897577285767,0
tree_d3f2,heavy,frequent,p2_c120,202,10,11,8,3,825,1510,390,154,602,123,0,5.148367166519165,0
tree_d3f2,heavy,frequent,p2_c120,101,10,11,9,2,822,1477,408,144,624,99,0,5.2826988697052,0
tree_d3f2,heavy,frequent,p2_c120_mp2,42,12,12,8,4,883,1582,445,184,649,126,0,5.296260833740234,0
tree_d3f2,heavy,frequent,p2_c120_mp2,202,10,11,8,3,828,1513,390,154,602,123,0,4.075341463088989,0
tree_d3f2,heavy,frequent,p2_c120_mp3,101,10,11,9,2,826,1483,406,144,624,99,0,4.311585187911987,0
tree_d3f2,heavy,frequent,p2_c120_mp3,42,12,12,8,4,884,1577,445,181,649,123,0,4.531083345413208,0
tree_d3f2,heavy,frequent,p2_c120_h2,42,11,12,9,3,877,1614,402,175,640,128,6,3.9594478607177734,0
tree_d3f2,heavy,frequent,p2_c120_mp3,202,10,11,8,3,830,1515,390,154,602,123,0,4.288570880889893,0
tree_d3f2,heavy,frequent,p2_c120_h2,101,10,12,9,3,815,1514,365,145,561,148,6,3.649156332015991,0
tree_d3f2,heavy,frequent,p2_c120_h2,202,11,12,10,2,872,1573,435,158,640,124,5,3.8805654048919678,0
tree_d3f2,heavy,frequent,p2_etl_60,202,10,11,8,3,825,1510,390,154,602,123,0,3.7996866703033447,0
tree_d3f2,heavy,frequent,p2_etl_60,42,12,12,8,4,886,1592,448,191,656,126,0,3.902280569076538,0
tree_d3f2,heavy,frequent,p2_etl_1800,101,10,11,9,2,822,1477,408,144,624,99,0,3.7095727920532227,0
tree_d3f2,heavy,frequent,p2_etl_60,101,10,11,9,2,822,1477,408,144,624,99,0,3.9616143703460693,0
tree_d3f2,heavy,frequent,p2_etl_1800,42,12,12,8,4,886,1592,448,191,656,126,0,3.780794858932495,0
tree_d3f2,heavy,frequent,p2_etl_86400,101,10,11,9,2,822,1477,408,144,624,99,0,3.585557699203491,0
tree_d3f2,heavy,frequent,p2_etl_86400,42,12,12,8,4,886,1592,448,191,656,126,0,3.622483491897583,0
tree_d3f2,heavy,frequent,p2_etl_86400,202,10,11,8,3,825,1510,390,154,602,123,0,3.586441993713379,0
tree_d3f2,heavy,frequent,p2_etl_1800,202,10,11,8,3,825,1510,390,154,602,123,0,3.878906726837158,0
