topology,workload,advert,feature,seed,delivered,sent,alice_flood,alice_direct,radio_tx,radio_rx,collisions,ackpath_tx,total_flood_tx,total_direct_tx,probes_fired,wall_s,rc
chain_3,medium,medium,p2_c120,303,6,6,3,3,75,123,4,27,22,30,0,0.7015235424041748,0
chain_3,medium,medium,baseline,202,6,6,1,5,69,113,4,21,14,34,0,0.7346339225769043,0
chain_3,medium,medium,p2_c40,101,6,6,0,6,65,106,4,18,22,23,0,0.8169972896575928,0
chain_3,medium,medium,p2_c120,42,6,6,3,3,71,113,6,27,19,29,0,0.8342194557189941,0
chain_3,medium,medium,p2_c120_h2,202,6,6,3,3,82,138,2,27,25,33,1,0.879525899887085,0
chain_3,medium,medium,p2_c40_penalty_off,42,6,6,3,3,71,113,6,27,21,27,0,0.8850455284118652,0
chain_3,medium,medium,baseline,303,6,6,1,5,69,113,4,21,14,34,0,0.9184250831604004,0
chain_3,medium,medium,baseline,404,6,6,1,5,66,105,6,19,14,31,0,0.9185161590576172,0
chain_3,medium,medium,baseline,42,6,6,1,5,65,103,6,21,11,33,0,0.9195370674133301,0
chain_3,medium,medium,p2_c120_mp2,42,6,6,3,3,74,116,6,27,19,29,0,0.9249365329742432,0
chain_3,medium,medium,p2_c120_mp2,404,6,6,3,3,77,124,4,27,22,29,0,0.9269583225250244,0
chain_3,medium,medium,p2_c120,404,6,6,3,3,74,121,4,27,22,29,0,0.9304897785186768,0
chain_3,medium,medium,p2_c120_mp2,101,6,6,3,3,77,124,4,27,22,29,0,0.9322717189788818,0
chain_3,medium,medium,p2_c120_mp2,303,6,6,3,3,78,126,4,27,22,30,0,0.9334733486175537,0
chain_3,medium,medium,p2_c40_penalty_off,101,6,6,3,3,74,121,4,27,24,27,0,0.9331300258636475,0
chain_3,medium,medium,baseline,101,6,6,1,5,68,111,4,21,14,33,0,0.9400403499603271,0
chain_3,medium,medium,p2_c120,202,6,6,3,3,75,123,4,27,22,30,0,0.9421436786651611,0
chain_3,medium,medium,p2_c40,303,6,6,0,6,66,108,4,18,22,24,0,0.9408085346221924,0
chain_3,medium,medium,p2_c120,101,6,6,3,3,74,121,4,27,22,29,0,0.9451241493225098,0
chain_3,medium,medium,p2_c120_h2,42,6,6,3,3,75,120,6,27,19,32,1,0.9445610046386719,0
chain_3,medium,medium,p2_c120_mp2,202,6,6,3,3,78,126,4,27,22,30,0,0.9488439559936523,0
chain_3,medium,medium,p2_c40,42,6,6,0,6,62,98,6,18,19,23,0,0.9525318145751953,0
chain_3,medium,medium,p2_c40,404,6,6,0,6,65,106,4,18,22,23,0,0.9595727920532227,0
chain_3,medium,medium,p2_c40_penalty_off,202,6,6,3,3,75,123,4,27,24,28,0,0.9599466323852539,0
chain_3,medium,medium,p2_c40,202,6,6,0,6,66,108,4,18,22,24,0,0.9620637893676758,0
chain_3,medium,medium,p2_c120_h2,303,6,6,3,3,76,122,6,27,19,33,1,0.969219446182251,0
chain_3,medium,medium,p2_c120_h2,404,6,6,3,3,78,128,4,27,22,32,1,0.9694840908050537,0
chain_3,medium,medium,p2_c120_h2,101,6,6,3,3,81,136,2,27,25,32,1,0.9714231491088867,0
chain_3,medium,medium,p2_c40_penalty_off,303,6,6,3,3,75,123,4,27,24,28,0,0.8535749912261963,0
chain_3,medium,frequent,p2_c120_mp2,42,6,6,3,3,90,135,11,27,27,29,0,0.6449472904205322,0
chain_3,medium,frequent,p2_c120_mp2,404,6,6,4,2,92,141,10,25,34,25,0,0.6694386005401611,0
chain_3,medium,medium,p2_c40_penalty_off,404,6,6,3,3,74,121,4,27,24,27,0,0.9219012260437012,0
chain_3,medium,frequent,p2_c40,303,6,6,0,6,78,116,12,18,26,24,0,0.7001965045928955,0
chain_3,medium,frequent,baseline,42,6,6,1,5,81,122,11,21,19,33,0,0.9194271564483643,0
chain_3,medium,frequent,baseline,101,6,6,1,5,89,143,6,21,27,33,0,0.9353489875793457,0
chain_3,medium,frequent,baseline,202,6,6,1,5,84,129,10,21,21,34,0,0.9214186668395996,0
chain_3,medium,frequent,p2_c120_h2,303,6,6,3,3,88,130,14,27,23,33,1,0.8602409362792969,0
chain_3,medium,frequent,baseline,303,6,6,1,5,81,121,12,21,18,34,0,0.9246761798858643,0
chain_3,medium,frequent,baseline,404,6,6,1,5,86,135,8,21,24,33,0,0.9251658916473389,0
chain_3,medium,frequent,p2_c120,42,6,6,3,3,87,132,11,27,27,29,0,0.9301533699035645,0
chain_3,medium,frequent,p2_c120,303,6,6,3,3,87,131,12,27,26,30,0,0.9278738498687744,0
chain_3,medium,frequent,p2_c120,404,6,6,4,2,90,139,10,25,34,25,0,0.937859296798706,0
chain_3,medium,frequent,p2_c120,202,6,6,3,3,90,139,10,27,29,30,0,0.9446749687194824,0
chain_3,medium,frequent,p2_c120_mp2,303,6,6,3,3,90,134,12,27,26,30,0,0.9348928928375244,0
chain_3,medium,frequent,p2_c120_mp2,101,6,6,3,3,98,156,6,27,35,29,0,0.942739725112915,0
chain_3,medium,frequent,p2_c120_mp2,202,6,6,3,3,93,142,10,27,29,30,0,0.9467458724975586,0
chain_3,medium,frequent,p2_c120,101,6,6,3,3,95,153,6,27,35,29,0,0.9648532867431641,0
chain_3,medium,frequent,p2_c120_h2,42,6,6,3,3,91,139,11,27,27,32,1,0.9509475231170654,0
chain_3,medium,frequent,p2_c120_h2,101,6,6,3,3,96,152,8,27,32,32,1,0.9486098289489746,0
chain_3,medium,frequent,p2_c120_h2,404,6,6,3,3,93,144,10,27,29,32,1,0.9562938213348389,0
chain_3,medium,frequent,p2_c120_h2,202,6,6,3,3,94,146,10,27,29,33,1,0.9716577529907227,0
chain_3,medium,frequent,p2_c40,42,6,6,0,6,78,117,11,18,27,23,0,0.9623582363128662,0
chain_3,medium,frequent,p2_c40_penalty_off,42,6,6,3,3,87,132,11,27,29,27,0,0.9567608833312988,0
chain_3,medium,frequent,p2_c40,101,6,6,0,6,86,138,6,18,35,23,0,0.96755051612854,0
chain_3,medium,frequent,p2_c40,202,6,6,0,6,81,124,10,18,29,24,0,0.9662346839904785,0
chain_3,medium,frequent,p2_c40,404,6,6,0,6,83,130,8,18,32,23,0,0.9679725170135498,0
chain_3,medium,frequent,p2_c40_penalty_off,303,6,6,3,3,87,131,12,27,28,28,0,0.7934286594390869,0
chain_3,medium,frequent,p2_c40_penalty_off,202,6,6,3,3,90,139,10,27,31,28,0,0.9051666259765625,0
chain_3,heavy,medium,baseline,42,12,12,2,10,99,158,7,37,13,53,0,0.8410232067108154,0
chain_3,medium,frequent,p2_c40_penalty_off,101,6,6,3,3,95,153,6,27,37,27,0,0.9667294025421143,0
chain_3,heavy,medium,p2_c120,202,12,12,7,5,118,193,5,52,36,44,0,0.6744589805603027,0
chain_3,medium,frequent,p2_c40_penalty_off,404,6,6,3,3,92,145,8,27,34,27,0,0.8912742137908936,0
chain_3,heavy,medium,baseline,303,12,12,1,11,104,169,6,39,13,58,0,0.8535642623901367,0
chain_3,heavy,medium,baseline,101,11,12,2,10,100,163,5,36,15,53,0,0.9557406902313232,0
chain_3,heavy,medium,baseline,202,12,12,2,10,103,168,5,37,16,54,0,0.9304001331329346,0
chain_3,heavy,medium,p2_c40,101,11,12,0,12,97,158,5,33,32,34,0,0.7885160446166992,0
chain_3,heavy,medium,p2_c120_h2,202,12,12,7,5,122,200,5,52,36,47,1,0.8208708763122559,0
chain_3,heavy,medium,p2_c120,303,12,12,6,6,119,194,6,54,33,48,0,0.8760690689086914,0
chain_3,heavy,medium,p2_c120,101,11,12,7,5,113,183,6,49,35,41,0,0.893092155456543,0
chain_3,heavy,medium,baseline,404,12,12,2,10,99,158,7,37,13,53,0,0.9265470504760742,0
chain_3,heavy,medium,p2_c120_mp2,101,11,12,7,5,118,187,7,49,35,41,0,0.8681950569152832,0
chain_3,heavy,medium,p2_c120,42,12,12,7,5,114,183,7,52,33,43,0,0.9714827537536621,0
chain_3,heavy,medium,p2_c120_h2,42,12,12,7,5,118,190,7,52,33,46,1,0.8899154663085938,0
chain_3,heavy,medium,p2_c120_mp2,202,12,12,7,5,123,198,5,52,36,44,0,0.9191842079162598,0
chain_3,heavy,medium,p2_c120,404,12,12,7,5,114,183,7,52,33,43,0,0.9334914684295654,0
chain_3,heavy,medium,p2_c120_mp2,42,12,12,7,5,119,188,7,52,33,43,0,0.9392178058624268,0
chain_3,heavy,medium,p2_c120_mp2,303,12,12,6,6,125,200,6,54,33,48,0,0.9378983974456787,0
chain_3,heavy,medium,p2_c120_mp2,404,12,12,7,5,119,188,7,52,33,43,0,0.9534308910369873,0
chain_3,heavy,medium,p2_c120_h2,101,11,12,7,5,117,189,7,49,35,44,1,0.945145845413208,0
chain_3,heavy,medium,p2_c120_h2,303,12,12,6,6,121,197,6,54,31,51,1,0.9600908756256104,0
chain_3,heavy,medium,p2_c40,42,12,12,0,12,96,153,7,34,29,35,0,0.9584059715270996,0
chain_3,heavy,medium,p2_c40,303,12,12,0,12,102,168,4,36,34,36,0,0.9596455097198486,0
chain_3,heavy,medium,p2_c40,202,12,12,0,12,102,168,4,36,34,36,0,0.9690194129943848,0
chain_3,heavy,medium,p2_c120_h2,404,12,12,6,6,120,195,6,54,31,50,1,0.9773476123809814,0
chain_3,heavy,medium,p2_c40_penalty_off,404,12,12,6,6,114,183,7,52,31,45,0,0.739525556564331,0
chain_3,heavy,medium,p2_c40,404,12,12,0,12,96,153,7,34,29,35,0,0.8994755744934082,0
chain_3,heavy,medium,p2_c40_penalty_off,202,12,12,6,6,120,198,4,54,36,46,0,0.7969419956207275,0
chain_3,heavy,medium,p2_c40_penalty_off,42,12,12,6,6,114,183,7,52,31,45,0,0.9404542446136475,0
chain_3,heavy,medium,p2_c40_penalty_off,101,11,12,6,6,113,182,7,49,34,42,0,0.9177532196044922,0
chain_3,heavy,frequent,baseline,202,12,12,1,11,120,189,10,39,21,58,0,0.7658822536468506,0
chain_3,heavy,medium,p2_c40_penalty_off,303,12,12,6,6,120,198,4,54,36,46,0,0.9647507667541504,0
chain_3,heavy,frequent,baseline,101,12,12,1,11,122,195,8,39,24,57,0,0.8793034553527832,0
chain_3,heavy,frequent,baseline,42,12,12,1,11,114,174,13,39,16,57,0,0.9230456352233887,0
chain_3,heavy,frequent,baseline,303,12,12,1,11,120,189,10,39,21,58,0,0.904137372970581,0
chain_3,heavy,frequent,p2_c120,202,12,12,6,6,135,214,10,54,41,48,0,0.8931660652160645,0
chain_3,heavy,frequent,p2_c120,42,12,12,6,6,129,199,13,54,36,47,0,0.9141569137573242,0
chain_3,heavy,frequent,baseline,404,12,12,1,11,122,195,8,39,24,57,0,0.9151198863983154,0
chain_3,heavy,frequent,p2_c120,404,12,12,6,6,137,220,8,54,44,47,0,0.8637571334838867,0
chain_3,heavy,frequent,p2_c120,303,12,12,6,6,135,214,10,54,41,48,0,0.9252724647521973,0
chain_3,heavy,frequent,p2_c120,101,12,12,6,6,137,220,8,54,44,47,0,0.9331650733947754,0
chain_3,heavy,frequent,p2_c120_mp2,303,12,12,6,6,138,212,12,54,38,48,0,0.8861701488494873,0
chain_3,heavy,frequent,p2_c120_h2,404,12,12,6,6,141,227,8,54,44,50,1,0.8001084327697754,0
chain_3,heavy,frequent,p2_c120_mp2,42,12,12,6,6,135,205,13,54,36,47,0,0.9224276542663574,0
chain_3,heavy,frequent,p2_c120_mp2,101,12,12,6,6,143,226,8,54,44,47,0,0.9200866222381592,0
chain_3,heavy,frequent,p2_c120_mp2,202,12,12,6,6,141,220,10,54,41,48,0,0.9472649097442627,0
chain_3,heavy,frequent,p2_c120_mp2,404,12,12,6,6,146,234,6,54,47,47,0,0.9504220485687256,0
chain_3,heavy,frequent,p2_c120_h2,42,12,12,6,6,139,222,9,54,42,50,1,0.9471821784973145,0
chain_3,heavy,frequent,p2_c120_h2,101,12,12,6,6,141,227,8,54,44,50,1,0.9844250679016113,0
chain_3,heavy,frequent,p2_c40,101,12,12,0,12,119,190,8,36,44,35,0,0.9423317909240723,0
chain_3,heavy,frequent,p2_c120_h2,202,12,12,6,6,139,221,10,54,41,51,1,0.980461597442627,0
chain_3,heavy,frequent,p2_c40,42,12,12,0,12,111,169,13,36,36,35,0,0.9657948017120361,0
chain_3,heavy,frequent,p2_c120_h2,303,12,12,6,6,131,199,16,52,37,47,1,0.9779059886932373,0
chain_3,heavy,frequent,p2_c40,303,12,12,0,12,117,184,10,36,41,36,0,0.8873836994171143,0
chain_3,heavy,frequent,p2_c40,404,12,12,0,12,119,190,8,36,44,35,0,0.912125825881958,0
chain_3,heavy,frequent,p2_c40,202,12,12,0,12,117,184,10,36,41,36,0,0.9747529029846191,0
chain_3,heavy,frequent,p2_c40_penalty_off,42,12,12,6,6,132,207,11,54,41,45,0,0.9409892559051514,0
chain_3,sparse,medium,p2_c120,202,5,5,3,2,66,105,6,24,19,26,0,0.7091324329376221,0
chain_3,heavy,frequent,p2_c40_penalty_off,101,12,12,6,6,137,220,8,54,46,45,0,0.9527006149291992,0
chain_3,sparse,medium,p2_c120,42,5,5,3,2,63,100,6,19,20,23,0,0.7371499538421631,0
chain_3,heavy,frequent,p2_c40_penalty_off,202,12,12,6,6,138,222,8,54,46,46,0,0.9259843826293945,0
chain_3,heavy,frequent,p2_c40_penalty_off,303,12,12,6,6,132,206,12,54,40,46,0,0.9595458507537842,0
chain_3,sparse,medium,baseline,202,5,5,1,4,60,95,6,18,11,30,0,0.8600478172302246,0
chain_3,sparse,medium,baseline,42,5,5,1,4,62,101,4,18,14,29,0,0.9453141689300537,0
chain_3,sparse,medium,baseline,303,5,5,1,4,60,95,6,18,11,30,0,0.8850278854370117,0
chain_3,sparse,medium,baseline,101,5,5,1,4,62,101,4,18,14,29,0,0.9088759422302246,0
chain_3,heavy,frequent,p2_c40_penalty_off,404,12,12,6,6,140,228,6,54,49,45,0,0.9643664360046387,0
chain_3,sparse,medium,baseline,404,4,4,1,3,53,83,6,15,11,25,0,0.9334282875061035,0
chain_3,sparse,medium,p2_c120_mp2,101,5,5,3,2,70,113,4,24,22,25,0,0.8767240047454834,0
chain_3,sparse,medium,p2_c120,303,5,5,3,2,66,105,6,24,19,26,0,0.920680046081543,0
chain_3,sparse,medium,p2_c120,404,4,4,2,2,56,88,6,18,15,23,0,0.9262824058532715,0
chain_3,sparse,medium,p2_c120,101,5,5,3,2,68,111,4,24,22,25,0,0.9609432220458984,0
chain_3,sparse,medium,p2_c120_h2,303,5,5,3,2,70,112,6,24,19,29,1,0.778397798538208,0
chain_3,sparse,medium,p2_c120_mp2,42,5,5,3,2,62,94,8,19,17,23,0,0.9474318027496338,0
chain_3,sparse,medium,p2_c120_mp2,404,4,4,2,2,58,90,6,18,15,23,0,0.891995906829834,0
chain_3,sparse,medium,p2_c120_mp2,303,5,5,3,2,68,107,6,24,19,26,0,0.9366412162780762,0
chain_3,sparse,medium,p2_c120_mp2,202,5,5,3,2,68,107,6,24,19,26,0,0.9597504138946533,0
chain_3,sparse,medium,p2_c120_h2,42,5,5,3,2,67,107,6,19,20,26,1,0.9473876953125,0
chain_3,sparse,medium,p2_c120_h2,202,5,5,3,2,73,120,4,24,22,29,1,0.9497456550598145,0
chain_3,sparse,medium,p2_c120_h2,101,5,5,3,2,69,110,6,24,19,28,1,0.9767136573791504,0
chain_3,sparse,medium,p2_c120_h2,404,4,4,2,2,63,103,4,18,18,26,1,0.9568145275115967,0
chain_3,sparse,medium,p2_c40,101,5,5,0,5,59,96,4,15,20,21,0,0.8569343090057373,0
chain_3,sparse,medium,p2_c40,42,5,5,0,5,57,91,5,13,18,21,0,0.9346969127655029,0
chain_3,sparse,medium,p2_c40_penalty_off,303,5,5,0,5,57,90,6,15,17,22,0,0.7632091045379639,0
chain_3,sparse,medium,p2_c40,202,5,5,0,5,57,90,6,15,17,22,0,0.965979814529419,0
chain_3,sparse,frequent,baseline,101,5,5,1,4,77,116,11,18,21,29,0,0.7288107872009277,0
chain_3,sparse,medium,p2_c40,303,5,5,0,5,57,90,6,15,17,22,0,0.9077119827270508,0
chain_3,sparse,medium,p2_c40,404,4,4,0,4,53,86,4,12,18,19,0,0.9255077838897705,0
chain_3,sparse,medium,p2_c40_penalty_off,42,5,5,0,5,57,91,5,13,18,21,0,0.9414598941802979,0
chain_3,sparse,medium,p2_c40_penalty_off,101,5,5,0,5,59,96,4,15,20,21,0,0.9596681594848633,0
chain_3,sparse,medium,p2_c40_penalty_off,202,5,5,0,5,57,90,6,15,17,22,0,0.9659929275512695,0
chain_3,sparse,medium,p2_c40_penalty_off,404,4,4,0,4,53,86,4,12,18,19,0,0.9158077239990234,0
chain_3,sparse,frequent,baseline,303,5,5,1,4,78,118,11,16,23,28,0,0.8753159046173096,0
chain_3,sparse,frequent,baseline,202,5,5,4,1,69,96,15,12,24,18,0,0.9035961627960205,0
chain_3,sparse,frequent,p2_c120,42,5,5,4,1,72,104,13,12,28,17,0,0.878685474395752,0
chain_3,sparse,frequent,baseline,42,5,5,3,2,74,110,11,14,26,21,0,0.9496800899505615,0
chain_3,sparse,frequent,p2_c120,101,5,5,3,2,86,134,9,24,32,25,0,0.8753988742828369,0
chain_3,sparse,frequent,baseline,404,5,5,2,3,72,104,13,16,20,25,0,0.9246761798858643,0
chain_3,sparse,frequent,p2_c120,303,5,5,3,2,86,133,10,24,31,26,0,0.9127326011657715,0
chain_3,sparse,frequent,p2_c120,202,5,5,4,1,69,96,15,12,24,18,0,0.9310281276702881,0
chain_3,sparse,frequent,p2_c120,404,5,5,3,2,75,109,13,19,24,23,0,0.9241743087768555,0
chain_3,sparse,frequent,p2_c120_mp2,42,5,5,4,1,73,105,13,12,28,17,0,0.9433362483978271,0
chain_3,sparse,frequent,p2_c120_mp2,202,5,5,4,1,70,97,15,12,24,18,0,0.9043667316436768,0
chain_3,sparse,frequent,p2_c120_mp2,101,5,5,3,2,80,119,11,19,27,23,0,0.94710373878479,0
chain_3,sparse,frequent,p2_c120_mp2,303,5,5,3,2,82,119,14,24,25,26,0,0.928912878036499,0
chain_3,sparse,frequent,p2_c120_mp2,404,5,5,3,2,75,106,14,17,24,21,0,0.9161057472229004,0
chain_3,sparse,frequent,p2_c120_h2,42,5,5,3,2,82,123,12,19,27,26,1,0.8883166313171387,0
chain_3,sparse,frequent,p2_c120_h2,101,5,5,3,2,77,111,14,17,24,24,1,0.9223041534423828,0
chain_3,sparse,frequent,p2_c120_h2,202,5,5,3,2,86,134,9,19,30,27,1,0.9224555492401123,0
chain_3,sparse,frequent,p2_c120_h2,303,5,5,3,2,80,115,15,22,23,27,1,0.965186595916748,0
chain_3,sparse,frequent,p2_c40,42,5,5,0,5,69,100,12,9,22,21,0,0.874624490737915,0
chain_3,sparse,frequent,p2_c40,303,5,5,0,5,70,101,13,13,22,22,0,0.8160614967346191,0
chain_3,sparse,frequent,p2_c120_h2,404,5,5,3,2,80,118,13,19,25,26,1,0.9629364013671875,0
chain_3,sparse,frequent,p2_c40,101,5,5,0,5,73,110,10,11,26,21,0,0.90718674659729,0
chain_3,sparse,frequent,p2_c40,202,5,5,0,5,71,104,12,11,23,22,0,0.8977067470550537,0
chain_3,sparse,frequent,p2_c40,404,5,5,0,5,68,97,13,9,21,21,0,0.9115879535675049,0
chain_3,sparse,frequent,p2_c40_penalty_off,42,5,5,0,5,69,100,12,9,22,21,0,0.9272670745849609,0
chain_3,sparse,frequent,p2_c40_penalty_off,101,5,5,0,5,73,110,10,11,26,21,0,0.9091064929962158,0
chain_3,sparse,frequent,p2_c40_penalty_off,404,5,5,0,5,68,97,13,9,21,21,0,0.9172186851501465,0
chain_3,sparse,frequent,p2_c40_penalty_off,202,5,5,0,5,71,104,12,11,23,22,0,0.9737780094146729,0
chain_3,sparse,frequent,p2_c40_penalty_off,303,5,5,0,5,70,101,13,13,22,22,0,0.9652254581451416,0
chain_4,medium,medium,p2_c120,202,6,6,3,3,106,187,2,36,38,45,0,0.926112174987793,0
chain_4,medium,medium,p2_c120,42,6,6,3,3,109,193,2,36,42,44,0,0.9563288688659668,0
chain_4,medium,medium,baseline,404,6,6,1,5,89,149,8,28,18,50,0,1.0003454685211182,0
chain_4,medium,medium,baseline,303,6,6,1,5,97,167,6,28,26,50,0,1.0538196563720703,0
chain_4,medium,medium,baseline,42,6,6,1,5,101,179,2,28,30,50,0,1.136308193206787,0
chain_4,medium,medium,p2_c120,303,6,6,3,3,105,181,6,36,38,44,0,0.9910712242126465,0
chain_4,medium,medium,baseline,101,6,6,1,5,101,176,5,28,30,50,0,1.1370930671691895,0
chain_4,medium,medium,baseline,202,6,6,1,5,98,173,2,28,26,51,0,1.1505649089813232,0
chain_4,medium,medium,p2_c120,101,6,6,3,3,106,182,7,33,42,41,0,1.1627323627471924,0
chain_4,medium,medium,p2_c120,404,6,6,3,3,97,163,8,36,30,44,0,1.1334021091461182,0
chain_4,medium,medium,p2_c120_mp2,101,6,6,3,3,109,185,7,33,42,41,0,1.1083109378814697,0
chain_4,medium,medium,p2_c120_mp2,42,6,6,3,3,112,196,2,36,42,44,0,1.1408507823944092,0
chain_4,medium,medium,p2_c120_mp2,404,6,6,3,3,100,166,8,36,30,44,0,1.072685956954956,0
chain_4,medium,medium,p2_c120_mp2,202,6,6,3,3,109,190,2,36,38,45,0,1.1304492950439453,0
chain_4,medium,medium,p2_c120_mp2,303,6,6,3,3,108,184,6,36,38,44,0,1.1387348175048828,0
chain_4,medium,medium,p2_c120_h2,42,6,6,3,3,115,199,6,36,38,52,2,1.1527314186096191,0
chain_4,medium,medium,p2_c120_h2,202,6,6,3,3,112,195,4,36,34,53,2,1.0916907787322998,0
chain_4,medium,medium,p2_c120_h2,404,6,6,3,3,111,189,8,36,34,52,2,1.1555941104888916,0
chain_4,medium,medium,p2_c120_h2,101,6,6,3,3,112,195,4,33,38,49,2,1.212113380432129,0
chain_4,medium,medium,p2_c120_h2,303,6,6,3,3,111,191,6,36,34,52,2,1.1954538822174072,0
chain_4,medium,medium,p2_c40,42,6,6,0,6,97,172,2,24,42,35,0,1.1724402904510498,0
chain_4,medium,medium,p2_c40,101,6,6,0,6,97,169,5,24,42,35,0,1.1750214099884033,0
chain_4,medium,medium,p2_c40,202,6,6,0,6,94,166,2,24,38,36,0,1.1552693843841553,0
chain_4,medium,medium,p2_c40,303,6,6,0,6,93,160,6,24,38,35,0,1.1505074501037598,0
chain_4,medium,medium,p2_c40,404,6,6,0,6,85,142,8,24,30,35,0,1.1523783206939697,0
chain_4,medium,medium,p2_c40_penalty_off,303,6,6,3,3,105,181,6,36,41,41,0,0.9711103439331055,0
chain_4,medium,frequent,baseline,42,6,6,1,5,126,218,5,28,47,50,0,0.9638271331787109,0
chain_4,medium,medium,p2_c40_penalty_off,42,6,6,3,3,109,193,2,36,45,41,0,1.1873087882995605,0
chain_4,medium,medium,p2_c40_penalty_off,101,6,6,3,3,109,190,5,36,45,41,0,1.1917107105255127,0
chain_4,medium,medium,p2_c40_penalty_off,202,6,6,3,3,106,187,2,36,41,42,0,1.1748073101043701,0
chain_4,medium,medium,p2_c40_penalty_off,404,6,6,3,3,97,163,8,36,33,41,0,1.1514489650726318,0
chain_4,medium,frequent,baseline,101,6,6,1,5,126,215,8,28,47,50,0,1.146118402481079,0
chain_4,medium,frequent,baseline,202,6,6,1,5,126,219,4,28,46,51,0,1.1362802982330322,0
chain_4,medium,frequent,baseline,303,6,6,1,5,125,211,10,28,46,50,0,1.1349999904632568,0
chain_4,medium,frequent,p2_c120_mp2,202,6,6,3,3,137,236,4,36,58,45,0,0.8899602890014648,0
chain_4,medium,frequent,baseline,404,6,6,1,5,119,198,11,26,42,48,0,1.1361474990844727,0
chain_4,medium,frequent,p2_c120,42,6,6,3,3,134,232,5,36,59,44,0,1.1976380348205566,0
chain_4,medium,frequent,p2_c120,303,6,6,3,3,133,225,10,36,58,44,0,1.1062514781951904,0
chain_4,medium,frequent,p2_c120,101,6,6,3,3,131,221,10,33,59,41,0,1.1608712673187256,0
chain_4,medium,frequent,p2_c120,404,6,6,3,3,129,219,8,36,54,44,0,1.1363441944122314,0
chain_4,medium,frequent,p2_c120,202,6,6,3,3,134,233,4,36,58,45,0,1.1661386489868164,0
chain_4,medium,frequent,p2_c120_mp2,42,6,6,3,3,137,235,5,36,59,44,0,1.1301283836364746,0
chain_4,medium,frequent,p2_c120_mp2,101,6,6,3,3,134,224,10,33,59,41,0,1.170560598373413,0
chain_4,medium,frequent,p2_c120_mp2,303,6,6,3,3,136,228,10,36,58,44,0,1.1896188259124756,0
chain_4,medium,frequent,p2_c120_h2,303,6,6,3,3,151,261,8,36,66,52,2,0.9836165904998779,0
chain_4,medium,frequent,p2_c120_h2,42,6,6,3,3,140,240,7,36,55,52,2,1.0693459510803223,0
chain_4,medium,frequent,p2_c120_mp2,404,6,6,3,3,132,222,8,36,54,44,0,1.1893575191497803,0
chain_4,medium,frequent,p2_c40,303,6,6,0,6,121,204,10,24,58,35,0,0.9017293453216553,0
chain_4,medium,frequent,p2_c120_h2,101,6,6,3,3,137,229,12,33,55,49,2,1.1124587059020996,0
chain_4,medium,frequent,p2_c120_h2,202,6,6,3,3,144,247,8,36,58,53,2,1.1627495288848877,0
chain_4,medium,frequent,p2_c40,202,6,6,0,6,122,212,4,24,58,36,0,1.0746235847473145,0
chain_4,medium,frequent,p2_c40,42,6,6,0,6,122,211,5,24,59,35,0,1.1910145282745361,0
chain_4,medium,frequent,p2_c120_h2,404,6,6,3,3,137,228,13,36,52,52,2,1.2356266975402832,0
chain_4,medium,frequent,p2_c40,101,6,6,0,6,122,208,8,24,59,35,0,1.2007644176483154,0
chain_4,medium,frequent,p2_c40,404,6,6,0,6,117,198,8,24,54,35,0,1.1866774559020996,0
chain_4,medium,frequent,p2_c40_penalty_off,404,6,6,3,3,129,219,8,36,57,41,0,0.991065502166748,0
chain_4,medium,frequent,p2_c40_penalty_off,42,6,6,3,3,134,232,5,36,62,41,0,1.1662545204162598,0
chain_4,medium,frequent,p2_c40_penalty_off,202,6,6,3,3,134,233,4,36,61,42,0,1.1479389667510986,0
chain_4,medium,frequent,p2_c40_penalty_off,101,6,6,3,3,134,229,8,36,62,41,0,1.1770799160003662,0
chain_4,heavy,medium,baseline,202,12,12,1,11,144,251,4,52,24,87,0,0.9797873497009277,0
chain_4,heavy,medium,baseline,42,11,12,2,10,140,243,5,48,28,80,0,1.0630671977996826,0
chain_4,medium,frequent,p2_c40_penalty_off,303,6,6,3,3,133,225,10,36,61,41,0,1.195110559463501,0
chain_4,heavy,medium,baseline,101,11,12,1,11,143,247,7,48,30,81,0,1.1580300331115723,0
chain_4,heavy,medium,baseline,303,12,12,1,11,145,247,10,52,26,86,0,1.1365032196044922,0
chain_4,heavy,medium,p2_c120,42,11,12,7,5,160,278,5,68,58,65,0,1.0669162273406982,0
chain_4,heavy,medium,p2_c120,303,12,12,6,6,165,284,8,72,56,71,0,1.0089514255523682,0
chain_4,heavy,medium,baseline,404,10,12,2,10,127,213,10,44,21,75,0,1.160118579864502,0
chain_4,heavy,medium,p2_c120,404,10,12,7,5,147,248,10,64,51,60,0,1.0483267307281494,0
chain_4,heavy,medium,p2_c120,101,11,12,7,5,160,274,9,65,61,62,0,1.1939239501953125,0
chain_4,heavy,medium,p2_c120,202,12,12,6,6,164,286,4,72,54,72,0,1.191411018371582,0
chain_4,heavy,medium,p2_c120_mp2,42,11,12,7,5,165,283,5,68,58,65,0,1.157923936843872,0
chain_4,heavy,medium,p2_c120_mp2,101,11,12,7,5,168,287,7,68,61,65,0,1.1782855987548828,0
chain_4,heavy,medium,p2_c120_mp2,202,12,12,6,6,170,290,6,72,54,72,0,1.1321401596069336,0
chain_4,heavy,medium,p2_c120_mp2,303,12,12,6,6,171,290,8,72,56,71,0,1.1174323558807373,0
chain_4,heavy,medium,p2_c120_mp2,404,10,12,7,5,152,253,10,64,51,60,0,1.0790095329284668,0
chain_4,heavy,medium,p2_c120_h2,42,11,12,7,5,167,289,6,68,55,73,2,1.1050629615783691,0
chain_4,heavy,medium,p2_c120_h2,101,11,12,7,5,164,282,7,68,52,73,2,1.1194255352020264,0
chain_4,heavy,medium,p2_c120_h2,202,12,12,6,6,166,284,8,69,52,74,2,1.1123671531677246,0
chain_4,heavy,medium,p2_c120_h2,303,12,12,7,5,172,298,6,69,59,73,2,1.1354069709777832,0
chain_4,heavy,medium,p2_c40_penalty_off,42,12,12,6,6,167,292,4,72,61,68,0,1.0091869831085205,0
chain_4,heavy,medium,p2_c40,42,12,12,0,12,143,250,4,48,58,53,0,1.1962437629699707,0
chain_4,heavy,medium,p2_c120_h2,404,11,12,7,5,165,281,10,65,58,68,2,1.2034385204315186,0
chain_4,heavy,medium,p2_c40,303,12,12,0,12,141,242,8,48,56,53,0,1.0832107067108154,0
chain_4,heavy,medium,p2_c40,101,11,12,0,12,135,230,9,41,53,51,0,1.167754888534546,0
chain_4,heavy,frequent,baseline,101,11,12,1,11,168,286,10,48,47,81,0,0.9237275123596191,0
chain_4,heavy,medium,p2_c40_penalty_off,202,12,12,6,6,159,273,7,69,58,63,0,1.116791009902954,0
chain_4,heavy,medium,p2_c40,202,12,12,0,12,138,239,5,48,52,54,0,1.167146921157837,0
chain_4,heavy,medium,p2_c40,404,10,12,0,12,123,206,10,40,43,50,0,1.147792100906372,0
chain_4,heavy,medium,p2_c40_penalty_off,101,11,12,6,6,159,272,9,65,59,63,0,1.134779930114746,0
chain_4,heavy,medium,p2_c40_penalty_off,303,12,12,6,6,165,284,8,72,59,68,0,1.1626262664794922,0
chain_4,heavy,medium,p2_c40_penalty_off,404,10,12,6,6,147,248,10,64,49,62,0,1.1568222045898438,0
chain_4,heavy,frequent,baseline,42,12,12,1,11,174,302,5,52,47,86,0,1.129467248916626,0
chain_4,heavy,frequent,baseline,404,11,12,1,11,163,276,10,48,42,81,0,1.0639619827270508,0
chain_4,heavy,frequent,baseline,303,12,12,1,11,173,295,10,52,46,86,0,1.147749662399292,0
chain_4,heavy,frequent,baseline,202,12,12,1,11,174,302,5,52,46,87,0,1.1713504791259766,0
chain_4,heavy,frequent,p2_c120,101,11,12,7,5,185,313,12,65,78,62,0,1.0440070629119873,0
chain_4,heavy,frequent,p2_c120,42,12,12,6,6,194,337,5,72,77,71,0,1.1361639499664307,0
chain_4,heavy,frequent,p2_c120,202,12,12,6,6,194,337,5,72,76,72,0,1.0980803966522217,0
chain_4,heavy,frequent,p2_c120,303,12,12,6,6,193,328,12,72,76,71,0,1.1986334323883057,0
chain_4,heavy,frequent,p2_c120,404,11,12,7,5,183,311,10,68,73,65,0,1.0873584747314453,0
chain_4,heavy,frequent,p2_c120_mp2,404,11,12,7,5,188,316,10,68,73,65,0,1.0859158039093018,0
chain_4,heavy,frequent,p2_c120_mp2,101,11,12,7,5,193,326,10,68,78,65,0,1.1521296501159668,0
chain_4,heavy,frequent,p2_c120_mp2,303,12,12,6,6,199,334,12,72,76,71,0,1.1172466278076172,0
chain_4,heavy,frequent,p2_c120_mp2,42,12,12,6,6,200,343,5,72,77,71,0,1.1718900203704834,0
chain_4,heavy,frequent,p2_c120_h2,101,11,12,7,5,190,321,12,68,70,73,2,1.0203518867492676,0
chain_4,heavy,frequent,p2_c120_mp2,202,12,12,6,6,200,342,6,72,76,72,0,1.202913761138916,0
chain_4,heavy,frequent,p2_c120_h2,42,12,12,6,6,204,355,5,72,77,79,2,1.149815320968628,0
chain_4,heavy,frequent,p2_c120_h2,202,12,12,6,6,204,352,8,72,76,80,2,1.0173749923706055,0
chain_4,heavy,frequent,p2_c40,42,12,12,0,12,170,295,5,48,77,53,0,1.0614004135131836,0
chain_4,heavy,frequent,p2_c120_h2,303,12,12,6,6,211,366,8,72,84,79,2,1.1059980392456055,0
chain_4,heavy,frequent,p2_c40_penalty_off,101,11,12,6,6,188,319,12,68,80,63,0,1.0813531875610352,0
chain_4,heavy,frequent,p2_c120_h2,404,11,12,7,5,191,320,15,68,71,73,2,1.1823832988739014,0
chain_4,heavy,frequent,p2_c40_penalty_off,42,12,12,6,6,190,327,7,72,76,68,0,1.1177098751068115,0
chain_4,heavy,frequent,p2_c40,101,11,12,0,12,164,279,10,44,74,51,0,1.1989185810089111,0
chain_4,heavy,frequent,p2_c40,202,12,12,0,12,170,295,5,48,76,54,0,1.1712794303894043,0
chain_4,heavy,frequent,p2_c40,303,12,12,0,12,169,286,12,48,76,53,0,1.1757564544677734,0
chain_4,heavy,frequent,p2_c40,404,11,12,0,12,159,269,10,44,69,51,0,1.1856720447540283,0
chain_4,heavy,frequent,p2_c40_penalty_off,202,12,12,6,6,191,329,7,69,82,63,0,1.1749074459075928,0
chain_4,sparse,medium,baseline,42,5,5,1,4,93,161,6,24,30,44,0,1.0991172790527344,0
chain_4,heavy,frequent,p2_c40_penalty_off,303,12,12,6,6,189,320,12,72,75,68,0,1.1659398078918457,0
chain_4,heavy,frequent,p2_c40_penalty_off,404,11,12,6,6,179,301,12,68,71,63,0,1.1638774871826172,0
chain_4,sparse,medium,baseline,101,5,5,1,4,93,163,4,24,30,44,0,1.1371064186096191,0
chain_4,sparse,medium,baseline,404,5,5,1,4,89,153,6,24,26,44,0,1.1299691200256348,0
chain_4,sparse,medium,baseline,202,5,5,1,4,90,159,2,24,26,45,0,1.1799824237823486,0
chain_4,sparse,medium,baseline,303,5,5,1,4,85,145,6,24,22,44,0,1.1590611934661865,0
chain_4,sparse,medium,p2_c120,42,5,5,3,2,101,175,6,32,42,38,0,1.106217861175537,0
chain_4,sparse,medium,p2_c120,101,5,5,3,2,101,177,4,32,42,38,0,1.101496696472168,0
chain_4,sparse,medium,p2_c120,202,5,5,3,2,98,173,2,32,38,39,0,1.1858985424041748,0
chain_4,sparse,medium,p2_c120,404,5,5,3,2,97,167,6,32,38,38,0,1.0202586650848389,0
chain_4,sparse,medium,p2_c120_mp2,42,5,5,3,2,103,177,6,32,42,38,0,1.1322262287139893,0
chain_4,sparse,medium,p2_c120_mp2,202,5,5,3,2,100,175,2,32,38,39,0,1.087798833847046,0
chain_4,sparse,medium,p2_c120,303,5,5,3,2,93,159,6,32,34,38,0,1.1569011211395264,0
chain_4,sparse,medium,p2_c120_mp2,404,5,5,3,2,99,169,6,32,38,38,0,1.0371177196502686,0
chain_4,sparse,medium,p2_c120_mp2,101,5,5,3,2,103,179,4,32,42,38,0,1.1905908584594727,0
chain_4,sparse,medium,p2_c120_mp2,303,5,5,3,2,95,161,6,32,34,38,0,1.1577365398406982,0
chain_4,sparse,medium,p2_c120_h2,202,5,5,3,2,104,181,4,32,34,47,2,0.9974198341369629,0
chain_4,sparse,medium,p2_c120_h2,404,5,5,3,2,107,185,6,32,38,46,2,0.9512026309967041,0
chain_4,sparse,medium,p2_c120_h2,42,5,5,3,2,111,195,4,32,42,46,2,1.1861586570739746,0
chain_4,sparse,medium,p2_c120_h2,101,5,5,3,2,107,187,4,32,38,46,2,1.1762216091156006,0
chain_4,sparse,medium,p2_c120_h2,303,5,5,3,2,107,185,6,32,38,46,2,1.0981860160827637,0
chain_4,sparse,medium,p2_c40,101,5,5,0,5,89,158,2,20,39,32,0,1.0890893936157227,0
chain_4,sparse,medium,p2_c40,202,5,5,0,5,86,150,4,20,35,33,0,1.1280217170715332,0
chain_4,sparse,medium,p2_c40,42,5,5,0,5,89,156,4,20,39,32,0,1.1744074821472168,0
chain_4,sparse,medium,p2_c40,303,5,5,0,5,81,138,6,20,31,32,0,1.1283988952636719,0
chain_4,sparse,medium,p2_c40_penalty_off,202,5,5,0,5,86,150,4,20,35,33,0,0.9762535095214844,0
chain_4,sparse,medium,p2_c40,404,5,5,0,5,85,148,4,20,35,32,0,1.16593337059021,0
chain_4,sparse,medium,p2_c40_penalty_off,101,5,5,0,5,89,158,2,20,39,32,0,1.1010956764221191,0
chain_4,sparse,medium,p2_c40_penalty_off,42,5,5,0,5,89,156,4,20,39,32,0,1.158592939376831,0
chain_4,sparse,frequent,baseline,303,5,5,1,4,117,192,15,24,46,44,0,1.0224409103393555,0
chain_4,sparse,medium,p2_c40_penalty_off,303,5,5,0,5,81,138,6,20,31,32,0,1.1458406448364258,0
chain_4,sparse,medium,p2_c40_penalty_off,404,5,5,0,5,85,148,4,20,35,32,0,1.1241304874420166,0
chain_4,sparse,frequent,baseline,202,4,5,1,4,109,183,9,20,42,41,0,1.0943491458892822,0
chain_4,sparse,frequent,baseline,42,2,5,4,1,89,140,14,12,39,26,0,1.115586519241333,0
chain_4,sparse,frequent,baseline,101,3,5,3,2,107,177,12,16,50,32,0,1.1489348411560059,0
chain_4,sparse,frequent,baseline,404,3,5,2,3,91,140,15,16,32,34,0,1.1698718070983887,0
chain_4,sparse,frequent,p2_c120,42,2,5,4,1,89,140,14,12,39,26,0,1.1095705032348633,0
chain_4,sparse,frequent,p2_c120_mp2,42,2,5,4,1,90,141,14,12,39,26,0,1.0012714862823486,0
chain_4,sparse,frequent,p2_c120,101,3,5,4,1,111,184,12,20,56,29,0,1.2011067867279053,0
chain_4,sparse,frequent,p2_c120,303,5,5,3,2,127,210,15,32,60,38,0,1.1177618503570557,0
chain_4,sparse,frequent,p2_c120_mp2,202,4,5,3,2,114,189,10,21,53,32,0,1.05495285987854,0
chain_4,sparse,frequent,p2_c120,202,5,5,3,2,119,201,9,25,55,36,0,1.1869115829467773,0
chain_4,sparse,frequent,p2_c120,404,3,5,3,2,95,147,15,20,38,31,0,1.1839454174041748,0
chain_4,sparse,frequent,p2_c120_mp2,101,3,5,4,1,112,185,12,20,56,29,0,1.1624603271484375,0
chain_4,sparse,frequent,p2_c120_mp2,404,4,5,3,2,98,149,16,21,37,32,0,1.124830961227417,0
chain_4,sparse,frequent,p2_c120_mp2,303,4,5,3,2,117,192,13,24,53,35,0,1.155724048614502,0
chain_4,sparse,frequent,p2_c120_h2,42,2,5,4,1,97,153,15,10,39,32,2,1.1699869632720947,0
chain_4,sparse,frequent,p2_c120_h2,202,4,5,3,2,119,196,13,24,46,44,2,1.1196391582489014,0
chain_4,sparse,frequent,p2_c120_h2,101,2,5,4,1,98,154,16,12,38,34,2,1.1845343112945557,0
chain_4,sparse,frequent,p2_c120_h2,404,4,5,3,2,121,197,15,28,49,42,2,1.1303811073303223,0
chain_4,sparse,frequent,p2_c120_h2,303,4,5,3,2,127,216,9,24,55,43,2,1.2160465717315674,0
chain_4,sparse,frequent,p2_c40,202,4,5,0,5,103,170,11,16,46,32,0,1.146951675415039,0
chain_4,sparse,frequent,p2_c40,303,5,5,0,5,115,190,14,20,57,32,0,1.119591474533081,0
chain_4,sparse,frequent,p2_c40,42,3,5,0,5,97,156,14,10,43,30,0,1.1735889911651611,0
chain_4,sparse,frequent,p2_c40,101,3,5,0,5,103,169,13,9,49,30,0,1.193418025970459,0
chain_4,sparse,frequent,p2_c40_penalty_off,202,4,5,0,5,103,170,11,16,46,32,0,1.0294737815856934,0
chain_5,medium,medium,baseline,42,6,6,1,5,113,197,8,35,25,67,0,1.01690673828125,0
chain_4,sparse,frequent,p2_c40_penalty_off,303,5,5,0,5,115,190,14,20,57,32,0,1.067753791809082,0
chain_4,sparse,frequent,p2_c40_penalty_off,42,3,5,0,5,97,156,14,10,43,30,0,1.1521527767181396,0
chain_4,sparse,frequent,p2_c40,404,4,5,0,5,97,153,16,16,41,31,0,1.1905639171600342,0
chain_4,sparse,frequent,p2_c40_penalty_off,404,4,5,0,5,97,153,16,16,41,31,0,1.0697200298309326,0
chain_4,sparse,frequent,p2_c40_penalty_off,101,3,5,0,5,103,169,13,9,49,30,0,1.146693229675293,0
chain_5,medium,medium,baseline,101,6,6,1,5,123,220,5,35,35,67,0,1.3848483562469482,0
chain_5,medium,medium,p2_c120,42,6,6,3,3,123,215,8,45,41,59,0,1.1261606216430664,0
chain_5,medium,medium,baseline,202,6,6,1,5,118,209,6,35,30,67,0,1.3307085037231445,0
chain_5,medium,medium,baseline,303,6,6,1,5,123,218,7,35,35,67,0,1.3331139087677002,0
chain_5,medium,medium,p2_c120,101,6,6,3,3,133,238,5,45,51,59,0,1.1595609188079834,0
chain_5,medium,medium,p2_c120,202,6,6,3,3,128,225,8,45,46,59,0,1.1730015277862549,0
chain_5,medium,medium,baseline,404,6,6,1,5,123,219,6,35,35,67,0,1.340829610824585,0
chain_5,medium,medium,p2_c120,303,6,6,3,3,133,236,7,45,51,59,0,1.1958096027374268,0
chain_5,medium,medium,p2_c120,404,6,6,3,3,133,237,6,45,51,59,0,1.3110849857330322,0
chain_5,medium,medium,p2_c120_mp2,202,6,6,3,3,131,228,8,45,46,59,0,1.2237639427185059,0
chain_5,medium,medium,p2_c120_mp2,42,6,6,3,3,126,218,8,45,41,59,0,1.381145715713501,0
chain_5,medium,medium,p2_c120_mp2,303,6,6,3,3,136,239,7,45,51,59,0,1.3360834121704102,0
chain_5,medium,medium,p2_c120_mp2,404,6,6,3,3,136,238,8,45,51,59,0,1.285552740097046,0
chain_5,medium,medium,p2_c120_mp2,101,6,6,3,3,136,241,5,45,51,59,0,1.40818190574646,0
chain_5,medium,medium,p2_c120_h2,42,6,6,3,3,133,233,8,45,41,67,2,1.3539397716522217,0
chain_5,medium,medium,p2_c40,42,6,6,0,6,108,188,8,30,41,47,0,1.2783119678497314,0
chain_5,medium,medium,p2_c120_h2,101,6,6,3,3,143,255,6,45,51,67,2,1.3414082527160645,0
chain_5,medium,medium,p2_c120_h2,202,6,6,3,3,133,233,8,45,41,67,2,1.3233485221862793,0
chain_5,medium,medium,p2_c120_h2,303,6,6,3,3,133,233,8,45,41,67,2,1.3653123378753662,0
chain_5,medium,medium,p2_c40,101,6,6,0,6,118,211,5,30,51,47,0,1.3605148792266846,0
chain_5,medium,medium,p2_c120_h2,404,6,6,3,3,136,238,9,45,44,67,2,1.405102252960205,0
chain_5,medium,medium,p2_c40,202,6,6,0,6,113,200,6,30,46,47,0,1.3558871746063232,0
chain_5,medium,medium,p2_c40_penalty_off,202,6,6,3,3,128,227,6,45,50,55,0,1.2658982276916504,0
chain_5,medium,medium,p2_c40_penalty_off,42,6,6,3,3,123,215,8,45,45,55,0,1.3062841892242432,0
chain_5,medium,medium,p2_c40,404,6,6,0,6,118,208,8,30,51,47,0,1.3401741981506348,0
chain_5,medium,medium,p2_c40,303,6,6,0,6,118,209,7,30,51,47,0,1.405569076538086,0
chain_5,medium,medium,p2_c40_penalty_off,101,6,6,3,3,131,232,7,43,59,49,0,1.3633027076721191,0
chain_5,medium,medium,p2_c40_penalty_off,303,6,6,3,3,133,236,7,45,55,55,0,1.3934979438781738,0
chain_5,medium,medium,p2_c40_penalty_off,404,6,6,3,3,133,237,6,45,55,55,0,1.2932054996490479,0
chain_5,medium,frequent,baseline,303,6,6,1,5,148,255,12,35,52,67,0,1.1394155025482178,0
chain_5,medium,frequent,baseline,42,6,6,1,5,147,251,14,35,51,67,0,1.2877614498138428,0
chain_5,medium,frequent,baseline,202,6,6,1,5,146,251,12,35,50,67,0,1.3237712383270264,0
chain_5,medium,frequent,baseline,101,6,6,1,5,155,271,10,35,59,67,0,1.4393470287322998,0
chain_5,medium,frequent,baseline,404,6,6,1,5,151,262,11,35,55,67,0,1.3823671340942383,0
chain_5,medium,frequent,p2_c120,42,6,6,3,3,155,263,16,43,67,57,0,1.3942759037017822,0
chain_5,medium,frequent,p2_c120,404,6,6,3,3,161,280,11,45,71,59,0,1.1586978435516357,0
chain_5,medium,frequent,p2_c120,202,6,6,3,3,156,267,14,45,66,59,0,1.2619318962097168,0
chain_5,medium,frequent,p2_c120,101,6,6,3,3,165,289,10,45,75,59,0,1.3981726169586182,0
chain_5,medium,frequent,p2_c120,303,6,6,3,3,158,273,12,45,68,59,0,1.3019940853118896,0
chain_5,medium,frequent,p2_c120_mp2,202,6,6,3,3,159,270,14,45,66,59,0,1.1480910778045654,0
chain_5,medium,frequent,p2_c120_mp2,101,6,6,3,3,168,292,10,45,75,59,0,1.2506589889526367,0
chain_5,medium,frequent,p2_c120_mp2,404,6,6,3,3,164,281,13,45,71,59,0,1.2105133533477783,0
chain_5,medium,frequent,p2_c120_mp2,42,6,6,3,3,158,266,16,43,67,57,0,1.4117393493652344,0
chain_5,medium,frequent,p2_c120_mp2,303,6,6,3,3,161,276,12,45,68,59,0,1.3842604160308838,0
chain_5,medium,frequent,p2_c120_h2,42,6,6,3,3,152,254,17,43,54,65,2,1.382206678390503,0
chain_5,medium,frequent,p2_c120_h2,101,6,6,3,3,179,313,12,41,83,63,2,1.364497184753418,0
chain_5,medium,frequent,p2_c40,101,6,6,0,6,150,262,10,30,75,47,0,1.2903332710266113,0
chain_5,medium,frequent,p2_c120_h2,404,6,6,3,3,172,297,13,45,71,67,3,1.298621654510498,0
chain_5,medium,frequent,p2_c120_h2,202,6,6,3,3,163,276,17,45,63,67,2,1.3790459632873535,0
chain_5,medium,frequent,p2_c40,42,6,6,0,6,142,244,12,30,67,47,0,1.3401849269866943,0
chain_5,medium,frequent,p2_c40,202,6,6,0,6,141,242,12,30,66,47,0,1.3324382305145264,0
chain_5,medium,frequent,p2_c120_h2,303,6,6,3,3,158,267,16,45,58,67,2,1.3832881450653076,0
chain_5,medium,frequent,p2_c40,303,6,6,0,6,143,246,12,30,68,47,0,1.3553690910339355,0
chain_5,medium,frequent,p2_c40,404,6,6,0,6,146,253,11,30,71,47,0,1.3441221714019775,0
chain_5,medium,frequent,p2_c40_penalty_off,42,6,6,3,3,157,271,12,45,71,55,0,1.3850135803222656,0
chain_5,medium,frequent,p2_c40_penalty_off,101,6,6,3,3,165,289,10,45,79,55,0,1.3885750770568848,0
chain_5,medium,frequent,p2_c40_penalty_off,202,6,6,3,3,156,269,12,45,70,55,0,1.345595359802246,0
chain_5,medium,frequent,p2_c40_penalty_off,303,6,6,3,3,158,273,12,45,72,55,0,1.3797714710235596,0
chain_5,medium,frequent,p2_c40_penalty_off,404,6,6,3,3,161,278,11,45,75,55,0,1.325603723526001,0
chain_5,heavy,medium,baseline,42,11,11,1,10,163,287,8,60,25,107,0,1.2582712173461914,0
chain_5,heavy,medium,baseline,202,11,12,2,10,168,296,8,60,29,107,0,1.1927151679992676,0
chain_5,heavy,medium,baseline,101,11,12,1,11,175,311,7,60,35,108,0,1.3142762184143066,0
chain_5,heavy,medium,p2_c120,42,11,11,6,5,188,332,8,85,65,87,0,1.2553958892822266,0
chain_5,heavy,medium,baseline,303,11,12,2,10,166,290,10,56,31,103,0,1.27413010597229,0
chain_5,heavy,medium,p2_c120,101,11,12,7,5,200,356,7,85,76,87,0,1.2777879238128662,0
chain_5,heavy,medium,baseline,404,11,12,1,11,170,300,8,56,74,64,0,1.319678544998169,0
chain_5,heavy,medium,p2_c120,404,10,12,7,5,186,325,11,74,83,67,0,1.2118005752563477,0
chain_5,heavy,medium,p2_c120,202,11,12,7,5,193,341,8,85,69,87,0,1.3324637413024902,0
chain_5,heavy,medium,p2_c120,303,11,12,7,5,186,326,10,76,67,83,0,1.423429250717163,0
chain_5,heavy,medium,p2_c120_mp2,42,11,11,6,5,193,337,8,85,65,87,0,1.2896409034729004,0
chain_5,heavy,medium,p2_c120_mp2,101,11,12,7,5,205,361,7,85,76,87,0,1.34562087059021,0
chain_5,heavy,medium,p2_c120_mp2,202,11,12,7,5,198,344,10,85,69,87,0,1.3103654384613037,0
chain_5,heavy,medium,p2_c120_mp2,404,10,12,7,5,193,333,12,76,79,73,0,1.3631057739257812,0
chain_5,heavy,medium,p2_c120_h2,202,11,12,7,5,199,349,10,81,73,87,2,1.299562931060791,0
chain_5,heavy,medium,p2_c120_mp2,303,11,12,7,5,191,331,10,76,67,83,0,1.4008963108062744,0
chain_5,heavy,medium,p2_c120_h2,303,12,12,6,6,204,359,9,86,65,99,2,1.3139705657958984,0
chain_5,heavy,medium,p2_c120_h2,42,11,11,6,5,198,350,8,85,65,95,2,1.3812685012817383,0
chain_5,heavy,medium,p2_c120_h2,101,10,12,7,5,197,347,10,72,76,84,2,1.3891408443450928,0
chain_5,heavy,medium,p2_c120_h2,404,10,12,7,5,194,338,12,76,74,82,2,1.3525538444519043,0
chain_5,heavy,medium,p2_c40,42,11,11,0,11,158,278,8,55,61,67,0,1.3526782989501953,0
chain_5,heavy,medium,p2_c40,202,11,12,0,12,160,277,12,55,59,70,0,1.3506739139556885,0
chain_5,heavy,medium,p2_c40,101,11,12,0,12,170,302,7,55,71,68,0,1.4114294052124023,0
chain_5,heavy,medium,p2_c40,303,11,12,0,12,164,289,8,51,63,70,0,1.3683371543884277,0
chain_5,heavy,medium,p2_c40,404,9,12,0,12,153,267,10,45,59,65,0,1.3228914737701416,0
chain_5,heavy,medium,p2_c40_penalty_off,101,10,12,6,6,188,332,9,75,73,80,0,1.2241575717926025,0
chain_5,heavy,medium,p2_c40_penalty_off,42,11,11,5,6,181,317,10,78,61,85,0,1.4021799564361572,0
chain_5,heavy,medium,p2_c40_penalty_off,303,11,12,6,6,189,334,8,76,67,86,0,1.332934856414795,0
chain_5,heavy,medium,p2_c40_penalty_off,202,11,12,6,6,190,331,12,85,63,90,0,1.3587756156921387,0
chain_5,heavy,medium,p2_c40_penalty_off,404,9,12,6,6,183,321,10,75,71,77,0,1.303173542022705,0
chain_5,heavy,frequent,p2_c120,42,12,12,6,6,230,400,14,88,91,93,0,1.1192412376403809,0
chain_5,heavy,frequent,baseline,42,12,12,1,11,207,361,12,65,51,115,0,1.3137645721435547,0
chain_5,heavy,frequent,baseline,404,11,12,1,11,203,353,13,60,55,108,0,1.214383602142334,0
chain_5,heavy,frequent,baseline,202,12,12,1,11,211,371,10,65,55,115,0,1.2971773147583008,0
chain_5,heavy,frequent,baseline,101,11,12,1,11,207,362,12,60,59,108,0,1.3013763427734375,0
chain_5,heavy,frequent,baseline,303,12,12,1,11,207,360,13,61,55,111,0,1.303332805633545,0
chain_5,heavy,frequent,p2_c120,101,12,12,6,6,240,423,11,90,99,95,0,1.3412485122680664,0
chain_5,heavy,frequent,p2_c120,202,12,12,6,6,236,416,10,90,95,95,0,1.3660261631011963,0
chain_5,heavy,frequent,p2_c120,303,12,12,6,6,232,405,13,86,95,91,0,1.385829210281372,0
chain_5,heavy,frequent,p2_c120,404,10,12,7,5,221,383,15,80,96,81,0,1.3701934814453125,0
chain_5,heavy,frequent,p2_c120_h2,202,12,12,6,6,238,413,15,90,87,103,2,1.2150185108184814,0
chain_5,heavy,frequent,p2_c120_mp2,42,12,12,6,6,236,408,12,88,91,93,0,1.3960309028625488,0
chain_5,heavy,frequent,p2_c120_mp2,101,11,12,7,5,237,412,12,85,100,87,0,1.3271470069885254,0
chain_5,heavy,frequent,p2_c120_mp2,303,12,12,6,6,238,409,15,86,95,91,0,1.3523781299591064,0
chain_5,heavy,frequent,p2_c120_h2,404,10,12,7,5,227,387,20,78,93,87,3,1.2374637126922607,0
chain_5,heavy,frequent,p2_c120_mp2,202,12,12,6,6,240,413,15,90,93,95,0,1.3994133472442627,0
chain_5,heavy,frequent,p2_c120_h2,303,12,12,6,6,224,382,18,86,77,99,2,1.3254871368408203,0
chain_5,heavy,frequent,p2_c120_mp2,404,10,12,7,5,226,388,15,80,96,81,0,1.4007365703582764,0
chain_5,heavy,frequent,p2_c120_h2,101,11,12,7,5,237,414,14,77,100,91,2,1.4017269611358643,0
chain_5,heavy,frequent,p2_c120_h2,42,12,12,6,6,229,395,15,90,78,103,2,1.4250335693359375,0
chain_5,heavy,frequent,p2_c40,42,12,12,0,12,202,352,12,60,91,71,0,1.3630282878875732,0
chain_5,heavy,frequent,p2_c40,303,12,12,0,12,208,366,10,60,97,71,0,1.1299505233764648,0
chain_5,heavy,frequent,p2_c40,101,11,12,0,12,202,353,12,55,95,68,0,1.3642840385437012,0
chain_5,heavy,frequent,p2_c40,202,12,12,0,12,206,360,12,60,95,71,0,1.3667724132537842,0
chain_5,heavy,frequent,p2_c40_penalty_off,303,12,12,6,6,229,397,16,81,97,87,0,1.1697256565093994,0
chain_5,heavy,frequent,p2_c40,404,11,12,0,12,198,344,13,55,91,68,0,1.3801028728485107,0
chain_5,heavy,frequent,p2_c40_penalty_off,101,11,12,6,6,232,407,12,85,103,84,0,1.3302497863769531,0
chain_5,heavy,frequent,p2_c40_penalty_off,42,12,12,6,6,229,400,12,90,92,91,0,1.373643159866333,0
chain_5,heavy,frequent,p2_c40_penalty_off,202,12,12,6,6,227,394,14,86,98,83,0,1.3691143989562988,0
chain_5,heavy,frequent,p2_c40_penalty_off,404,10,12,6,6,222,385,15,80,100,78,0,1.3029310703277588,0
chain_5,sparse,medium,baseline,202,4,4,1,3,96,168,7,25,28,51,0,1.2935032844543457,0
chain_5,sparse,medium,baseline,42,3,3,1,2,83,141,10,20,25,43,0,1.3591690063476562,0
chain_5,sparse,medium,baseline,303,5,5,1,4,113,200,7,30,35,59,0,1.3461816310882568,0
chain_5,sparse,medium,baseline,101,5,5,1,4,110,195,6,27,35,56,0,1.3912806510925293,0
chain_5,sparse,medium,baseline,404,5,5,1,4,108,193,4,30,30,59,0,1.3441462516784668,0
chain_5,sparse,medium,p2_c120,42,3,3,2,1,88,152,8,25,33,39,0,1.3305134773254395,0
chain_5,sparse,medium,p2_c120,101,5,5,3,2,120,213,6,37,51,48,0,1.3151428699493408,0
chain_5,sparse,medium,p2_c120,202,4,4,2,2,101,177,7,30,36,47,0,1.313833236694336,0
chain_5,sparse,medium,p2_c120,303,5,5,3,2,123,218,7,40,51,51,0,1.2631335258483887,0
chain_5,sparse,medium,p2_c120_h2,42,3,3,2,1,98,168,10,25,33,47,2,1.226057767868042,0
chain_5,sparse,medium,p2_c120,404,5,5,3,2,118,211,4,40,46,51,0,1.3734800815582275,0
chain_5,sparse,medium,p2_c120_mp2,42,3,3,2,1,89,151,10,25,33,39,0,1.3638432025909424,0
chain_5,sparse,medium,p2_c120_mp2,101,5,5,3,2,122,215,6,37,51,48,0,1.3378360271453857,0
chain_5,sparse,medium,p2_c120_mp2,404,5,5,3,2,120,213,4,40,46,51,0,1.3107922077178955,0
chain_5,sparse,medium,p2_c120_h2,303,5,5,3,2,125,219,8,40,43,59,2,1.2439260482788086,0
chain_5,sparse,medium,p2_c120_mp2,202,4,4,2,2,103,179,7,30,36,47,0,1.3897161483764648,0
chain_5,sparse,medium,p2_c120_mp2,303,5,5,3,2,125,220,7,40,51,51,0,1.4006996154785156,0
chain_5,sparse,medium,p2_c120_h2,101,5,5,3,2,135,240,7,37,56,56,2,1.3488824367523193,0
chain_5,sparse,medium,p2_c120_h2,202,4,4,2,2,108,188,8,30,33,55,2,1.3557100296020508,0
chain_5,sparse,medium,p2_c120_h2,404,5,5,3,2,123,215,8,40,41,59,2,1.3364965915679932,0
chain_5,sparse,medium,p2_c40,42,3,3,0,3,78,132,10,15,29,35,0,1.3421895503997803,0
chain_5,sparse,medium,p2_c40,101,5,5,0,5,107,194,2,22,46,43,0,1.365464448928833,0
chain_5,sparse,medium,p2_c40_penalty_off,101,5,5,0,5,107,194,2,22,46,43,0,1.0663807392120361,0
chain_5,sparse,medium,p2_c40_penalty_off,202,4,4,0,4,88,152,8,20,33,39,0,1.171947956085205,0
chain_5,sparse,medium,p2_c40,202,4,4,0,4,88,152,8,20,33,39,0,1.357125997543335,0
chain_5,sparse,medium,p2_c40,404,5,5,0,5,108,194,4,25,47,43,0,1.3758962154388428,0
chain_5,sparse,medium,p2_c40,303,5,5,0,5,100,174,8,25,39,43,0,1.3992493152618408,0
chain_5,sparse,medium,p2_c40_penalty_off,42,3,3,0,3,78,132,10,15,29,35,0,1.3602285385131836,0
chain_5,sparse,medium,p2_c40_penalty_off,303,5,5,0,5,100,174,8,25,39,43,0,1.2904531955718994,0
chain_5,sparse,medium,p2_c40_penalty_off,404,5,5,0,5,108,194,4,25,47,43,0,1.3019371032714844,0
chain_5,sparse,frequent,baseline,42,3,5,3,2,114,189,14,20,46,43,0,1.3282263278961182,0
chain_5,sparse,frequent,baseline,101,3,5,1,4,123,203,18,16,61,37,0,1.3292505741119385,0
chain_5,sparse,frequent,baseline,202,2,5,5,0,107,170,20,13,56,27,0,1.3585245609283447,0
chain_5,sparse,frequent,baseline,303,2,5,4,1,107,172,18,15,48,35,0,1.3904893398284912,0
chain_5,sparse,frequent,baseline,404,5,5,1,4,126,207,18,23,60,39,0,1.337737798690796,0
chain_5,sparse,frequent,p2_c120,202,2,5,5,0,107,170,20,13,56,27,0,1.1904196739196777,0
chain_5,sparse,frequent,p2_c120,42,3,5,4,1,119,198,14,25,54,39,0,1.3312492370605469,0
chain_5,sparse,frequent,p2_c120,101,3,5,3,2,125,204,20,21,61,38,0,1.301088809967041,0
chain_5,sparse,frequent,p2_c120_mp2,303,2,5,4,1,108,173,18,15,48,35,0,1.1121938228607178,0
chain_5,sparse,frequent,p2_c120,404,4,5,3,2,125,205,18,23,59,39,0,1.327186107635498,0
chain_5,sparse,frequent,p2_c120,303,2,5,4,1,107,172,18,15,48,35,0,1.353515863418579,0
chain_5,sparse,frequent,p2_c120_mp2,42,3,5,4,1,120,197,16,25,54,39,0,1.3367547988891602,0
chain_5,sparse,frequent,p2_c120_mp2,101,4,5,3,2,135,222,19,26,67,39,0,1.3688457012176514,0
chain_5,sparse,frequent,p2_c120_mp2,202,2,5,5,0,107,170,20,13,56,27,0,1.3402416706085205,0
chain_5,sparse,frequent,p2_c120_mp2,404,4,5,3,2,141,235,17,31,69,42,0,1.3546617031097412,0
chain_5,sparse,frequent,p2_c120_h2,202,3,5,4,1,130,215,18,17,60,43,2,1.3294978141784668,0
chain_5,sparse,frequent,p2_c40,42,3,5,0,5,115,190,16,15,49,42,0,1.2053251266479492,0
chain_5,sparse,frequent,p2_c120_h2,42,2,5,4,1,124,205,17,15,55,43,2,1.4231178760528564,0
chain_5,sparse,frequent,p2_c120_h2,101,3,5,3,2,142,239,17,25,64,50,2,1.4161112308502197,0
chain_5,sparse,frequent,p2_c120_h2,303,4,5,3,2,137,230,15,26,57,51,2,1.3863439559936523,0
chain_5,sparse,frequent,p2_c120_h2,404,3,5,3,2,130,214,18,21,56,46,2,1.3912065029144287,0
chain_5,sparse,frequent,p2_c40,202,2,5,0,5,99,154,21,10,36,40,0,1.2351868152618408,0
chain_5,sparse,frequent,p2_c40,101,4,5,0,5,121,200,17,14,54,42,0,1.3870205879211426,0
chain_5,sparse,frequent,p2_c40,303,2,5,0,5,113,191,12,10,50,40,0,1.2917704582214355,0
chain_5,sparse,frequent,p2_c40_penalty_off,42,3,5,0,5,115,190,16,15,49,42,0,1.3275468349456787,0
chain_5,sparse,frequent,p2_c40_penalty_off,202,2,5,0,5,99,154,21,10,36,40,0,1.2865991592407227,0
chain_5,sparse,frequent,p2_c40_penalty_off,101,4,5,0,5,121,200,17,14,54,42,0,1.345543622970581,0
chain_5,sparse,frequent,p2_c40,404,3,5,0,5,112,183,17,15,47,41,0,1.3953495025634766,0
chain_5,sparse,frequent,p2_c40_penalty_off,404,3,5,0,5,112,183,17,15,47,41,0,1.2649786472320557,0
chain_5,sparse,frequent,p2_c40_penalty_off,303,2,5,0,5,113,191,12,10,50,40,0,1.3206796646118164,0
chain_6,medium,medium,baseline,42,6,6,1,5,94,180,32,28,40,33,0,1.391758918762207,0
chain_6,medium,medium,baseline,202,6,6,1,5,101,217,17,22,35,45,0,1.2707817554473877,0
chain_6,medium,medium,baseline,404,6,6,1,5,95,203,15,22,29,45,0,1.2403907775878906,0
chain_6,medium,medium,baseline,101,6,6,1,5,100,218,13,22,34,45,0,1.3562169075012207,0
chain_6,medium,medium,baseline,303,6,6,2,4,92,184,28,20,30,41,0,1.3255491256713867,0
chain_6,medium,medium,p2_c120,101,6,6,4,2,110,224,27,28,50,37,0,1.309842586517334,0
chain_6,medium,medium,p2_c120,42,6,6,4,2,94,176,33,23,41,31,0,1.388237714767456,0
chain_6,medium,medium,p2_c120,202,6,6,4,2,113,232,24,28,55,35,0,1.3367886543273926,0
chain_6,medium,medium,p2_c120_mp2,202,6,6,4,2,114,229,27,27,54,35,0,1.2141759395599365,0
chain_6,medium,medium,p2_c120,303,6,6,4,2,102,196,36,27,44,35,0,1.3443071842193604,0
chain_6,medium,medium,p2_c120,404,6,6,4,2,105,211,25,28,47,35,0,1.3400020599365234,0
chain_6,medium,medium,p2_c120_mp2,101,6,6,4,2,113,231,24,29,51,37,0,1.279508352279663,0
chain_6,medium,medium,p2_c120_mp2,42,6,6,3,3,101,189,36,30,38,37,0,1.3821628093719482,0
chain_6,medium,medium,p2_c120_h2,42,6,6,4,2,105,209,30,23,44,38,1,1.2568690776824951,0
chain_6,medium,medium,p2_c120_mp2,303,6,6,4,2,108,216,28,30,46,37,0,1.3250072002410889,0
chain_6,medium,medium,p2_c120_h2,101,6,6,4,2,114,229,29,28,51,38,2,1.361229658126831,0
chain_6,medium,medium,p2_c120_mp2,404,6,6,4,2,107,209,31,28,45,37,0,1.3868494033813477,0
chain_6,medium,medium,p2_c120_h2,202,6,6,4,2,102,195,35,22,45,34,1,1.3625802993774414,0
chain_6,medium,medium,p2_c40,202,6,6,0,6,105,221,20,28,50,35,0,1.10581636428833,0
chain_6,medium,medium,p2_c120_h2,303,6,6,4,2,105,196,43,29,45,36,1,1.3891856670379639,0
chain_6,medium,medium,p2_c120_h2,404,6,6,4,2,107,210,32,30,41,41,2,1.3778975009918213,0
chain_6,medium,medium,p2_c40,42,6,6,0,6,91,178,29,26,36,35,0,1.331958532333374,0
chain_6,medium,medium,p2_c40,303,6,6,0,6,92,180,31,22,37,35,0,1.265303611755371,0
chain_6,medium,medium,p2_c40_penalty_off,42,6,6,3,3,99,190,36,31,37,39,0,1.2744507789611816,0
chain_6,medium,medium,p2_c40,101,6,6,0,6,104,219,17,28,49,35,0,1.4060497283935547,0
chain_6,medium,medium,p2_c40,404,6,6,0,6,99,206,19,28,44,35,0,1.3692810535430908,0
chain_6,medium,medium,p2_c40_penalty_off,101,6,6,3,3,112,233,22,32,52,37,0,1.3605625629425049,0
chain_6,medium,medium,p2_c40_penalty_off,202,6,6,3,3,111,221,35,31,49,39,0,1.3320496082305908,0
chain_6,medium,frequent,baseline,42,6,6,1,5,111,211,39,22,37,45,0,1.2633001804351807,0
chain_6,medium,medium,p2_c40_penalty_off,303,6,6,3,3,102,200,32,27,42,37,0,1.3709938526153564,0
chain_6,medium,medium,p2_c40_penalty_off,404,6,6,3,3,102,207,24,27,43,37,0,1.3478617668151855,0
chain_6,medium,frequent,baseline,101,6,6,1,5,134,270,37,22,60,45,0,1.3274612426757812,0
chain_6,medium,frequent,baseline,202,6,6,1,5,123,238,40,22,49,45,0,1.3163251876831055,0
chain_6,medium,frequent,baseline,404,6,6,1,5,124,251,30,22,50,45,0,1.2829580307006836,0
chain_6,medium,frequent,baseline,303,6,6,2,4,124,239,42,20,54,41,0,1.3252663612365723,0
chain_6,medium,frequent,p2_c120,101,6,6,4,2,146,286,45,29,78,37,0,1.1819381713867188,0
chain_6,medium,frequent,p2_c120,404,6,6,4,2,136,266,39,29,68,37,0,1.305931568145752,0
chain_6,medium,frequent,p2_c120,42,6,6,3,3,122,226,48,31,50,41,0,1.368577480316162,0
chain_6,medium,frequent,p2_c120,202,6,6,4,2,133,244,54,28,65,37,0,1.3590784072875977,0
chain_6,medium,frequent,p2_c120,303,6,6,4,2,130,245,47,22,65,35,0,1.3632822036743164,0
chain_6,medium,frequent,p2_c120_h2,42,6,6,3,3,138,267,46,32,62,44,1,1.1914007663726807,0
chain_6,medium,frequent,p2_c120_mp2,42,6,6,3,3,125,229,48,31,50,41,0,1.399491786956787,0
chain_6,medium,frequent,p2_c120_mp2,202,6,6,4,2,136,253,47,28,68,35,0,1.3460257053375244,0
chain_6,medium,frequent,p2_c120_mp2,101,6,6,4,2,148,288,45,29,78,37,0,1.4231626987457275,0
chain_6,medium,frequent,p2_c120_h2,101,6,6,4,2,136,264,43,23,67,38,1,1.2654447555541992,0
chain_6,medium,frequent,p2_c120_mp2,404,6,6,4,2,131,252,36,21,66,33,0,1.3994462490081787,0
chain_6,medium,frequent,p2_c120_mp2,303,6,6,4,2,132,247,47,22,65,35,0,1.4133470058441162,0
chain_6,medium,frequent,p2_c120_h2,202,6,6,3,3,131,244,52,29,57,42,1,1.4004793167114258,0
chain_6,medium,frequent,p2_c40,303,6,6,0,6,125,238,44,23,62,35,0,1.1536705493927002,0
chain_6,medium,frequent,p2_c120_h2,404,6,6,4,2,134,265,34,23,65,38,1,1.3011481761932373,0
chain_6,medium,frequent,p2_c40,404,6,6,0,6,128,255,33,28,65,35,0,1.1769027709960938,0
chain_6,medium,frequent,p2_c120_h2,303,6,6,5,1,128,235,51,20,63,34,1,1.4356789588928223,0
chain_6,medium,frequent,p2_c40,202,6,6,0,6,125,234,47,26,62,35,0,1.3038160800933838,0
chain_6,medium,frequent,p2_c40,101,6,6,0,6,138,274,40,27,75,35,0,1.3454420566558838,0
chain_6,medium,frequent,p2_c40,42,6,6,0,6,113,205,48,25,50,35,0,1.405989646911621,0
chain_6,medium,frequent,p2_c40_penalty_off,42,6,6,3,3,117,211,50,25,50,37,0,1.361340045928955,0
chain_6,medium,frequent,p2_c40_penalty_off,202,6,6,3,3,125,229,49,20,63,33,0,1.2492988109588623,0
chain_6,heavy,medium,baseline,42,12,12,4,8,141,277,37,47,69,39,0,1.1643753051757812,0
chain_6,heavy,medium,baseline,101,11,12,2,10,132,281,23,36,38,62,0,1.1919023990631104,0
chain_6,medium,frequent,p2_c40_penalty_off,101,6,6,3,3,141,275,45,26,74,37,0,1.3872675895690918,0
chain_6,medium,frequent,p2_c40_penalty_off,303,6,6,4,2,123,228,45,14,63,31,0,1.3705809116363525,0
chain_6,medium,frequent,p2_c40_penalty_off,404,6,6,3,3,133,266,32,27,66,37,0,1.38919997215271,0
chain_6,heavy,medium,baseline,202,12,12,1,11,144,282,46,53,66,45,0,1.3807761669158936,0
chain_6,heavy,medium,baseline,303,12,12,1,11,132,285,22,40,30,69,0,1.4067800045013428,0
chain_6,heavy,medium,baseline,404,11,12,1,11,127,271,21,37,29,66,0,1.3346498012542725,0
chain_6,heavy,medium,p2_c120,101,11,12,8,4,149,293,40,41,72,42,0,1.310978651046753,0
chain_6,heavy,medium,p2_c120,404,11,12,8,4,147,282,48,49,64,47,0,1.2368175983428955,0
chain_6,heavy,medium,p2_c120,202,12,12,7,5,153,296,50,52,67,49,0,1.3589773178100586,0
chain_6,heavy,medium,p2_c120_mp2,101,11,12,8,4,156,302,42,46,74,42,0,1.21254301071167,0
chain_6,heavy,medium,p2_c120,42,12,12,8,4,144,269,50,44,67,41,0,1.405015468597412,0
chain_6,heavy,medium,p2_c120_mp2,42,12,12,8,4,155,295,47,52,69,45,0,1.3060545921325684,0
chain_6,heavy,medium,p2_c120,303,12,12,8,4,152,296,47,50,68,47,0,1.4209890365600586,0
chain_6,heavy,medium,p2_c120_mp2,404,11,12,8,4,152,290,46,49,65,47,0,1.3211140632629395,0
chain_6,heavy,medium,p2_c120_mp2,303,12,12,8,4,156,294,55,50,66,49,0,1.3662900924682617,0
chain_6,heavy,medium,p2_c120_mp2,202,12,12,8,4,148,269,56,42,67,41,0,1.3887226581573486,0
chain_6,heavy,medium,p2_c40,202,12,12,0,12,148,302,37,54,69,47,0,1.1899850368499756,0
chain_6,heavy,medium,p2_c120_h2,202,12,12,7,5,156,310,44,51,64,54,1,1.33504056930542,0
chain_6,heavy,medium,p2_c120_h2,42,12,12,8,4,154,293,54,49,66,50,1,1.3910419940948486,0
chain_6,heavy,medium,p2_c120_h2,303,12,12,8,4,148,283,48,50,62,48,1,1.3024137020111084,0
chain_6,heavy,medium,p2_c120_h2,101,10,12,7,5,155,307,44,49,67,51,2,1.3955893516540527,0
chain_6,heavy,medium,p2_c120_h2,404,11,12,7,5,151,296,44,54,60,53,2,1.4091637134552002,0
chain_6,heavy,medium,p2_c40,101,10,12,0,12,139,288,29,45,64,45,0,1.3782017230987549,0
chain_6,heavy,medium,p2_c40,42,12,12,0,12,140,284,35,54,61,47,0,1.4215457439422607,0
chain_6,heavy,medium,p2_c40,303,12,12,0,12,142,283,42,53,63,47,0,1.33260178565979,0
chain_6,heavy,medium,p2_c40,404,11,12,0,12,139,285,30,51,62,46,0,1.3191583156585693,0
chain_6,heavy,medium,p2_c40_penalty_off,202,12,12,6,6,160,319,45,58,72,51,0,1.2193748950958252,0
chain_6,heavy,medium,p2_c40_penalty_off,42,12,12,6,6,149,291,47,56,59,53,0,1.3499984741210938,0
chain_6,heavy,medium,p2_c40_penalty_off,101,10,12,7,5,151,300,42,48,69,47,0,1.2869586944580078,0
chain_6,heavy,medium,p2_c40_penalty_off,404,11,12,7,5,148,285,49,51,64,48,0,1.1779451370239258,0
chain_6,heavy,medium,p2_c40_penalty_off,303,12,12,6,6,154,297,54,59,63,53,0,1.35198974609375,0
chain_6,heavy,frequent,baseline,101,11,12,1,11,164,337,39,37,58,66,0,1.1797857284545898,0
chain_6,heavy,frequent,baseline,42,12,12,1,11,149,298,40,40,39,69,0,1.2446026802062988,0
chain_6,heavy,frequent,baseline,202,12,12,1,11,159,321,42,40,49,69,0,1.3172619342803955,0
chain_6,heavy,frequent,baseline,303,12,12,1,11,179,335,70,53,93,45,0,1.3369784355163574,0
chain_6,heavy,frequent,p2_c120,101,11,12,7,5,190,369,62,57,92,53,0,1.3111329078674316,0
chain_6,heavy,frequent,p2_c120,202,12,12,6,6,185,356,60,60,84,55,0,1.3344371318817139,0
chain_6,heavy,frequent,baseline,404,11,12,1,11,159,328,35,37,53,66,0,1.3569414615631104,0
chain_6,heavy,frequent,p2_c120,42,12,12,7,5,176,331,62,59,77,53,0,1.3775253295898438,0
chain_6,heavy,frequent,p2_c120,303,12,12,8,4,185,341,72,48,97,43,0,1.3857595920562744,0
chain_6,heavy,frequent,p2_c120,404,11,12,7,5,187,367,57,58,87,55,0,1.3247287273406982,0
chain_6,heavy,frequent,p2_c120_mp2,101,11,12,7,5,188,358,60,50,88,51,0,1.3239121437072754,0
chain_6,heavy,frequent,p2_c120_mp2,42,12,12,7,5,181,334,66,59,75,55,0,1.3608551025390625,0
chain_6,heavy,frequent,p2_c120_mp2,202,12,12,7,5,186,345,64,53,85,51,0,1.3406338691711426,0
chain_6,heavy,frequent,p2_c120_h2,42,12,12,7,5,180,339,66,51,80,54,1,1.3278052806854248,0
chain_6,heavy,frequent,p2_c120_mp2,404,11,12,7,5,183,353,53,52,81,53,0,1.384005069732666,0
chain_6,heavy,frequent,p2_c120_mp2,303,12,12,8,4,190,351,68,49,98,43,0,1.3997373580932617,0
chain_6,heavy,frequent,p2_c120_h2,101,11,12,8,4,181,334,73,48,88,48,1,1.392059087753296,0
chain_6,heavy,frequent,p2_c120_h2,202,12,12,7,5,176,324,73,52,74,56,1,1.4225215911865234,0
chain_6,heavy,frequent,p2_c120_h2,303,12,12,7,5,181,338,67,54,87,48,1,1.387340784072876,0
chain_6,heavy,frequent,p2_c40,42,12,12,0,12,160,303,56,53,73,47,0,1.344578742980957,0
chain_6,heavy,frequent,p2_c120_h2,404,11,12,7,5,192,380,53,60,92,54,1,1.3766136169433594,0
chain_6,heavy,frequent,p2_c40,101,11,12,0,12,173,334,59,48,88,46,0,1.3253250122070312,0
chain_6,heavy,frequent,p2_c40,202,12,12,0,12,173,329,62,53,86,47,0,1.3123652935028076,0
chain_6,heavy,frequent,p2_c40,404,11,12,0,12,168,327,53,47,83,46,0,1.2882843017578125,0
chain_6,heavy,frequent,p2_c40_penalty_off,303,12,12,7,5,178,336,62,47,87,47,0,1.1643140316009521,0
chain_6,heavy,frequent,p2_c40_penalty_off,101,11,12,8,4,174,315,71,37,97,35,0,1.3280763626098633,0
chain_6,heavy,frequent,p2_c40,303,12,12,0,12,178,342,62,53,91,47,0,1.395491361618042,0
chain_6,heavy,frequent,p2_c40_penalty_off,42,12,12,7,5,165,306,57,47,76,45,0,1.371802568435669,0
chain_6,heavy,frequent,p2_c40_penalty_off,404,11,12,7,5,171,318,62,44,84,44,0,1.2374141216278076,0
chain_6,heavy,frequent,p2_c40_penalty_off,202,12,12,7,5,177,336,59,48,84,49,0,1.4072339534759521,0
chain_6,sparse,medium,baseline,202,5,5,1,4,89,183,23,19,29,41,0,1.1587278842926025,0
chain_6,sparse,medium,baseline,42,5,5,1,4,86,177,21,19,26,41,0,1.3690614700317383,0
chain_6,sparse,medium,baseline,404,5,5,1,4,93,198,16,20,33,41,0,1.2880127429962158,0
chain_6,sparse,medium,baseline,101,5,5,1,4,93,196,19,19,33,41,0,1.3842353820800781,0
chain_6,sparse,medium,p2_c120,42,5,5,3,2,98,196,28,29,40,37,0,1.3043975830078125,0
chain_6,sparse,medium,baseline,303,5,5,1,4,90,174,31,23,40,31,0,1.391336441040039,0
chain_6,sparse,medium,p2_c120_mp2,42,5,5,3,2,95,183,31,28,35,37,0,1.1792588233947754,0
chain_6,sparse,medium,p2_c120,202,5,5,3,2,100,200,28,27,44,35,0,1.3247160911560059,0
chain_6,sparse,medium,p2_c120,101,5,5,3,2,107,226,19,29,49,37,0,1.367544412612915,0
chain_6,sparse,medium,p2_c120,404,5,5,3,2,98,199,24,22,43,35,0,1.3152272701263428,0
chain_6,sparse,medium,p2_c120,303,5,5,3,2,92,178,30,21,41,31,0,1.3419713973999023,0
chain_6,sparse,medium,p2_c120_mp2,202,5,5,3,2,102,202,28,27,44,35,0,1.3144152164459229,0
chain_6,sparse,medium,p2_c120_mp2,101,5,5,3,2,108,223,22,28,48,37,0,1.3734042644500732,0
chain_6,sparse,medium,p2_c120_mp2,303,5,5,3,2,101,196,32,28,45,33,0,1.363152027130127,0
chain_6,sparse,medium,p2_c120_h2,202,5,5,3,2,100,204,25,23,41,38,1,1.2365045547485352,0
chain_6,sparse,medium,p2_c120_h2,42,5,5,3,2,91,178,29,21,32,38,1,1.2909348011016846,0
chain_6,sparse,medium,p2_c120_mp2,404,5,5,3,2,107,216,26,28,47,37,0,1.3503024578094482,0
chain_6,sparse,medium,p2_c120_h2,404,5,5,3,2,100,190,37,27,35,41,3,1.3292601108551025,0
chain_6,sparse,medium,p2_c120_h2,303,5,5,3,2,97,193,30,27,35,40,1,1.3899457454681396,0
chain_6,sparse,medium,p2_c120_h2,101,5,5,3,2,106,209,35,27,43,40,2,1.4236176013946533,0
chain_6,sparse,medium,p2_c40,202,5,5,0,5,89,177,26,23,38,33,0,1.254593849182129,0
chain_6,sparse,medium,p2_c40,101,5,5,0,5,100,208,22,23,49,33,0,1.3162102699279785,0
chain_6,sparse,medium,p2_c40,42,5,5,0,5,90,183,22,24,39,33,0,1.3694782257080078,0
chain_6,sparse,medium,p2_c40_penalty_off,42,5,5,0,5,90,183,22,24,39,33,0,1.2977676391601562,0
chain_6,sparse,medium,p2_c40,404,5,5,0,5,94,200,14,25,43,33,0,1.3736538887023926,0
chain_6,sparse,medium,p2_c40,303,5,5,0,5,95,198,21,23,44,33,0,1.4152381420135498,0
chain_6,sparse,medium,p2_c40_penalty_off,101,5,5,0,5,100,208,22,23,49,33,0,1.4214274883270264,0
chain_6,sparse,medium,p2_c40_penalty_off,202,5,5,0,5,89,177,26,23,38,33,0,1.2929518222808838,0
chain_6,sparse,frequent,baseline,101,5,5,5,0,118,212,46,11,68,23,0,1.2195320129394531,0
chain_6,sparse,medium,p2_c40_penalty_off,303,5,5,0,5,95,198,21,23,44,33,0,1.4101648330688477,0
chain_6,sparse,frequent,baseline,42,5,5,3,2,103,172,54,16,49,27,0,1.2698500156402588,0
chain_6,sparse,frequent,baseline,303,5,5,1,4,124,230,50,22,65,32,0,1.188997745513916,0
chain_6,sparse,frequent,baseline,202,5,5,1,4,118,219,43,22,60,31,0,1.253816843032837,0
chain_6,sparse,medium,p2_c40_penalty_off,404,5,5,0,5,94,200,14,25,43,33,0,1.3623270988464355,0
chain_6,sparse,frequent,p2_c120,42,5,5,4,1,107,177,58,19,52,27,0,1.2752468585968018,0
chain_6,sparse,frequent,baseline,404,5,5,2,3,120,219,49,21,64,29,0,1.3170888423919678,0
chain_6,sparse,frequent,p2_c120,202,5,5,3,2,121,219,50,25,59,33,0,1.2904634475708008,0
chain_6,sparse,frequent,p2_c120,101,5,5,5,0,118,212,46,11,68,23,0,1.389024257659912,0
chain_6,sparse,frequent,p2_c120,303,5,5,3,2,129,238,51,26,70,30,0,1.4064488410949707,0
chain_6,sparse,frequent,p2_c120_mp2,404,5,5,3,2,124,224,51,20,63,31,0,1.2202794551849365,0
chain_6,sparse,frequent,p2_c120,404,5,5,3,2,123,226,49,23,64,31,0,1.3010377883911133,0
chain_6,sparse,frequent,p2_c120_mp2,303,5,5,3,2,125,228,51,28,60,34,0,1.2652053833007812,0
chain_6,sparse,frequent,p2_c120_mp2,202,5,5,3,2,122,216,52,24,58,33,0,1.2688393592834473,0
chain_6,sparse,frequent,p2_c120_mp2,101,5,5,5,0,118,212,46,11,68,23,0,1.3873827457427979,0
chain_6,sparse,frequent,p2_c120_mp2,42,5,5,4,1,109,183,55,20,53,27,0,1.4062912464141846,0
chain_6,sparse,frequent,p2_c120_h2,101,5,5,3,2,132,254,45,21,66,37,1,1.2966535091400146,0
chain_6,sparse,frequent,p2_c120_h2,42,5,5,4,1,113,198,51,16,57,28,1,1.3267405033111572,0
chain_6,sparse,frequent,p2_c120_h2,202,5,5,4,1,119,208,56,18,60,30,1,1.2906219959259033,0
chain_6,sparse,frequent,p2_c120_h2,404,5,5,4,1,116,210,47,14,56,32,1,1.3449392318725586,0
chain_6,sparse,frequent,p2_c120_h2,303,5,5,3,2,121,216,56,24,54,37,1,1.397301435470581,0
chain_6,sparse,frequent,p2_c40,303,5,5,0,5,122,235,41,22,63,33,0,1.263244390487671,0
chain_6,sparse,frequent,p2_c40,42,5,5,0,5,114,217,39,20,55,33,0,1.410093069076538,0
chain_6,sparse,frequent,p2_c40_penalty_off,42,5,5,0,5,114,217,39,20,55,33,0,1.2248859405517578,0
chain_6,sparse,frequent,p2_c40,101,5,5,0,5,118,222,44,20,59,33,0,1.3994755744934082,0
chain_6,sparse,frequent,p2_c40,202,5,5,0,5,111,201,48,20,52,33,0,1.3720335960388184,0
chain_6,sparse,frequent,p2_c40,404,5,5,0,5,106,191,46,18,47,33,0,1.3800995349884033,0
chain_6,sparse,frequent,p2_c40_penalty_off,202,5,5,0,5,111,201,48,20,52,33,0,1.286684513092041,0
chain_6,sparse,frequent,p2_c40_penalty_off,303,5,5,0,5,122,235,41,22,63,33,0,1.2739763259887695,0
chain_6,sparse,frequent,p2_c40_penalty_off,404,5,5,0,5,106,191,46,18,47,33,0,1.3165535926818848,0
chain_6,sparse,frequent,p2_c40_penalty_off,101,5,5,0,5,118,222,44,20,59,33,0,1.4151346683502197,0
chain_7,medium,medium,baseline,202,6,6,1,5,148,269,6,42,44,83,0,1.3647480010986328,0
chain_7,medium,medium,baseline,42,6,6,1,5,143,258,7,42,38,84,0,1.5345227718353271,0
chain_7,medium,medium,baseline,101,6,6,1,5,149,269,8,42,44,84,0,1.5651049613952637,0
chain_7,medium,medium,baseline,303,6,6,1,5,144,258,9,37,44,79,0,1.5610074996948242,0
chain_7,medium,medium,p2_c120,101,6,6,4,2,158,284,9,51,71,64,0,1.3731937408447266,0
chain_7,medium,medium,baseline,404,6,6,1,5,142,255,8,42,38,83,0,1.5935215950012207,0
chain_7,medium,medium,p2_c120,42,6,6,3,3,155,280,7,54,58,74,0,1.5996325016021729,0
chain_7,medium,medium,p2_c120_mp2,42,6,6,3,3,158,283,7,54,58,74,0,1.4010448455810547,0
chain_7,medium,medium,p2_c120_mp2,101,6,6,4,2,160,285,10,51,71,64,0,1.336545467376709,0
chain_7,medium,medium,p2_c120,202,6,6,4,2,155,279,8,49,69,63,0,1.5625925064086914,0
chain_7,medium,medium,p2_c120,303,6,6,3,3,161,292,7,54,64,74,0,1.5999653339385986,0
chain_7,medium,medium,p2_c120,404,6,6,3,3,154,279,6,54,58,73,0,1.5698904991149902,0
chain_7,medium,medium,p2_c120_mp2,202,6,6,4,2,157,281,8,49,69,63,0,1.6048738956451416,0
chain_7,medium,medium,p2_c120_mp2,303,6,6,3,3,164,293,9,54,64,74,0,1.5654230117797852,0
chain_7,medium,medium,p2_c120_mp2,404,6,6,3,3,157,282,6,54,58,73,0,1.5742037296295166,0
chain_7,medium,medium,p2_c40,42,6,6,0,6,137,247,7,36,58,59,0,1.2876927852630615,0
chain_7,medium,medium,p2_c120_h2,404,6,6,3,3,164,293,10,54,58,81,2,1.3420116901397705,0
chain_7,medium,medium,p2_c120_h2,42,6,6,3,3,171,310,7,54,64,82,2,1.6324591636657715,0
chain_7,medium,medium,p2_c120_h2,202,6,6,3,3,162,289,10,52,63,74,2,1.5296838283538818,0
chain_7,medium,medium,p2_c120_h2,303,6,6,3,3,165,297,8,54,58,82,2,1.515838861465454,0
chain_7,medium,medium,p2_c120_h2,101,6,6,4,2,162,289,10,51,65,72,2,1.6380374431610107,0
chain_7,medium,medium,p2_c40,101,6,6,0,6,143,258,8,36,64,59,0,1.558915376663208,0
chain_7,medium,medium,p2_c40,202,6,6,0,6,142,258,6,36,64,58,0,1.5505757331848145,0
chain_7,medium,medium,p2_c40,303,6,6,0,6,138,247,9,31,59,59,0,1.5801610946655273,0
chain_7,medium,medium,p2_c40_penalty_off,42,6,6,3,3,155,280,7,54,63,69,0,1.5505480766296387,0
chain_7,medium,medium,p2_c40,404,6,6,0,6,136,244,8,36,58,58,0,1.585463285446167,0
chain_7,medium,medium,p2_c40_penalty_off,202,6,6,3,3,160,291,6,54,69,68,0,1.524413824081421,0
chain_7,medium,medium,p2_c40_penalty_off,101,6,6,3,3,154,273,12,47,79,52,0,1.5877220630645752,0
chain_7,medium,frequent,baseline,42,6,6,1,5,174,307,12,42,61,84,0,1.3362538814544678,0
chain_7,medium,medium,p2_c40_penalty_off,404,6,6,3,3,154,277,8,54,63,68,0,1.574894666671753,0
chain_7,medium,medium,p2_c40_penalty_off,303,6,6,3,3,161,292,7,54,69,69,0,1.5880608558654785,0
chain_7,medium,frequent,baseline,202,6,6,1,5,169,297,12,42,57,83,0,1.4151523113250732,0
chain_7,medium,frequent,baseline,101,6,6,1,5,185,325,16,42,72,84,0,1.558595895767212,0
chain_7,medium,frequent,p2_c120,202,6,6,3,3,181,319,12,54,77,73,0,1.2988700866699219,0
chain_7,medium,frequent,baseline,303,6,6,1,5,179,317,12,42,66,84,0,1.4764175415039062,0
chain_7,medium,frequent,p2_c120,101,6,6,4,2,194,339,18,51,99,64,0,1.4258854389190674,0
chain_7,medium,frequent,baseline,404,6,6,1,5,182,323,12,42,70,83,0,1.5553786754608154,0
chain_7,medium,frequent,p2_c120,42,6,6,3,3,186,329,12,54,81,74,0,1.6242425441741943,0
chain_7,medium,frequent,p2_c120,303,6,6,3,3,191,339,12,54,86,74,0,1.5823993682861328,0
chain_7,medium,frequent,p2_c120,404,6,6,3,3,194,345,12,54,90,73,0,1.5753288269042969,0
chain_7,medium,frequent,p2_c120_mp2,42,6,6,3,3,189,332,12,54,81,74,0,1.4469783306121826,0
chain_7,medium,frequent,p2_c120_mp2,202,6,6,3,3,184,322,12,54,77,73,0,1.5262959003448486,0
chain_7,medium,frequent,p2_c120_mp2,303,6,6,3,3,194,340,14,54,86,74,0,1.523313283920288,0
chain_7,medium,frequent,p2_c120_mp2,101,6,6,3,3,200,350,16,54,92,74,0,1.577343463897705,0
chain_7,medium,frequent,p2_c120_mp2,404,6,6,3,3,197,348,12,54,90,73,0,1.6196770668029785,0
chain_7,medium,frequent,p2_c120_h2,404,6,6,3,3,201,352,16,54,86,81,3,1.388312816619873,0
chain_7,medium,frequent,p2_c120_h2,101,6,6,4,2,212,380,11,51,107,72,2,1.5697097778320312,0
chain_7,medium,frequent,p2_c120_h2,42,6,6,3,3,202,361,10,54,87,82,2,1.6688930988311768,0
chain_7,medium,frequent,p2_c120_h2,202,6,6,3,3,201,352,17,52,94,74,2,1.5849618911743164,0
chain_7,medium,frequent,p2_c120_h2,303,6,6,3,3,213,377,16,54,98,82,2,1.5999188423156738,0
chain_7,medium,frequent,p2_c40,42,6,6,0,6,168,296,12,36,81,59,0,1.5966262817382812,0
chain_7,medium,frequent,p2_c40,101,6,6,0,6,179,314,16,36,92,59,0,1.492140769958496,0
chain_7,medium,frequent,p2_c40,202,6,6,0,6,163,286,12,36,77,58,0,1.5017280578613281,0
chain_7,medium,frequent,p2_c40,404,6,6,0,6,176,312,12,36,90,58,0,1.5109317302703857,0
chain_7,medium,frequent,p2_c40,303,6,6,0,6,173,306,12,36,86,59,0,1.6363484859466553,0
chain_7,medium,frequent,p2_c40_penalty_off,42,6,6,3,3,186,329,12,54,86,69,0,1.6136670112609863,0
chain_7,medium,frequent,p2_c40_penalty_off,101,6,6,3,3,194,339,18,51,102,61,0,1.5959343910217285,0
chain_7,medium,frequent,p2_c40_penalty_off,202,6,6,3,3,181,319,12,54,82,68,0,1.539384126663208,0
chain_7,medium,frequent,p2_c40_penalty_off,303,6,6,3,3,191,339,12,54,91,69,0,1.573939561843872,0
chain_7,medium,frequent,p2_c40_penalty_off,404,6,6,3,3,194,343,14,54,95,68,0,1.5566859245300293,0
chain_7,heavy,medium,baseline,202,11,12,3,9,206,370,10,64,56,118,0,1.4293689727783203,0
chain_7,heavy,medium,baseline,42,11,12,2,10,199,357,9,72,33,134,0,1.4717962741851807,0
chain_7,heavy,medium,baseline,101,11,12,2,10,215,388,10,70,58,125,0,1.446702003479004,0
chain_7,heavy,medium,baseline,303,11,12,2,10,205,368,10,72,39,134,0,1.483997106552124,0
chain_7,heavy,medium,baseline,404,10,12,1,11,189,335,12,66,32,126,0,1.4859628677368164,0
chain_7,heavy,medium,p2_c120,101,11,12,7,5,236,424,12,91,105,95,0,1.4456722736358643,0
chain_7,heavy,medium,p2_c120,42,11,12,7,5,229,410,11,102,83,109,0,1.5871636867523193,0
chain_7,heavy,medium,p2_c120,202,11,12,7,5,230,414,10,88,96,98,0,1.5008494853973389,0
chain_7,heavy,medium,p2_c120_mp2,101,11,12,7,5,250,448,10,100,108,100,0,1.3258023262023926,0
chain_7,heavy,medium,p2_c120,303,11,12,7,5,235,423,10,102,89,109,0,1.5199379920959473,0
chain_7,heavy,medium,p2_c120_mp2,42,11,12,7,5,234,415,11,102,83,109,0,1.4602539539337158,0
chain_7,heavy,medium,p2_c120,404,10,12,7,5,216,382,14,93,83,97,0,1.5049924850463867,0
chain_7,heavy,medium,p2_c120_mp2,303,11,12,7,5,240,428,10,102,89,109,0,1.4062139987945557,0
chain_7,heavy,medium,p2_c120_mp2,202,11,12,7,5,235,419,10,88,96,98,0,1.5588548183441162,0
chain_7,heavy,medium,p2_c120_mp2,404,10,12,7,5,224,395,12,96,83,100,0,1.5955591201782227,0
chain_7,heavy,medium,p2_c120_h2,42,12,12,7,5,256,463,9,103,99,117,2,1.601879358291626,0
chain_7,heavy,medium,p2_c120_h2,101,10,12,7,5,235,420,12,96,89,108,2,1.5837256908416748,0
chain_7,heavy,medium,p2_c120_h2,202,12,12,7,5,239,430,9,92,89,111,2,1.583402156829834,0
chain_7,heavy,medium,p2_c120_h2,303,12,12,6,6,247,440,14,99,94,113,2,1.5344781875610352,0
chain_7,heavy,medium,p2_c120_h2,404,10,12,7,5,229,408,12,96,83,108,2,1.6242280006408691,0
chain_7,heavy,medium,p2_c40,202,12,12,0,12,216,394,6,72,96,88,0,1.4323797225952148,0
chain_7,heavy,medium,p2_c40,42,11,12,0,12,193,346,9,66,74,88,0,1.6189916133880615,0
chain_7,heavy,medium,p2_c40,404,9,12,0,12,173,303,14,54,64,80,0,1.451420545578003,0
chain_7,heavy,medium,p2_c40,101,10,12,0,12,199,358,10,60,86,83,0,1.611835241317749,0
chain_7,heavy,medium,p2_c40_penalty_off,42,11,12,6,6,229,410,11,102,79,113,0,1.4084997177124023,0
chain_7,heavy,medium,p2_c40,303,11,12,0,12,199,358,9,62,80,88,0,1.6346123218536377,0
chain_7,heavy,medium,p2_c40_penalty_off,303,11,12,6,6,235,425,8,98,89,109,0,1.4381608963012695,0
chain_7,heavy,medium,p2_c40_penalty_off,202,12,12,6,6,243,441,8,99,98,108,0,1.5149688720703125,0
chain_7,heavy,frequent,baseline,202,12,12,1,11,242,429,14,73,63,138,0,1.3480753898620605,0
chain_7,heavy,medium,p2_c40_penalty_off,101,10,12,6,6,235,424,10,96,96,103,0,1.5818603038787842,0
chain_7,heavy,frequent,baseline,42,12,12,1,11,246,439,12,78,61,144,0,1.5850598812103271,0
chain_7,heavy,frequent,baseline,303,12,12,1,11,243,427,18,70,116,86,0,1.2879786491394043,0
chain_7,heavy,medium,p2_c40_penalty_off,404,9,12,6,6,209,369,14,90,79,95,0,1.613755226135254,0
chain_7,heavy,frequent,baseline,101,11,12,1,11,247,436,18,72,72,135,0,1.5975806713104248,0
chain_7,heavy,frequent,p2_c120,42,12,12,6,6,276,494,12,108,111,119,0,1.4374582767486572,0
chain_7,heavy,frequent,p2_c120,202,12,12,6,6,277,496,12,108,113,118,0,1.4518167972564697,0
chain_7,heavy,frequent,baseline,404,10,12,1,11,235,413,18,66,70,126,0,1.6106741428375244,0
chain_7,heavy,frequent,p2_c120,101,12,12,6,6,287,511,17,108,122,119,0,1.5961081981658936,0
chain_7,heavy,frequent,p2_c120,404,10,12,7,5,262,460,20,93,121,97,0,1.5195057392120361,0
chain_7,heavy,frequent,p2_c120,303,12,12,6,6,278,492,18,105,121,111,0,1.5895824432373047,0
chain_7,heavy,frequent,p2_c120_mp2,42,12,12,6,6,288,514,10,108,117,119,0,1.5148131847381592,0
chain_7,heavy,frequent,p2_c120_mp2,101,11,12,7,5,282,495,19,102,123,109,0,1.5991320610046387,0
chain_7,heavy,frequent,p2_c120_mp2,202,12,12,6,6,283,502,12,108,113,118,0,1.5734970569610596,0
chain_7,heavy,frequent,p2_c120_mp2,404,10,12,7,5,267,465,20,93,121,97,0,1.5373077392578125,0
chain_7,heavy,frequent,p2_c120_mp2,303,12,12,6,6,284,500,16,105,121,111,0,1.5927331447601318,0
chain_7,heavy,frequent,p2_c120_h2,42,12,12,6,6,298,540,8,108,123,127,2,1.5255956649780273,0
chain_7,heavy,frequent,p2_c120_h2,202,12,12,6,6,288,511,17,103,119,121,2,1.504227638244629,0
chain_7,heavy,frequent,p2_c120_h2,101,11,12,7,5,286,513,13,93,128,112,2,1.6328423023223877,0
chain_7,heavy,frequent,p2_c40,101,11,12,0,12,238,417,20,63,114,85,0,1.433786392211914,0
chain_7,heavy,frequent,p2_c40_penalty_off,101,11,12,6,6,278,493,18,102,128,105,0,1.2694060802459717,0
chain_7,heavy,frequent,p2_c40,303,12,12,0,12,246,436,16,67,117,89,0,1.4145193099975586,0
chain_7,heavy,frequent,p2_c40,202,12,12,0,12,241,430,12,72,113,88,0,1.4942078590393066,0
chain_7,heavy,frequent,p2_c120_h2,303,12,12,7,5,297,528,18,105,132,117,2,1.671355962753296,0
chain_7,heavy,frequent,p2_c120_h2,404,10,12,7,5,269,469,22,93,117,105,3,1.655386209487915,0
chain_7,heavy,frequent,p2_c40,42,12,12,0,12,240,428,12,72,111,89,0,1.6322312355041504,0
chain_7,heavy,frequent,p2_c40,404,10,12,0,12,229,402,18,60,110,81,0,1.5381684303283691,0
chain_7,sparse,medium,baseline,202,5,5,1,4,128,229,8,34,38,71,0,1.191667079925537,0
chain_7,heavy,frequent,p2_c40_penalty_off,42,12,12,6,6,277,496,12,103,127,104,0,1.5311105251312256,0
chain_7,heavy,frequent,p2_c40_penalty_off,404,10,12,6,6,259,456,18,94,126,89,0,1.452880859375,0
chain_7,heavy,frequent,p2_c40_penalty_off,202,12,12,6,6,262,463,16,99,109,108,0,1.5838747024536133,0
chain_7,sparse,medium,baseline,42,5,5,1,4,131,238,5,36,38,74,0,1.533308982849121,0
chain_7,sparse,medium,baseline,101,5,5,1,4,134,237,12,33,44,71,0,1.511040210723877,0
chain_7,heavy,frequent,p2_c40_penalty_off,303,12,12,6,6,280,498,16,103,125,109,0,1.647951602935791,0
chain_7,sparse,medium,baseline,303,5,5,1,4,143,261,6,36,50,74,0,1.4813976287841797,0
chain_7,sparse,medium,baseline,404,5,5,1,4,130,234,7,36,38,73,0,1.5499920845031738,0
chain_7,sparse,medium,p2_c120,42,5,5,3,2,143,258,7,48,58,64,0,1.535792589187622,0
chain_7,sparse,medium,p2_c120,101,5,5,3,2,146,259,12,45,64,61,0,1.5968515872955322,0
chain_7,sparse,medium,p2_c120,202,5,5,3,2,142,257,6,48,58,63,0,1.5971589088439941,0
chain_7,sparse,medium,p2_c120,303,5,5,3,2,153,277,8,46,70,62,0,1.616711139678955,0
chain_7,sparse,medium,p2_c120,404,5,5,3,2,138,246,9,44,58,59,0,1.5101041793823242,0
chain_7,sparse,medium,p2_c120_mp2,202,5,5,3,2,144,259,6,48,58,63,0,1.431056022644043,0
chain_7,sparse,medium,p2_c120_mp2,101,5,5,3,2,151,269,10,48,64,64,0,1.5188007354736328,0
chain_7,sparse,medium,p2_c120_mp2,42,5,5,3,2,139,248,7,48,52,64,0,1.5699317455291748,0
chain_7,sparse,medium,p2_c120_mp2,404,5,5,3,2,150,270,7,48,64,63,0,1.439554214477539,0
chain_7,sparse,medium,p2_c120_mp2,303,5,5,3,2,155,279,8,46,70,62,0,1.6327028274536133,0
chain_7,sparse,medium,p2_c120_h2,101,5,5,3,2,165,298,9,48,70,72,2,1.49210786819458,0
chain_7,sparse,medium,p2_c120_h2,42,5,5,3,2,159,288,7,48,64,72,2,1.6095080375671387,0
chain_7,sparse,medium,p2_c120_h2,404,5,5,3,2,148,264,9,48,54,71,2,1.4532151222229004,0
chain_7,sparse,medium,p2_c40,202,5,5,0,5,123,220,8,23,52,53,0,1.443535327911377,0
chain_7,sparse,medium,p2_c120_h2,303,5,5,3,2,153,275,8,48,58,72,2,1.5828039646148682,0
chain_7,sparse,medium,p2_c40,42,5,5,0,5,125,227,5,30,53,54,0,1.5779755115509033,0
chain_7,sparse,medium,p2_c40,101,5,5,0,5,131,235,9,30,59,54,0,1.5785877704620361,0
chain_7,sparse,medium,p2_c120_h2,202,5,5,3,2,164,301,4,48,70,71,2,1.7080638408660889,0
chain_7,sparse,medium,p2_c40_penalty_off,42,5,5,0,5,125,227,5,30,53,54,0,1.4740617275238037,0
chain_7,sparse,medium,p2_c40_penalty_off,404,5,5,0,5,124,222,8,30,53,53,0,1.3155972957611084,0
chain_7,sparse,medium,p2_c40,303,5,5,0,5,133,242,6,30,61,54,0,1.615504503250122,0
chain_7,sparse,medium,p2_c40_penalty_off,101,5,5,0,5,131,235,9,30,59,54,0,1.5234341621398926,0
chain_7,sparse,medium,p2_c40,404,5,5,0,5,124,222,8,30,53,53,0,1.6355295181274414,0
chain_7,sparse,medium,p2_c40_penalty_off,202,5,5,0,5,123,220,8,23,52,53,0,1.558915376663208,0
chain_7,sparse,frequent,baseline,101,2,5,4,1,145,244,22,18,77,44,0,1.3649814128875732,0
chain_7,sparse,frequent,baseline,42,3,5,2,3,146,253,14,24,64,57,0,1.4915320873260498,0
chain_7,sparse,medium,p2_c40_penalty_off,303,5,5,0,5,133,242,6,30,61,54,0,1.5824971199035645,0
chain_7,sparse,frequent,baseline,202,2,5,5,0,130,218,18,16,73,33,0,1.5979642868041992,0
chain_7,sparse,frequent,baseline,404,4,5,1,4,151,258,18,30,58,67,0,1.4625022411346436,0
chain_7,sparse,frequent,baseline,303,3,5,4,1,144,245,18,19,75,44,0,1.6090087890625,0
chain_7,sparse,frequent,p2_c120,42,3,5,3,2,152,264,14,30,74,52,0,1.5408658981323242,0
chain_7,sparse,frequent,p2_c120,404,4,5,3,2,160,272,20,42,75,57,0,1.3158283233642578,0
chain_7,sparse,frequent,p2_c120,101,2,5,4,1,145,244,22,18,77,44,0,1.5954790115356445,0
chain_7,sparse,frequent,p2_c120,202,2,5,5,0,130,218,18,16,73,33,0,1.6008551120758057,0
chain_7,sparse,frequent,p2_c120_mp2,42,4,5,3,2,166,288,15,36,78,59,0,1.4853062629699707,0
chain_7,sparse,frequent,p2_c120,303,3,5,4,1,144,245,18,19,75,44,0,1.6264641284942627,0
chain_7,sparse,frequent,p2_c120_mp2,202,2,5,5,0,130,218,18,16,73,33,0,1.3978312015533447,0
chain_7,sparse,frequent,p2_c120_mp2,101,2,5,4,1,146,245,22,18,77,44,0,1.5826356410980225,0
chain_7,sparse,frequent,p2_c120_h2,42,5,5,3,2,185,325,15,32,93,62,2,1.4123451709747314,0
chain_7,sparse,frequent,p2_c120_mp2,404,4,5,3,2,157,267,18,31,76,52,0,1.4655749797821045,0
chain_7,sparse,frequent,p2_c120_mp2,303,3,5,4,1,145,246,18,19,75,44,0,1.5261962413787842,0
chain_7,sparse,frequent,p2_c120_h2,404,4,5,3,2,170,291,20,36,75,66,2,1.509070873260498,0
chain_7,sparse,frequent,p2_c120_h2,101,3,5,4,1,154,264,17,19,75,52,2,1.6042592525482178,0
chain_7,sparse,frequent,p2_c120_h2,202,3,5,3,2,170,298,14,27,85,57,2,1.5753378868103027,0
chain_7,sparse,frequent,p2_c120_h2,303,3,5,3,2,163,282,16,30,75,60,2,1.647146224975586,0
chain_7,sparse,frequent,p2_c40,202,4,5,0,5,145,247,18,22,68,52,0,1.55462646484375,0
chain_7,sparse,frequent,p2_c40,303,3,5,0,5,137,234,16,18,61,52,0,1.493480920791626,0
chain_7,sparse,frequent,p2_c40,42,3,5,0,5,140,241,15,18,64,52,0,1.5962696075439453,0
chain_7,sparse,frequent,p2_c40_penalty_off,101,3,5,0,5,148,253,19,18,73,51,0,1.441878080368042,0
chain_7,sparse,frequent,p2_c40,101,3,5,0,5,148,253,19,18,73,51,0,1.625749111175537,0
chain_7,sparse,frequent,p2_c40_penalty_off,303,3,5,0,5,137,234,16,18,61,52,0,1.4410877227783203,0
chain_7,sparse,frequent,p2_c40_penalty_off,42,3,5,0,5,140,241,15,18,64,52,0,1.5451240539550781,0
chain_7,sparse,frequent,p2_c40,404,3,5,0,5,149,260,14,18,74,51,0,1.6190094947814941,0
chain_7,sparse,frequent,p2_c40_penalty_off,202,4,5,0,5,145,247,18,22,68,52,0,1.5339443683624268,0
chain_7,sparse,frequent,p2_c40_penalty_off,404,3,5,0,5,149,260,14,18,74,51,0,1.555826187133789,0
chain_8,medium,medium,baseline,42,6,6,1,5,168,307,8,49,46,101,0,1.5908057689666748,0
chain_8,medium,medium,baseline,202,0,6,6,0,113,205,7,0,65,34,0,1.575885534286499,0
chain_8,medium,medium,baseline,101,6,6,1,5,164,300,7,49,42,101,0,1.8044347763061523,0
chain_8,medium,medium,baseline,404,6,6,1,5,181,333,6,49,60,100,0,1.7310853004455566,0
chain_8,medium,medium,baseline,303,6,6,1,5,170,310,9,44,53,96,0,1.8208701610565186,0
chain_8,medium,medium,p2_c120,202,0,6,6,0,113,205,7,0,65,34,0,1.5996010303497314,0
chain_8,medium,medium,p2_c120,42,6,6,3,3,182,333,8,63,70,89,0,1.7477903366088867,0
chain_8,medium,medium,p2_c120,101,6,6,3,3,178,326,7,63,66,89,0,1.7843258380889893,0
chain_8,medium,medium,p2_c120,303,6,6,3,3,184,337,8,58,77,84,0,1.7785751819610596,0
chain_8,medium,medium,p2_c120_mp2,202,0,6,6,0,113,205,7,0,65,34,0,1.6290476322174072,0
chain_8,medium,medium,p2_c120_mp2,101,6,6,3,3,181,329,7,63,66,89,0,1.6935310363769531,0
chain_8,medium,medium,p2_c120,404,6,6,3,3,195,361,6,63,84,88,0,1.8394720554351807,0
chain_8,medium,medium,p2_c120_mp2,42,6,6,3,3,185,336,8,63,70,89,0,1.8488852977752686,0
chain_8,medium,medium,p2_c120_mp2,303,6,6,3,3,192,352,6,63,77,89,0,1.8011510372161865,0
chain_8,medium,medium,p2_c120_h2,202,0,6,6,0,118,213,7,0,60,42,2,1.4746153354644775,0
chain_8,medium,medium,p2_c120_mp2,404,6,6,3,3,198,364,6,63,84,88,0,1.639002799987793,0
chain_8,medium,medium,p2_c40,303,6,6,0,6,168,310,6,42,77,71,0,1.4839813709259033,0
chain_8,medium,medium,p2_c120_h2,42,6,6,3,3,192,346,12,63,69,97,3,1.792616605758667,0
chain_8,medium,medium,p2_c120_h2,101,6,6,3,3,185,339,6,63,63,97,2,1.7804858684539795,0
chain_8,medium,medium,p2_c40,42,0,6,0,6,113,204,8,0,34,65,0,1.733452320098877,0
chain_8,medium,medium,p2_c120_h2,404,6,6,3,3,205,377,8,63,84,96,2,1.7714579105377197,0
chain_8,medium,medium,p2_c40,101,6,6,0,6,157,287,7,42,66,71,0,1.7678179740905762,0
chain_8,medium,medium,p2_c40,202,0,6,0,6,113,205,7,0,29,70,0,1.7680399417877197,0
chain_8,medium,medium,p2_c120_h2,303,6,6,3,3,185,335,10,63,63,97,2,1.8425233364105225,0
chain_8,medium,medium,p2_c40_penalty_off,101,6,6,3,3,173,314,9,58,72,78,0,1.687363624572754,0
chain_8,medium,medium,p2_c40_penalty_off,42,5,6,3,3,174,318,8,56,70,82,0,1.741990327835083,0
chain_8,medium,medium,p2_c40,404,6,6,0,6,174,322,6,42,84,70,0,1.833118200302124,0
chain_8,medium,medium,p2_c40_penalty_off,202,0,6,4,2,113,205,7,0,53,46,0,1.8024101257324219,0
chain_8,medium,medium,p2_c40_penalty_off,404,6,6,3,3,195,361,6,63,90,82,0,1.835054874420166,0
chain_8,medium,medium,p2_c40_penalty_off,303,6,6,3,3,189,349,6,63,83,83,0,1.8614325523376465,0
chain_8,medium,frequent,p2_c120,42,6,6,3,3,227,413,10,63,107,89,0,1.437514305114746,0
chain_8,medium,frequent,baseline,101,6,6,1,5,206,371,12,49,76,101,0,1.7167766094207764,0
chain_8,medium,frequent,baseline,42,6,6,1,5,213,387,10,49,83,101,0,1.799900770187378,0
chain_8,medium,frequent,baseline,202,6,6,1,5,199,351,18,46,103,67,0,1.757068395614624,0
chain_8,medium,frequent,baseline,303,6,6,1,5,224,403,16,49,94,101,0,1.7794575691223145,0
chain_8,medium,frequent,baseline,404,6,6,1,5,219,394,15,49,90,100,0,1.7723159790039062,0
chain_8,medium,frequent,p2_c120,404,6,6,3,3,233,420,15,63,114,88,0,1.6286840438842773,0
chain_8,medium,frequent,p2_c120,101,6,6,3,3,220,397,12,63,100,89,0,1.8014225959777832,0
chain_8,medium,frequent,p2_c120,202,6,6,3,3,213,377,18,60,103,79,0,1.7805392742156982,0
chain_8,medium,frequent,p2_c120,303,6,6,3,3,233,417,18,58,118,84,0,1.8251142501831055,0
chain_8,medium,frequent,p2_c120_mp2,202,6,6,4,2,210,367,20,55,110,67,0,1.772869348526001,0
chain_8,medium,frequent,p2_c120_mp2,42,6,6,3,3,230,416,10,63,107,89,0,1.8515665531158447,0
chain_8,medium,frequent,p2_c120_mp2,101,6,6,3,3,223,400,12,63,100,89,0,1.832137107849121,0
chain_8,medium,frequent,p2_c120_mp2,303,6,6,3,3,241,432,16,63,118,89,0,1.8372392654418945,0
chain_8,medium,frequent,p2_c120_mp2,404,6,6,3,3,236,423,15,63,114,88,0,1.8207731246948242,0
chain_8,medium,frequent,p2_c120_h2,42,6,6,3,3,242,439,12,63,112,97,2,1.813988447189331,0
chain_8,medium,frequent,p2_c40,202,6,6,0,6,195,346,16,42,97,70,0,1.5832829475402832,0
chain_8,medium,frequent,p2_c120_h2,101,6,6,3,3,243,444,9,63,113,97,2,1.8114454746246338,0
chain_8,medium,frequent,p2_c120_h2,303,6,6,3,3,227,405,16,63,97,97,2,1.7318990230560303,0
chain_8,medium,frequent,p2_c40,303,6,6,0,6,217,390,16,42,118,71,0,1.652529239654541,0
chain_8,medium,frequent,p2_c120_h2,202,6,6,3,3,240,437,10,63,111,96,2,1.806046962738037,0
chain_8,medium,frequent,p2_c120_h2,404,6,6,3,3,235,420,16,63,105,96,3,1.7892735004425049,0
chain_8,medium,frequent,p2_c40,101,6,6,0,6,196,350,14,39,97,71,0,1.7476825714111328,0
chain_8,medium,frequent,p2_c40,42,0,6,0,6,158,284,10,0,71,65,0,1.766815423965454,0
chain_8,medium,frequent,p2_c40_penalty_off,42,5,6,3,3,219,398,10,56,107,82,0,1.6173596382141113,0
chain_8,medium,frequent,p2_c40,404,6,6,0,6,212,379,17,42,114,70,0,1.715181589126587,0
chain_8,medium,frequent,p2_c40_penalty_off,303,6,6,3,3,238,429,16,63,124,83,0,1.6526904106140137,0
chain_8,medium,frequent,p2_c40_penalty_off,101,6,6,3,3,217,388,15,60,106,80,0,1.7747802734375,0
chain_8,medium,frequent,p2_c40_penalty_off,202,6,6,3,3,216,385,16,63,103,82,0,1.8339157104492188,0
chain_8,heavy,medium,baseline,42,12,12,2,10,251,459,10,87,57,161,0,1.7214009761810303,0
chain_8,heavy,medium,baseline,303,12,12,2,10,248,453,10,85,54,161,0,1.6206231117248535,0
chain_8,medium,frequent,p2_c40_penalty_off,404,6,6,3,3,233,418,15,63,120,82,0,1.8130602836608887,0
chain_8,heavy,medium,baseline,101,11,12,2,10,232,419,13,78,53,147,0,1.750783920288086,0
chain_8,heavy,medium,baseline,202,11,12,2,10,241,443,7,84,49,160,0,1.8037896156311035,0
chain_8,heavy,medium,p2_c120,101,11,12,7,5,270,492,11,116,113,120,0,1.5967695713043213,0
chain_8,heavy,medium,p2_c120,303,12,12,7,5,283,516,12,120,114,131,0,1.471710205078125,0
chain_8,heavy,medium,baseline,404,9,12,2,10,228,414,12,70,59,139,0,1.7711246013641357,0
chain_8,heavy,medium,p2_c120_mp2,42,12,12,7,5,291,529,10,122,117,131,0,1.5088655948638916,0
chain_8,heavy,medium,p2_c120,42,12,12,7,5,286,524,10,122,117,131,0,1.8364813327789307,0
chain_8,heavy,medium,p2_c120,202,11,12,7,5,273,497,12,116,109,127,0,1.7549090385437012,0
chain_8,heavy,medium,p2_c120,404,9,12,7,5,261,475,12,103,119,107,0,1.7488396167755127,0
chain_8,heavy,medium,p2_c120_mp2,101,11,12,7,5,275,497,11,116,113,120,0,1.7667086124420166,0
chain_8,heavy,medium,p2_c40,303,12,12,0,12,247,452,10,84,108,107,0,1.4837496280670166,0
chain_8,heavy,medium,p2_c120_h2,303,12,12,7,5,284,512,16,120,105,139,2,1.6483006477355957,0
chain_8,heavy,medium,p2_c120_mp2,202,11,12,7,5,272,492,11,110,107,124,0,1.8069195747375488,0
chain_8,heavy,medium,p2_c120_mp2,404,9,12,7,5,266,480,12,103,119,107,0,1.8026056289672852,0
chain_8,heavy,medium,p2_c120_mp2,303,12,12,7,5,288,525,8,120,114,131,0,1.8108510971069336,0
chain_8,heavy,medium,p2_c120_h2,42,12,12,6,6,292,527,16,121,105,146,3,1.7996950149536133,0
chain_8,heavy,medium,p2_c40,42,0,12,0,12,156,282,10,0,41,95,0,1.698540449142456,0
chain_8,heavy,medium,p2_c120_h2,404,11,12,7,5,288,526,11,113,122,127,2,1.7199161052703857,0
chain_8,heavy,medium,p2_c120_h2,202,11,12,7,5,277,505,11,110,107,132,2,1.7697343826293945,0
chain_8,heavy,medium,p2_c120_h2,101,11,12,7,5,275,499,12,113,108,128,2,1.7954399585723877,0
chain_8,heavy,medium,p2_c40,101,11,12,0,12,231,422,9,77,98,102,0,1.7687945365905762,0
chain_8,heavy,medium,p2_c40,202,11,12,0,12,226,409,12,69,89,106,0,1.7402105331420898,0
chain_8,heavy,medium,p2_c40_penalty_off,42,11,12,6,6,286,525,10,119,113,136,0,1.6687583923339844,0
chain_8,heavy,medium,p2_c40,404,9,12,0,12,217,391,14,63,93,95,0,1.741408348083496,0
chain_8,heavy,medium,p2_c40_penalty_off,202,11,12,6,6,273,497,12,116,103,133,0,1.621352195739746,0
chain_8,heavy,medium,p2_c40_penalty_off,101,11,12,6,6,273,500,9,119,110,126,0,1.848677635192871,0
chain_8,heavy,frequent,baseline,42,12,12,1,11,295,538,11,91,81,173,0,1.7479093074798584,0
chain_8,heavy,medium,p2_c40_penalty_off,404,9,12,6,6,257,465,14,103,111,111,0,1.8015213012695312,0
chain_8,heavy,medium,p2_c40_penalty_off,303,12,12,6,6,284,520,10,121,114,132,0,1.8496041297912598,0
chain_8,heavy,frequent,baseline,202,12,12,1,11,288,518,17,86,80,167,0,1.7320218086242676,0
chain_8,heavy,frequent,baseline,101,11,12,1,11,285,518,12,84,83,162,0,1.7819862365722656,0
chain_8,heavy,frequent,p2_c120,42,12,12,6,6,330,599,15,126,141,143,0,1.670349359512329,0
chain_8,heavy,frequent,baseline,404,10,12,1,11,280,504,17,77,90,151,0,1.747368574142456,0
chain_8,heavy,frequent,baseline,303,12,12,1,11,315,569,20,91,101,173,0,1.806800365447998,0
chain_8,heavy,frequent,p2_c120_mp2,202,12,12,6,6,329,590,16,121,140,137,0,1.349527359008789,0
chain_8,heavy,frequent,p2_c120,101,11,12,7,5,320,583,12,119,144,131,0,1.7417042255401611,0
chain_8,heavy,frequent,p2_c120,202,12,12,6,6,323,584,16,121,140,137,0,1.799738883972168,0
chain_8,heavy,frequent,p2_c120,303,12,12,6,6,350,634,20,126,161,143,0,1.7373335361480713,0
chain_8,heavy,frequent,p2_c40,101,11,12,0,12,275,497,14,74,134,102,0,1.41471529006958,0
chain_8,heavy,frequent,p2_c120,404,10,12,7,5,315,570,16,112,151,120,0,1.7997605800628662,0
chain_8,heavy,frequent,p2_c120_h2,101,11,12,7,5,333,605,14,119,147,139,2,1.6522796154022217,0
chain_8,heavy,frequent,p2_c120_mp2,303,12,12,6,6,349,628,18,126,154,143,0,1.729405403137207,0
chain_8,heavy,frequent,p2_c120_mp2,404,10,12,7,5,311,552,21,110,144,118,0,1.7519125938415527,0
chain_8,heavy,frequent,p2_c120_mp2,42,12,12,6,6,331,595,15,121,141,138,0,1.8562829494476318,0
chain_8,heavy,frequent,p2_c120_mp2,101,12,12,6,6,335,605,13,123,143,140,0,1.8240816593170166,0
chain_8,heavy,frequent,p2_c40,42,0,12,0,12,192,345,11,0,69,95,0,1.6933307647705078,0
chain_8,heavy,frequent,p2_c120_h2,42,12,12,6,6,354,650,10,126,155,151,2,1.793396234512329,0
chain_8,heavy,frequent,p2_c120_h2,202,12,12,6,6,340,620,12,121,147,145,2,1.815556526184082,0
chain_8,heavy,frequent,p2_c120_h2,404,10,12,7,5,315,557,26,110,142,126,3,1.824833631515503,0
chain_8,heavy,frequent,p2_c120_h2,303,12,12,6,6,332,598,18,126,133,151,2,1.8328733444213867,0
chain_8,heavy,frequent,p2_c40,303,12,12,0,12,308,560,16,84,161,107,0,1.7240078449249268,0
chain_8,heavy,frequent,p2_c40,202,12,12,0,12,274,490,18,79,128,106,0,1.826735258102417,0
chain_8,heavy,frequent,p2_c40,404,10,12,0,12,273,491,17,70,138,97,0,1.791325330734253,0
chain_8,sparse,medium,baseline,42,5,5,1,4,168,311,6,42,60,89,0,1.477015495300293,0
chain_8,sparse,medium,baseline,303,5,5,1,4,147,267,8,42,39,89,0,1.3891687393188477,0
chain_8,heavy,frequent,p2_c40_penalty_off,42,11,12,6,6,316,572,15,113,147,124,0,1.7321200370788574,0
chain_8,heavy,frequent,p2_c40_penalty_off,303,12,12,6,6,336,609,18,118,160,131,0,1.7153725624084473,0
chain_8,heavy,frequent,p2_c40_penalty_off,202,12,12,6,6,309,555,18,113,139,125,0,1.769563913345337,0
chain_8,heavy,frequent,p2_c40_penalty_off,404,10,12,7,5,299,533,22,102,150,106,0,1.6827492713928223,0
chain_8,heavy,frequent,p2_c40_penalty_off,101,11,12,6,6,313,566,15,119,142,126,0,1.8601610660552979,0
chain_8,sparse,medium,baseline,101,5,5,1,4,161,299,4,42,53,89,0,1.7674274444580078,0
chain_8,sparse,medium,baseline,202,0,4,4,0,98,178,6,0,52,34,0,1.7732548713684082,0
chain_8,sparse,medium,baseline,404,5,5,1,4,162,300,5,42,55,88,0,1.7431695461273193,0
chain_8,sparse,medium,p2_c120,101,5,5,3,2,175,325,4,56,77,77,0,1.6998827457427979,0
chain_8,sparse,medium,p2_c120,42,5,5,3,2,182,337,6,56,84,77,0,1.8045847415924072,0
chain_8,sparse,medium,p2_c120,202,0,4,4,0,98,178,6,0,52,34,0,1.7659285068511963,0
chain_8,sparse,medium,p2_c120,303,5,5,3,2,161,293,8,56,63,77,0,1.7434840202331543,0
chain_8,sparse,medium,p2_c120_h2,101,5,5,3,2,178,329,4,56,70,85,2,1.558913230895996,0
chain_8,sparse,medium,p2_c120,404,5,5,3,2,171,314,7,51,79,71,0,1.7540252208709717,0
chain_8,sparse,medium,p2_c120_mp2,202,0,4,4,0,98,178,6,0,52,34,0,1.7069103717803955,0
chain_8,sparse,medium,p2_c120_mp2,42,5,5,3,2,184,339,6,56,84,77,0,1.7831289768218994,0
chain_8,sparse,medium,p2_c120_h2,404,5,5,3,2,179,327,8,51,77,79,2,1.5833280086517334,0
chain_8,sparse,medium,p2_c120_mp2,303,5,5,3,2,163,295,8,56,63,77,0,1.7659201622009277,0
chain_8,sparse,medium,p2_c120_mp2,101,5,5,3,2,170,313,4,56,70,77,0,1.8397185802459717,0
chain_8,sparse,medium,p2_c120_mp2,404,5,5,3,2,173,316,7,51,79,71,0,1.7980294227600098,0
chain_8,sparse,medium,p2_c120_h2,42,5,5,3,2,178,320,12,56,69,85,3,1.8655402660369873,0
chain_8,sparse,medium,p2_c120_h2,303,5,5,3,2,178,321,12,56,70,85,2,1.8162662982940674,0
chain_8,sparse,medium,p2_c120_h2,202,0,4,4,0,109,197,7,0,53,42,2,1.851996898651123,0
chain_8,sparse,medium,p2_c40,202,0,4,0,4,98,178,6,0,28,58,0,1.6007792949676514,0
chain_8,sparse,medium,p2_c40,42,0,5,0,5,114,207,8,0,41,60,0,1.7891132831573486,0
chain_8,sparse,medium,p2_c40,101,5,5,0,5,154,284,6,35,71,65,0,1.7739753723144531,0
chain_8,sparse,frequent,baseline,101,4,5,1,4,165,286,18,32,61,78,0,1.3453707695007324,0
chain_8,sparse,medium,p2_c40,303,5,5,0,5,147,270,6,35,64,65,0,1.7960388660430908,0
chain_8,sparse,medium,p2_c40,404,5,5,0,5,160,298,4,35,78,64,0,1.783630132675171,0
chain_8,sparse,medium,p2_c40_penalty_off,42,0,5,0,5,114,207,8,0,41,60,0,1.7837047576904297,0
chain_8,sparse,medium,p2_c40_penalty_off,202,0,4,0,4,98,178,6,0,28,58,0,1.699263095855713,0
chain_8,sparse,medium,p2_c40_penalty_off,101,5,5,0,5,154,284,6,35,71,65,0,1.7895362377166748,0
chain_8,sparse,medium,p2_c40_penalty_off,303,5,5,0,5,147,270,6,35,64,65,0,1.7961845397949219,0
chain_8,sparse,medium,p2_c40_penalty_off,404,5,5,0,5,160,298,4,35,78,64,0,1.83868408203125,0
chain_8,sparse,frequent,baseline,42,3,5,4,1,172,300,19,23,94,53,0,1.7490415573120117,0
chain_8,sparse,frequent,baseline,303,5,5,1,4,182,314,23,39,69,86,0,1.6075623035430908,0
chain_8,sparse,frequent,baseline,202,4,5,1,4,171,293,23,27,75,70,0,1.6639065742492676,0
chain_8,sparse,frequent,p2_c120,42,3,5,4,1,172,300,19,23,94,53,0,1.5354266166687012,0
chain_8,sparse,frequent,baseline,404,4,5,4,1,174,302,20,24,96,52,0,1.7582309246063232,0
chain_8,sparse,frequent,p2_c120,101,5,5,3,2,182,316,19,47,85,68,0,1.7104148864746094,0
chain_8,sparse,frequent,p2_c120_mp2,404,4,5,4,1,175,303,20,24,96,52,0,1.5260443687438965,0
chain_8,sparse,frequent,p2_c120_mp2,101,5,5,3,2,189,333,15,40,91,68,0,1.7133653163909912,0
chain_8,sparse,frequent,p2_c120,202,4,5,3,2,179,310,21,36,92,60,0,1.8233544826507568,0
chain_8,sparse,frequent,p2_c120_h2,42,2,5,4,1,172,302,16,21,85,61,2,1.549680471420288,0
chain_8,sparse,frequent,p2_c120,303,5,5,3,2,199,347,22,56,93,77,0,1.8435916900634766,0
chain_8,sparse,frequent,p2_c120,404,4,5,4,1,174,302,20,24,96,52,0,1.7905139923095703,0
chain_8,sparse,frequent,p2_c120_mp2,42,3,5,4,1,173,301,19,23,94,53,0,1.7875425815582275,0
chain_8,sparse,frequent,p2_c120_mp2,202,5,5,3,2,187,324,20,43,87,70,0,1.7348368167877197,0
chain_8,sparse,frequent,p2_c120_mp2,303,5,5,3,2,196,339,23,44,95,71,0,1.8189008235931396,0
chain_8,sparse,frequent,p2_c120_h2,101,3,5,4,1,190,332,20,35,95,67,2,1.7524135112762451,0
chain_8,sparse,frequent,p2_c120_h2,202,4,5,4,1,179,309,21,23,91,60,2,1.7998173236846924,0
chain_8,sparse,frequent,p2_c120_h2,404,4,5,4,1,197,344,21,31,107,61,2,1.6224215030670166,0
chain_8,sparse,frequent,p2_c120_h2,303,5,5,3,2,203,354,21,56,87,85,2,1.7898073196411133,0
chain_8,sparse,frequent,p2_c40,42,0,5,0,5,157,277,16,0,77,59,0,1.7743370532989502,0
chain_8,sparse,frequent,p2_c40,101,5,5,0,5,164,282,20,24,73,65,0,1.8328218460083008,0
chain_8,sparse,frequent,p2_c40,202,3,5,0,5,166,291,17,21,84,58,0,1.7752935886383057,0
chain_8,sparse,frequent,p2_c40,303,5,5,0,5,183,319,21,29,92,65,0,1.8115291595458984,0
chain_8,sparse,frequent,p2_c40_penalty_off,42,0,5,0,5,157,277,16,0,77,59,0,1.782778024673462,0
chain_8,sparse,frequent,p2_c40_penalty_off,202,3,5,0,5,166,291,17,21,84,58,0,1.6831514835357666,0
chain_8,sparse,frequent,p2_c40_penalty_off,101,5,5,0,5,164,282,20,24,73,65,0,1.7536728382110596,0
chain_8,sparse,frequent,p2_c40,404,4,5,0,5,174,305,18,28,86,63,0,1.8413734436035156,0
chain_8,sparse,frequent,p2_c40_penalty_off,303,5,5,0,5,183,319,21,29,92,65,0,1.7074601650238037,0
chain_8,sparse,frequent,p2_c40_penalty_off,404,4,5,0,5,174,305,18,28,86,63,0,1.7844173908233643,0
chain_10,medium,medium,baseline,42,6,6,1,5,218,407,8,63,62,135,0,1.768665075302124,0
chain_10,medium,medium,baseline,202,,,0,0,81,145,9,0,28,45,0,1.7826473712921143,0
chain_10,medium,medium,baseline,303,6,6,1,5,236,441,10,63,80,135,0,1.995269775390625,0
chain_10,medium,medium,baseline,101,6,6,1,5,221,413,8,60,68,132,0,2.178762435913086,0
chain_10,medium,medium,p2_c120_mp2,101,6,6,3,3,242,455,6,81,100,119,0,1.8557298183441162,0
chain_10,medium,medium,p2_c120,42,6,6,4,2,231,429,10,76,105,103,0,2.0274927616119385,0
chain_10,medium,medium,p2_c120,101,6,6,3,3,242,455,6,81,100,119,0,2.0047085285186768,0
chain_10,medium,medium,p2_c120,202,,,0,0,81,145,9,0,28,45,0,2.0087058544158936,0
chain_10,medium,medium,baseline,404,6,6,1,5,226,423,8,63,71,134,0,2.2375454902648926,0
chain_10,medium,medium,p2_c120_mp2,202,,,0,0,81,145,9,0,28,45,0,2.025428056716919,0
chain_10,medium,medium,p2_c120,303,6,6,3,3,254,475,10,81,112,119,0,2.1175167560577393,0
chain_10,medium,medium,p2_c120,404,6,6,3,3,244,457,8,81,103,118,0,2.172396183013916,0
chain_10,medium,medium,p2_c120_mp2,42,6,6,4,2,233,431,10,76,105,103,0,2.267059803009033,0
chain_10,medium,medium,p2_c120_h2,42,5,6,4,2,230,422,14,67,105,101,2,2.116628408432007,0
chain_10,medium,medium,p2_c120_mp2,404,6,6,3,3,244,457,8,81,103,118,0,2.1941568851470947,0
chain_10,medium,medium,p2_c120_mp2,303,6,6,3,3,254,475,10,81,112,119,0,2.3455169200897217,0
chain_10,medium,medium,p2_c120_h2,202,,,0,0,81,145,9,0,28,45,0,1.9651134014129639,0
chain_10,medium,medium,p2_c120_h2,101,6,6,3,3,252,468,11,81,100,127,2,2.0703718662261963,0
chain_10,medium,medium,p2_c120_h2,303,6,6,3,3,245,454,11,76,106,114,2,2.2071609497070312,0
chain_10,medium,medium,p2_c40,202,,,0,0,81,145,9,0,28,45,0,2.09623384475708,0
chain_10,medium,medium,p2_c40_penalty_off,303,6,6,3,3,254,475,10,81,112,119,0,1.890164852142334,0
chain_10,medium,medium,p2_c40,101,6,6,3,3,242,455,6,81,100,119,0,2.19134783744812,0
chain_10,medium,medium,p2_c120_h2,404,6,6,3,3,254,479,4,81,103,126,2,2.283252000808716,0
chain_10,medium,medium,p2_c40,42,0,6,0,6,137,250,10,0,46,77,0,2.2631335258483887,0
chain_10,medium,medium,p2_c40_penalty_off,101,6,6,3,3,242,455,6,81,100,119,0,2.0508475303649902,0
chain_10,medium,medium,p2_c40,303,6,6,3,3,254,475,10,81,112,119,0,2.213975667953491,0
chain_10,medium,medium,p2_c40,404,6,6,3,3,244,457,8,81,103,118,0,2.204554796218872,0
chain_10,medium,medium,p2_c40_penalty_off,42,3,6,3,3,178,326,12,31,79,81,0,2.2071549892425537,0
chain_10,medium,medium,p2_c40_penalty_off,202,,,0,0,81,145,9,0,28,45,0,2.1881461143493652,0
chain_10,medium,medium,p2_c40_penalty_off,404,6,6,3,3,244,457,8,81,103,118,0,2.171158790588379,0
chain_10,medium,frequent,baseline,42,5,6,1,5,263,481,17,54,111,124,0,2.1488468647003174,0
chain_10,medium,frequent,baseline,202,6,6,1,5,256,467,16,58,99,128,0,1.9699292182922363,0
chain_10,medium,frequent,baseline,101,6,6,1,5,272,502,13,63,108,135,0,2.1937601566314697,0
chain_10,medium,frequent,p2_c120,42,5,6,3,3,281,514,18,72,143,108,0,1.9152560234069824,0
chain_10,medium,frequent,baseline,404,6,6,1,5,286,532,11,63,123,134,0,1.9699299335479736,0
chain_10,medium,frequent,baseline,303,6,6,1,5,274,505,14,63,110,135,0,2.0874619483947754,0
chain_10,medium,frequent,p2_c120,303,6,6,3,3,292,537,16,81,142,119,0,2.136023998260498,0
chain_10,medium,frequent,p2_c120,202,6,6,3,3,279,511,16,81,131,117,0,2.2134547233581543,0
chain_10,medium,frequent,p2_c120,101,6,6,3,3,285,524,15,76,140,114,0,2.2673873901367188,0
chain_10,medium,frequent,p2_c120_mp2,404,6,6,3,3,304,566,11,81,155,118,0,1.6494736671447754,0
chain_10,medium,frequent,p2_c120,404,6,6,3,3,304,566,11,81,155,118,0,2.2713398933410645,0
chain_10,medium,frequent,p2_c120_mp2,42,6,6,4,2,290,530,17,76,154,103,0,2.2792675495147705,0
chain_10,medium,frequent,p2_c120_h2,42,5,6,3,3,269,489,17,72,120,117,2,1.8640754222869873,0
chain_10,medium,frequent,p2_c120_mp2,202,6,6,3,3,279,511,16,81,131,117,0,2.192256450653076,0
chain_10,medium,frequent,p2_c120_mp2,101,6,6,3,3,285,524,15,76,140,114,0,2.286623477935791,0
chain_10,medium,frequent,p2_c120_mp2,303,6,6,3,3,292,537,16,81,142,119,0,2.2264926433563232,0
chain_10,medium,frequent,p2_c120_h2,101,6,6,3,3,300,554,13,81,140,127,2,1.8479375839233398,0
chain_10,medium,frequent,p2_c120_h2,404,6,6,3,3,317,588,13,81,158,126,2,1.878704309463501,0
chain_10,medium,frequent,p2_c120_h2,303,6,6,4,2,303,552,21,77,159,111,2,2.0198464393615723,0
chain_10,medium,frequent,p2_c40,42,0,6,0,6,194,349,17,0,95,77,0,2.0269365310668945,0
chain_10,medium,frequent,p2_c40,303,6,6,3,3,292,537,16,81,142,119,0,2.1105878353118896,0
chain_10,medium,frequent,p2_c120_h2,202,6,6,3,3,280,511,16,81,122,125,2,2.276616334915161,0
chain_10,medium,frequent,p2_c40,101,6,6,3,3,285,524,15,76,140,114,0,2.2218964099884033,0
chain_10,medium,frequent,p2_c40_penalty_off,42,4,6,3,3,261,477,17,54,133,100,0,2.1815943717956543,0
chain_10,medium,frequent,p2_c40,202,6,6,3,3,279,511,16,81,131,117,0,2.2636282444000244,0
chain_10,medium,frequent,p2_c40_penalty_off,101,6,6,3,3,285,524,15,76,140,114,0,2.0542492866516113,0
chain_10,medium,frequent,p2_c40,404,6,6,3,3,304,566,11,81,155,118,0,2.28840970993042,0
chain_10,medium,frequent,p2_c40_penalty_off,202,6,6,3,3,279,511,16,81,131,117,0,2.169111967086792,0
chain_10,heavy,medium,baseline,101,11,12,1,11,307,569,13,108,59,216,0,1.846379280090332,0
chain_10,medium,frequent,p2_c40_penalty_off,303,6,6,3,3,292,537,16,81,142,119,0,2.0603857040405273,0
chain_10,heavy,medium,baseline,202,,,0,0,81,145,9,0,28,45,0,1.955465316772461,0
chain_10,medium,frequent,p2_c40_penalty_off,404,6,6,3,3,304,566,11,81,155,118,0,2.042351245880127,0
chain_10,heavy,medium,baseline,42,12,12,1,11,326,606,13,117,62,231,0,2.150458574295044,0
chain_10,heavy,medium,baseline,303,11,12,2,10,320,594,14,108,73,215,0,2.1303679943084717,0
chain_10,heavy,medium,p2_c120,42,12,12,6,6,371,690,14,162,142,191,0,1.9384434223175049,0
chain_10,heavy,medium,p2_c120,202,,,0,0,81,145,9,0,28,45,0,1.9611554145812988,0
chain_10,heavy,medium,p2_c120,101,11,12,7,5,341,632,14,142,138,167,0,2.1263935565948486,0
chain_10,heavy,medium,baseline,404,10,12,2,10,289,531,16,85,80,178,0,2.2313358783721924,0
chain_10,heavy,medium,p2_c120,303,11,12,7,5,365,679,14,153,153,175,0,2.18215012550354,0
chain_10,heavy,medium,p2_c120_mp2,42,12,12,7,5,360,662,16,146,151,167,0,2.2161455154418945,0
chain_10,heavy,medium,p2_c120_mp2,101,11,12,7,5,341,632,14,142,138,167,0,2.2322943210601807,0
chain_10,heavy,medium,p2_c120,404,10,12,7,5,341,632,14,137,160,145,0,2.2756118774414062,0
chain_10,heavy,medium,p2_c120_mp2,202,,,0,0,81,145,9,0,28,45,0,2.1785662174224854,0
chain_10,heavy,medium,p2_c120_mp2,303,11,12,7,5,365,679,14,153,153,175,0,2.1993865966796875,0
chain_10,heavy,medium,p2_c120_mp2,404,10,12,7,5,341,632,14,137,160,145,0,2.0575363636016846,0
chain_10,heavy,medium,p2_c120_h2,42,12,12,7,5,377,696,19,149,163,175,2,2.101006507873535,0
chain_10,heavy,medium,p2_c120_h2,101,11,12,7,5,358,661,16,147,151,168,2,2.1371099948883057,0
chain_10,heavy,medium,p2_c120_h2,202,,,0,0,81,145,9,0,28,45,0,2.09560489654541,0
chain_10,heavy,medium,p2_c40,101,11,12,7,5,341,632,14,142,138,167,0,1.9908511638641357,0
chain_10,heavy,medium,p2_c120_h2,404,9,12,7,5,343,639,10,135,153,153,2,2.130855083465576,0
chain_10,heavy,medium,p2_c40,202,,,0,0,81,145,9,0,28,45,0,2.0932862758636475,0
chain_10,heavy,medium,p2_c40,42,0,12,0,12,176,322,10,0,49,107,0,2.170055866241455,0
chain_10,heavy,medium,p2_c40,404,10,12,7,5,341,632,14,137,160,145,0,2.0731616020202637,0
chain_10,heavy,medium,p2_c120_h2,303,11,12,7,5,363,674,13,151,151,173,2,2.282637357711792,0
chain_10,heavy,medium,p2_c40_penalty_off,404,10,12,7,5,341,632,14,137,160,145,0,1.8722872734069824,0
chain_10,heavy,medium,p2_c40,303,11,12,7,5,365,679,14,153,153,175,0,2.278383731842041,0
chain_10,heavy,medium,p2_c40_penalty_off,42,10,12,6,6,350,652,12,144,145,169,0,2.1322102546691895,0
chain_10,heavy,medium,p2_c40_penalty_off,202,,,0,0,81,145,9,0,28,45,0,2.005969285964966,0
chain_10,heavy,medium,p2_c40_penalty_off,303,11,12,7,5,365,679,14,153,153,175,0,2.0588433742523193,0
chain_10,heavy,medium,p2_c40_penalty_off,101,11,12,7,5,341,632,14,142,138,167,0,2.2155754566192627,0
chain_10,heavy,frequent,baseline,101,11,12,1,11,373,692,14,108,117,216,0,1.8741881847381592,0
chain_10,heavy,frequent,baseline,42,11,12,1,11,371,685,17,108,111,220,0,2.1708292961120605,0
chain_10,heavy,frequent,baseline,202,12,12,1,11,358,658,17,115,90,227,0,2.1039769649505615,0
chain_10,heavy,frequent,baseline,303,12,12,1,11,391,727,14,117,119,231,0,2.255897045135498,0
chain_10,heavy,frequent,baseline,404,10,12,1,11,357,658,17,84,132,186,0,2.2118990421295166,0
chain_10,heavy,frequent,p2_c120,42,12,12,6,6,420,773,21,154,191,183,0,2.157080888748169,0
chain_10,heavy,frequent,p2_c120_mp2,101,11,12,7,5,411,759,19,142,200,167,0,1.7608766555786133,0
chain_10,heavy,frequent,p2_c120,101,11,12,7,5,411,759,19,142,200,167,0,2.2331881523132324,0
chain_10,heavy,frequent,p2_c120,404,10,12,7,5,412,765,15,139,223,145,0,2.124189615249634,0
chain_10,heavy,frequent,p2_c120,202,12,12,6,6,405,749,15,162,170,189,0,2.2005279064178467,0
chain_10,heavy,frequent,p2_c120_mp2,202,12,12,6,6,405,749,15,162,170,189,0,2.1058926582336426,0
chain_10,heavy,frequent,p2_c120,303,12,12,6,6,436,810,16,162,199,191,0,2.223750591278076,0
chain_10,heavy,frequent,p2_c120_mp2,42,12,12,6,6,434,797,19,162,191,191,0,2.2942774295806885,0
chain_10,heavy,frequent,p2_c120_h2,101,11,12,7,5,417,770,18,142,196,175,2,1.7645437717437744,0
chain_10,heavy,frequent,p2_c120_mp2,303,12,12,6,6,436,810,16,162,199,191,0,2.0824573040008545,0
chain_10,heavy,frequent,p2_c40,42,0,12,0,12,230,415,17,0,95,107,0,1.7748591899871826,0
chain_10,heavy,frequent,p2_c120_h2,42,12,12,6,6,416,766,18,154,177,191,2,2.080061674118042,0
chain_10,heavy,frequent,p2_c120_mp2,404,10,12,7,5,412,765,15,139,223,145,0,2.2925806045532227,0
chain_10,heavy,frequent,p2_c120_h2,404,10,12,7,5,413,756,24,136,207,160,2,2.121429920196533,0
chain_10,heavy,frequent,p2_c120_h2,202,12,12,6,6,424,786,14,162,179,197,2,2.197709798812866,0
chain_10,heavy,frequent,p2_c120_h2,303,12,12,7,5,431,788,26,151,214,169,2,2.17392897605896,0
chain_10,heavy,frequent,p2_c40,101,11,12,7,5,411,759,19,142,200,167,0,2.3082275390625,0
chain_10,heavy,frequent,p2_c40,303,12,12,6,6,436,810,16,162,199,191,0,2.2371556758880615,0
chain_10,heavy,frequent,p2_c40,202,12,12,6,6,405,749,15,162,170,189,0,2.2645938396453857,0
chain_10,heavy,frequent,p2_c40,404,10,12,7,5,412,765,15,139,223,145,0,2.253356695175171,0
chain_10,heavy,frequent,p2_c40_penalty_off,202,12,12,6,6,405,749,15,162,170,189,0,2.13916015625,0
chain_10,heavy,frequent,p2_c40_penalty_off,101,11,12,7,5,411,759,19,142,200,167,0,2.1517207622528076,0
chain_10,heavy,frequent,p2_c40_penalty_off,42,10,12,7,5,378,690,23,125,187,148,0,2.2302067279815674,0
chain_10,heavy,frequent,p2_c40_penalty_off,404,10,12,7,5,412,765,15,139,223,145,0,1.9860870838165283,0
chain_10,heavy,frequent,p2_c40_penalty_off,303,12,12,6,6,436,810,16,162,199,191,0,2.2697601318359375,0
chain_10,sparse,medium,baseline,42,5,5,1,4,209,389,10,54,71,119,0,1.9989047050476074,0
chain_10,sparse,medium,baseline,101,5,5,1,4,200,373,8,54,62,119,0,1.9160478115081787,0
chain_10,sparse,medium,baseline,404,5,5,1,4,208,389,8,54,71,118,0,1.8313555717468262,0
chain_10,sparse,medium,baseline,202,,,0,0,81,145,9,0,28,45,0,2.14821457862854,0
chain_10,sparse,medium,p2_c120,42,5,5,3,2,227,423,10,72,103,103,0,1.915658712387085,0
chain_10,sparse,medium,baseline,303,5,5,1,4,213,398,9,54,75,119,0,2.156715154647827,0
chain_10,sparse,medium,p2_c120,202,,,0,0,81,145,9,0,28,45,0,1.9445645809173584,0
chain_10,sparse,medium,p2_c120,101,5,5,3,2,218,407,8,72,94,103,0,2.1924819946289062,0
chain_10,sparse,medium,p2_c120,303,5,5,3,2,231,430,11,72,107,103,0,2.167760133743286,0
chain_10,sparse,medium,p2_c120_mp2,303,5,5,3,2,231,430,11,72,107,103,0,1.8652002811431885,0
chain_10,sparse,medium,p2_c120,404,5,5,3,2,226,423,8,72,103,102,0,2.229919195175171,0
chain_10,sparse,medium,p2_c120_mp2,101,5,5,3,2,218,407,8,72,94,103,0,2.1544947624206543,0
chain_10,sparse,medium,p2_c120_mp2,42,5,5,3,2,229,425,10,72,103,103,0,2.260072946548462,0
chain_10,sparse,medium,p2_c120_mp2,202,,,0,0,81,145,9,0,28,45,0,2.2027924060821533,0
chain_10,sparse,medium,p2_c120_mp2,404,5,5,3,2,226,423,8,72,103,102,0,2.2026984691619873,0
chain_10,sparse,medium,p2_c120_h2,202,,,0,0,81,145,9,0,28,45,0,1.9228737354278564,0
chain_10,sparse,medium,p2_c120_h2,42,5,5,3,2,219,403,12,72,85,111,2,2.252593517303467,0
chain_10,sparse,medium,p2_c120_h2,303,5,5,3,2,219,404,11,72,85,111,2,2.197099208831787,0
chain_10,sparse,medium,p2_c40,202,,,0,0,81,145,9,0,28,45,0,1.9198880195617676,0
chain_10,sparse,medium,p2_c120_h2,101,5,5,3,2,237,443,8,72,103,111,2,2.2848033905029297,0
chain_10,sparse,medium,p2_c40,42,0,5,0,5,131,243,6,0,46,72,0,2.0047245025634766,0
chain_10,sparse,medium,p2_c40,404,5,5,3,2,226,423,8,72,103,102,0,1.9703710079193115,0
chain_10,sparse,medium,p2_c120_h2,404,5,5,3,2,232,432,10,59,108,102,2,2.189459800720215,0
chain_10,sparse,medium,p2_c40,101,5,5,3,2,218,407,8,72,94,103,0,2.1541495323181152,0
chain_10,sparse,medium,p2_c40_penalty_off,42,0,5,0,5,131,243,6,0,46,72,0,2.117060422897339,0
chain_10,sparse,medium,p2_c40,303,5,5,3,2,231,430,11,72,107,103,0,2.198667526245117,0
chain_10,sparse,medium,p2_c40_penalty_off,101,5,5,3,2,218,407,8,72,94,103,0,2.1566357612609863,0
chain_10,sparse,medium,p2_c40_penalty_off,202,,,0,0,81,145,9,0,28,45,0,2.120539426803589,0
chain_10,sparse,medium,p2_c40_penalty_off,303,5,5,3,2,231,430,11,72,107,103,0,2.274860382080078,0
chain_10,sparse,medium,p2_c40_penalty_off,404,5,5,3,2,226,423,8,72,103,102,0,2.1932549476623535,0
chain_10,sparse,frequent,baseline,42,4,5,1,4,220,395,19,37,93,101,0,2.172309398651123,0
chain_10,sparse,frequent,baseline,404,3,5,2,3,215,388,17,36,98,92,0,1.8608713150024414,0
chain_10,sparse,frequent,baseline,101,4,4,4,0,217,386,23,30,137,55,0,2.077787399291992,0
chain_10,sparse,frequent,baseline,202,4,4,2,2,206,370,17,29,120,61,0,2.1556003093719482,0
chain_10,sparse,frequent,baseline,303,3,5,2,3,211,375,22,36,93,93,0,2.2319977283477783,0
chain_10,sparse,frequent,p2_c120,42,4,5,3,2,229,411,20,46,115,87,0,2.029165029525757,0
chain_10,sparse,frequent,p2_c120_mp2,101,4,4,4,0,217,386,23,30,137,55,0,1.7807292938232422,0
chain_10,sparse,frequent,p2_c120,202,4,4,3,1,215,387,17,38,128,61,0,2.10482120513916,0
chain_10,sparse,frequent,p2_c120,303,3,5,3,2,220,392,22,45,109,85,0,2.1236915588378906,0
chain_10,sparse,frequent,p2_c120,101,4,4,4,0,217,386,23,30,137,55,0,2.2509751319885254,0
chain_10,sparse,frequent,p2_c120,404,2,5,4,1,211,378,19,36,118,68,0,2.25978684425354,0
chain_10,sparse,frequent,p2_c120_mp2,42,3,5,3,2,214,379,21,45,102,84,0,2.192002534866333,0
chain_10,sparse,frequent,p2_c120_h2,42,5,5,3,2,247,440,24,58,114,103,2,1.7189185619354248,0
chain_10,sparse,frequent,p2_c120_mp2,202,4,4,3,1,215,387,17,38,128,61,0,2.0948050022125244,0
chain_10,sparse,frequent,p2_c120_mp2,303,3,5,3,2,220,392,22,45,109,85,0,2.0969502925872803,0
chain_10,sparse,frequent,p2_c120_h2,404,4,5,3,2,249,445,24,40,136,84,2,1.8657801151275635,0
chain_10,sparse,frequent,p2_c120_mp2,404,2,5,4,1,211,378,19,36,118,68,0,2.148711681365967,0
chain_10,sparse,frequent,p2_c40,202,4,4,3,1,215,387,17,38,128,61,0,1.9119105339050293,0
chain_10,sparse,frequent,p2_c120_h2,101,3,4,3,1,235,424,19,43,131,77,2,2.180475950241089,0
chain_10,sparse,frequent,p2_c40,101,4,4,4,0,217,386,23,30,137,55,0,2.0671002864837646,0
chain_10,sparse,frequent,p2_c120_h2,202,3,4,3,1,201,358,18,27,110,65,2,2.2703053951263428,0
chain_10,sparse,frequent,p2_c120_h2,303,5,5,4,1,244,428,31,37,136,79,2,2.314598321914673,0
chain_10,sparse,frequent,p2_c40,42,0,5,0,5,177,320,13,0,84,72,0,2.2084226608276367,0
chain_10,sparse,frequent,p2_c40,303,3,5,3,2,220,392,22,45,109,85,0,2.084672689437866,0
chain_10,sparse,frequent,p2_c40_penalty_off,42,0,5,0,5,177,320,13,0,84,72,0,2.1977083683013916,0
chain_10,sparse,frequent,p2_c40,404,2,5,4,1,211,378,19,36,118,68,0,2.26823091506958,0
chain_10,sparse,frequent,p2_c40_penalty_off,202,4,4,3,1,215,387,17,38,128,61,0,1.9750263690948486,0
chain_10,sparse,frequent,p2_c40_penalty_off,101,4,4,4,0,217,386,23,30,137,55,0,2.258582830429077,0
chain_10,sparse,frequent,p2_c40_penalty_off,303,3,5,3,2,220,392,22,45,109,85,0,2.1700429916381836,0
chain_10,sparse,frequent,p2_c40_penalty_off,404,2,5,4,1,211,378,19,36,118,68,0,2.1578948497772217,0
chain_12,medium,medium,baseline,42,5,6,1,5,246,462,10,61,78,148,0,2.6042070388793945,0
chain_12,medium,medium,baseline,101,6,6,1,5,264,496,11,77,75,168,0,2.543661117553711,0
chain_12,medium,medium,p2_c120_mp2,42,4,6,3,3,253,468,14,70,118,111,0,1.9784331321716309,0
chain_12,medium,medium,baseline,202,6,6,2,4,260,488,11,71,92,147,0,2.641575336456299,0
chain_12,medium,medium,p2_c120,42,4,6,3,3,250,467,12,70,118,111,0,2.3309695720672607,0
chain_12,medium,medium,baseline,303,6,6,1,5,268,508,7,77,78,169,0,2.5994598865509033,0
chain_12,medium,medium,p2_c120_mp2,303,5,6,4,2,276,521,9,88,125,129,0,1.872849702835083,0
chain_12,medium,medium,baseline,404,6,6,1,5,271,515,6,77,82,168,0,2.592559814453125,0
chain_12,medium,medium,p2_c120_mp2,202,6,6,4,2,282,530,11,93,132,127,0,2.1387715339660645,0
chain_12,medium,medium,p2_c120,202,6,6,4,2,282,530,11,93,132,127,0,2.442847728729248,0
chain_12,medium,medium,p2_c120,101,6,6,3,3,284,532,13,97,115,146,0,2.52053165435791,0
chain_12,medium,medium,p2_c120,404,6,6,3,3,293,557,6,99,122,148,0,2.524059534072876,0
chain_12,medium,medium,p2_c120,303,5,6,4,2,276,521,9,88,125,129,0,2.685929536819458,0
chain_12,medium,medium,p2_c120_mp2,101,6,6,3,3,284,532,13,97,115,146,0,2.6824443340301514,0
chain_12,medium,medium,p2_c120_mp2,404,6,6,3,3,293,557,6,99,122,148,0,2.465751886367798,0
chain_12,medium,medium,p2_c120_h2,101,6,6,3,3,306,575,12,95,129,152,2,2.5325510501861572,0
chain_12,medium,medium,p2_c120_h2,202,6,6,4,2,303,569,12,93,143,135,2,2.4509544372558594,0
chain_12,medium,medium,p2_c120_h2,42,6,6,3,3,306,577,10,96,129,152,2,2.585517168045044,0
chain_12,medium,medium,p2_c40,202,6,6,4,2,282,530,11,93,132,127,0,2.290665626525879,0
chain_12,medium,medium,p2_c40,42,0,6,0,6,159,297,7,0,58,87,0,2.566298484802246,0
chain_12,medium,medium,p2_c120_h2,303,5,6,4,2,285,535,12,70,135,127,2,2.6679153442382812,0
chain_12,medium,medium,p2_c120_h2,404,6,6,3,3,314,595,8,99,133,156,2,2.6955113410949707,0
chain_12,medium,medium,p2_c40,101,6,6,3,3,284,532,13,97,115,146,0,2.673179864883423,0
chain_12,medium,medium,p2_c40_penalty_off,202,6,6,4,2,282,530,11,93,132,127,0,2.227327346801758,0
chain_12,medium,medium,p2_c40,303,5,6,4,2,276,521,9,88,125,129,0,2.641130208969116,0
chain_12,medium,medium,p2_c40,404,6,6,3,3,293,557,6,99,122,148,0,2.6151816844940186,0
chain_12,medium,medium,p2_c40_penalty_off,303,5,6,4,2,276,521,9,88,125,129,0,1.914741039276123,0
chain_12,medium,medium,p2_c40_penalty_off,101,6,6,3,3,284,532,13,97,115,146,0,2.589472770690918,0
chain_12,medium,medium,p2_c40_penalty_off,42,5,6,3,3,267,502,10,83,118,127,0,2.6972451210021973,0
chain_12,medium,frequent,baseline,404,6,6,1,5,346,645,18,68,208,109,0,1.9464631080627441,0
chain_12,medium,medium,p2_c40_penalty_off,404,6,6,3,3,293,557,6,99,122,148,0,2.598094940185547,0
chain_12,medium,frequent,p2_c120,42,5,6,3,3,351,659,13,88,188,133,0,2.3030364513397217,0
chain_12,medium,frequent,baseline,42,5,6,1,5,329,617,13,66,148,153,0,2.4806747436523438,0
chain_12,medium,frequent,baseline,202,6,6,1,5,343,642,15,77,147,167,0,2.523127794265747,0
chain_12,medium,frequent,baseline,101,6,6,1,5,355,665,16,77,158,168,0,2.5924911499023438,0
chain_12,medium,frequent,baseline,303,6,6,1,5,341,642,11,77,143,169,0,2.5808522701263428,0
chain_12,medium,frequent,p2_c120,101,6,6,3,3,371,691,20,93,198,142,0,2.5347917079925537,0
chain_12,medium,frequent,p2_c120,404,6,6,3,3,368,687,18,90,208,129,0,2.3711044788360596,0
chain_12,medium,frequent,p2_c120,202,6,6,3,3,360,671,18,94,187,142,0,2.6259002685546875,0
chain_12,medium,frequent,p2_c120,303,5,6,4,2,331,618,15,70,183,119,0,2.597578525543213,0
chain_12,medium,frequent,p2_c120_mp2,42,5,6,3,3,354,662,13,88,188,133,0,2.630495071411133,0
chain_12,medium,frequent,p2_c120_h2,101,6,6,3,3,385,718,19,97,198,154,2,2.0679423809051514,0
chain_12,medium,frequent,p2_c120_mp2,101,6,6,3,3,371,691,20,93,198,142,0,2.6558029651641846,0
chain_12,medium,frequent,p2_c120_mp2,202,6,6,3,3,360,671,18,94,187,142,0,2.6092302799224854,0
chain_12,medium,frequent,p2_c120_h2,42,6,6,3,3,354,660,15,99,166,155,2,2.5006608963012695,0
chain_12,medium,frequent,p2_c120_mp2,303,5,6,4,2,331,618,15,70,183,119,0,2.5661122798919678,0
chain_12,medium,frequent,p2_c40,42,0,6,0,6,237,440,12,0,128,87,0,2.236802577972412,0
chain_12,medium,frequent,p2_c120_mp2,404,6,6,3,3,368,687,18,90,208,129,0,2.5860438346862793,0
chain_12,medium,frequent,p2_c40,202,6,6,3,3,360,671,18,94,187,142,0,2.3235883712768555,0
chain_12,medium,frequent,p2_c120_h2,303,5,6,4,2,369,693,13,88,200,137,2,2.6802802085876465,0
chain_12,medium,frequent,p2_c120_h2,202,6,6,3,3,370,687,20,94,187,150,2,2.713277816772461,0
chain_12,medium,frequent,p2_c40_penalty_off,101,6,6,3,3,371,691,20,93,198,142,0,2.106250762939453,0
chain_12,medium,frequent,p2_c120_h2,404,6,6,3,3,357,659,21,90,186,137,3,2.6285626888275146,0
chain_12,medium,frequent,p2_c40_penalty_off,42,4,6,3,3,324,603,17,66,174,122,0,2.2129900455474854,0
chain_12,medium,frequent,p2_c40,303,5,6,4,2,331,618,15,70,183,119,0,2.449364423751831,0
chain_12,medium,frequent,p2_c40,101,6,6,3,3,371,691,20,93,198,142,0,2.6438612937927246,0
chain_12,medium,frequent,p2_c40,404,6,6,3,3,368,687,18,90,208,129,0,2.613527774810791,0
chain_12,medium,frequent,p2_c40_penalty_off,202,6,6,3,3,360,671,18,94,187,142,0,2.530395030975342,0
chain_12,heavy,medium,baseline,42,11,12,2,10,381,719,11,120,102,247,0,2.257016181945801,0
chain_12,medium,frequent,p2_c40_penalty_off,303,5,6,4,2,331,618,15,70,183,119,0,2.554074287414551,0
chain_12,heavy,medium,p2_c120,101,10,12,7,5,402,749,19,158,185,181,0,2.1201868057250977,0
chain_12,medium,frequent,p2_c40_penalty_off,404,6,6,3,3,368,687,18,90,208,129,0,2.6541879177093506,0
chain_12,heavy,medium,baseline,101,10,12,2,10,365,686,13,121,85,249,0,2.5789778232574463,0
chain_12,heavy,medium,baseline,202,11,12,2,10,378,711,13,132,79,267,0,2.578066349029541,0
chain_12,heavy,medium,baseline,303,12,12,2,10,394,745,10,136,92,269,0,2.6140449047088623,0
chain_12,heavy,medium,baseline,404,10,12,1,11,348,648,17,116,71,246,0,2.5946710109710693,0
chain_12,heavy,medium,p2_c120,42,11,12,7,5,436,824,11,175,202,197,0,2.5760231018066406,0
chain_12,heavy,medium,p2_c120,202,11,12,7,5,416,775,21,170,173,207,0,2.594252109527588,0
chain_12,heavy,medium,p2_c120,303,12,12,7,5,439,826,14,181,192,209,0,2.6284162998199463,0
chain_12,heavy,medium,p2_c120,404,10,12,7,5,408,761,19,176,172,200,0,2.6375718116760254,0
chain_12,heavy,medium,p2_c120_mp2,101,10,12,7,5,402,749,19,158,185,181,0,2.50226092338562,0
chain_12,heavy,medium,p2_c120_mp2,42,12,12,7,5,457,860,11,186,202,212,0,2.590439558029175,0
chain_12,heavy,medium,p2_c120_mp2,303,12,12,7,5,439,826,14,181,192,209,0,2.4161667823791504,0
chain_12,heavy,medium,p2_c120_mp2,404,10,12,7,5,408,761,19,176,172,200,0,2.435835361480713,0
chain_12,heavy,medium,p2_c120_h2,202,11,12,7,5,423,792,16,159,179,206,2,2.115208864212036,0
chain_12,heavy,medium,p2_c120_h2,303,11,12,7,5,465,885,6,187,199,227,2,2.1620852947235107,0
chain_12,heavy,medium,p2_c120_h2,42,11,12,7,5,430,807,14,170,190,201,2,2.5744776725769043,0
chain_12,heavy,medium,p2_c120_h2,404,10,12,8,4,411,767,18,158,178,196,2,2.232217311859131,0
chain_12,heavy,medium,p2_c120_mp2,202,11,12,7,5,416,775,21,170,173,207,0,2.666449785232544,0
chain_12,heavy,medium,p2_c40,202,11,12,7,5,416,775,21,170,173,207,0,2.352288007736206,0
chain_12,heavy,medium,p2_c40,42,0,12,0,12,206,384,8,0,69,117,0,2.483588457107544,0
chain_12,heavy,medium,p2_c120_h2,101,10,12,7,5,415,774,18,167,179,198,2,2.703094244003296,0
chain_12,heavy,medium,p2_c40,101,10,12,7,5,402,749,19,158,185,181,0,2.6974921226501465,0
chain_12,heavy,medium,p2_c40,303,12,12,7,5,439,826,14,181,192,209,0,2.54565691947937,0
chain_12,heavy,medium,p2_c40,404,10,12,7,5,408,761,19,176,172,200,0,2.476461887359619,0
chain_12,heavy,medium,p2_c40_penalty_off,202,11,12,7,5,416,775,21,170,173,207,0,1.9513351917266846,0
chain_12,heavy,medium,p2_c40_penalty_off,101,10,12,7,5,402,749,19,158,185,181,0,2.328906297683716,0
chain_12,heavy,medium,p2_c40_penalty_off,404,10,12,7,5,408,761,19,176,172,200,0,2.1570372581481934,0
chain_12,heavy,medium,p2_c40_penalty_off,42,11,12,6,6,448,851,8,187,189,222,0,2.69868540763855,0
chain_12,heavy,medium,p2_c40_penalty_off,303,12,12,7,5,439,826,14,181,192,209,0,2.7331955432891846,0
chain_12,heavy,frequent,baseline,42,10,12,4,8,416,774,19,113,155,222,0,2.621901750564575,0
chain_12,heavy,frequent,baseline,101,10,12,2,10,438,813,24,113,246,153,0,2.6066110134124756,0
chain_12,heavy,frequent,baseline,404,10,12,1,11,448,830,27,121,158,251,0,2.444899559020996,0
chain_12,heavy,frequent,baseline,202,10,12,3,9,438,818,19,121,152,247,0,2.610515832901001,0
chain_12,heavy,frequent,baseline,303,11,12,3,9,441,827,15,128,152,249,0,2.5961663722991943,0
chain_12,heavy,frequent,p2_c120,202,10,12,7,5,478,892,21,161,232,203,0,2.148385524749756,0
chain_12,heavy,frequent,p2_c120,42,10,12,8,4,460,856,21,157,235,182,0,2.6465349197387695,0
chain_12,heavy,frequent,p2_c120,404,10,12,7,5,503,940,22,176,259,200,0,2.1618704795837402,0
chain_12,heavy,frequent,p2_c120,303,10,12,8,4,464,868,17,154,239,182,0,2.4887616634368896,0
chain_12,heavy,frequent,p2_c120,101,10,12,7,5,495,922,24,170,258,193,0,2.641352653503418,0
chain_12,heavy,frequent,p2_c120_mp2,202,10,12,7,5,478,892,21,161,232,203,0,2.5028882026672363,0
chain_12,heavy,frequent,p2_c120_mp2,42,10,12,8,4,469,869,22,162,235,187,0,2.6429567337036133,0
chain_12,heavy,frequent,p2_c120_h2,303,11,12,7,5,528,992,17,181,260,221,2,2.1877307891845703,0
chain_12,heavy,frequent,p2_c120_mp2,101,10,12,7,5,495,922,24,170,258,193,0,2.6350162029266357,0
chain_12,heavy,frequent,p2_c120_h2,101,11,12,7,5,519,972,19,186,247,225,2,2.530503749847412,0
chain_12,heavy,frequent,p2_c120_mp2,303,10,12,8,4,464,868,17,154,239,182,0,2.6816251277923584,0
chain_12,heavy,frequent,p2_c120_h2,202,12,12,6,6,540,1010,22,197,248,244,2,2.4720780849456787,0
chain_12,heavy,frequent,p2_c120_h2,42,10,12,7,5,465,865,19,170,215,204,2,2.680867910385132,0
chain_12,heavy,frequent,p2_c120_mp2,404,10,12,7,5,503,940,22,176,259,200,0,2.717045783996582,0
chain_12,heavy,frequent,p2_c40,42,0,12,0,12,273,505,13,0,128,117,0,2.470330238342285,0
chain_12,heavy,frequent,p2_c40_penalty_off,42,10,12,6,6,483,905,17,171,237,202,0,1.9175732135772705,0
chain_12,heavy,frequent,p2_c120_h2,404,9,12,8,4,459,848,25,151,236,178,3,2.6208815574645996,0
chain_12,heavy,frequent,p2_c40,303,10,12,8,4,464,868,17,154,239,182,0,2.459419012069702,0
chain_12,heavy,frequent,p2_c40,101,10,12,7,5,495,922,24,170,258,193,0,2.707364559173584,0
chain_12,heavy,frequent,p2_c40,404,10,12,7,5,503,940,22,176,259,200,0,2.3906538486480713,0
chain_12,heavy,frequent,p2_c40,202,10,12,7,5,478,892,21,161,232,203,0,2.6989424228668213,0
chain_12,sparse,medium,baseline,202,4,5,1,4,222,413,13,55,72,132,0,1.7994592189788818,0
chain_12,heavy,frequent,p2_c40_penalty_off,101,10,12,7,5,495,922,24,170,258,193,0,2.7212929725646973,0
chain_12,heavy,frequent,p2_c40_penalty_off,202,10,12,7,5,478,892,21,161,232,203,0,2.4346706867218018,0
chain_12,sparse,medium,baseline,101,4,5,1,4,229,427,13,55,75,136,0,2.3589742183685303,0
chain_12,heavy,frequent,p2_c40_penalty_off,404,10,12,7,5,503,940,22,176,259,200,0,2.6077563762664795,0
chain_12,sparse,medium,baseline,42,5,5,1,4,244,463,6,66,78,147,0,2.564478874206543,0
chain_12,heavy,frequent,p2_c40_penalty_off,303,10,12,8,4,464,868,17,154,239,182,0,2.7313296794891357,0
chain_12,sparse,medium,p2_c120,42,5,5,3,2,266,505,6,88,118,127,0,2.3852274417877197,0
chain_12,sparse,medium,baseline,303,5,5,1,4,238,451,6,66,70,149,0,2.5861732959747314,0
chain_12,sparse,medium,p2_c120_mp2,101,5,5,3,2,259,483,14,83,115,123,0,2.0073044300079346,0
chain_12,sparse,medium,baseline,404,5,5,1,4,254,481,8,60,133,102,0,2.653477430343628,0
chain_12,sparse,medium,p2_c120_mp2,42,5,5,3,2,268,507,6,88,118,127,0,2.1719260215759277,0
chain_12,sparse,medium,p2_c120,101,5,5,3,2,259,483,14,83,115,123,0,2.491166353225708,0
chain_12,sparse,medium,p2_c120_mp2,404,5,5,3,2,276,523,8,82,143,112,0,2.2149951457977295,0
chain_12,sparse,medium,p2_c120,202,5,5,3,2,257,480,13,85,112,124,0,2.596196174621582,0
chain_12,sparse,medium,p2_c120,303,5,5,3,2,260,493,6,88,110,129,0,2.5984222888946533,0
chain_12,sparse,medium,p2_c120,404,5,5,3,2,276,523,8,82,143,112,0,2.623081922531128,0
chain_12,sparse,medium,p2_c120_mp2,303,5,5,3,2,260,493,6,88,110,129,0,2.5097784996032715,0
chain_12,sparse,medium,p2_c40,101,5,5,3,2,259,483,14,83,115,123,0,1.975820541381836,0
chain_12,sparse,medium,p2_c120_mp2,202,5,5,3,2,257,480,13,85,112,124,0,2.663740396499634,0
chain_12,sparse,medium,p2_c120_h2,42,5,5,3,2,276,517,12,88,118,135,2,2.703202962875366,0
chain_12,sparse,medium,p2_c120_h2,101,4,5,3,2,240,443,16,57,102,117,2,2.6982603073120117,0
chain_12,sparse,medium,p2_c120_h2,202,4,5,3,2,247,457,16,66,101,125,2,2.603942632675171,0
chain_12,sparse,medium,p2_c120_h2,303,5,5,3,2,253,465,19,60,112,119,2,2.630265474319458,0
chain_12,sparse,medium,p2_c120_h2,404,5,5,3,2,282,532,8,88,122,136,3,2.7066102027893066,0
chain_12,sparse,medium,p2_c40,42,0,5,0,5,164,308,7,0,69,82,0,2.670029401779175,0
chain_12,sparse,medium,p2_c40,404,5,5,3,2,276,523,8,82,143,112,0,2.317516565322876,0
chain_12,sparse,medium,p2_c40,202,5,5,3,2,257,480,13,85,112,124,0,2.6668241024017334,0
chain_12,sparse,medium,p2_c40_penalty_off,404,5,5,3,2,276,523,8,82,143,112,0,1.7359209060668945,0
chain_12,sparse,medium,p2_c40,303,5,5,3,2,260,493,6,88,110,129,0,2.7347800731658936,0
chain_12,sparse,medium,p2_c40_penalty_off,42,0,5,0,5,164,308,7,0,69,82,0,2.6229453086853027,0
chain_12,sparse,medium,p2_c40_penalty_off,101,5,5,3,2,259,483,14,83,115,123,0,2.6096274852752686,0
chain_12,sparse,medium,p2_c40_penalty_off,202,5,5,3,2,257,480,13,85,112,124,0,2.5946662425994873,0
chain_12,sparse,frequent,baseline,202,3,5,4,1,244,439,24,32,148,71,0,2.267322301864624,0
chain_12,sparse,frequent,baseline,101,2,5,4,1,263,475,27,26,163,76,0,2.500930070877075,0
chain_12,sparse,medium,p2_c40_penalty_off,303,5,5,3,2,260,493,6,88,110,129,0,2.6251752376556396,0
chain_12,sparse,frequent,p2_c120,42,3,5,4,1,252,457,22,37,140,87,0,2.179206371307373,0
chain_12,sparse,frequent,p2_c120,404,4,5,4,1,287,528,20,42,173,88,0,1.9287152290344238,0
chain_12,sparse,frequent,baseline,42,3,5,4,1,252,457,22,37,140,87,0,2.661963939666748,0
chain_12,sparse,frequent,baseline,303,2,5,4,1,234,423,21,25,139,71,0,2.625166893005371,0
chain_12,sparse,frequent,p2_c120,202,3,5,4,1,244,439,24,32,148,71,0,2.371119737625122,0
chain_12,sparse,frequent,baseline,404,4,5,4,1,287,528,20,42,173,88,0,2.6940393447875977,0
chain_12,sparse,frequent,p2_c120,101,2,5,4,1,263,475,27,26,163,76,0,2.622972011566162,0
chain_12,sparse,frequent,p2_c120_mp2,202,3,5,4,1,244,439,24,32,148,71,0,2.344749689102173,0
chain_12,sparse,frequent,p2_c120,303,2,5,4,1,234,423,21,25,139,71,0,2.637662887573242,0
chain_12,sparse,frequent,p2_c120_mp2,42,3,5,4,1,253,458,22,37,140,87,0,2.5809736251831055,0
chain_12,sparse,frequent,p2_c120_mp2,101,2,5,4,1,263,475,27,26,163,76,0,2.6394784450531006,0
chain_12,sparse,frequent,p2_c120_mp2,303,2,5,4,1,234,423,21,25,139,71,0,2.576540946960449,0
chain_12,sparse,frequent,p2_c120_h2,202,1,5,4,1,268,490,21,22,163,80,2,2.192406415939331,0
chain_12,sparse,frequent,p2_c120_mp2,404,4,5,4,1,287,528,20,42,173,88,0,2.644338607788086,0
chain_12,sparse,frequent,p2_c120_h2,42,2,5,4,1,264,482,20,33,143,95,2,2.6523847579956055,0
chain_12,sparse,frequent,p2_c40,42,0,5,0,5,202,370,13,0,99,82,0,2.2557005882263184,0
chain_12,sparse,frequent,p2_c40,101,2,5,4,1,263,475,27,26,163,76,0,2.2462852001190186,0
chain_12,sparse,frequent,p2_c40,202,3,5,4,1,244,439,24,32,148,71,0,2.2217226028442383,0
chain_12,sparse,frequent,p2_c120_h2,101,5,5,4,1,321,587,25,61,185,106,2,2.6418380737304688,0
chain_12,sparse,frequent,p2_c120_h2,303,2,5,4,1,267,487,21,33,144,97,2,2.7363553047180176,0
chain_12,sparse,frequent,p2_c120_h2,404,4,5,4,1,276,498,25,38,150,97,3,2.7414050102233887,0
chain_12,sparse,frequent,p2_c40,303,2,5,4,1,234,423,21,25,139,71,0,2.624652862548828,0
chain_12,sparse,frequent,p2_c40,404,4,5,4,1,287,528,20,42,173,88,0,2.4074783325195312,0
chain_12,sparse,frequent,p2_c40_penalty_off,42,0,5,0,5,202,370,13,0,99,82,0,2.3471508026123047,0
chain_12,sparse,frequent,p2_c40_penalty_off,101,2,5,4,1,263,475,27,26,163,76,0,2.3014023303985596,0
chain_12,sparse,frequent,p2_c40_penalty_off,202,3,5,4,1,244,439,24,32,148,71,0,2.369072437286377,0
chain_12,sparse,frequent,p2_c40_penalty_off,303,2,5,4,1,234,423,21,25,139,71,0,2.637930393218994,0
chain_12,sparse,frequent,p2_c40_penalty_off,404,4,5,4,1,287,528,20,42,173,88,0,2.6464953422546387,0
chain_15,medium,medium,p2_c120,101,6,6,4,2,330,623,15,81,167,141,0,2.294665813446045,0
chain_15,medium,medium,baseline,303,6,6,2,4,328,623,12,85,120,187,0,2.693722724914551,0
chain_15,medium,medium,baseline,42,5,6,1,5,308,586,10,84,92,196,0,3.1551480293273926,0
chain_15,medium,medium,baseline,101,6,6,2,4,324,614,13,75,123,180,0,3.1103808879852295,0
chain_15,medium,medium,baseline,202,6,6,1,5,324,619,8,98,85,218,0,3.1797139644622803,0
chain_15,medium,medium,p2_c120,303,6,6,4,2,363,693,10,120,172,168,0,2.699664831161499,0
chain_15,medium,medium,baseline,404,5,6,2,4,327,621,13,80,130,177,0,3.039163112640381,0
chain_15,medium,medium,p2_c120_mp2,42,6,6,3,3,361,687,9,126,144,191,0,2.564962863922119,0
chain_15,medium,medium,p2_c120,42,6,6,3,3,358,685,8,126,144,191,0,3.2368500232696533,0
chain_15,medium,medium,p2_c120,202,6,6,3,3,352,673,8,126,137,192,0,3.0323221683502197,0
chain_15,medium,medium,p2_c120_mp2,202,6,6,3,3,352,673,8,126,137,192,0,2.8456907272338867,0
chain_15,medium,medium,p2_c120,404,5,6,4,2,341,648,13,94,166,154,0,3.241016149520874,0
chain_15,medium,medium,p2_c120_mp2,101,6,6,4,2,330,623,15,81,167,141,0,3.2707130908966064,0
chain_15,medium,medium,p2_c120_h2,42,4,6,4,2,311,583,17,78,149,140,2,3.132711887359619,0
chain_15,medium,medium,p2_c120_mp2,303,6,6,4,2,363,693,10,120,172,168,0,3.2168631553649902,0
chain_15,medium,medium,p2_c120_mp2,404,5,6,4,2,341,648,13,94,166,154,0,3.233924627304077,0
chain_15,medium,medium,p2_c120_h2,202,6,6,3,3,362,691,8,126,137,200,2,3.2001683712005615,0
chain_15,medium,medium,p2_c120_h2,303,6,6,4,2,373,709,12,120,172,176,2,3.2543785572052,0
chain_15,medium,medium,p2_c120_h2,101,6,6,4,2,374,710,13,115,175,174,2,3.327786684036255,0
chain_15,medium,medium,p2_c40,42,0,6,0,6,184,346,8,0,66,104,0,3.1667191982269287,0
chain_15,medium,medium,p2_c120_h2,404,5,6,3,3,366,696,12,112,157,185,2,3.3457765579223633,0
chain_15,medium,medium,p2_c40,303,6,6,4,2,363,693,10,120,172,168,0,2.951397180557251,0
chain_15,medium,medium,p2_c40,101,6,6,4,2,330,623,15,81,167,141,0,3.2287468910217285,0
chain_15,medium,medium,p2_c40_penalty_off,42,2,6,3,3,237,444,13,36,118,102,0,2.794088125228882,0
chain_15,medium,medium,p2_c40,202,6,6,3,3,352,673,8,126,137,192,0,3.0460457801818848,0
chain_15,medium,medium,p2_c40,404,5,6,4,2,341,648,13,94,166,154,0,2.977644443511963,0
chain_15,medium,medium,p2_c40_penalty_off,303,6,6,4,2,363,693,10,120,172,168,0,2.381671667098999,0
chain_15,medium,medium,p2_c40_penalty_off,101,6,6,4,2,330,623,15,81,167,141,0,3.218296766281128,0
chain_15,medium,medium,p2_c40_penalty_off,202,6,6,3,3,352,673,8,126,137,192,0,3.2163662910461426,0
chain_15,medium,medium,p2_c40_penalty_off,404,5,6,4,2,341,648,13,94,166,154,0,3.0491669178009033,0
chain_15,medium,frequent,p2_c120,42,5,6,3,3,428,801,25,110,229,169,0,2.7136025428771973,0
chain_15,medium,frequent,p2_c120,202,6,6,3,3,447,842,21,126,224,192,0,2.5921967029571533,0
chain_15,medium,frequent,baseline,42,5,6,1,5,389,725,25,71,218,143,0,3.2344279289245605,0
chain_15,medium,frequent,baseline,101,6,6,2,4,414,774,25,87,193,192,0,3.294227361679077,0
chain_15,medium,frequent,baseline,202,6,6,1,5,419,788,21,98,172,218,0,3.3122262954711914,0
chain_15,medium,frequent,baseline,303,5,6,1,5,393,741,17,77,171,194,0,3.267249822616577,0
chain_15,medium,frequent,baseline,404,6,6,1,5,420,794,17,86,184,207,0,3.310962200164795,0
chain_15,medium,frequent,p2_c120,101,6,6,4,2,442,830,23,115,245,166,0,3.332893133163452,0
chain_15,medium,frequent,p2_c120,404,5,6,3,3,431,809,23,100,236,165,0,2.9403934478759766,0
chain_15,medium,frequent,p2_c120,303,5,6,4,2,428,811,15,112,230,168,0,3.3597121238708496,0
chain_15,medium,frequent,p2_c40,202,6,6,3,3,447,842,21,126,224,192,0,2.146315336227417,0
chain_15,medium,frequent,p2_c120_mp2,42,5,6,3,3,431,804,25,110,229,169,0,2.9991378784179688,0
chain_15,medium,frequent,p2_c120_mp2,202,6,6,3,3,447,842,21,126,224,192,0,3.062309503555298,0
chain_15,medium,frequent,p2_c120_mp2,404,5,6,3,3,431,809,23,100,236,165,0,2.9397928714752197,0
chain_15,medium,frequent,p2_c120_h2,303,5,6,4,2,431,808,22,112,223,176,2,2.6736083030700684,0
chain_15,medium,frequent,p2_c120_mp2,101,6,6,4,2,442,830,23,115,245,166,0,3.2498667240142822,0
chain_15,medium,frequent,p2_c40,42,0,6,0,6,277,511,21,0,151,104,0,2.6397454738616943,0
chain_15,medium,frequent,p2_c120_mp2,303,5,6,4,2,428,811,15,112,230,168,0,3.261765241622925,0
chain_15,medium,frequent,p2_c120_h2,42,4,6,4,2,416,776,26,59,265,121,2,3.217879295349121,0
chain_15,medium,frequent,p2_c120_h2,101,6,6,4,2,444,837,19,97,251,161,2,3.2370946407318115,0
chain_15,medium,frequent,p2_c120_h2,202,6,6,3,3,457,858,23,126,224,200,2,3.1404201984405518,0
chain_15,medium,frequent,p2_c40,404,5,6,3,3,431,809,23,100,236,165,0,3.005322217941284,0
chain_15,medium,frequent,p2_c40,101,6,6,4,2,442,830,23,115,245,166,0,3.335508108139038,0
chain_15,medium,frequent,p2_c40,303,5,6,4,2,428,811,15,112,230,168,0,3.2618050575256348,0
chain_15,medium,frequent,p2_c120_h2,404,5,6,3,3,456,857,22,100,250,173,3,3.374778985977173,0
chain_15,medium,frequent,p2_c40_penalty_off,101,6,6,4,2,442,830,23,115,245,166,0,3.031297445297241,0
chain_15,medium,frequent,p2_c40_penalty_off,42,5,6,3,3,429,806,22,112,229,170,0,3.2598037719726562,0
chain_15,heavy,medium,baseline,101,10,12,2,10,434,816,21,139,95,308,0,2.833796501159668,0
chain_15,medium,frequent,p2_c40_penalty_off,202,6,6,3,3,447,842,21,126,224,192,0,3.306121587753296,0
chain_15,medium,frequent,p2_c40_penalty_off,303,5,6,4,2,428,811,15,112,230,168,0,3.2612760066986084,0
chain_15,medium,frequent,p2_c40_penalty_off,404,5,6,3,3,431,809,23,100,236,165,0,3.262253761291504,0
chain_15,heavy,medium,baseline,42,11,12,4,8,468,889,15,158,141,295,0,3.305056095123291,0
chain_15,heavy,medium,baseline,404,8,12,2,10,408,764,23,116,122,257,0,2.9266180992126465,0
chain_15,heavy,medium,baseline,303,8,10,1,9,399,753,18,119,100,272,0,3.0177643299102783,0
chain_15,heavy,medium,p2_c120,42,11,12,4,8,468,889,15,158,141,295,0,2.751136302947998,0
chain_15,heavy,medium,baseline,202,9,10,2,8,413,783,14,143,111,273,0,3.2029507160186768,0
chain_15,heavy,medium,p2_c120,404,8,12,2,10,408,764,23,116,122,257,0,2.7557098865509033,0
chain_15,heavy,medium,p2_c120_mp2,101,10,12,2,10,434,816,21,139,95,308,0,2.7307257652282715,0
chain_15,heavy,medium,p2_c120,303,8,10,1,9,399,753,18,119,100,272,0,3.017929792404175,0
chain_15,heavy,medium,p2_c120_h2,101,10,12,2,10,435,820,17,129,96,306,2,2.4185359477996826,0
chain_15,heavy,medium,p2_c120,101,10,12,2,10,434,816,21,139,95,308,0,3.311471700668335,0
chain_15,heavy,medium,p2_c120,202,9,10,2,8,413,783,14,143,111,273,0,3.3008012771606445,0
chain_15,heavy,medium,p2_c120_mp2,303,8,10,1,9,399,753,18,119,100,272,0,2.831023931503296,0
chain_15,heavy,medium,p2_c120_mp2,404,8,12,2,10,408,764,23,116,122,257,0,3.0930402278900146,0
chain_15,heavy,medium,p2_c120_mp2,42,9,12,8,4,465,866,26,175,245,182,0,3.281032085418701,0
chain_15,heavy,medium,p2_c120_mp2,202,9,10,2,8,413,783,14,143,111,273,0,3.168983221054077,0
chain_15,heavy,medium,p2_c120_h2,303,9,10,1,9,413,776,20,110,175,208,2,2.843956232070923,0
chain_15,heavy,medium,p2_c120_h2,42,11,12,2,10,466,879,19,140,121,311,2,3.1891398429870605,0
chain_15,heavy,medium,p2_c120_h2,202,10,10,1,9,436,829,12,144,200,205,2,3.2393016815185547,0
chain_15,heavy,medium,p2_c120_h2,404,8,12,3,9,413,771,24,121,116,266,2,3.140845775604248,0
chain_15,heavy,medium,p2_c40,101,10,12,2,10,434,816,21,139,95,308,0,3.1303329467773438,0
chain_15,heavy,medium,p2_c40,202,9,10,2,8,413,783,14,143,111,273,0,3.1175358295440674,0
chain_15,heavy,medium,p2_c40,42,0,12,0,12,222,414,10,0,68,134,0,3.311814785003662,0
chain_15,heavy,medium,p2_c40_penalty_off,42,11,12,1,11,467,891,11,157,94,341,0,2.4612510204315186,0
chain_15,heavy,medium,p2_c40,303,8,10,1,9,399,753,18,119,100,272,0,3.060885190963745,0
chain_15,heavy,medium,p2_c40,404,8,12,2,10,408,764,23,116,122,257,0,3.0162956714630127,0
chain_15,heavy,medium,p2_c40_penalty_off,202,9,10,2,8,413,783,14,143,111,273,0,3.185764789581299,0
chain_15,heavy,medium,p2_c40_penalty_off,101,10,12,2,10,434,816,21,139,95,308,0,3.3070406913757324,0
chain_15,heavy,frequent,baseline,42,10,12,5,7,501,930,33,127,222,240,0,2.984161138534546,0
chain_15,heavy,medium,p2_c40_penalty_off,303,8,10,1,9,399,753,18,119,100,272,0,3.2389533519744873,0
chain_15,heavy,frequent,baseline,101,10,12,3,9,532,992,33,129,301,192,0,3.1520602703094482,0
chain_15,heavy,medium,p2_c40_penalty_off,404,8,12,2,10,408,764,23,116,122,257,0,3.206026315689087,0
chain_15,heavy,frequent,baseline,404,8,12,2,10,486,905,30,108,267,182,0,2.9239261150360107,0
chain_15,heavy,frequent,baseline,202,8,12,4,8,495,923,30,126,188,270,0,3.2195088863372803,0
chain_15,heavy,frequent,baseline,303,11,12,3,9,532,999,25,143,294,198,0,3.248821496963501,0
chain_15,heavy,frequent,p2_c120,42,10,12,5,7,501,930,33,127,222,240,0,2.923341989517212,0
chain_15,heavy,frequent,p2_c120_mp2,42,8,12,9,3,492,903,38,136,317,132,0,2.683202028274536,0
chain_15,heavy,frequent,p2_c120,101,10,12,3,9,532,992,33,129,301,192,0,2.9740684032440186,0
chain_15,heavy,frequent,p2_c120,404,8,12,2,10,486,905,30,108,267,182,0,3.0132761001586914,0
chain_15,heavy,frequent,p2_c120,303,11,12,3,9,532,999,25,143,294,198,0,3.2707934379577637,0
chain_15,heavy,frequent,p2_c120_mp2,404,8,12,2,10,486,905,30,108,267,182,0,2.7021663188934326,0
chain_15,heavy,frequent,p2_c120,202,8,12,4,8,495,923,30,126,188,270,0,3.323678731918335,0
chain_15,heavy,frequent,p2_c120_mp2,202,8,12,4,8,495,923,30,126,188,270,0,3.044037103652954,0
chain_15,heavy,frequent,p2_c120_mp2,101,10,12,3,9,532,992,33,129,301,192,0,3.10400390625,0
chain_15,heavy,frequent,p2_c120_h2,101,11,12,2,10,548,1027,27,135,200,306,2,2.8497955799102783,0
chain_15,heavy,frequent,p2_c120_h2,404,8,12,1,11,513,956,30,120,271,202,3,2.599452495574951,0
chain_15,heavy,frequent,p2_c120_mp2,303,11,12,3,9,532,999,25,143,294,198,0,3.3286893367767334,0
chain_15,heavy,frequent,p2_c120_h2,202,10,12,4,8,511,951,30,132,294,176,2,2.9569919109344482,0
chain_15,heavy,frequent,p2_c120_h2,42,10,12,2,10,570,1072,27,131,226,303,2,3.371371030807495,0
chain_15,heavy,frequent,p2_c40,101,10,12,3,9,532,992,33,129,301,192,0,2.966609477996826,0
chain_15,heavy,frequent,p2_c120_h2,303,10,12,2,10,542,1018,25,136,278,223,2,3.288599729537964,0
chain_15,heavy,frequent,p2_c40,202,8,12,4,8,495,923,30,126,188,270,0,2.9854366779327393,0
chain_15,heavy,frequent,p2_c40,42,0,12,0,12,301,551,23,0,142,131,0,3.3136260509490967,0
chain_15,heavy,frequent,p2_c40,303,11,12,3,9,532,999,25,143,294,198,0,2.9729559421539307,0
chain_15,heavy,frequent,p2_c40_penalty_off,101,10,12,3,9,532,992,33,129,301,192,0,2.8753604888916016,0
chain_15,sparse,medium,baseline,101,4,5,1,4,308,587,11,70,116,174,0,2.8630151748657227,0
chain_15,heavy,frequent,p2_c40_penalty_off,42,10,12,1,11,518,971,26,148,160,319,0,3.203378200531006,0
chain_15,heavy,frequent,p2_c40_penalty_off,303,11,12,3,9,532,999,25,143,294,198,0,3.0032873153686523,0
chain_15,heavy,frequent,p2_c40,404,8,12,2,10,486,905,30,108,267,182,0,3.2818448543548584,0
chain_15,heavy,frequent,p2_c40_penalty_off,202,8,12,4,8,495,923,30,126,188,270,0,3.123234272003174,0
chain_15,sparse,medium,baseline,303,3,3,3,0,237,445,14,36,132,90,0,2.8610165119171143,0
chain_15,heavy,frequent,p2_c40_penalty_off,404,8,12,2,10,486,905,30,108,267,182,0,3.1585395336151123,0
chain_15,sparse,medium,baseline,202,2,3,1,2,218,412,10,42,85,119,0,3.0525834560394287,0
chain_15,sparse,medium,baseline,42,4,5,1,4,298,569,9,70,106,174,0,3.3064370155334473,0
chain_15,sparse,medium,baseline,404,4,5,1,4,287,544,12,66,102,167,0,3.060053825378418,0
chain_15,sparse,medium,p2_c120,101,5,5,3,2,355,680,9,112,168,166,0,2.7568559646606445,0
chain_15,sparse,medium,p2_c120,404,5,5,3,2,331,629,12,101,154,156,0,2.788240909576416,0
chain_15,sparse,medium,p2_c120_mp2,202,3,3,2,1,254,484,8,70,111,127,0,2.4794485569000244,0
chain_15,sparse,medium,p2_c120,42,4,5,3,2,312,595,10,84,141,152,0,3.3307580947875977,0
chain_15,sparse,medium,p2_c120,202,3,3,2,1,254,484,8,70,111,127,0,3.1992666721343994,0
chain_15,sparse,medium,p2_c120,303,3,3,3,0,237,445,14,36,132,90,0,3.2275359630584717,0
chain_15,sparse,medium,p2_c120_mp2,101,5,5,3,2,355,680,9,112,168,166,0,3.1000308990478516,0
chain_15,sparse,medium,p2_c120_mp2,42,5,5,3,2,360,689,8,112,172,165,0,3.161860942840576,0
chain_15,sparse,medium,p2_c120_mp2,303,3,3,3,0,237,445,14,36,132,90,0,3.04994797706604,0
chain_15,sparse,medium,p2_c120_h2,101,5,5,3,2,352,669,12,103,164,165,2,3.0940003395080566,0
chain_15,sparse,medium,p2_c120_mp2,404,5,5,3,2,331,629,12,101,154,156,0,3.258558988571167,0
chain_15,sparse,medium,p2_c120_h2,42,4,5,3,2,331,628,13,84,150,160,2,3.2252347469329834,0
chain_15,sparse,medium,p2_c40,202,3,3,2,1,254,484,8,70,111,127,0,2.195502519607544,0
chain_15,sparse,medium,p2_c120_h2,202,2,3,2,1,213,398,12,29,101,96,2,3.2303755283355713,0
chain_15,sparse,medium,p2_c120_h2,303,3,3,3,0,247,463,14,36,132,98,2,3.2447304725646973,0
chain_15,sparse,medium,p2_c120_h2,404,5,5,3,2,348,663,10,105,157,168,2,3.3387258052825928,0
chain_15,sparse,medium,p2_c40,101,5,5,3,2,355,680,9,112,168,166,0,3.236431121826172,0
chain_15,sparse,medium,p2_c40,42,0,5,0,5,178,335,8,0,66,99,0,3.4085822105407715,0
chain_15,sparse,medium,p2_c40_penalty_off,101,5,5,3,2,355,680,9,112,168,166,0,2.8089280128479004,0
chain_15,sparse,frequent,baseline,42,4,5,4,1,355,652,32,54,216,113,0,2.861351490020752,0
chain_15,sparse,frequent,baseline,202,3,4,1,3,305,562,24,49,143,138,0,2.7516822814941406,0
chain_15,sparse,medium,p2_c40_penalty_off,404,5,5,3,2,331,629,12,101,154,156,0,2.997868299484253,0
chain_15,sparse,medium,p2_c40_penalty_off,202,3,3,2,1,254,484,8,70,111,127,0,3.1708757877349854,0
chain_15,sparse,medium,p2_c40,303,3,3,3,0,237,445,14,36,132,90,0,3.308868408203125,0
chain_15,sparse,frequent,baseline,303,5,5,1,4,343,633,26,55,151,165,0,2.889590263366699,0
chain_15,sparse,medium,p2_c40,404,5,5,3,2,331,629,12,101,154,156,0,3.326282501220703,0
chain_15,sparse,medium,p2_c40_penalty_off,42,0,5,0,5,178,335,8,0,66,99,0,3.305074691772461,0
chain_15,sparse,frequent,p2_c120,101,3,5,4,1,320,587,28,38,199,96,0,2.6485142707824707,0
chain_15,sparse,medium,p2_c40_penalty_off,303,3,3,3,0,237,445,14,36,132,90,0,3.2383501529693604,0
chain_15,sparse,frequent,baseline,101,3,5,4,1,320,587,28,38,199,96,0,3.1457273960113525,0
chain_15,sparse,frequent,baseline,404,4,5,4,1,303,548,32,50,162,115,0,3.2180609703063965,0
chain_15,sparse,frequent,p2_c120,42,4,5,4,1,355,652,32,54,216,113,0,3.2584266662597656,0
chain_15,sparse,frequent,p2_c120,202,3,4,2,2,317,583,26,63,169,123,0,3.0445220470428467,0
chain_15,sparse,frequent,p2_c120_h2,42,2,5,4,1,344,639,23,42,197,121,2,2.1648952960968018,0
chain_15,sparse,frequent,p2_c120,303,4,5,4,1,334,617,24,60,190,117,0,3.1471033096313477,0
chain_15,sparse,frequent,p2_c120,404,4,5,4,1,303,548,32,50,162,115,0,3.1854023933410645,0
chain_15,sparse,frequent,p2_c120_mp2,101,3,5,4,1,320,587,28,38,199,96,0,3.0664281845092773,0
chain_15,sparse,frequent,p2_c120_mp2,42,3,5,4,1,338,617,33,40,216,96,0,3.334003448486328,0
chain_15,sparse,frequent,p2_c120_mp2,202,3,4,2,2,317,583,26,63,169,123,0,2.9997622966766357,0
chain_15,sparse,frequent,p2_c120_mp2,404,4,5,4,1,303,548,32,50,162,115,0,3.048687696456909,0
chain_15,sparse,frequent,p2_c120_h2,101,4,5,3,2,367,683,22,84,177,161,2,2.6145541667938232,0
chain_15,sparse,frequent,p2_c120_mp2,303,4,5,4,1,334,617,24,60,190,117,0,3.200666904449463,0
chain_15,sparse,frequent,p2_c120_h2,202,3,4,2,2,330,606,27,57,176,127,2,3.138908624649048,0
chain_15,sparse,frequent,p2_c40,42,0,5,0,5,258,476,19,0,138,99,0,3.1146597862243652,0
chain_15,sparse,frequent,p2_c120_h2,303,4,5,5,0,347,640,26,42,221,98,2,3.281848669052124,0
chain_15,sparse,frequent,p2_c120_h2,404,4,5,3,2,389,721,28,68,214,146,2,3.3755037784576416,0
chain_15,sparse,frequent,p2_c40,101,3,5,4,1,320,587,28,38,199,96,0,2.977004051208496,0
chain_15,sparse,frequent,p2_c40,202,3,4,2,2,317,583,26,63,169,123,0,3.002312183380127,0
chain_15,sparse,frequent,p2_c40_penalty_off,42,0,5,0,5,258,476,19,0,138,99,0,3.0251376628875732,0
chain_15,sparse,frequent,p2_c40_penalty_off,101,3,5,4,1,320,587,28,38,199,96,0,3.0696654319763184,0
chain_15,sparse,frequent,p2_c40,303,4,5,4,1,334,617,24,60,190,117,0,3.268364906311035,0
chain_15,sparse,frequent,p2_c40,404,4,5,4,1,303,548,32,50,162,115,0,3.2594199180603027,0
chain_15,sparse,frequent,p2_c40_penalty_off,202,3,4,2,2,317,583,26,63,169,123,0,3.2569499015808105,0
chain_15,sparse,frequent,p2_c40_penalty_off,303,4,5,4,1,334,617,24,60,190,117,0,3.30757999420166,0
chain_15,sparse,frequent,p2_c40_penalty_off,404,4,5,4,1,303,548,32,50,162,115,0,3.3251707553863525,0
chain_20,medium,medium,baseline,42,4,6,2,4,381,725,18,75,200,162,0,3.9149436950683594,0
chain_20,medium,medium,baseline,101,5,6,1,5,422,807,17,97,153,249,0,3.965780019760132,0
chain_20,medium,medium,baseline,202,5,6,1,5,414,795,13,114,127,267,0,4.100764274597168,0
chain_20,medium,medium,p2_c120,303,4,6,5,1,410,786,15,93,249,142,0,3.5116069316864014,0
chain_20,medium,medium,baseline,404,4,6,4,2,353,667,20,75,211,123,0,4.20343279838562,0
chain_20,medium,medium,baseline,303,4,6,5,1,410,786,15,93,249,142,0,4.3647308349609375,0
chain_20,medium,medium,p2_c120_mp2,101,5,6,1,5,422,807,17,97,153,249,0,3.680598735809326,0
chain_20,medium,medium,p2_c120,42,4,6,2,4,381,725,18,75,200,162,0,4.242192506790161,0
chain_20,medium,medium,p2_c120,101,5,6,1,5,422,807,17,97,153,249,0,4.231110095977783,0
chain_20,medium,medium,p2_c120_mp2,404,4,6,4,2,353,667,20,75,211,123,0,3.579648494720459,0
chain_20,medium,medium,p2_c120,202,5,6,1,5,414,795,13,114,127,267,0,4.2521185874938965,0
chain_20,medium,medium,p2_c120_mp2,202,5,6,1,5,414,795,13,114,127,267,0,3.9124128818511963,0
chain_20,medium,medium,p2_c120_mp2,303,4,6,5,1,410,786,15,93,249,142,0,3.9698357582092285,0
chain_20,medium,medium,p2_c120,404,4,6,4,2,353,667,20,75,211,123,0,4.315084934234619,0
chain_20,medium,medium,p2_c120_mp2,42,4,6,5,1,405,769,20,92,245,139,0,4.3756513595581055,0
chain_20,medium,medium,p2_c120_h2,42,5,6,2,4,424,816,10,114,129,273,2,3.9296891689300537,0
chain_20,medium,medium,p2_c40,42,0,6,0,6,253,484,8,0,106,133,0,3.2710115909576416,0
chain_20,medium,medium,p2_c120_h2,404,4,6,4,2,411,783,18,75,234,156,2,4.015279531478882,0
chain_20,medium,medium,p2_c40,404,4,6,4,2,353,667,20,75,211,123,0,3.492692470550537,0
chain_20,medium,medium,p2_c120_h2,202,6,6,2,4,446,851,18,108,229,194,2,4.254465103149414,0
chain_20,medium,medium,p2_c120_h2,101,6,6,1,5,439,833,20,95,202,214,2,4.29141640663147,0
chain_20,medium,medium,p2_c40,101,5,6,1,5,422,807,17,97,153,249,0,3.696427583694458,0
chain_20,medium,medium,p2_c120_h2,303,5,6,2,4,460,881,17,113,198,240,2,4.399300575256348,0
chain_20,medium,medium,p2_c40,202,5,6,1,5,414,795,13,114,127,267,0,3.928356170654297,0
chain_20,medium,medium,p2_c40,303,4,6,5,1,410,786,15,93,249,142,0,4.003211259841919,0
chain_20,medium,medium,p2_c40_penalty_off,42,2,6,4,2,305,578,16,30,176,113,0,4.31172776222229,0
chain_20,medium,medium,p2_c40_penalty_off,202,5,6,1,5,414,795,13,114,127,267,0,4.319174289703369,0
chain_20,medium,medium,p2_c40_penalty_off,101,5,6,1,5,422,807,17,97,153,249,0,4.379603862762451,0
chain_20,medium,frequent,baseline,42,5,6,4,2,528,1003,24,104,352,147,0,3.552922010421753,0
chain_20,medium,medium,p2_c40_penalty_off,404,4,6,4,2,353,667,20,75,211,123,0,3.982872486114502,0
chain_20,medium,frequent,baseline,202,6,6,1,5,602,1152,23,127,366,207,0,3.35749888420105,0
chain_20,medium,medium,p2_c40_penalty_off,303,4,6,5,1,410,786,15,93,249,142,0,4.384797811508179,0
chain_20,medium,frequent,baseline,101,6,6,1,5,594,1133,26,125,271,294,0,4.076085329055786,0
chain_20,medium,frequent,p2_c120,202,6,6,1,5,602,1152,23,127,366,207,0,3.6707332134246826,0
chain_20,medium,frequent,baseline,303,4,6,2,4,485,913,30,74,294,164,0,3.9897279739379883,0
chain_20,medium,frequent,p2_c120,42,5,6,4,2,528,1003,24,104,352,147,0,4.0799267292022705,0
chain_20,medium,frequent,p2_c120,101,6,6,1,5,594,1133,26,125,271,294,0,4.202829837799072,0
chain_20,medium,frequent,baseline,404,5,6,2,4,527,995,31,91,322,177,0,4.272610425949097,0
chain_20,medium,frequent,p2_c120,303,4,6,2,4,485,913,30,74,294,164,0,4.24704647064209,0
chain_20,medium,frequent,p2_c120_mp2,202,6,6,1,5,602,1152,23,127,366,207,0,3.8350937366485596,0
chain_20,medium,frequent,p2_c120,404,5,6,2,4,527,995,31,91,322,177,0,4.158014297485352,0
chain_20,medium,frequent,p2_c120_mp2,101,6,6,1,5,594,1133,26,125,271,294,0,4.078164577484131,0
chain_20,medium,frequent,p2_c120_mp2,42,4,6,5,1,513,969,28,95,345,139,0,4.284833908081055,0
chain_20,medium,frequent,p2_c120_mp2,303,4,6,2,4,485,913,30,74,294,164,0,3.9803948402404785,0
chain_20,medium,frequent,p2_c120_mp2,404,5,6,2,4,527,995,31,91,322,177,0,4.295649528503418,0
chain_20,medium,frequent,p2_c120_h2,42,6,6,1,5,566,1082,19,133,244,291,2,3.9940004348754883,0
chain_20,medium,frequent,p2_c40,202,6,6,1,5,602,1152,23,127,366,207,0,3.5374670028686523,0
chain_20,medium,frequent,p2_c40,101,6,6,1,5,594,1133,26,125,271,294,0,3.9516441822052,0
chain_20,medium,frequent,p2_c120_h2,303,4,6,1,5,522,987,27,95,244,248,3,4.3157875537872314,0
chain_20,medium,frequent,p2_c120_h2,101,6,6,1,5,579,1100,27,104,335,213,2,4.433071613311768,0
chain_20,medium,frequent,p2_c120_h2,202,5,6,1,5,613,1173,23,114,308,275,2,4.4385387897491455,0
chain_20,medium,frequent,p2_c120_h2,404,5,6,1,5,533,1008,28,92,301,202,2,4.410681247711182,0
chain_20,medium,frequent,p2_c40,42,0,6,0,6,364,691,15,0,209,133,0,4.298429489135742,0
chain_20,medium,frequent,p2_c40,404,5,6,2,4,527,995,31,91,322,177,0,3.8718245029449463,0
chain_20,medium,frequent,p2_c40_penalty_off,101,6,6,1,5,594,1133,26,125,271,294,0,3.7039430141448975,0
chain_20,medium,frequent,p2_c40,303,4,6,2,4,485,913,30,74,294,164,0,4.08536171913147,0
chain_20,medium,frequent,p2_c40_penalty_off,202,6,6,1,5,602,1152,23,127,366,207,0,3.628368854522705,0
chain_20,medium,frequent,p2_c40_penalty_off,303,4,6,2,4,485,913,30,74,294,164,0,3.741621255874634,0
chain_20,medium,frequent,p2_c40_penalty_off,42,3,6,4,2,513,976,22,109,323,162,0,4.200554132461548,0
chain_20,medium,frequent,p2_c40_penalty_off,404,5,6,2,4,527,995,31,91,322,177,0,3.7764334678649902,0
chain_20,heavy,medium,baseline,303,11,12,2,10,620,1184,24,192,297,291,0,3.480527639389038,0
chain_20,heavy,medium,baseline,42,8,12,7,5,517,981,24,143,250,238,0,3.948143482208252,0
chain_20,heavy,medium,baseline,202,11,12,3,9,596,1130,30,181,285,279,0,3.9795541763305664,0
chain_20,heavy,medium,baseline,101,10,12,3,9,610,1161,28,192,157,422,0,4.343460321426392,0
chain_20,heavy,medium,baseline,404,9,12,4,8,588,1116,29,202,197,360,0,4.25060510635376,0
chain_20,heavy,medium,p2_c120,42,8,12,7,5,517,981,24,143,250,238,0,4.24597692489624,0
chain_20,heavy,medium,p2_c120,303,11,12,2,10,620,1184,24,192,297,291,0,4.009940147399902,0
chain_20,heavy,medium,p2_c120,202,11,12,3,9,596,1130,30,181,285,279,0,4.123223304748535,0
chain_20,heavy,medium,p2_c120,404,9,12,4,8,588,1116,29,202,197,360,0,4.150911808013916,0
chain_20,heavy,medium,p2_c120,101,10,12,3,9,610,1161,28,192,157,422,0,4.356198310852051,0
chain_20,heavy,medium,p2_c120_mp2,42,10,12,10,2,627,1193,25,224,350,241,0,4.108073472976685,0
chain_20,heavy,medium,p2_c120_mp2,303,11,12,2,10,620,1184,24,192,297,291,0,3.462261199951172,0
chain_20,heavy,medium,p2_c120_mp2,202,11,12,3,9,596,1130,30,181,285,279,0,3.6699931621551514,0
chain_20,heavy,medium,p2_c120_mp2,101,10,12,3,9,610,1161,28,192,157,422,0,4.300488471984863,0
chain_20,heavy,medium,p2_c120_h2,42,11,12,3,9,655,1252,23,222,183,437,2,3.3839492797851562,0
chain_20,heavy,medium,p2_c120_h2,404,8,12,5,7,566,1075,26,158,212,323,2,3.6019840240478516,0
chain_20,heavy,medium,p2_c120_h2,202,11,12,2,10,649,1241,23,213,139,476,2,3.6896815299987793,0
chain_20,heavy,medium,p2_c120_mp2,404,9,12,4,8,588,1116,29,202,197,360,0,4.266474485397339,0
chain_20,heavy,medium,p2_c40,101,10,12,3,9,610,1161,28,192,157,422,0,3.6611757278442383,0
chain_20,heavy,medium,p2_c120_h2,101,11,12,2,10,664,1267,26,230,173,456,2,4.260412216186523,0
chain_20,heavy,medium,p2_c40,202,11,12,3,9,596,1130,30,181,285,279,0,3.847477674484253,0
chain_20,heavy,medium,p2_c120_h2,303,8,12,6,6,545,1033,26,142,210,304,2,4.361761569976807,0
chain_20,heavy,medium,p2_c40,303,11,12,2,10,620,1184,24,192,297,291,0,3.9338948726654053,0
chain_20,heavy,medium,p2_c40,42,0,12,0,12,266,500,12,0,83,163,0,4.35191798210144,0
chain_20,heavy,medium,p2_c40,404,9,12,4,8,588,1116,29,202,197,360,0,4.378868579864502,0
chain_20,heavy,medium,p2_c40_penalty_off,42,8,12,5,7,545,1040,20,170,226,289,0,4.2499613761901855,0
chain_20,heavy,medium,p2_c40_penalty_off,101,10,12,3,9,610,1161,28,192,157,422,0,4.379963159561157,0
chain_20,heavy,medium,p2_c40_penalty_off,202,11,12,3,9,596,1130,30,181,285,279,0,4.3684539794921875,0
chain_20,heavy,frequent,baseline,404,7,12,5,7,631,1193,33,136,270,325,0,3.092451572418213,0
chain_20,heavy,medium,p2_c40_penalty_off,303,11,12,2,10,620,1184,24,192,297,291,0,4.130786657333374,0
chain_20,heavy,medium,p2_c40_penalty_off,404,9,12,4,8,588,1116,29,202,197,360,0,4.164961338043213,0
chain_20,heavy,frequent,baseline,42,10,12,2,10,711,1361,22,204,384,288,0,4.152881622314453,0
chain_20,heavy,frequent,baseline,101,10,12,7,5,695,1312,39,138,448,208,0,3.9821829795837402,0
chain_20,heavy,frequent,p2_c120,101,10,12,7,5,695,1312,39,138,448,208,0,3.7492167949676514,0
chain_20,heavy,frequent,baseline,303,9,12,9,3,644,1210,40,151,374,232,0,4.264596223831177,0
chain_20,heavy,frequent,baseline,202,9,12,5,7,726,1381,33,167,344,344,0,4.2858567237854,0
chain_20,heavy,frequent,p2_c120,303,9,12,9,3,644,1210,40,151,374,232,0,3.983733654022217,0
chain_20,heavy,frequent,p2_c120,42,10,12,2,10,711,1361,22,204,384,288,0,4.282735824584961,0
chain_20,heavy,frequent,p2_c120_mp2,101,10,12,7,5,695,1312,39,138,448,208,0,3.749821424484253,0
chain_20,heavy,frequent,p2_c120,202,9,12,5,7,726,1381,33,167,344,344,0,4.415251970291138,0
chain_20,heavy,frequent,p2_c120,404,7,12,5,7,631,1193,33,136,270,325,0,4.140009164810181,0
chain_20,heavy,frequent,p2_c120_mp2,42,9,12,8,4,717,1353,35,225,429,242,0,4.150200128555298,0
chain_20,heavy,frequent,p2_c120_mp2,202,9,12,5,7,726,1381,33,167,344,344,0,4.064300298690796,0
chain_20,heavy,frequent,p2_c120_mp2,303,9,12,9,3,644,1210,40,151,374,232,0,4.354000091552734,0
chain_20,heavy,frequent,p2_c120_mp2,404,7,12,5,7,631,1193,33,136,270,325,0,4.412728786468506,0
chain_20,heavy,frequent,p2_c120_h2,101,10,12,2,10,750,1428,31,192,271,438,2,4.028574466705322,0
chain_20,heavy,frequent,p2_c120_h2,202,8,12,7,5,759,1437,41,172,402,317,2,4.016430139541626,0
chain_20,heavy,frequent,p2_c120_h2,303,8,12,9,3,629,1175,43,136,380,209,3,3.8523786067962646,0
chain_20,heavy,frequent,p2_c40,42,0,12,0,12,400,755,17,0,209,163,0,3.742741346359253,0
chain_20,heavy,frequent,p2_c120_h2,42,11,12,3,9,735,1400,28,218,249,444,2,4.420007944107056,0
chain_20,heavy,frequent,p2_c40,202,9,12,5,7,726,1381,33,167,344,344,0,3.500427007675171,0
chain_20,heavy,frequent,p2_c120_h2,404,6,12,5,7,607,1141,36,117,263,307,2,4.248011589050293,0
chain_20,heavy,frequent,p2_c40,101,10,12,7,5,695,1312,39,138,448,208,0,4.512857675552368,0
chain_20,heavy,frequent,p2_c40_penalty_off,101,10,12,7,5,695,1312,39,138,448,208,0,3.6916017532348633,0
chain_20,heavy,frequent,p2_c40_penalty_off,202,9,12,5,7,726,1381,33,167,344,344,0,3.7601890563964844,0
chain_20,heavy,frequent,p2_c40,303,9,12,9,3,644,1210,40,151,374,232,0,4.284777641296387,0
chain_20,heavy,frequent,p2_c40,404,7,12,5,7,631,1193,33,136,270,325,0,4.335106372833252,0
chain_20,heavy,frequent,p2_c40_penalty_off,42,9,12,3,9,677,1292,24,167,380,259,0,4.421990394592285,0
chain_20,heavy,frequent,p2_c40_penalty_off,404,7,12,5,7,631,1193,33,136,270,325,0,3.9931223392486572,0
chain_20,sparse,medium,baseline,101,4,5,1,4,401,763,21,86,215,168,0,3.551133632659912,0
chain_20,sparse,medium,baseline,42,3,3,1,2,350,673,12,76,142,193,0,3.90863299369812,0
chain_20,heavy,frequent,p2_c40_penalty_off,303,9,12,9,3,644,1210,40,151,374,232,0,4.244537830352783,0
chain_20,sparse,medium,baseline,202,3,5,2,3,340,643,20,64,137,186,0,3.7050113677978516,0
chain_20,sparse,medium,p2_c120,42,2,3,2,1,322,616,14,57,151,157,0,3.9548983573913574,0
chain_20,sparse,medium,p2_c120_mp2,42,2,3,2,1,323,617,14,57,151,157,0,3.392864942550659,0
chain_20,sparse,medium,p2_c120,101,4,5,3,2,439,838,20,124,233,186,0,3.809087038040161,0
chain_20,sparse,medium,baseline,303,2,4,4,0,322,612,17,45,185,122,0,4.1975061893463135,0
chain_20,sparse,medium,baseline,404,4,5,1,4,389,744,16,95,136,235,0,4.2496278285980225,0
chain_20,sparse,medium,p2_c120,202,3,5,3,2,359,680,20,83,173,168,0,4.118181943893433,0
chain_20,sparse,medium,p2_c120,404,4,5,3,2,427,819,15,133,208,199,0,4.106397867202759,0
chain_20,sparse,medium,p2_c120,303,2,4,4,0,322,612,17,45,185,122,0,4.320958137512207,0
chain_20,sparse,medium,p2_c120_h2,303,2,4,3,1,346,658,17,57,161,168,2,3.0221831798553467,0
chain_20,sparse,medium,p2_c120_mp2,404,4,5,3,2,427,819,15,133,208,199,0,3.772561550140381,0
chain_20,sparse,medium,p2_c120_mp2,202,3,5,3,2,359,680,20,83,173,168,0,4.014064073562622,0
chain_20,sparse,medium,p2_c120_mp2,101,4,5,3,2,439,838,20,124,233,186,0,4.268396854400635,0
chain_20,sparse,medium,p2_c120_h2,42,3,3,2,1,343,656,12,78,177,148,2,4.241672515869141,0
chain_20,sparse,medium,p2_c120_h2,202,3,5,3,2,381,724,18,95,173,188,2,4.176692008972168,0
chain_20,sparse,medium,p2_c120_mp2,303,2,4,4,0,322,612,17,45,185,122,0,4.361356258392334,0
chain_20,sparse,medium,p2_c120_h2,101,4,5,4,1,413,787,18,104,208,184,2,4.295706033706665,0
chain_20,sparse,medium,p2_c120_h2,404,5,5,3,2,448,858,16,130,205,221,2,3.9893999099731445,0
chain_20,sparse,medium,p2_c40,101,4,5,3,2,439,838,20,124,233,186,0,4.163091421127319,0
chain_20,sparse,medium,p2_c40,42,0,3,0,3,235,449,10,0,106,118,0,4.366692304611206,0
chain_20,sparse,medium,p2_c40,202,3,5,3,2,359,680,20,83,173,168,0,4.262667894363403,0
chain_20,sparse,medium,p2_c40,303,2,4,4,0,322,612,17,45,185,122,0,4.25881028175354,0
chain_20,sparse,frequent,baseline,101,3,5,4,1,463,863,38,67,280,158,0,3.1731481552124023,0
chain_20,sparse,medium,p2_c40,404,4,5,3,2,427,819,15,133,208,199,0,4.369732618331909,0
chain_20,sparse,medium,p2_c40_penalty_off,42,0,3,0,3,235,449,10,0,106,118,0,4.25459885597229,0
chain_20,sparse,frequent,p2_c120,42,1,5,5,0,403,762,22,14,278,103,0,3.2202229499816895,0
chain_20,sparse,medium,p2_c40_penalty_off,202,3,5,3,2,359,680,20,83,173,168,0,4.37285041809082,0
chain_20,sparse,medium,p2_c40_penalty_off,303,2,4,4,0,322,612,17,45,185,122,0,4.3724377155303955,0
chain_20,sparse,medium,p2_c40_penalty_off,101,4,5,3,2,439,838,20,124,233,186,0,4.388241291046143,0
chain_20,sparse,medium,p2_c40_penalty_off,404,4,5,3,2,427,819,15,133,208,199,0,4.37964940071106,0
chain_20,sparse,frequent,baseline,42,1,5,5,0,403,762,22,14,278,103,0,3.9444499015808105,0
chain_20,sparse,frequent,baseline,303,4,5,5,0,433,804,37,36,302,106,0,3.6195619106292725,0
chain_20,sparse,frequent,baseline,202,2,5,4,1,419,787,27,29,284,111,0,3.9722890853881836,0
chain_20,sparse,frequent,baseline,404,3,4,1,3,415,779,27,75,219,172,0,3.856337070465088,0
chain_20,sparse,frequent,p2_c120,101,3,5,4,1,463,863,38,67,280,158,0,3.704366683959961,0
chain_20,sparse,frequent,p2_c120_mp2,101,3,5,4,1,463,863,38,67,280,158,0,2.9536304473876953,0
chain_20,sparse,frequent,p2_c120,202,2,5,4,1,419,787,27,29,284,111,0,4.102069616317749,0
chain_20,sparse,frequent,p2_c120,303,4,5,5,0,433,804,37,36,302,106,0,4.395537376403809,0
chain_20,sparse,frequent,p2_c120,404,3,4,2,2,434,816,27,94,219,190,0,4.362377166748047,0
chain_20,sparse,frequent,p2_c120_mp2,303,4,5,5,0,433,804,37,36,302,106,0,3.814927339553833,0
chain_20,sparse,frequent,p2_c120_h2,42,3,5,4,1,505,960,23,63,340,138,2,3.802852153778076,0
chain_20,sparse,frequent,p2_c120_mp2,42,1,5,5,0,403,762,22,14,278,103,0,4.397403001785278,0
chain_20,sparse,frequent,p2_c120_mp2,202,2,5,4,1,419,787,27,29,284,111,0,4.147979259490967,0
chain_20,sparse,frequent,p2_c120_h2,101,3,5,4,1,474,887,34,66,281,166,2,4.114579439163208,0
chain_20,sparse,frequent,p2_c120_h2,202,1,5,4,1,418,778,33,26,271,122,2,4.124411344528198,0
chain_20,sparse,frequent,p2_c120_mp2,404,3,4,2,2,434,816,27,94,219,190,0,4.387651205062866,0
chain_20,sparse,frequent,p2_c40,303,4,5,5,0,433,804,37,36,302,106,0,3.1680235862731934,0
chain_20,sparse,frequent,p2_c120_h2,404,3,4,3,1,441,828,27,95,229,185,2,4.139193296432495,0
chain_20,sparse,frequent,p2_c120_h2,303,4,5,4,1,507,953,31,104,287,190,3,4.368591070175171,0
chain_20,sparse,frequent,p2_c40,42,0,5,0,5,334,631,16,0,185,128,0,4.273442029953003,0
chain_20,sparse,frequent,p2_c40,101,3,5,4,1,463,863,38,67,280,158,0,4.363269329071045,0
chain_20,sparse,frequent,p2_c40,202,2,5,4,1,419,787,27,29,284,111,0,4.270113229751587,0
chain_20,sparse,frequent,p2_c40,404,3,4,2,2,434,816,27,94,219,190,0,4.212752103805542,0
chain_20,sparse,frequent,p2_c40_penalty_off,404,3,4,2,2,434,816,27,94,219,190,0,4.113659381866455,0
chain_20,sparse,frequent,p2_c40_penalty_off,42,0,5,0,5,334,631,16,0,185,128,0,4.216845273971558,0
chain_20,sparse,frequent,p2_c40_penalty_off,202,2,5,4,1,419,787,27,29,284,111,0,4.155983924865723,0
chain_25,medium,medium,baseline,303,4,6,6,0,450,861,20,83,279,152,0,3.7471373081207275,0
chain_20,sparse,frequent,p2_c40_penalty_off,101,3,5,4,1,463,863,38,67,280,158,0,4.222599267959595,0
chain_20,sparse,frequent,p2_c40_penalty_off,303,4,5,5,0,433,804,37,36,302,106,0,4.406362771987915,0
chain_25,medium,medium,baseline,101,4,6,6,0,508,976,20,124,318,170,0,4.687000751495361,0
chain_25,medium,medium,baseline,42,4,6,2,4,526,1023,10,110,212,295,0,5.276596784591675,0
chain_25,medium,medium,baseline,404,6,6,3,3,567,1089,23,163,246,299,0,5.134239673614502,0
chain_25,medium,medium,baseline,202,4,6,6,0,508,971,25,130,309,179,0,5.309519290924072,0
chain_25,medium,medium,p2_c120,42,4,6,2,4,526,1023,10,110,212,295,0,4.932943820953369,0
chain_25,medium,medium,p2_c120,101,4,6,6,0,508,976,20,124,318,170,0,5.043617486953735,0
chain_25,medium,medium,p2_c120_h2,42,4,6,6,0,484,923,24,87,299,164,2,4.324986457824707,0
chain_25,medium,medium,p2_c120,202,4,6,6,0,508,971,25,130,309,179,0,5.425432443618774,0
chain_25,medium,medium,p2_c120,303,4,6,6,0,450,861,20,83,279,152,0,5.374770879745483,0
chain_25,medium,medium,p2_c120_mp2,202,4,6,6,0,508,971,25,130,309,179,0,4.918757915496826,0
chain_25,medium,medium,p2_c120_mp2,303,4,6,6,0,450,861,20,83,279,152,0,4.75568962097168,0
chain_25,medium,medium,p2_c120,404,6,6,3,3,567,1089,23,163,246,299,0,5.180194616317749,0
chain_25,medium,medium,p2_c120_mp2,42,4,6,4,2,554,1074,12,136,296,236,0,5.196065425872803,0
chain_25,medium,medium,p2_c120_mp2,101,4,6,6,0,508,976,20,124,318,170,0,5.317233324050903,0
chain_25,medium,medium,p2_c120_mp2,404,6,6,3,3,567,1089,23,163,246,299,0,5.399657964706421,0
chain_25,medium,medium,p2_c120_h2,101,4,6,5,1,495,957,10,91,290,184,2,5.077902317047119,0
chain_25,medium,medium,p2_c120_h2,202,5,6,2,4,545,1045,23,106,277,246,2,4.676461219787598,0
chain_25,medium,medium,p2_c40,42,0,6,0,6,337,656,4,0,160,163,0,4.502250909805298,0
chain_25,medium,medium,p2_c120_h2,303,4,6,6,0,431,823,19,54,268,143,2,5.003962278366089,0
chain_25,medium,medium,p2_c40,404,6,6,3,3,567,1089,23,163,246,299,0,4.367737770080566,0
chain_25,medium,medium,p2_c40_penalty_off,303,4,6,6,0,450,861,20,83,279,152,0,4.503454685211182,0
chain_25,medium,medium,p2_c120_h2,404,5,6,2,4,544,1047,19,124,192,330,2,5.44585394859314,0
chain_25,medium,medium,p2_c40_penalty_off,42,3,6,4,2,506,975,18,114,298,189,0,4.9017322063446045,0
chain_25,medium,medium,p2_c40,101,0,6,0,6,313,606,6,0,136,163,0,5.404940605163574,0
chain_25,medium,medium,p2_c40,202,4,6,6,0,508,971,25,130,309,179,0,5.3946075439453125,0
chain_25,medium,medium,p2_c40_penalty_off,101,5,6,2,4,512,990,14,109,270,222,0,5.276005268096924,0
chain_25,medium,medium,p2_c40_penalty_off,202,4,6,6,0,508,971,25,130,309,179,0,5.280164480209351,0
chain_25,medium,medium,p2_c40,303,4,6,6,0,450,861,20,83,279,152,0,5.403396129608154,0
chain_25,medium,medium,p2_c40_penalty_off,404,6,6,3,3,567,1089,23,163,246,299,0,4.747360944747925,0
chain_25,medium,frequent,baseline,202,5,6,2,4,644,1218,42,106,380,236,0,4.403740167617798,0
chain_25,medium,frequent,baseline,101,5,6,5,1,670,1277,34,131,440,201,0,4.781106233596802,0
chain_25,medium,frequent,baseline,42,2,6,6,0,599,1139,34,68,418,156,0,5.319694757461548,0
chain_25,medium,frequent,baseline,303,6,6,2,4,733,1404,32,192,338,365,0,5.149561643600464,0
chain_25,medium,frequent,p2_c120,42,2,6,6,0,599,1139,34,68,418,156,0,4.39493727684021,0
chain_25,medium,frequent,baseline,404,4,6,4,2,601,1144,31,106,365,209,0,5.195744752883911,0
chain_25,medium,frequent,p2_c120,202,5,6,2,4,644,1218,42,106,380,236,0,4.4642133712768555,0
chain_25,medium,frequent,p2_c120,404,4,6,4,2,601,1144,31,106,365,209,0,4.688976764678955,0
chain_25,medium,frequent,p2_c120,101,5,6,5,1,670,1277,34,131,440,201,0,5.231391906738281,0
chain_25,medium,frequent,p2_c120,303,6,6,2,4,733,1404,32,192,338,365,0,5.312750339508057,0
chain_25,medium,frequent,p2_c120_mp2,101,5,6,5,1,671,1278,34,131,440,201,0,5.122417211532593,0
chain_25,medium,frequent,p2_c120_mp2,42,2,6,6,0,599,1139,34,68,418,156,0,5.3451926708221436,0
chain_25,medium,frequent,p2_c120_mp2,202,5,6,2,4,644,1218,42,106,380,236,0,5.470287084579468,0
chain_25,medium,frequent,p2_c40_penalty_off,42,2,6,4,2,577,1099,30,66,386,166,0,3.50826358795166,0
chain_25,medium,frequent,p2_c120_h2,42,5,6,2,4,723,1395,21,144,345,348,2,5.260525941848755,0
chain_25,medium,frequent,p2_c120_mp2,404,4,6,4,2,601,1144,31,106,365,209,0,5.360203504562378,0
chain_25,medium,frequent,p2_c120_mp2,303,6,6,2,4,733,1404,32,192,338,365,0,5.450225114822388,0
chain_25,medium,frequent,p2_c40,303,6,6,2,4,733,1404,32,192,338,365,0,4.011392831802368,0
chain_25,medium,frequent,p2_c120_h2,101,6,6,2,4,674,1282,35,133,394,249,2,5.343165159225464,0
chain_25,medium,frequent,p2_c40,202,5,6,2,4,644,1218,42,106,380,236,0,4.497069358825684,0
chain_25,medium,frequent,p2_c120_h2,303,4,6,5,1,674,1284,32,137,405,237,4,5.2954254150390625,0
chain_25,medium,frequent,p2_c120_h2,202,5,6,4,2,663,1265,31,113,427,206,2,5.345906734466553,0
chain_25,medium,frequent,p2_c120_h2,404,5,6,2,4,666,1265,36,111,412,223,3,5.15327787399292,0
chain_25,medium,frequent,p2_c40,101,0,6,0,6,448,853,21,0,263,163,0,5.114798069000244,0
chain_25,medium,frequent,p2_c40,42,0,6,0,6,474,902,24,0,289,163,0,5.472346544265747,0
chain_25,medium,frequent,p2_c40_penalty_off,202,5,6,2,4,644,1218,42,106,380,236,0,5.019630193710327,0
chain_25,medium,frequent,p2_c40_penalty_off,101,2,6,4,2,520,991,25,36,353,143,0,5.08970832824707,0
chain_25,medium,frequent,p2_c40,404,4,6,4,2,601,1144,31,106,365,209,0,5.464998245239258,0
chain_25,heavy,medium,baseline,42,7,12,5,7,733,1416,21,216,284,420,0,4.7924299240112305,0
chain_25,medium,frequent,p2_c40_penalty_off,404,4,6,4,2,601,1144,31,106,365,209,0,4.910712003707886,0
chain_25,medium,frequent,p2_c40_penalty_off,303,6,6,2,4,733,1404,32,192,338,365,0,5.318334341049194,0
chain_25,heavy,medium,p2_c120,101,8,12,7,5,656,1253,30,185,278,349,0,3.766045331954956,0
chain_25,heavy,medium,baseline,101,8,12,7,5,656,1253,30,185,278,349,0,5.111366271972656,0
chain_25,heavy,medium,p2_c120,202,9,12,3,9,763,1466,30,221,230,503,0,4.0898072719573975,0
chain_25,heavy,medium,baseline,303,5,9,8,1,547,1043,27,136,340,183,0,5.170878648757935,0
chain_25,heavy,medium,baseline,202,9,12,3,9,763,1466,30,221,230,503,0,5.265348434448242,0
chain_25,heavy,medium,baseline,404,7,12,5,7,612,1163,33,136,322,262,0,5.220846891403198,0
chain_25,heavy,medium,p2_c120,42,7,12,5,7,733,1416,21,216,284,420,0,5.243615388870239,0
chain_25,heavy,medium,p2_c120_mp2,42,6,12,9,3,694,1322,34,193,414,248,0,4.319008827209473,0
chain_25,heavy,medium,p2_c120,303,5,9,8,1,547,1043,27,136,340,183,0,5.221256732940674,0
chain_25,heavy,medium,p2_c120,404,7,12,5,7,612,1163,33,136,322,262,0,5.425186395645142,0
chain_25,heavy,medium,p2_c120_mp2,101,6,12,11,1,593,1122,35,141,376,188,0,4.986484050750732,0
chain_25,heavy,medium,p2_c120_h2,202,8,12,6,6,695,1320,38,171,403,260,2,4.3874170780181885,0
chain_25,heavy,medium,p2_c120_h2,42,8,12,5,7,752,1441,32,194,301,420,2,4.770730257034302,0
chain_25,heavy,medium,p2_c120_mp2,202,9,12,3,9,763,1466,30,221,230,503,0,5.152087450027466,0
chain_25,heavy,medium,p2_c120_mp2,303,5,9,8,1,547,1043,27,136,340,183,0,5.167991876602173,0
chain_25,heavy,medium,p2_c120_h2,101,9,12,3,9,710,1367,21,213,161,517,2,5.001711130142212,0
chain_25,heavy,medium,p2_c120_mp2,404,7,12,5,7,612,1163,33,136,322,262,0,5.23412823677063,0
chain_25,heavy,medium,p2_c120_h2,303,6,9,8,1,545,1034,30,113,353,166,2,5.3126068115234375,0
chain_25,heavy,medium,p2_c40,101,0,12,0,12,321,614,8,0,113,188,0,5.13013219833374,0
chain_25,heavy,medium,p2_c120_h2,404,7,12,3,9,669,1278,30,174,214,425,2,5.55040168762207,0
chain_25,heavy,medium,p2_c40,42,0,12,0,12,373,719,7,0,160,193,0,5.30646276473999,0
chain_25,heavy,medium,p2_c40,202,9,12,3,9,763,1466,30,221,230,503,0,5.006731033325195,0
chain_25,heavy,medium,p2_c40,404,7,12,5,7,612,1163,33,136,322,262,0,5.117639541625977,0
chain_25,heavy,medium,p2_c40,303,5,9,8,1,547,1043,27,136,340,183,0,5.279956817626953,0
chain_25,heavy,medium,p2_c40_penalty_off,101,5,12,3,9,566,1083,23,144,164,376,0,4.705995798110962,0
chain_25,heavy,medium,p2_c40_penalty_off,404,7,12,5,7,612,1163,33,136,322,262,0,4.29236912727356,0
chain_25,heavy,medium,p2_c40_penalty_off,42,5,12,5,7,645,1238,25,160,306,312,0,5.370028734207153,0
chain_25,heavy,medium,p2_c40_penalty_off,202,9,12,3,9,763,1466,30,221,230,503,0,5.261113166809082,0
chain_25,heavy,medium,p2_c40_penalty_off,303,5,9,8,1,547,1043,27,136,340,183,0,5.275913238525391,0
chain_25,heavy,frequent,baseline,42,9,12,2,10,858,1630,48,189,509,311,0,4.741494417190552,0
chain_25,heavy,frequent,baseline,101,6,12,7,5,752,1429,39,180,399,317,0,4.321550607681274,0
chain_25,heavy,frequent,p2_c120,42,9,12,2,10,858,1630,48,189,509,311,0,4.560054540634155,0
chain_25,heavy,frequent,p2_c120,101,6,12,7,5,752,1429,39,180,399,317,0,4.49419093132019,0
chain_25,heavy,frequent,baseline,303,8,12,6,6,785,1489,44,151,491,257,0,5.369999885559082,0
chain_25,heavy,frequent,baseline,202,9,12,4,8,841,1609,35,230,287,516,0,5.446378946304321,0
chain_25,heavy,frequent,baseline,404,6,12,5,7,758,1444,37,158,353,370,0,5.266669273376465,0
chain_25,heavy,frequent,p2_c120,404,6,12,5,7,758,1444,37,158,353,370,0,4.795110702514648,0
chain_25,heavy,frequent,p2_c120,202,9,12,4,8,841,1609,35,230,287,516,0,5.46543550491333,0
chain_25,heavy,frequent,p2_c120_mp2,303,8,12,6,6,785,1489,44,151,491,257,0,4.888300180435181,0
chain_25,heavy,frequent,p2_c120,303,8,12,6,6,785,1489,44,151,491,257,0,5.426483392715454,0
chain_25,heavy,frequent,p2_c120_h2,101,7,12,7,5,746,1408,46,148,477,231,2,4.2807862758636475,0
chain_25,heavy,frequent,p2_c120_mp2,101,6,12,10,2,760,1435,46,179,512,209,0,5.304769039154053,0
chain_25,heavy,frequent,p2_c120_mp2,42,7,12,9,3,833,1571,54,163,570,222,0,5.485573053359985,0
chain_25,heavy,frequent,p2_c120_mp2,202,9,12,4,8,841,1609,35,230,287,516,0,5.2924768924713135,0
chain_25,heavy,frequent,p2_c120_mp2,404,6,12,5,7,758,1444,37,158,353,370,0,5.225716829299927,0
chain_25,heavy,frequent,p2_c120_h2,42,6,12,6,6,764,1455,36,133,501,226,2,5.540329694747925,0
chain_25,heavy,frequent,p2_c120_h2,404,7,12,5,7,834,1592,37,192,351,444,3,4.988934278488159,0
chain_25,heavy,frequent,p2_c120_h2,303,7,12,2,10,806,1533,39,171,456,310,4,5.35322380065918,0
chain_25,heavy,frequent,p2_c120_h2,202,8,12,4,8,870,1665,35,240,347,483,2,5.443546295166016,0
chain_25,heavy,frequent,p2_c40,101,0,12,0,12,456,862,22,0,239,189,0,5.208276033401489,0
chain_25,heavy,frequent,p2_c40,42,0,12,0,12,513,974,24,0,294,191,0,5.495693206787109,0
chain_25,heavy,frequent,p2_c40,202,9,12,4,8,841,1609,35,230,287,516,0,5.4925336837768555,0
chain_25,heavy,frequent,p2_c40_penalty_off,42,8,12,3,9,848,1634,25,200,358,453,0,5.244175434112549,0
chain_25,heavy,frequent,p2_c40,404,6,12,5,7,758,1444,37,158,353,370,0,5.312852621078491,0
chain_25,heavy,frequent,p2_c40,303,8,12,6,6,785,1489,44,151,491,257,0,5.484315872192383,0
chain_25,heavy,frequent,p2_c40_penalty_off,101,7,12,3,9,785,1501,33,178,309,440,0,5.041300058364868,0
chain_25,heavy,frequent,p2_c40_penalty_off,202,9,12,4,8,841,1609,35,230,287,516,0,5.270712852478027,0
chain_25,heavy,frequent,p2_c40_penalty_off,303,8,12,6,6,785,1489,44,151,491,257,0,5.377729415893555,0
chain_25,heavy,frequent,p2_c40_penalty_off,404,6,12,5,7,758,1444,37,158,353,370,0,5.347133159637451,0
chain_25,sparse,medium,baseline,303,2,2,1,1,378,725,18,72,161,204,0,4.535059452056885,0
chain_25,sparse,medium,baseline,42,3,5,2,3,438,839,20,79,227,194,0,5.283034563064575,0
chain_25,sparse,medium,baseline,101,2,3,3,0,407,790,10,60,237,156,0,5.255854606628418,0
chain_25,sparse,medium,baseline,404,3,4,1,3,457,878,20,96,187,254,0,5.249087333679199,0
chain_25,sparse,medium,baseline,202,1,5,5,0,356,673,25,21,207,135,0,5.404870271682739,0
chain_25,sparse,medium,p2_c120,42,3,5,3,2,462,884,22,103,250,194,0,5.308298110961914,0
chain_25,sparse,medium,p2_c120,101,2,3,3,0,407,790,10,60,237,156,0,5.2497992515563965,0
chain_25,sparse,medium,p2_c120_mp2,303,2,2,1,1,378,725,18,72,161,204,0,4.6898486614227295,0
chain_25,sparse,medium,p2_c120,303,2,2,1,1,378,725,18,72,161,204,0,5.1550679206848145,0
chain_25,sparse,medium,p2_c120,404,4,4,2,2,524,1012,18,144,233,273,0,5.260648012161255,0
chain_25,sparse,medium,p2_c120,202,1,5,5,0,356,673,25,21,207,135,0,5.326511859893799,0
chain_25,sparse,medium,p2_c120_mp2,101,2,3,3,0,407,790,10,60,237,156,0,5.072338342666626,0
chain_25,sparse,medium,p2_c120_mp2,42,3,5,3,2,464,888,20,103,250,194,0,5.301379919052124,0
chain_25,sparse,medium,p2_c120_mp2,202,1,5,5,0,356,673,25,21,207,135,0,5.240644693374634,0
chain_25,sparse,medium,p2_c120_mp2,404,4,4,2,2,524,1012,18,144,233,273,0,5.470265865325928,0
chain_25,sparse,medium,p2_c120_h2,101,2,3,2,1,428,826,14,72,202,210,2,4.9207775592803955,0
chain_25,sparse,medium,p2_c120_h2,202,2,5,3,2,450,857,24,96,234,197,2,4.988654851913452,0
chain_25,sparse,medium,p2_c120_h2,42,1,5,4,1,440,841,22,48,251,172,2,5.387035608291626,0
chain_25,sparse,medium,p2_c120_h2,303,2,2,1,1,388,745,16,72,161,212,2,5.087357521057129,0
chain_25,sparse,medium,p2_c120_h2,404,2,4,3,1,428,806,32,89,224,186,2,5.449267864227295,0
chain_25,sparse,medium,p2_c40,42,0,5,0,5,325,627,10,0,156,156,0,5.160938501358032,0
chain_25,sparse,medium,p2_c40,404,4,4,2,2,524,1012,18,144,233,273,0,5.1285974979400635,0
chain_25,sparse,medium,p2_c40,101,0,3,0,3,295,572,7,0,136,148,0,5.354952573776245,0
chain_25,sparse,medium,p2_c40_penalty_off,42,0,5,0,5,325,627,10,0,156,156,0,4.9932541847229,0
chain_25,sparse,medium,p2_c40,303,2,2,1,1,378,725,18,72,161,204,0,5.399197816848755,0
chain_25,sparse,medium,p2_c40,202,1,5,5,0,356,673,25,21,207,135,0,5.410529136657715,0
chain_25,sparse,medium,p2_c40_penalty_off,202,1,5,5,0,356,673,25,21,207,135,0,4.969524145126343,0
chain_25,sparse,medium,p2_c40_penalty_off,101,0,3,0,3,295,572,7,0,136,148,0,5.2067646980285645,0
chain_25,sparse,medium,p2_c40_penalty_off,303,2,2,1,1,378,725,18,72,161,204,0,5.373812675476074,0
chain_25,sparse,frequent,baseline,42,3,5,4,1,580,1109,26,90,353,202,0,5.2273290157318115,0
chain_25,sparse,medium,p2_c40_penalty_off,404,4,4,2,2,524,1012,18,144,233,273,0,5.316465377807617,0
chain_25,sparse,frequent,baseline,101,4,4,1,3,523,986,35,80,277,221,0,5.201853513717651,0
chain_25,sparse,frequent,baseline,202,2,4,3,1,529,1006,29,49,345,161,0,5.418319225311279,0
chain_25,sparse,frequent,p2_c120,42,3,5,4,1,580,1109,26,90,353,202,0,4.739422559738159,0
chain_25,sparse,frequent,baseline,303,4,4,1,3,573,1094,27,104,268,280,0,5.305595397949219,0
chain_25,sparse,frequent,p2_c120,202,2,4,3,1,529,1006,29,49,345,161,0,4.959851980209351,0
chain_25,sparse,frequent,p2_c120,101,4,4,2,2,547,1030,38,104,297,224,0,5.231657266616821,0
chain_25,sparse,frequent,baseline,404,4,5,4,1,616,1174,32,100,386,204,0,5.472508192062378,0
chain_25,sparse,frequent,p2_c120_mp2,101,4,4,2,2,552,1042,34,105,300,224,0,4.977489233016968,0
chain_25,sparse,frequent,p2_c120_mp2,42,3,5,4,1,581,1111,25,90,353,202,0,5.1004204750061035,0
chain_25,sparse,frequent,p2_c120,303,4,4,2,2,580,1101,33,111,314,240,0,5.482706069946289,0
chain_25,sparse,frequent,p2_c120,404,4,5,4,1,616,1174,32,100,386,204,0,5.489625453948975,0
grid_2x2,medium,medium,baseline,42,4,4,3,1,99,287,31,18,44,29,0,1.8135781288146973,0
chain_25,sparse,frequent,p2_c120_h2,42,1,5,5,0,521,986,32,17,356,141,2,4.973651885986328,0
chain_25,sparse,frequent,p2_c120_mp2,202,2,4,3,1,529,1006,29,49,345,161,0,5.228576421737671,0
grid_2x2,medium,medium,baseline,202,2,2,1,1,91,284,17,11,40,30,0,1.6401429176330566,0
grid_2x2,medium,medium,baseline,101,6,6,6,0,103,294,34,6,52,23,0,1.8479359149932861,0
chain_25,sparse,frequent,p2_c120_mp2,303,4,4,2,2,580,1101,33,111,314,240,0,5.420130014419556,0
chain_25,sparse,frequent,p2_c120_mp2,404,4,5,4,1,616,1174,32,100,386,204,0,5.437899112701416,0
chain_25,sparse,frequent,p2_c120_h2,101,4,4,3,1,574,1087,33,132,343,203,2,5.346977949142456,0
grid_2x2,medium,medium,baseline,303,4,4,3,1,102,309,24,13,48,29,0,1.7797772884368896,0
chain_25,sparse,frequent,p2_c120_h2,404,5,5,3,2,610,1159,31,119,334,246,2,4.599208354949951,0
grid_2x2,medium,medium,p2_c120,42,4,4,3,1,99,287,31,18,44,29,0,1.7308754920959473,0
grid_2x2,medium,medium,baseline,404,6,6,5,1,116,343,31,22,60,26,0,1.7855210304260254,0
grid_2x2,medium,medium,p2_c120,101,6,6,6,0,103,294,34,6,52,23,0,1.7133724689483643,0
grid_2x2,medium,medium,p2_c120,202,2,2,1,1,91,284,17,11,40,30,0,1.7388334274291992,0
chain_25,sparse,frequent,p2_c120_h2,202,2,4,4,0,493,932,30,41,326,143,2,5.320993185043335,0
chain_25,sparse,frequent,p2_c120_h2,303,3,4,3,1,588,1109,39,79,346,214,4,5.302744388580322,0
grid_2x2,medium,medium,p2_c120,303,4,4,3,1,102,309,24,13,48,29,0,1.7938320636749268,0
grid_2x2,medium,medium,p2_c120,404,6,6,5,1,116,343,31,22,60,26,0,1.8469665050506592,0
chain_25,sparse,frequent,p2_c40,202,2,4,3,1,529,1006,29,49,345,161,0,5.040122747421265,0
chain_25,sparse,frequent,p2_c40,101,0,4,0,4,391,735,27,0,218,153,0,5.093286514282227,0
chain_25,sparse,frequent,p2_c40,303,4,4,2,2,580,1101,33,111,314,240,0,5.134494781494141,0
grid_2x2,medium,medium,p2_c120_mp2,42,4,4,3,1,100,288,31,18,44,29,0,1.7345101833343506,0
chain_25,sparse,frequent,p2_c40,42,0,5,0,5,474,905,22,0,295,158,0,5.520555734634399,0
grid_2x2,medium,medium,p2_c120_mp2,101,6,6,6,0,103,294,34,6,52,23,0,1.7764670848846436,0
chain_25,sparse,frequent,p2_c40,404,4,5,4,1,616,1174,32,100,386,204,0,5.4327545166015625,0
grid_2x2,medium,medium,p2_c120_mp2,303,4,4,3,1,103,310,24,13,48,29,0,1.5230824947357178,0
grid_2x2,medium,medium,p2_c120_mp2,202,2,2,1,1,92,285,17,11,40,30,0,1.810774564743042,0
chain_25,sparse,frequent,p2_c40_penalty_off,42,0,5,0,5,474,905,22,0,295,158,0,5.328664541244507,0
grid_2x2,medium,medium,p2_c120_mp2,404,6,6,5,1,110,317,33,15,56,24,0,1.7996318340301514,0
grid_2x2,medium,medium,p2_c120_h2,42,4,4,3,1,115,351,25,18,52,35,2,1.9042387008666992,0
grid_2x2,medium,medium,p2_c120_h2,101,6,6,5,1,128,377,33,20,60,34,4,1.8795316219329834,0
chain_25,sparse,frequent,p2_c40_penalty_off,303,4,4,2,2,580,1101,33,111,314,240,0,4.817452430725098,0
grid_2x2,medium,medium,p2_c120_h2,202,4,4,2,2,119,364,25,22,52,38,3,1.7522070407867432,0
chain_25,sparse,frequent,p2_c40_penalty_off,101,0,4,0,4,391,735,27,0,218,153,0,5.279763698577881,0
grid_2x2,medium,medium,p2_c120_h2,303,4,4,3,1,111,334,26,13,48,35,3,1.8494846820831299,0
grid_2x2,medium,medium,p2_c40,202,2,2,0,2,88,275,17,10,40,28,0,1.6542022228240967,0
grid_2x2,medium,medium,p2_c40,42,4,4,0,4,95,283,25,20,40,31,0,1.7305948734283447,0
grid_2x2,medium,medium,p2_c120_h2,404,4,4,4,0,107,319,28,9,52,28,2,1.8328311443328857,0
grid_2x2,medium,medium,p2_c40,101,6,6,0,6,115,354,22,30,52,35,0,1.7857444286346436,0
grid_2x2,medium,medium,p2_c40,303,4,4,0,4,99,302,22,16,44,31,0,1.7757189273834229,0
chain_25,sparse,frequent,p2_c40_penalty_off,202,2,4,3,1,529,1006,29,49,345,161,0,5.286515951156616,0
grid_2x2,medium,medium,p2_c40,404,6,6,0,6,114,350,22,30,52,34,0,1.7638766765594482,0
grid_2x2,medium,medium,p2_c40_penalty_off,42,4,4,0,4,95,283,25,20,40,31,0,1.7687342166900635,0
grid_2x2,medium,medium,p2_c40_penalty_off,101,6,6,0,6,115,354,22,30,52,35,0,1.689875602722168,0
chain_25,sparse,frequent,p2_c40_penalty_off,404,4,5,4,1,616,1174,32,100,386,204,0,5.310218811035156,0
grid_2x2,medium,medium,p2_c40_penalty_off,202,2,2,0,2,88,275,17,10,40,28,0,1.8342771530151367,0
grid_2x2,medium,medium,p2_c40_penalty_off,303,4,4,0,4,99,302,22,16,44,31,0,1.8462789058685303,0
grid_2x2,medium,medium,p2_c40_penalty_off,404,6,6,0,6,114,350,22,30,52,34,0,1.8170726299285889,0
grid_2x2,medium,frequent,baseline,42,6,6,4,2,161,460,46,24,80,35,0,1.780238151550293,0
grid_2x2,medium,frequent,baseline,101,6,6,6,0,158,442,53,13,88,25,0,1.647435188293457,0
grid_2x2,medium,frequent,baseline,404,4,4,3,1,146,407,51,18,76,28,0,1.537865161895752,0
grid_2x2,medium,frequent,baseline,202,4,4,2,2,158,467,39,22,84,32,0,1.797260046005249,0
grid_2x2,medium,frequent,p2_c120,101,6,6,6,0,158,442,53,13,88,25,0,1.65181565284729,0
grid_2x2,medium,frequent,baseline,303,4,4,3,1,150,436,41,13,80,29,0,1.867521047592163,0
grid_2x2,medium,frequent,p2_c120,202,4,4,2,2,158,467,39,22,84,32,0,1.729870319366455,0
grid_2x2,medium,frequent,p2_c120,42,6,6,4,2,161,460,46,24,80,35,0,1.876837968826294,0
grid_2x2,medium,frequent,p2_c120,303,4,4,3,1,150,436,41,13,80,29,0,1.819164752960205,0
grid_2x2,medium,frequent,p2_c120_mp2,404,4,4,3,1,149,419,48,20,76,30,0,1.4588515758514404,0
grid_2x2,medium,frequent,p2_c120_mp2,42,6,6,4,2,163,462,46,24,80,35,0,1.762812614440918,0
grid_2x2,medium,frequent,p2_c120,404,4,4,3,1,146,407,51,18,76,28,0,1.866835355758667,0
grid_2x2,medium,frequent,p2_c120_mp2,303,4,4,3,1,151,437,41,13,80,29,0,1.789703607559204,0
grid_2x2,medium,frequent,p2_c120_mp2,202,4,4,2,2,160,469,39,22,84,32,0,1.8134593963623047,0
grid_2x2,medium,frequent,p2_c120_mp2,101,6,6,6,0,158,442,53,13,88,25,0,1.8721799850463867,0
grid_2x2,medium,frequent,p2_c120_h2,202,4,4,3,1,159,466,41,13,84,32,2,1.8126111030578613,0
grid_2x2,medium,frequent,p2_c120_h2,42,6,6,3,3,181,526,45,33,80,50,4,1.8477742671966553,0
grid_2x2,medium,frequent,p2_c120_h2,101,6,6,5,1,180,516,52,20,92,38,4,1.8989810943603516,0
grid_2x2,medium,frequent,p2_c120_h2,303,4,4,4,0,146,407,48,11,72,31,2,1.849066972732544,0
grid_2x2,medium,frequent,p2_c40,202,4,4,0,4,152,451,37,20,80,32,0,1.6567611694335938,0
grid_2x2,medium,frequent,p2_c40,42,6,6,0,6,159,462,42,30,80,35,0,1.8281171321868896,0
grid_2x2,medium,frequent,p2_c120_h2,404,2,2,1,1,129,361,41,11,64,27,1,1.853055715560913,0
grid_2x2,medium,frequent,p2_c40,101,6,6,0,6,163,476,42,30,84,35,0,1.8701021671295166,0
grid_2x2,medium,frequent,p2_c40,303,4,4,0,4,147,430,38,16,76,31,0,1.8389008045196533,0
grid_2x2,medium,frequent,p2_c40,404,4,4,0,4,138,385,47,16,68,30,0,1.8043491840362549,0
grid_2x2,medium,frequent,p2_c40_penalty_off,404,4,4,0,4,138,385,47,16,68,30,0,1.7868101596832275,0
grid_2x2,medium,frequent,p2_c40_penalty_off,202,4,4,0,4,152,451,37,20,80,32,0,1.8360035419464111,0
grid_2x2,medium,frequent,p2_c40_penalty_off,101,6,6,0,6,163,476,42,30,84,35,0,1.8607659339904785,0
grid_2x2,medium,frequent,p2_c40_penalty_off,42,6,6,0,6,159,462,42,30,80,35,0,1.8824071884155273,0
grid_2x2,medium,frequent,p2_c40_penalty_off,303,4,4,0,4,147,430,38,16,76,31,0,1.8721270561218262,0
grid_2x2,heavy,medium,baseline,42,8,8,3,5,127,375,31,34,52,41,0,1.7563068866729736,0
grid_2x2,heavy,medium,p2_c120,101,11,12,10,2,155,455,39,36,80,33,0,1.262552261352539,0
grid_2x2,heavy,medium,baseline,101,11,12,7,5,159,475,35,46,80,37,0,1.7239413261413574,0
grid_2x2,heavy,medium,baseline,202,4,4,1,3,103,320,17,17,40,38,0,1.811732292175293,0
grid_2x2,heavy,medium,p2_c120,42,8,8,6,2,125,361,37,26,60,31,0,1.669632911682129,0
grid_2x2,heavy,medium,baseline,303,8,8,3,5,135,412,26,34,60,41,0,1.790825605392456,0
grid_2x2,heavy,medium,baseline,404,11,12,9,3,154,453,37,38,76,36,0,1.8299612998962402,0
grid_2x2,heavy,medium,p2_c120_mp2,202,4,4,2,2,112,347,17,22,48,36,0,1.5002169609069824,0
grid_2x2,heavy,medium,p2_c120,202,4,4,2,2,110,345,17,22,48,36,0,1.79974365234375,0
grid_2x2,heavy,medium,p2_c120,303,8,8,6,2,140,423,32,33,72,33,0,1.7415533065795898,0
grid_2x2,heavy,medium,p2_c120,404,11,12,9,3,154,453,37,38,76,36,0,1.8233036994934082,0
grid_2x2,heavy,medium,p2_c120_mp2,101,11,12,10,2,157,457,39,36,80,33,0,1.7631406784057617,0
grid_2x2,heavy,medium,p2_c120_mp2,42,8,8,6,2,134,388,37,33,64,33,0,1.8471550941467285,0
grid_2x2,heavy,medium,p2_c120_mp2,404,11,12,9,3,157,456,37,38,76,36,0,1.8053860664367676,0
grid_2x2,heavy,medium,p2_c120_mp2,303,8,8,5,3,141,420,30,33,68,35,0,1.8296840190887451,0
grid_2x2,heavy,medium,p2_c120_h2,101,10,12,11,1,159,457,44,26,76,38,5,1.7411072254180908,0
grid_2x2,heavy,medium,p2_c120_h2,303,8,8,7,1,131,378,38,17,60,35,3,1.660933017730713,0
grid_2x2,heavy,medium,p2_c120_h2,42,8,8,7,1,130,380,35,17,60,35,2,1.8680877685546875,0
grid_2x2,heavy,medium,p2_c120_h2,202,7,7,7,0,135,401,34,19,68,32,3,1.8187227249145508,0
grid_2x2,heavy,medium,p2_c40,101,11,12,0,12,156,483,24,55,72,45,0,1.7043638229370117,0
grid_2x2,heavy,medium,p2_c120_h2,404,8,8,7,1,133,392,35,17,68,30,2,1.8765685558319092,0
grid_2x2,heavy,medium,p2_c40,42,8,8,0,8,127,387,25,40,56,39,0,1.8283803462982178,0
grid_2x2,heavy,medium,p2_c40,202,4,4,0,4,104,327,17,20,48,32,0,1.748985767364502,0
grid_2x2,heavy,medium,p2_c40,404,11,12,0,12,155,473,28,51,72,44,0,1.6133427619934082,0
grid_2x2,heavy,medium,p2_c40_penalty_off,42,8,8,4,4,129,381,33,34,60,35,0,1.7178857326507568,0
grid_2x2,heavy,medium,p2_c40,303,8,8,0,8,131,407,21,36,60,39,0,1.8107616901397705,0
grid_2x2,heavy,medium,p2_c40_penalty_off,101,11,12,6,6,161,487,31,48,76,43,0,1.8315389156341553,0
grid_2x2,heavy,medium,p2_c40_penalty_off,303,8,8,4,4,130,394,27,27,64,33,0,1.772169589996338,0
grid_2x2,heavy,medium,p2_c40_penalty_off,202,4,4,2,2,100,307,21,12,48,28,0,1.8468353748321533,0
grid_2x2,heavy,medium,p2_c40_penalty_off,404,11,12,6,6,145,428,35,31,72,34,0,1.8147923946380615,0
grid_2x2,heavy,frequent,baseline,42,12,12,9,3,190,526,63,25,96,37,0,1.829444408416748,0
grid_2x2,heavy,frequent,baseline,202,8,8,7,1,175,504,49,17,96,30,0,1.7497820854187012,0
grid_2x2,heavy,frequent,baseline,101,11,12,5,7,207,606,46,46,92,57,0,1.81624436378479,0
grid_2x2,heavy,frequent,baseline,404,8,8,8,0,158,427,61,8,88,22,0,1.7401258945465088,0
grid_2x2,heavy,frequent,baseline,303,8,8,5,3,174,503,46,21,88,37,0,1.8525280952453613,0
grid_2x2,heavy,frequent,p2_c120,101,11,12,8,4,214,627,50,47,108,47,0,1.66481614112854,0
grid_2x2,heavy,frequent,p2_c120,42,12,12,9,3,204,580,59,39,104,41,0,1.8063461780548096,0
grid_2x2,heavy,frequent,p2_c120,202,8,8,7,1,175,504,49,17,96,30,0,1.7737369537353516,0
grid_2x2,heavy,frequent,p2_c120,303,8,8,6,2,186,545,46,31,100,35,0,1.7867002487182617,0
grid_2x2,heavy,frequent,p2_c120_mp2,202,8,8,7,1,176,505,49,17,96,30,0,1.629472255706787,0
grid_2x2,heavy,frequent,p2_c120,404,8,8,8,0,158,427,61,8,88,22,0,1.8793811798095703,0
grid_2x2,heavy,frequent,p2_c120_mp2,42,12,12,10,2,199,554,62,30,104,35,0,1.8303349018096924,0
grid_2x2,heavy,frequent,p2_c120_mp2,101,11,12,9,3,210,600,55,38,108,41,0,1.7471942901611328,0
grid_2x2,heavy,frequent,p2_c120_h2,101,11,12,11,1,206,577,65,20,108,38,4,1.7027866840362549,0
grid_2x2,heavy,frequent,p2_c120_mp2,303,8,8,6,2,188,547,46,31,100,35,0,1.8164448738098145,0
grid_2x2,heavy,frequent,p2_c120_mp2,404,8,8,8,0,158,427,61,8,88,22,0,1.8513085842132568,0
grid_2x2,heavy,frequent,p2_c120_h2,42,12,12,8,4,224,649,55,48,104,56,4,1.8124840259552002,0
grid_2x2,heavy,frequent,p2_c120_h2,303,8,8,5,3,184,526,51,35,92,39,2,1.8509933948516846,0
grid_2x2,heavy,frequent,p2_c120_h2,202,8,8,6,2,190,558,46,26,100,38,2,1.8835716247558594,0
grid_2x2,heavy,frequent,p2_c120_h2,404,4,4,2,2,148,421,42,22,72,33,1,1.8210711479187012,0
grid_2x2,heavy,frequent,p2_c40,42,12,12,0,12,203,600,44,60,100,47,0,1.854142427444458,0
grid_2x2,heavy,frequent,p2_c40_penalty_off,101,11,12,6,6,214,624,53,53,112,43,0,1.502316951751709,0
grid_2x2,heavy,frequent,p2_c40,101,11,12,0,12,204,604,45,55,104,45,0,1.833036184310913,0
grid_2x2,heavy,frequent,p2_c40_penalty_off,202,8,8,4,4,182,532,46,34,100,32,0,1.4861290454864502,0
grid_2x2,heavy,frequent,p2_c40,202,8,8,0,8,180,538,38,40,92,40,0,1.7943229675292969,0
grid_2x2,heavy,frequent,p2_c40,404,8,8,0,8,174,507,45,40,88,38,0,1.718862771987915,0
grid_2x2,heavy,frequent,p2_c40,303,8,8,0,8,179,534,38,40,92,39,0,1.8562068939208984,0
grid_2x2,heavy,frequent,p2_c40_penalty_off,42,12,12,6,6,206,593,54,51,108,39,0,1.8761372566223145,0
grid_2x2,sparse,medium,baseline,42,3,3,3,0,85,245,29,3,40,23,0,1.7493817806243896,0
grid_2x2,heavy,frequent,p2_c40_penalty_off,303,8,8,4,4,176,512,45,29,92,35,0,1.8891921043395996,0
grid_2x2,sparse,medium,baseline,101,3,3,2,1,95,280,28,19,44,27,0,1.7176218032836914,0
grid_2x2,sparse,medium,baseline,303,3,3,3,0,96,291,24,10,48,25,0,1.5294630527496338,0
grid_2x2,heavy,frequent,p2_c40_penalty_off,404,8,8,4,4,166,466,54,24,88,30,0,1.843799114227295,0
grid_2x2,sparse,medium,baseline,202,1,1,1,0,85,266,17,8,40,26,0,1.7722632884979248,0
grid_2x2,sparse,medium,baseline,404,4,4,3,1,102,301,29,18,52,24,0,1.8015766143798828,0
grid_2x2,sparse,medium,p2_c120,42,3,3,3,0,85,245,29,3,40,23,0,1.8071768283843994,0
grid_2x2,sparse,medium,p2_c120,101,3,3,2,1,95,280,28,19,44,27,0,1.7697551250457764,0
grid_2x2,sparse,medium,p2_c120,202,1,1,1,0,85,266,17,8,40,26,0,1.787426233291626,0
grid_2x2,sparse,medium,p2_c120_mp2,42,3,3,3,0,85,245,29,3,40,23,0,1.7121014595031738,0
grid_2x2,sparse,medium,p2_c120,404,4,4,3,1,102,301,29,18,52,24,0,1.7877881526947021,0
grid_2x2,sparse,medium,p2_c120,303,3,3,3,0,96,291,24,10,48,25,0,1.8666503429412842,0
grid_2x2,sparse,medium,p2_c120_mp2,202,1,1,1,0,85,266,17,8,40,26,0,1.7956793308258057,0
grid_2x2,sparse,medium,p2_c120_mp2,101,3,3,2,1,96,281,28,19,44,27,0,1.8473780155181885,0
grid_2x2,sparse,medium,p2_c120_mp2,404,4,4,3,1,103,302,29,18,52,24,0,1.7595243453979492,0
grid_2x2,sparse,medium,p2_c120_mp2,303,3,3,3,0,96,291,24,10,48,25,0,1.7931880950927734,0
grid_2x2,sparse,medium,p2_c120_h2,42,5,5,3,2,132,410,22,28,60,40,3,1.711000919342041,0
grid_2x2,sparse,medium,p2_c120_h2,101,3,3,2,1,106,317,26,17,44,35,3,1.7548649311065674,0
grid_2x2,sparse,medium,p2_c40,101,3,3,0,3,87,259,23,15,36,29,0,1.6180641651153564,0
grid_2x2,sparse,medium,p2_c40,42,3,3,0,3,91,275,23,15,40,29,0,1.6864049434661865,0
grid_2x2,sparse,medium,p2_c120_h2,202,2,2,2,0,98,295,25,7,44,30,3,1.854706048965454,0
grid_2x2,sparse,medium,p2_c120_h2,303,3,3,2,1,104,309,26,19,40,37,3,1.808302879333496,0
grid_2x2,sparse,medium,p2_c40,202,1,1,0,1,80,249,17,5,36,26,0,1.7212250232696533,0
grid_2x2,sparse,medium,p2_c120_h2,404,2,2,2,0,97,297,22,9,44,30,2,1.8710455894470215,0
grid_2x2,sparse,medium,p2_c40,303,3,3,0,3,87,260,22,15,36,29,0,1.8645734786987305,0
grid_2x2,sparse,medium,p2_c40,404,4,4,0,4,98,297,23,20,44,30,0,1.7871546745300293,0
grid_2x2,sparse,medium,p2_c40_penalty_off,42,3,3,0,3,91,275,23,15,40,29,0,1.7383098602294922,0
grid_2x2,sparse,medium,p2_c40_penalty_off,101,3,3,0,3,87,259,23,15,36,29,0,1.7254228591918945,0
grid_2x2,sparse,medium,p2_c40_penalty_off,404,4,4,0,4,98,297,23,20,44,30,0,1.7589352130889893,0
grid_2x2,sparse,medium,p2_c40_penalty_off,202,1,1,0,1,80,249,17,5,36,26,0,1.7943143844604492,0
grid_2x2,sparse,frequent,baseline,42,5,5,4,1,155,436,52,21,80,31,0,1.7781741619110107,0
grid_2x2,sparse,medium,p2_c40_penalty_off,303,3,3,0,3,87,260,22,15,36,29,0,1.8108389377593994,0
grid_2x2,sparse,frequent,baseline,101,5,5,4,1,152,421,56,14,84,25,0,1.7617712020874023,0
grid_2x2,sparse,frequent,baseline,202,3,3,3,0,126,343,47,3,64,24,0,1.8264496326446533,0
grid_2x2,sparse,frequent,baseline,303,4,4,3,1,149,427,43,20,76,31,0,1.8111696243286133,0
grid_2x2,sparse,frequent,baseline,404,3,3,3,0,124,330,52,3,64,22,0,1.7947437763214111,0
grid_2x2,sparse,frequent,p2_c120,404,3,3,3,0,124,330,52,3,64,22,0,1.6075737476348877,0
grid_2x2,sparse,frequent,p2_c120_mp2,42,5,5,4,1,154,427,54,19,80,29,0,1.593775987625122,0
grid_2x2,sparse,frequent,p2_c120,202,3,3,3,0,126,343,47,3,64,24,0,1.8125648498535156,0
grid_2x2,sparse,frequent,p2_c120,42,5,5,4,1,155,436,52,21,80,31,0,1.8942818641662598,0
grid_2x2,sparse,frequent,p2_c120,101,5,5,4,1,152,421,56,14,84,25,0,1.8752131462097168,0
grid_2x2,sparse,frequent,p2_c120,303,4,4,3,1,149,427,43,20,76,31,0,1.8370792865753174,0
grid_2x2,sparse,frequent,p2_c120_mp2,101,5,5,4,1,153,422,56,14,84,25,0,1.7178802490234375,0
grid_2x2,sparse,frequent,p2_c120_mp2,202,3,3,3,0,126,343,47,3,64,24,0,1.804558277130127,0
grid_2x2,sparse,frequent,p2_c120_mp2,303,4,4,3,1,148,418,45,18,76,29,0,1.7817435264587402,0
grid_2x2,sparse,frequent,p2_c120_h2,42,5,5,5,0,169,483,52,12,88,34,4,1.7332401275634766,0
grid_2x2,sparse,frequent,p2_c120_h2,202,2,2,2,0,147,428,43,9,76,32,2,1.7577712535858154,0
grid_2x2,sparse,frequent,p2_c120_mp2,404,3,3,3,0,124,330,52,3,64,22,0,1.8626890182495117,0
grid_2x2,sparse,frequent,p2_c120_h2,101,5,5,5,0,154,416,60,5,76,32,4,1.848480224609375,0
grid_2x2,sparse,frequent,p2_c120_h2,303,5,5,5,0,158,442,52,10,80,32,3,1.8513166904449463,0
grid_2x2,sparse,frequent,p2_c120_h2,404,2,2,2,0,126,347,43,2,60,28,2,1.876511573791504,0
grid_2x2,sparse,frequent,p2_c40,42,5,5,0,5,146,412,46,21,71,33,0,1.8661034107208252,0
grid_2x2,sparse,frequent,p2_c40,303,3,3,0,3,127,352,42,7,60,29,0,1.7580747604370117,0
grid_2x2,sparse,frequent,p2_c40,101,5,5,0,5,147,409,51,17,72,33,0,1.819169044494629,0
grid_2x2,sparse,frequent,p2_c40,202,3,3,0,3,136,389,41,11,68,30,0,1.800663948059082,0
grid_2x2,sparse,frequent,p2_c40,404,4,4,0,4,134,364,48,16,64,30,0,1.7739582061767578,0
grid_2x2,sparse,frequent,p2_c40_penalty_off,404,4,4,0,4,134,364,48,16,64,30,0,1.6336088180541992,0
grid_2x2,sparse,frequent,p2_c40_penalty_off,303,3,3,0,3,127,352,42,7,60,29,0,1.6919245719909668,0
grid_2x2,sparse,frequent,p2_c40_penalty_off,202,3,3,0,3,136,389,41,11,68,30,0,1.7933483123779297,0
grid_2x2,sparse,frequent,p2_c40_penalty_off,101,5,5,0,5,147,409,51,17,72,33,0,1.8552253246307373,0
grid_2x2,sparse,frequent,p2_c40_penalty_off,42,5,5,0,5,146,412,46,21,71,33,0,1.8752505779266357,0
grid_3x3,medium,medium,p2_c120,202,4,4,4,0,213,742,195,14,137,50,0,2.2463419437408447,0
grid_3x3,medium,medium,baseline,404,4,4,3,1,196,685,170,21,110,61,0,2.3289432525634766,0
grid_3x3,medium,medium,baseline,42,4,4,3,1,190,677,148,23,108,56,0,2.849923610687256,0
grid_3x3,medium,medium,baseline,202,4,4,4,0,213,742,195,14,137,50,0,2.8090317249298096,0
grid_3x3,medium,medium,baseline,101,4,4,3,1,210,702,217,20,123,62,0,2.876157522201538,0
grid_3x3,medium,medium,p2_c120,42,4,4,3,1,190,677,148,23,108,56,0,2.721296787261963,0
grid_3x3,medium,medium,p2_c120,101,4,4,3,1,210,702,217,20,123,62,0,2.7958858013153076,0
grid_3x3,medium,medium,baseline,303,6,6,6,0,230,777,223,16,147,53,0,2.963947296142578,0
grid_3x3,medium,medium,p2_c120,303,6,6,6,0,230,777,223,16,147,53,0,2.935150623321533,0
grid_3x3,medium,medium,p2_c120,404,4,4,3,1,196,685,170,21,110,61,0,2.9634780883789062,0
grid_3x3,medium,medium,p2_c120_mp2,42,4,4,3,1,191,678,148,23,108,56,0,2.9041154384613037,0
grid_3x3,medium,medium,p2_c120_mp2,101,4,4,3,1,211,703,217,20,123,62,0,2.9143576622009277,0
grid_3x3,medium,medium,p2_c120_mp2,202,4,4,4,0,213,742,195,14,137,50,0,2.871363401412964,0
grid_3x3,medium,medium,p2_c120_mp2,303,6,6,6,0,230,777,223,16,147,53,0,2.8145220279693604,0
grid_3x3,medium,medium,p2_c120_mp2,404,4,4,3,1,197,686,170,21,110,61,0,2.8533504009246826,0
grid_3x3,medium,medium,p2_c120_h2,42,4,4,2,2,215,763,149,30,103,81,4,2.8990728855133057,0
grid_3x3,medium,medium,p2_c120_h2,101,4,4,4,0,217,721,212,4,113,73,6,2.931345224380493,0
grid_3x3,medium,medium,p2_c120_h2,202,4,4,4,0,234,795,213,17,134,67,6,2.892787456512451,0
grid_3x3,medium,medium,p2_c40,42,4,4,0,4,180,651,124,31,90,65,0,2.791445732116699,0
grid_3x3,medium,medium,p2_c120_h2,303,6,6,4,2,295,988,295,57,179,76,6,2.948319673538208,0
grid_3x3,medium,medium,p2_c40,101,4,4,0,4,214,739,205,40,123,67,0,2.970545530319214,0
grid_3x3,medium,medium,p2_c120_h2,404,3,4,4,0,180,603,155,3,91,59,6,2.9862494468688965,0
grid_3x3,medium,medium,p2_c40,202,4,4,0,4,215,767,177,40,128,62,0,2.8490068912506104,0
grid_3x3,medium,medium,p2_c40,404,4,4,0,4,197,687,173,40,110,63,0,2.8517885208129883,0
grid_3x3,medium,medium,p2_c40_penalty_off,42,4,4,0,4,180,651,124,31,90,65,0,2.8786065578460693,0
grid_3x3,medium,medium,p2_c40,303,4,6,0,6,208,713,183,31,111,70,0,2.9779276847839355,0
grid_3x3,medium,medium,p2_c40_penalty_off,101,4,4,0,4,214,726,215,40,123,67,0,2.841789722442627,0
grid_3x3,medium,medium,p2_c40_penalty_off,202,4,4,0,4,215,767,177,40,128,62,0,2.9465246200561523,0
grid_3x3,medium,medium,p2_c40_penalty_off,303,4,6,0,6,207,713,178,31,111,69,0,2.743431568145752,0
grid_3x3,medium,frequent,baseline,303,6,6,5,1,344,1065,425,25,240,56,0,2.363001823425293,0
grid_3x3,medium,medium,p2_c40_penalty_off,404,4,4,0,4,197,687,173,40,110,63,0,2.9083969593048096,0
grid_3x3,medium,frequent,baseline,202,6,6,5,1,321,1010,366,25,220,54,0,2.8184287548065186,0
grid_3x3,medium,frequent,baseline,101,6,6,6,0,327,1025,390,6,228,52,0,2.8489060401916504,0
grid_3x3,medium,frequent,baseline,42,6,6,6,0,334,1094,353,19,232,56,0,2.973912477493286,0
grid_3x3,medium,frequent,p2_c120,202,6,6,5,1,321,1010,366,25,220,54,0,2.4631924629211426,0
grid_3x3,medium,frequent,baseline,404,6,6,6,0,311,974,368,7,216,51,0,2.8585894107818604,0
grid_3x3,medium,frequent,p2_c120,42,6,6,6,0,334,1094,353,19,232,56,0,2.9339234828948975,0
grid_3x3,medium,frequent,p2_c120,101,6,6,6,0,327,1025,390,6,228,52,0,2.8712127208709717,0
grid_3x3,medium,frequent,p2_c120_mp2,42,6,6,6,0,334,1094,353,19,232,56,0,2.6695170402526855,0
grid_3x3,medium,frequent,p2_c120,404,6,6,6,0,311,974,368,7,216,51,0,2.7275643348693848,0
grid_3x3,medium,frequent,p2_c120,303,6,6,5,1,344,1065,425,25,240,56,0,2.9358906745910645,0
grid_3x3,medium,frequent,p2_c120_mp2,101,6,6,6,0,327,1025,390,6,228,52,0,2.821585178375244,0
grid_3x3,medium,frequent,p2_c120_mp2,202,6,6,5,1,322,1011,366,25,220,54,0,2.9142870903015137,0
grid_3x3,medium,frequent,p2_c120_mp2,404,6,6,6,0,311,974,368,7,216,51,0,2.863778591156006,0
grid_3x3,medium,frequent,p2_c120_mp2,303,6,6,5,1,345,1066,425,25,240,56,0,2.9761834144592285,0
grid_3x3,medium,frequent,p2_c120_h2,202,6,6,3,3,421,1359,462,57,268,97,6,2.931983470916748,0
grid_3x3,medium,frequent,p2_c120_h2,101,6,6,4,2,360,1169,376,45,226,81,6,2.9963748455047607,0
grid_3x3,medium,frequent,p2_c120_h2,42,6,6,5,1,346,1134,334,16,216,75,6,3.0735318660736084,0
grid_3x3,medium,frequent,p2_c40,42,6,6,0,6,341,1151,329,60,223,73,0,2.8409552574157715,0
grid_3x3,medium,frequent,p2_c120_h2,303,6,6,5,1,400,1296,432,49,265,80,6,2.899472713470459,0
grid_3x3,medium,frequent,p2_c120_h2,404,6,6,5,1,357,1128,402,34,240,65,6,2.9116227626800537,0
grid_3x3,medium,frequent,p2_c40,101,6,6,0,6,347,1137,375,60,228,72,0,2.9571731090545654,0
grid_3x3,medium,frequent,p2_c40,202,6,6,0,6,328,1053,353,60,211,71,0,2.8868510723114014,0
grid_3x3,medium,frequent,p2_c40,303,5,6,0,6,339,1096,371,50,222,71,0,2.8978888988494873,0
grid_3x3,medium,frequent,p2_c40,404,4,6,0,6,304,981,327,40,197,65,0,2.9198601245880127,0
grid_3x3,medium,frequent,p2_c40_penalty_off,42,6,6,0,6,341,1145,332,60,223,73,0,2.9148266315460205,0
grid_3x3,medium,frequent,p2_c40_penalty_off,101,6,6,0,6,347,1137,378,60,228,72,0,2.920344114303589,0
grid_3x3,medium,frequent,p2_c40_penalty_off,303,4,6,0,6,327,1051,359,40,213,69,0,2.72762131690979,0
grid_3x3,medium,frequent,p2_c40_penalty_off,202,6,6,0,6,328,1057,346,60,211,71,0,2.9676051139831543,0
grid_3x3,heavy,medium,p2_c120,42,8,8,7,1,240,827,209,37,140,65,0,2.2342567443847656,0
grid_3x3,heavy,medium,baseline,42,8,8,6,2,237,821,200,40,131,71,0,2.6749320030212402,0
grid_3x3,heavy,medium,baseline,202,12,12,11,1,319,1052,334,38,217,59,0,2.685434341430664,0
grid_3x3,heavy,medium,baseline,101,7,8,7,1,246,829,242,24,150,64,0,2.8578333854675293,0
grid_3x3,medium,frequent,p2_c40_penalty_off,404,4,6,0,6,304,981,327,40,197,65,0,2.974522590637207,0
grid_3x3,heavy,medium,baseline,303,12,12,8,4,329,1119,313,72,206,79,0,2.8619556427001953,0
grid_3x3,heavy,medium,p2_c120,101,7,8,7,1,246,829,242,24,150,64,0,2.8480072021484375,0
grid_3x3,heavy,medium,baseline,404,6,8,5,3,237,823,207,43,146,60,0,2.920941114425659,0
grid_3x3,heavy,medium,p2_c120_mp2,303,12,12,10,2,330,1098,333,60,215,69,0,2.2373623847961426,0
grid_3x3,heavy,medium,p2_c120,202,12,12,11,1,319,1052,334,38,217,59,0,2.833466053009033,0
grid_3x3,heavy,medium,p2_c120,404,6,8,7,1,231,791,213,25,146,54,0,2.822408437728882,0
grid_3x3,heavy,medium,p2_c120,303,12,12,10,2,325,1070,343,57,215,66,0,2.916043281555176,0
grid_3x3,heavy,medium,p2_c120_mp2,42,8,8,7,1,241,828,209,37,140,65,0,2.7326691150665283,0
grid_3x3,heavy,medium,p2_c120_h2,202,8,8,6,2,292,980,276,44,171,79,6,2.539546012878418,0
grid_3x3,heavy,medium,p2_c120_mp2,101,7,8,7,1,247,830,242,24,150,64,0,2.86909556388855,0
grid_3x3,heavy,medium,p2_c120_mp2,404,6,8,6,2,246,840,227,44,155,57,0,2.719228744506836,0
grid_3x3,heavy,medium,p2_c120_h2,42,8,8,6,2,288,990,244,57,162,84,6,2.707263469696045,0
grid_3x3,heavy,medium,p2_c120_mp2,202,12,12,11,1,320,1054,333,38,217,59,0,2.946098804473877,0
grid_3x3,heavy,medium,p2_c40,101,6,8,0,8,247,840,239,60,141,76,0,2.542602062225342,0
grid_3x3,heavy,medium,p2_c120_h2,101,7,8,6,2,295,983,289,59,167,87,6,2.8981029987335205,0
grid_3x3,heavy,medium,p2_c120_h2,303,8,8,7,1,290,926,316,34,170,78,6,2.9973607063293457,0
grid_3x3,heavy,medium,p2_c40,303,5,12,0,12,244,857,189,50,125,85,0,2.6935834884643555,0
grid_3x3,heavy,medium,p2_c40,202,7,8,0,8,253,888,212,70,145,76,0,2.8311374187469482,0
grid_3x3,heavy,medium,p2_c120_h2,404,7,8,7,1,246,826,222,26,136,72,5,2.964909553527832,0
grid_3x3,heavy,medium,p2_c40,42,7,8,0,8,238,868,170,70,126,80,0,2.9454047679901123,0
grid_3x3,heavy,medium,p2_c40,404,6,8,0,8,220,768,177,60,119,71,0,2.463984966278076,0
grid_3x3,heavy,medium,p2_c40_penalty_off,101,6,8,4,4,250,831,254,41,150,68,0,2.6580898761749268,0
grid_3x3,heavy,medium,p2_c40_penalty_off,42,7,8,4,4,247,906,167,57,144,69,0,2.859498977661133,0
grid_3x3,heavy,medium,p2_c40_penalty_off,303,9,12,6,6,310,1068,274,79,188,80,0,2.682584285736084,0
grid_3x3,heavy,medium,p2_c40_penalty_off,202,7,8,4,4,258,875,249,54,163,61,0,2.861593246459961,0
grid_3x3,heavy,frequent,baseline,42,11,12,9,3,405,1317,417,52,271,76,0,2.639477252960205,0
grid_3x3,heavy,medium,p2_c40_penalty_off,404,6,8,4,4,225,761,207,47,128,65,0,2.8801956176757812,0
grid_3x3,heavy,frequent,baseline,404,10,12,8,4,395,1251,447,57,278,60,0,2.5154614448547363,0
grid_3x3,heavy,frequent,p2_c120_mp2,202,12,12,11,1,417,1317,466,42,292,64,0,2.0378808975219727,0
grid_3x3,heavy,frequent,baseline,101,9,12,10,2,394,1272,430,60,275,61,0,2.969656229019165,0
grid_3x3,heavy,frequent,baseline,202,12,12,10,2,413,1316,448,45,283,70,0,2.9453487396240234,0
grid_3x3,heavy,frequent,p2_c120_mp2,42,11,12,10,2,408,1310,434,48,280,68,0,2.392651319503784,0
grid_3x3,heavy,frequent,p2_c120,42,11,12,10,2,406,1310,432,48,280,68,0,2.8611111640930176,0
grid_3x3,heavy,frequent,p2_c120,101,9,12,11,1,368,1158,425,28,257,55,0,2.9122982025146484,0
grid_3x3,heavy,frequent,baseline,303,12,12,8,4,405,1317,417,62,260,85,0,2.9994254112243652,0
grid_3x3,heavy,frequent,p2_c120,202,12,12,11,1,429,1365,475,55,301,67,0,2.9045567512512207,0
grid_3x3,heavy,frequent,p2_c120,404,10,12,10,2,400,1235,483,50,287,55,0,2.89695405960083,0
grid_3x3,heavy,frequent,p2_c120,303,12,12,10,2,410,1310,452,55,278,72,0,2.93937611579895,0
grid_3x3,heavy,frequent,p2_c120_mp2,303,12,12,10,2,413,1320,448,56,278,73,0,2.8541364669799805,0
grid_3x3,heavy,frequent,p2_c120_h2,42,11,12,9,3,469,1534,484,81,315,85,6,2.8032073974609375,0
grid_3x3,heavy,frequent,p2_c120_mp2,101,9,12,11,1,369,1159,425,28,257,55,0,2.992500066757202,0
grid_3x3,heavy,frequent,p2_c120_h2,404,10,12,9,3,429,1346,483,65,292,73,6,2.620615005493164,0
grid_3x3,heavy,frequent,p2_c40,101,9,12,0,12,394,1300,409,90,255,83,0,2.5884485244750977,0
grid_3x3,heavy,frequent,p2_c120_mp2,404,10,12,10,2,417,1304,484,65,296,60,0,3.018719434738159,0
grid_3x3,heavy,frequent,p2_c120_h2,303,11,12,9,3,440,1422,462,63,284,91,6,2.714500665664673,0
grid_3x3,heavy,frequent,p2_c120_h2,101,8,12,10,2,408,1331,416,47,261,85,6,2.9193873405456543,0
grid_3x3,heavy,frequent,p2_c40,42,10,12,0,12,413,1403,383,100,268,90,0,2.9016053676605225,0
grid_3x3,heavy,frequent,p2_c120_h2,202,12,12,10,2,473,1445,576,64,322,83,6,3.0100834369659424,0
grid_3x3,heavy,frequent,p2_c40_penalty_off,202,11,12,6,6,401,1273,441,66,274,69,0,1.954796314239502,0
grid_3x3,heavy,frequent,p2_c40_penalty_off,42,10,12,6,6,411,1353,418,66,286,68,0,2.1835222244262695,0
grid_3x3,heavy,frequent,p2_c40,202,11,12,0,12,411,1358,408,110,265,89,0,2.8991928100585938,0
grid_3x3,heavy,frequent,p2_c40,303,8,12,0,12,371,1197,389,71,233,85,0,2.7196390628814697,0
grid_3x3,heavy,frequent,p2_c40,404,7,12,0,12,352,1156,346,70,223,77,0,2.939197301864624,0
grid_3x3,heavy,frequent,p2_c40_penalty_off,101,9,12,6,6,390,1252,434,58,264,69,0,2.911419630050659,0
grid_3x3,sparse,medium,p2_c120,404,4,4,4,0,186,645,166,14,110,51,0,2.0593838691711426,0
grid_3x3,heavy,frequent,p2_c40_penalty_off,404,9,12,6,6,393,1258,425,78,268,68,0,2.6952781677246094,0
grid_3x3,heavy,frequent,p2_c40_penalty_off,303,10,12,6,6,404,1305,430,66,269,78,0,2.933542013168335,0
grid_3x3,sparse,medium,baseline,404,4,4,4,0,186,645,166,14,110,51,0,2.4059135913848877,0
grid_3x3,sparse,medium,baseline,42,2,2,2,0,155,547,128,2,81,53,0,2.8189311027526855,0
grid_3x3,sparse,medium,baseline,101,5,5,5,0,244,808,264,38,158,56,0,2.824479341506958,0
grid_3x3,sparse,medium,p2_c120,202,3,3,3,0,208,719,205,3,134,50,0,2.3772215843200684,0
grid_3x3,sparse,medium,p2_c120,101,5,5,5,0,244,808,264,38,158,56,0,2.5583584308624268,0
grid_3x3,sparse,medium,p2_c120_mp2,202,3,3,3,0,208,719,205,3,134,50,0,2.162721872329712,0
grid_3x3,sparse,medium,baseline,202,3,3,3,0,208,719,205,3,134,50,0,2.9183030128479004,0
grid_3x3,sparse,medium,p2_c120,42,2,2,2,0,155,547,128,2,81,53,0,2.773594856262207,0
grid_3x3,sparse,medium,baseline,303,5,5,5,0,226,763,226,5,146,53,0,2.922274351119995,0
grid_3x3,sparse,medium,p2_c120_mp2,101,5,5,5,0,244,808,264,38,158,56,0,2.6433398723602295,0
grid_3x3,sparse,medium,p2_c120,303,5,5,5,0,226,763,226,5,146,53,0,2.9803078174591064,0
grid_3x3,sparse,medium,p2_c120_mp2,42,2,2,2,0,155,547,128,2,81,53,0,2.79725980758667,0
grid_3x3,sparse,medium,p2_c120_h2,101,3,3,3,0,191,627,200,3,105,61,2,2.7467868328094482,0
grid_3x3,sparse,medium,p2_c120_mp2,404,4,4,4,0,186,645,166,14,110,51,0,2.823554277420044,0
grid_3x3,sparse,medium,p2_c120_mp2,303,5,5,5,0,226,763,226,5,146,53,0,2.894350528717041,0
grid_3x3,sparse,medium,p2_c120_h2,202,3,3,3,0,243,828,235,16,144,69,6,2.809392213821411,0
grid_3x3,sparse,medium,p2_c120_h2,42,2,2,2,0,193,682,146,12,94,72,5,2.9174249172210693,0
grid_3x3,sparse,medium,p2_c120_h2,303,4,4,4,0,251,820,271,14,151,67,6,2.8244006633758545,0
grid_3x3,sparse,medium,p2_c120_h2,404,3,3,3,0,184,627,160,3,93,65,4,2.919466733932495,0
grid_3x3,sparse,medium,p2_c40,101,4,4,0,4,208,742,174,40,116,68,0,2.823733329772949,0
grid_3x3,sparse,medium,p2_c40,42,2,2,0,2,161,588,113,20,81,59,0,2.8828375339508057,0
grid_3x3,sparse,medium,p2_c40,202,5,5,0,5,245,844,236,41,152,65,0,2.719284772872925,0
grid_3x3,sparse,medium,p2_c40,404,3,5,0,5,202,705,177,30,116,61,0,2.3792781829833984,0
grid_3x3,sparse,frequent,baseline,42,4,4,4,0,307,959,354,15,211,53,0,2.1948647499084473,0
grid_3x3,sparse,medium,p2_c40,303,3,5,0,5,199,701,162,30,108,66,0,2.9269325733184814,0
grid_3x3,sparse,frequent,p2_c120,202,4,4,4,0,295,908,356,17,199,54,0,2.15030837059021,0
grid_3x3,sparse,medium,p2_c40_penalty_off,42,2,2,0,2,161,588,113,20,81,59,0,2.859431266784668,0
grid_3x3,sparse,frequent,baseline,303,5,5,4,1,324,1035,363,35,221,58,0,2.4649600982666016,0
grid_3x3,sparse,medium,p2_c40_penalty_off,101,4,4,0,4,208,742,174,40,116,68,0,2.872274398803711,0
grid_3x3,sparse,medium,p2_c40_penalty_off,202,5,5,0,5,245,844,236,41,152,65,0,2.867798328399658,0
grid_3x3,sparse,medium,p2_c40_penalty_off,303,3,5,0,5,199,701,162,30,108,66,0,2.8070192337036133,0
grid_3x3,sparse,frequent,p2_c120,42,4,4,4,0,307,959,354,15,211,53,0,2.4457147121429443,0
grid_3x3,sparse,frequent,baseline,101,5,5,5,0,288,886,350,26,191,53,0,2.794203042984009,0
grid_3x3,sparse,medium,p2_c40_penalty_off,404,3,5,0,5,202,705,177,30,116,61,0,2.9830520153045654,0
grid_3x3,sparse,frequent,baseline,202,4,4,4,0,295,908,356,17,199,54,0,2.8364577293395996,0
grid_3x3,sparse,frequent,baseline,404,5,5,5,0,326,1012,399,18,229,54,0,2.978700637817383,0
grid_3x3,sparse,frequent,p2_c120,101,5,5,5,0,288,886,350,26,191,53,0,2.9790987968444824,0
grid_3x3,sparse,frequent,p2_c120_mp2,42,4,4,4,0,307,959,354,15,211,53,0,2.521665096282959,0
grid_3x3,sparse,frequent,p2_c120_mp2,202,4,4,4,0,295,908,356,17,199,54,0,2.4216699600219727,0
grid_3x3,sparse,frequent,p2_c120,303,5,5,4,1,324,1035,363,35,221,58,0,2.9150571823120117,0
grid_3x3,sparse,frequent,p2_c120,404,5,5,5,0,326,1012,399,18,229,54,0,2.926924467086792,0
grid_3x3,sparse,frequent,p2_c120_mp2,101,5,5,5,0,288,886,350,26,191,53,0,2.7961223125457764,0
grid_3x3,sparse,frequent,p2_c120_mp2,404,5,5,5,0,326,1012,399,18,229,54,0,2.8864707946777344,0
grid_3x3,sparse,frequent,p2_c120_mp2,303,5,5,4,1,325,1036,363,35,221,58,0,2.931917667388916,0
grid_3x3,sparse,frequent,p2_c120_h2,42,5,5,4,1,343,1123,349,24,213,80,6,2.9986188411712646,0
grid_3x3,sparse,frequent,p2_c120_h2,101,5,5,4,1,311,994,335,27,184,78,6,2.987398624420166,0
grid_3x3,sparse,frequent,p2_c120_h2,202,5,5,5,0,352,1114,392,15,225,75,6,2.878472089767456,0
grid_3x3,sparse,frequent,p2_c120_h2,303,4,4,4,0,306,1009,298,16,185,72,6,2.898427963256836,0
grid_3x3,sparse,frequent,p2_c120_h2,404,3,3,3,0,270,835,298,14,162,63,6,2.882359743118286,0
grid_3x3,sparse,frequent,p2_c40,42,4,4,0,4,299,971,315,40,191,66,0,2.904970169067383,0
grid_3x3,sparse,frequent,p2_c40,101,4,5,0,5,310,1005,333,32,197,69,0,2.842254877090454,0
grid_3x3,sparse,frequent,p2_c40,202,5,5,0,5,315,992,363,32,205,68,0,2.720078706741333,0
grid_3x3,sparse,frequent,p2_c40,303,2,5,0,5,287,907,319,16,180,65,0,2.9950525760650635,0
grid_3x3,sparse,frequent,p2_c40,404,0,5,0,5,264,836,292,0,169,57,0,2.8352155685424805,0
grid_3x3,sparse,frequent,p2_c40_penalty_off,42,4,4,0,4,299,970,313,40,191,66,0,2.787285804748535,0
grid_3x3,sparse,frequent,p2_c40_penalty_off,303,2,5,0,5,287,907,319,16,180,65,0,2.8379809856414795,0
grid_3x3,sparse,frequent,p2_c40_penalty_off,202,5,5,0,5,315,992,363,32,205,68,0,2.867314577102661,0
grid_3x3,sparse,frequent,p2_c40_penalty_off,101,4,5,0,5,310,1005,333,32,197,69,0,2.9195871353149414,0
grid_3x3,sparse,frequent,p2_c40_penalty_off,404,1,5,0,5,276,882,300,10,178,59,0,2.9175615310668945,0
grid_4x4,medium,medium,baseline,101,5,6,5,1,388,1410,576,43,258,100,0,3.013324499130249,0
grid_4x4,medium,medium,baseline,42,4,4,3,1,325,1198,461,37,203,96,0,3.9131596088409424,0
grid_4x4,medium,medium,p2_c120,101,5,6,5,1,388,1410,576,43,258,100,0,3.3952009677886963,0
grid_4x4,medium,medium,baseline,303,4,4,4,0,369,1350,551,26,243,100,0,3.8951711654663086,0
grid_4x4,medium,medium,baseline,202,6,6,6,0,409,1474,624,27,280,97,0,4.342513084411621,0
grid_4x4,medium,medium,p2_c120_mp2,101,5,6,5,1,389,1409,578,43,258,100,0,3.350135326385498,0
grid_4x4,medium,medium,p2_c120,404,4,4,4,0,325,1259,395,27,201,98,0,3.885650396347046,0
grid_4x4,medium,medium,p2_c120,303,4,4,4,0,369,1350,551,26,243,100,0,3.921830177307129,0
grid_4x4,medium,medium,p2_c120,202,6,6,6,0,409,1474,624,27,280,97,0,4.062711477279663,0
grid_4x4,medium,medium,baseline,404,4,4,4,0,325,1259,395,27,201,98,0,4.389284372329712,0
grid_4x4,medium,medium,p2_c120,42,4,4,3,1,325,1198,461,37,203,96,0,4.354841709136963,0
grid_4x4,medium,medium,p2_c120_mp2,42,4,4,3,1,326,1203,457,37,203,96,0,4.045588970184326,0
grid_4x4,medium,medium,p2_c120_mp2,303,4,4,4,0,369,1350,551,26,243,100,0,3.996920108795166,0
grid_4x4,medium,medium,p2_c120_h2,202,6,6,5,1,461,1616,715,56,308,116,6,3.5695483684539795,0
grid_4x4,medium,medium,p2_c120_h2,101,4,4,4,0,355,1351,458,21,210,114,6,3.67399001121521,0
grid_4x4,medium,medium,p2_c120_h2,42,2,2,2,0,263,982,337,2,135,103,4,4.089893817901611,0
grid_4x4,medium,medium,p2_c120_mp2,202,6,6,6,0,409,1474,624,27,280,97,0,4.4924726486206055,0
grid_4x4,medium,medium,p2_c120_h2,404,4,4,3,1,344,1350,390,30,192,121,6,3.897404909133911,0
grid_4x4,medium,medium,p2_c120_mp2,404,4,4,4,0,325,1259,395,27,201,98,0,4.40585470199585,0
grid_4x4,medium,medium,p2_c120_h2,303,4,4,4,0,367,1359,505,4,223,112,6,4.232126951217651,0
grid_4x4,medium,medium,p2_c40,42,2,4,0,4,286,1082,366,34,155,108,0,4.45158576965332,0
grid_4x4,medium,medium,p2_c40,303,2,4,0,4,324,1237,426,34,195,106,0,4.025270462036133,0
grid_4x4,medium,medium,p2_c40_penalty_off,42,2,4,0,4,286,1076,369,34,155,108,0,3.8785178661346436,0
grid_4x4,medium,medium,p2_c40,202,6,6,0,6,416,1558,573,102,264,121,0,4.216680526733398,0
grid_4x4,medium,medium,p2_c40_penalty_off,202,6,6,0,6,416,1589,554,102,264,121,0,4.074104070663452,0
grid_4x4,medium,medium,p2_c40,101,5,6,0,6,370,1418,473,85,226,116,0,4.494783401489258,0
grid_4x4,medium,medium,p2_c40_penalty_off,303,2,4,0,4,324,1240,426,34,195,106,0,4.018772602081299,0
grid_4x4,medium,medium,p2_c40_penalty_off,101,6,6,0,6,390,1489,505,102,242,119,0,4.386802911758423,0
grid_4x4,medium,medium,p2_c40,404,2,4,0,4,278,1091,315,34,153,102,0,4.474368333816528,0
grid_4x4,medium,frequent,baseline,42,6,6,5,1,613,2130,1000,69,451,110,0,4.009526252746582,0
grid_4x4,medium,frequent,p2_c120,303,6,6,5,1,624,2138,1062,56,476,99,0,3.3685171604156494,0
grid_4x4,medium,medium,p2_c40_penalty_off,404,2,4,0,4,278,1091,315,34,153,102,0,4.473697900772095,0
grid_4x4,medium,frequent,baseline,101,6,6,5,1,545,1896,861,46,395,104,0,4.522348880767822,0
grid_4x4,medium,frequent,baseline,202,6,6,4,2,671,2340,1113,56,507,117,0,4.46343731880188,0
grid_4x4,medium,frequent,p2_c120,404,6,6,5,1,537,1899,815,69,382,108,0,3.926725149154663,0
grid_4x4,medium,frequent,baseline,303,6,6,5,1,624,2138,1062,56,476,99,0,4.423489093780518,0
grid_4x4,medium,frequent,baseline,404,6,6,5,1,537,1899,815,69,382,108,0,4.414402008056641,0
grid_4x4,medium,frequent,p2_c120,101,6,6,5,1,545,1896,861,46,395,104,0,4.543182611465454,0
grid_4x4,medium,frequent,p2_c120,42,6,6,5,1,613,2130,1000,69,451,110,0,4.588556528091431,0
grid_4x4,medium,frequent,p2_c120,202,6,6,4,2,671,2340,1113,56,507,117,0,4.519698619842529,0
grid_4x4,medium,frequent,p2_c120_h2,202,6,6,6,0,666,2283,1101,25,499,114,6,3.3150064945220947,0
grid_4x4,medium,frequent,p2_c120_mp2,101,6,6,5,1,546,1895,863,46,395,104,0,4.224122047424316,0
grid_4x4,medium,frequent,p2_c120_h2,101,4,4,3,1,560,2008,807,46,385,125,6,3.786668539047241,0
grid_4x4,medium,frequent,p2_c120_mp2,42,6,6,5,1,612,2116,1003,67,451,108,0,4.435792922973633,0
grid_4x4,medium,frequent,p2_c120_mp2,202,6,6,4,2,673,2342,1113,56,507,117,0,4.437860012054443,0
grid_4x4,medium,frequent,p2_c120_h2,42,4,4,4,0,530,1810,850,4,365,115,6,4.0505781173706055,0
grid_4x4,medium,frequent,p2_c120_mp2,404,6,6,5,1,538,1900,815,69,382,108,0,4.312030553817749,0
grid_4x4,medium,frequent,p2_c120_mp2,303,6,6,5,1,625,2144,1057,56,476,99,0,4.3872294425964355,0
grid_4x4,medium,frequent,p2_c120_h2,303,6,6,5,1,625,2164,996,57,449,123,6,3.6047496795654297,0
grid_4x4,medium,frequent,p2_c120_h2,404,6,6,6,0,585,2032,928,29,419,112,6,4.255345821380615,0
grid_4x4,medium,frequent,p2_c40,42,3,6,0,6,533,1840,867,51,373,114,0,4.429323196411133,0
grid_4x4,medium,frequent,p2_c40,101,6,6,0,6,545,1990,772,102,380,121,0,4.565181016921997,0
grid_4x4,medium,frequent,p2_c40,202,6,6,0,6,671,2367,1084,102,507,119,0,4.443166494369507,0
grid_4x4,medium,frequent,p2_c40,303,4,6,0,6,571,2017,900,68,412,114,0,4.574820280075073,0
grid_4x4,medium,frequent,p2_c40,404,2,6,0,6,430,1533,623,34,286,104,0,4.425243854522705,0
grid_4x4,medium,frequent,p2_c40_penalty_off,42,3,6,0,6,533,1850,857,51,373,114,0,4.4182939529418945,0
grid_4x4,medium,frequent,p2_c40_penalty_off,202,6,6,0,6,671,2369,1076,102,507,119,0,3.701547384262085,0
grid_4x4,medium,frequent,p2_c40_penalty_off,101,6,6,0,6,545,1985,766,102,380,121,0,4.536331415176392,0
grid_4x4,heavy,medium,baseline,101,10,12,10,2,487,1776,683,82,320,125,0,3.268361806869507,0
grid_4x4,heavy,medium,baseline,202,12,12,4,8,483,1809,612,127,276,162,0,3.3121907711029053,0
grid_4x4,medium,frequent,p2_c40_penalty_off,303,4,6,0,6,571,1992,925,68,412,114,0,4.4513959884643555,0
grid_4x4,medium,frequent,p2_c40_penalty_off,404,2,6,0,6,430,1533,623,34,286,104,0,4.461166143417358,0
grid_4x4,heavy,medium,baseline,42,7,8,2,6,384,1427,494,91,215,135,0,4.4448254108428955,0
grid_4x4,heavy,medium,baseline,404,7,8,2,6,398,1513,517,94,229,135,0,4.026478290557861,0
grid_4x4,heavy,medium,p2_c120,42,8,8,4,4,434,1605,593,116,263,134,0,3.917090654373169,0
grid_4x4,heavy,medium,baseline,303,7,8,7,1,385,1424,540,33,243,109,0,4.40113091468811,0
grid_4x4,heavy,medium,p2_c120_mp2,303,7,8,7,1,386,1425,540,33,243,109,0,3.514997720718384,0
grid_4x4,heavy,medium,p2_c120,202,12,12,8,4,542,1952,779,141,356,139,0,4.167958974838257,0
grid_4x4,heavy,medium,p2_c120_mp2,202,12,12,8,4,536,1927,772,131,356,130,0,3.7752904891967773,0
grid_4x4,heavy,medium,p2_c120,101,10,12,10,2,487,1776,683,82,320,125,0,4.381484270095825,0
grid_4x4,heavy,medium,p2_c120,303,7,8,7,1,385,1424,540,33,243,109,0,4.366941690444946,0
grid_4x4,heavy,medium,p2_c120,404,7,8,5,3,423,1553,606,85,277,111,0,4.379003286361694,0
grid_4x4,heavy,medium,p2_c120_mp2,101,10,12,10,2,489,1776,685,82,320,125,0,4.227498292922974,0
grid_4x4,heavy,medium,p2_c120_h2,42,3,4,2,2,302,1169,333,57,151,120,5,4.030982971191406,0
grid_4x4,heavy,medium,p2_c120_mp2,42,8,8,6,2,428,1538,621,85,279,111,0,4.346621513366699,0
grid_4x4,heavy,medium,p2_c120_mp2,404,7,8,4,4,437,1645,575,106,261,136,0,4.520000457763672,0
grid_4x4,heavy,medium,p2_c120_h2,101,7,8,8,0,429,1579,589,45,272,118,6,4.369332551956177,0
grid_4x4,heavy,medium,p2_c120_h2,303,11,12,8,4,533,2027,624,132,318,163,6,3.6415469646453857,0
grid_4x4,heavy,medium,p2_c120_h2,202,11,12,11,1,566,1978,874,95,386,130,6,3.8564462661743164,0
grid_4x4,heavy,medium,p2_c40,101,10,12,0,12,484,1852,611,170,306,139,0,3.6976428031921387,0
grid_4x4,heavy,medium,p2_c120_h2,404,7,8,7,1,394,1460,505,45,249,106,6,3.9610214233398438,0
grid_4x4,heavy,medium,p2_c40,202,12,12,0,12,529,2011,686,204,338,149,0,3.9968175888061523,0
grid_4x4,heavy,medium,p2_c40,42,6,8,0,8,390,1479,503,102,229,128,0,4.218302488327026,0
grid_4x4,heavy,medium,p2_c40,303,3,8,0,8,336,1269,437,49,191,117,0,4.432023525238037,0
grid_4x4,heavy,medium,p2_c40,404,2,8,0,8,300,1146,362,34,166,107,0,4.369312286376953,0
grid_4x4,heavy,medium,p2_c40_penalty_off,42,7,8,4,4,413,1552,549,81,261,116,0,4.365907430648804,0
grid_4x4,heavy,medium,p2_c40_penalty_off,202,12,12,6,6,543,2009,762,151,370,128,0,4.010173797607422,0
grid_4x4,heavy,medium,p2_c40_penalty_off,101,10,12,6,6,498,1835,703,129,338,119,0,4.5102903842926025,0
grid_4x4,heavy,medium,p2_c40_penalty_off,404,5,8,4,4,384,1444,504,72,246,106,0,4.06060791015625,0
grid_4x4,heavy,frequent,baseline,101,10,12,11,1,656,2250,1070,83,495,103,0,3.6795761585235596,0
grid_4x4,heavy,medium,p2_c40_penalty_off,303,4,8,4,4,384,1446,518,60,241,112,0,4.3751540184021,0
grid_4x4,heavy,frequent,baseline,42,10,11,9,2,690,2404,1093,86,520,109,0,4.171825408935547,0
grid_4x4,heavy,frequent,p2_c120,202,10,12,10,2,779,2697,1287,96,615,105,0,3.6136763095855713,0
grid_4x4,heavy,frequent,baseline,404,11,12,11,1,610,2082,1000,62,456,97,0,4.035196304321289,0
grid_4x4,heavy,frequent,baseline,202,10,12,9,3,780,2698,1291,109,616,105,0,4.340335845947266,0
grid_4x4,heavy,frequent,p2_c120_mp2,42,10,11,9,2,692,2406,1093,86,520,109,0,3.708697557449341,0
grid_4x4,heavy,frequent,baseline,303,11,12,6,6,730,2549,1173,116,523,145,0,4.403841972351074,0
grid_4x4,heavy,frequent,p2_c120,42,10,11,9,2,690,2404,1093,86,520,109,0,4.337424993515015,0
grid_4x4,heavy,frequent,p2_c120,101,10,12,11,1,656,2250,1070,83,495,103,0,4.484925031661987,0
grid_4x4,heavy,frequent,p2_c120_mp2,202,10,12,10,2,781,2699,1287,96,615,105,0,4.272087574005127,0
grid_4x4,heavy,frequent,p2_c120,404,11,12,11,1,610,2082,1000,62,456,97,0,4.423159599304199,0
grid_4x4,heavy,frequent,p2_c120,303,11,12,8,4,741,2534,1245,109,553,125,0,4.473823070526123,0
grid_4x4,heavy,frequent,p2_c120_mp2,101,10,12,11,1,657,2253,1068,83,495,103,0,4.399749040603638,0
grid_4x4,heavy,frequent,p2_c120_mp2,404,11,12,11,1,611,2086,997,62,456,97,0,4.117316246032715,0
grid_4x4,heavy,frequent,p2_c120_mp2,303,11,12,9,3,727,2481,1209,80,539,123,0,4.173279285430908,0
grid_4x4,heavy,frequent,p2_c120_h2,101,7,8,7,1,611,2196,876,55,421,134,6,4.320238828659058,0
grid_4x4,heavy,frequent,p2_c120_h2,42,9,12,11,1,693,2357,1130,76,512,116,6,4.406128168106079,0
grid_4x4,heavy,frequent,p2_c120_h2,303,10,12,9,3,713,2505,1089,84,505,144,6,4.236750841140747,0
grid_4x4,heavy,frequent,p2_c120_h2,202,10,12,12,0,722,2514,1155,10,549,112,6,4.587733268737793,0
grid_4x4,heavy,frequent,p2_c120_h2,404,7,8,7,1,609,2095,988,49,436,116,6,4.32904314994812,0
grid_4x4,heavy,frequent,p2_c40,42,8,11,0,11,632,2282,926,136,441,134,0,4.554128408432007,0
grid_4x4,sparse,medium,baseline,42,3,3,2,1,337,1258,476,58,211,101,0,2.9571869373321533,0
grid_4x4,heavy,frequent,p2_c40,101,9,12,0,12,635,2304,926,153,445,137,0,4.383467435836792,0
grid_4x4,heavy,frequent,p2_c40,202,10,12,0,12,744,2607,1191,154,550,138,0,4.43260645866394,0
grid_4x4,heavy,frequent,p2_c40,404,4,12,0,12,497,1756,732,68,332,117,0,4.2264063358306885,0
grid_4x4,heavy,frequent,p2_c40,303,4,12,0,12,585,2079,884,68,413,122,0,4.524046421051025,0
grid_4x4,heavy,frequent,p2_c40_penalty_off,202,10,12,6,6,768,2682,1230,109,598,112,0,4.019505262374878,0
grid_4x4,heavy,frequent,p2_c40_penalty_off,42,8,11,5,6,631,2189,1008,77,457,116,0,4.223347902297974,0
grid_4x4,heavy,frequent,p2_c40_penalty_off,101,9,12,6,6,619,2168,956,82,442,122,0,4.124547481536865,0
grid_4x4,sparse,medium,baseline,404,3,4,3,1,330,1252,438,20,212,93,0,3.288132905960083,0
grid_4x4,heavy,frequent,p2_c40_penalty_off,303,8,12,6,6,684,2389,1086,113,508,118,0,4.062597274780273,0
grid_4x4,sparse,medium,baseline,101,3,3,3,0,288,1077,401,3,172,93,0,3.9085700511932373,0
grid_4x4,heavy,frequent,p2_c40_penalty_off,404,7,12,6,6,535,1869,819,39,380,104,0,4.388227939605713,0
grid_4x4,sparse,medium,baseline,202,5,5,5,0,368,1291,581,22,247,93,0,4.136369943618774,0
grid_4x4,sparse,medium,baseline,303,2,2,2,0,277,1088,330,19,160,95,0,4.182066202163696,0
grid_4x4,sparse,medium,p2_c120,303,2,2,2,0,277,1088,330,19,160,95,0,3.766120433807373,0
grid_4x4,sparse,medium,p2_c120_mp2,42,3,3,2,1,338,1259,476,58,211,101,0,3.812937021255493,0
grid_4x4,sparse,medium,p2_c120,42,3,3,2,1,337,1258,476,58,211,101,0,4.463195562362671,0
grid_4x4,sparse,medium,p2_c120,101,3,3,3,0,288,1077,401,3,172,93,0,4.161094427108765,0
grid_4x4,sparse,medium,p2_c120,202,5,5,5,0,368,1291,581,22,247,93,0,4.188050031661987,0
grid_4x4,sparse,medium,p2_c120,404,3,4,3,1,330,1252,438,20,212,93,0,4.229586362838745,0
grid_4x4,sparse,medium,p2_c120_mp2,101,3,3,3,0,288,1077,401,3,172,93,0,4.370460748672485,0
grid_4x4,sparse,medium,p2_c120_mp2,303,2,2,2,0,277,1088,330,19,160,95,0,4.0554728507995605,0
grid_4x4,sparse,medium,p2_c120_mp2,202,5,5,5,0,368,1291,581,22,247,93,0,4.431444406509399,0
grid_4x4,sparse,medium,p2_c120_mp2,404,3,4,3,1,331,1253,438,20,212,93,0,4.296796083450317,0
grid_4x4,sparse,medium,p2_c120_h2,101,4,4,3,1,370,1383,496,46,212,126,6,3.9167847633361816,0
grid_4x4,sparse,medium,p2_c40_penalty_off,42,2,4,0,4,291,1109,377,34,157,111,0,2.9887776374816895,0
grid_4x4,sparse,medium,p2_c120_h2,42,4,4,3,1,368,1381,483,37,219,117,5,4.429189920425415,0
grid_4x4,sparse,medium,p2_c120_h2,303,2,3,2,1,342,1296,425,23,194,118,6,4.108644962310791,0
grid_4x4,sparse,medium,p2_c120_h2,202,5,5,5,0,394,1411,580,22,249,112,6,4.504523754119873,0
grid_4x4,sparse,medium,p2_c120_h2,404,4,4,3,1,379,1441,480,47,227,119,6,4.26815128326416,0
grid_4x4,sparse,medium,p2_c40,42,2,4,0,4,291,1109,377,34,157,111,0,4.303034543991089,0
grid_4x4,sparse,medium,p2_c40,202,5,5,0,5,396,1469,558,85,252,115,0,4.308527946472168,0
grid_4x4,sparse,medium,p2_c40_penalty_off,202,5,5,0,5,412,1501,626,85,268,115,0,3.7986068725585938,0
grid_4x4,sparse,medium,p2_c40,101,4,4,0,4,333,1274,427,68,196,111,0,4.480559825897217,0
grid_4x4,sparse,medium,p2_c40,303,3,5,0,5,334,1289,418,51,197,111,0,4.360445022583008,0
grid_4x4,sparse,medium,p2_c40_penalty_off,101,4,4,0,4,333,1281,417,68,196,111,0,4.293175458908081,0
grid_4x4,sparse,frequent,baseline,42,4,4,4,0,493,1678,817,25,353,96,0,3.737827777862549,0
grid_4x4,sparse,medium,p2_c40,404,2,5,0,5,320,1201,419,34,192,103,0,4.486532926559448,0
grid_4x4,sparse,medium,p2_c40_penalty_off,404,2,5,0,5,320,1201,419,34,192,103,0,4.183726072311401,0
grid_4x4,sparse,medium,p2_c40_penalty_off,303,3,5,0,5,335,1304,417,51,198,111,0,4.501867294311523,0
grid_4x4,sparse,frequent,p2_c120,42,4,4,4,0,493,1678,817,25,353,96,0,3.3446269035339355,0
grid_4x4,sparse,frequent,baseline,101,3,3,3,0,441,1489,742,3,310,93,0,4.479018449783325,0
grid_4x4,sparse,frequent,baseline,202,5,5,4,1,567,1903,987,56,425,98,0,4.317310333251953,0
grid_4x4,sparse,frequent,baseline,404,4,5,4,1,499,1705,834,42,359,97,0,4.038072347640991,0
grid_4x4,sparse,frequent,p2_c120,202,5,5,4,1,567,1903,987,56,425,98,0,3.8795268535614014,0
grid_4x4,sparse,frequent,baseline,303,5,5,4,1,554,1915,907,60,404,103,0,4.288679599761963,0
grid_4x4,sparse,frequent,p2_c120,101,3,3,3,0,441,1489,742,3,310,93,0,4.452951192855835,0
grid_4x4,sparse,frequent,p2_c120,303,5,5,4,1,554,1915,907,60,404,103,0,4.442929744720459,0
grid_4x4,sparse,frequent,p2_c120_mp2,303,5,5,4,1,555,1916,907,60,404,103,0,3.5758755207061768,0
grid_4x4,sparse,frequent,p2_c120,404,4,5,4,1,499,1705,834,42,359,97,0,4.283335447311401,0
grid_4x4,sparse,frequent,p2_c120_mp2,42,4,4,4,0,493,1678,817,25,353,96,0,4.256728172302246,0
grid_4x4,sparse,frequent,p2_c120_mp2,202,5,5,4,1,568,1897,994,56,425,98,0,4.26620888710022,0
grid_4x4,sparse,frequent,p2_c120_mp2,101,3,3,3,0,441,1489,742,3,310,93,0,4.543250560760498,0
grid_4x4,sparse,frequent,p2_c120_h2,404,4,4,4,0,526,1801,832,44,356,122,6,3.6089890003204346,0
grid_4x4,sparse,frequent,p2_c120_mp2,404,4,5,4,1,496,1685,831,38,359,93,0,4.406585216522217,0
grid_4x4,sparse,frequent,p2_c120_h2,42,5,5,3,2,530,1817,815,74,351,126,6,4.414656162261963,0
grid_4x4,sparse,frequent,p2_c120_h2,202,5,5,4,1,612,2152,968,60,434,126,6,4.141857624053955,0
grid_4x4,sparse,frequent,p2_c40_penalty_off,101,3,5,0,5,465,1644,688,46,311,113,0,3.2723217010498047,0
grid_4x4,sparse,frequent,p2_c120_h2,101,5,5,3,2,555,2028,759,74,376,128,6,4.540069341659546,0
grid_4x4,sparse,frequent,p2_c40,202,4,5,0,5,587,2029,975,52,433,112,0,3.8621397018432617,0
grid_4x4,sparse,frequent,p2_c120_h2,303,4,4,4,0,562,1997,844,47,395,119,6,4.279934644699097,0
grid_4x4,sparse,frequent,p2_c40,101,3,5,0,5,465,1644,688,46,311,113,0,4.1160337924957275,0
grid_4x4,sparse,frequent,p2_c40,42,4,5,0,5,523,1795,864,52,366,112,0,4.205625772476196,0
grid_4x4,sparse,frequent,p2_c40_penalty_off,303,2,5,0,5,496,1759,763,33,343,110,0,3.3944292068481445,0
grid_4x4,sparse,frequent,p2_c40,303,1,5,0,5,515,1772,849,17,365,107,0,4.581638336181641,0
grid_4x4,sparse,frequent,p2_c40,404,1,4,0,4,384,1376,544,17,244,101,0,4.451647043228149,0
grid_4x4,sparse,frequent,p2_c40_penalty_off,42,4,5,0,5,523,1798,864,52,366,112,0,4.4364988803863525,0
grid_4x4,sparse,frequent,p2_c40_penalty_off,202,4,5,0,5,587,2026,981,52,433,112,0,4.418323278427124,0
grid_4x4,sparse,frequent,p2_c40_penalty_off,404,1,4,0,4,384,1376,544,17,244,101,0,4.499988079071045,0
grid_5x5,medium,medium,baseline,404,6,6,6,0,574,2193,1062,6,399,146,0,5.3839287757873535,0
grid_5x5,medium,medium,p2_c120_mp2,42,6,6,4,2,690,2591,1306,120,490,166,0,4.831597805023193,0
grid_5x5,medium,medium,baseline,202,4,4,3,1,597,2230,1161,55,417,152,0,6.254126787185669,0
grid_5x5,medium,medium,p2_c120,202,4,4,3,1,597,2230,1161,55,417,152,0,5.32080340385437,0
grid_5x5,medium,medium,baseline,42,6,6,4,2,688,2587,1308,120,490,166,0,6.455565452575684,0
grid_5x5,medium,medium,baseline,101,6,6,5,1,631,2414,1160,83,450,150,0,6.446536540985107,0
grid_5x5,medium,medium,baseline,303,5,6,4,2,630,2408,1144,88,434,163,0,6.282809495925903,0
grid_5x5,medium,medium,p2_c120,42,6,6,4,2,688,2587,1308,120,490,166,0,6.363411903381348,0
grid_5x5,medium,medium,p2_c120,101,6,6,5,1,631,2414,1160,83,450,150,0,6.235170125961304,0
grid_5x5,medium,medium,p2_c120,303,5,6,4,2,630,2408,1144,88,434,163,0,6.283852815628052,0
grid_5x5,medium,medium,p2_c120_mp2,101,6,6,5,1,632,2420,1155,83,450,150,0,5.957286834716797,0
grid_5x5,medium,medium,p2_c120,404,6,6,6,0,574,2193,1062,6,399,146,0,6.293871879577637,0
grid_5x5,medium,medium,p2_c40,42,5,6,0,6,621,2411,1096,130,417,176,0,4.797626733779907,0
grid_5x5,medium,medium,p2_c120_mp2,303,4,6,4,2,628,2378,1158,87,434,160,0,5.4827282428741455,0
grid_5x5,medium,medium,p2_c120_h2,101,5,6,4,2,678,2528,1272,85,459,181,6,5.331728219985962,0
grid_5x5,medium,medium,p2_c120_h2,303,5,6,6,0,593,2279,1024,37,388,170,6,5.581696510314941,0
grid_5x5,medium,medium,p2_c120_mp2,202,4,4,3,1,598,2242,1150,55,417,152,0,6.358479022979736,0
grid_5x5,medium,medium,p2_c120_mp2,404,6,6,6,0,574,2193,1062,6,399,146,0,6.317430257797241,0
grid_5x5,medium,medium,p2_c120_h2,42,6,6,4,2,673,2585,1192,97,452,185,6,6.410051584243774,0
grid_5x5,medium,medium,p2_c120_h2,404,6,6,6,0,663,2550,1170,66,461,165,6,6.243934154510498,0
grid_5x5,medium,medium,p2_c120_h2,202,5,6,6,0,623,2362,1122,5,420,166,6,6.324461460113525,0
grid_5x5,medium,medium,p2_c40,404,3,6,0,6,514,2008,887,78,324,164,0,5.5777528285980225,0
grid_5x5,medium,medium,p2_c40,101,6,6,1,5,613,2437,1020,142,400,183,0,6.261781215667725,0
grid_5x5,medium,medium,p2_c40,202,4,4,0,4,589,2265,1079,104,392,170,0,6.256554841995239,0
grid_5x5,medium,medium,p2_c40_penalty_off,42,5,6,0,6,621,2404,1109,130,417,176,0,5.696491956710815,0
grid_5x5,medium,medium,p2_c40_penalty_off,101,6,6,0,6,610,2483,982,156,400,181,0,5.425314426422119,0
grid_5x5,medium,medium,p2_c40,303,1,6,0,6,496,1914,872,26,311,158,0,6.109630346298218,0
grid_5x5,medium,medium,p2_c40_penalty_off,202,4,4,0,4,588,2287,1049,104,392,169,0,6.233659505844116,0
grid_5x5,medium,medium,p2_c40_penalty_off,303,2,6,0,6,525,2025,924,52,336,161,0,6.307269811630249,0
grid_5x5,medium,frequent,baseline,42,6,6,4,2,919,3230,1911,92,702,168,0,5.92919135093689,0
grid_5x5,medium,medium,p2_c40_penalty_off,404,2,6,0,6,483,1869,850,51,298,160,0,6.261584758758545,0
grid_5x5,medium,frequent,baseline,202,5,6,4,2,946,3375,1946,138,732,163,0,6.328826427459717,0
grid_5x5,medium,frequent,p2_c120,101,6,6,6,0,950,3373,1990,37,750,150,0,5.662910223007202,0
grid_5x5,medium,frequent,p2_c120_mp2,202,5,6,4,2,943,3340,1958,133,732,158,0,5.052147388458252,0
grid_5x5,medium,frequent,baseline,101,6,6,6,0,950,3373,1990,37,750,150,0,6.512814521789551,0
grid_5x5,medium,frequent,baseline,303,5,6,6,0,1035,3541,2284,67,827,155,0,6.491304159164429,0
grid_5x5,medium,frequent,baseline,404,6,6,6,0,997,3539,2075,63,792,150,0,6.590235948562622,0
grid_5x5,medium,frequent,p2_c120_h2,42,6,6,5,1,896,3142,1828,57,672,170,6,4.6700568199157715,0
grid_5x5,medium,frequent,p2_c120,42,6,6,4,2,919,3230,1911,92,702,168,0,6.386367559432983,0
grid_5x5,medium,frequent,p2_c40,42,5,6,0,6,872,3111,1766,130,653,173,0,4.628122329711914,0
grid_5x5,medium,frequent,p2_c120_mp2,42,6,6,4,2,921,3246,1897,92,702,168,0,6.1751275062561035,0
grid_5x5,medium,frequent,p2_c120_mp2,101,6,6,6,0,950,3373,1990,37,750,150,0,6.224289178848267,0
grid_5x5,medium,frequent,p2_c120,202,5,6,4,2,946,3375,1946,138,732,163,0,6.417699575424194,0
grid_5x5,medium,frequent,p2_c120,303,5,6,6,0,1035,3541,2284,67,827,155,0,6.605212688446045,0
grid_5x5,medium,frequent,p2_c40,202,2,6,0,6,793,2862,1588,52,582,166,0,4.852370977401733,0
grid_5x5,medium,frequent,p2_c120,404,6,6,6,0,997,3539,2075,63,792,150,0,6.594393014907837,0
grid_5x5,medium,frequent,p2_c120_mp2,303,5,6,6,0,1035,3541,2284,67,827,155,0,6.2922446727752686,0
grid_5x5,medium,frequent,p2_c120_mp2,404,6,6,6,0,997,3539,2075,63,792,150,0,6.593430757522583,0
grid_5x5,medium,frequent,p2_c120_h2,101,6,6,5,1,959,3404,1954,88,733,171,6,6.459311008453369,0
grid_5x5,medium,frequent,p2_c120_h2,303,5,6,6,0,959,3275,2082,31,743,157,6,6.381169319152832,0
grid_5x5,medium,frequent,p2_c120_h2,202,5,6,4,2,904,3303,1731,92,660,187,6,6.4341676235198975,0
grid_5x5,medium,frequent,p2_c40,101,5,6,0,6,923,3345,1851,130,700,175,0,6.316272735595703,0
grid_5x5,medium,frequent,p2_c120_h2,404,6,6,3,3,1013,3596,2046,133,753,202,6,6.589128017425537,0
grid_5x5,medium,frequent,p2_c40,303,2,6,0,6,887,3071,1905,27,680,159,0,6.5837297439575195,0
grid_5x5,medium,frequent,p2_c40,404,1,6,0,6,820,2916,1672,26,617,155,0,6.504967927932739,0
grid_5x5,medium,frequent,p2_c40_penalty_off,42,6,6,0,6,900,3228,1810,156,678,175,0,5.8561317920684814,0
grid_5x5,heavy,medium,baseline,202,6,8,8,0,596,2257,1112,6,417,147,0,4.990004301071167,0
grid_5x5,medium,frequent,p2_c40_penalty_off,202,2,6,0,6,793,2853,1588,52,582,166,0,5.791731834411621,0
grid_5x5,medium,frequent,p2_c40_penalty_off,101,5,6,0,6,922,3350,1835,130,700,174,0,6.493885517120361,0
grid_5x5,medium,frequent,p2_c40_penalty_off,303,2,6,0,6,912,3163,1964,52,705,159,0,5.85605263710022,0
grid_5x5,heavy,medium,p2_c120,101,11,12,11,1,770,2927,1406,93,573,155,0,5.1333372592926025,0
grid_5x5,heavy,medium,p2_c120,404,10,12,9,3,730,2798,1297,114,500,188,0,4.77316689491272,0
grid_5x5,heavy,medium,baseline,101,11,12,10,2,775,2956,1411,118,573,160,0,5.823213815689087,0
grid_5x5,heavy,medium,p2_c120_mp2,42,11,12,8,4,796,2974,1472,173,573,174,0,4.952270030975342,0
grid_5x5,heavy,medium,baseline,42,12,12,5,7,793,3044,1408,221,548,201,0,6.289937257766724,0
grid_5x5,medium,frequent,p2_c40_penalty_off,404,0,6,0,6,790,2805,1615,0,592,151,0,6.370939493179321,0
grid_5x5,heavy,medium,baseline,303,10,12,6,6,774,2915,1430,153,538,192,0,6.240548610687256,0
grid_5x5,heavy,medium,baseline,404,10,12,7,5,703,2731,1204,126,450,211,0,6.264206647872925,0
grid_5x5,heavy,medium,p2_c120,42,12,12,9,3,813,2974,1597,167,598,170,0,6.197181701660156,0
grid_5x5,heavy,medium,p2_c120_mp2,202,6,8,8,0,596,2257,1112,6,417,147,0,5.80078911781311,0
grid_5x5,heavy,medium,p2_c120,303,11,12,10,2,827,3055,1603,129,613,168,0,6.175917148590088,0
grid_5x5,heavy,medium,p2_c120,202,6,8,8,0,596,2257,1112,6,417,147,0,6.220257759094238,0
grid_5x5,heavy,medium,p2_c120_h2,404,7,8,7,1,681,2647,1171,101,462,178,6,4.534161329269409,0
grid_5x5,heavy,medium,p2_c120_mp2,303,11,12,9,3,828,3074,1570,149,611,168,0,5.962792873382568,0
grid_5x5,heavy,medium,p2_c120_mp2,101,11,12,10,2,815,3121,1463,156,597,172,0,6.6170361042022705,0
grid_5x5,heavy,medium,p2_c120_mp2,404,10,12,9,3,762,2898,1375,143,525,191,0,6.213169574737549,0
grid_5x5,heavy,medium,p2_c120_h2,42,12,12,11,1,852,3084,1681,105,624,179,6,6.002763986587524,0
grid_5x5,heavy,medium,p2_c120_h2,101,10,12,8,4,874,3155,1742,189,636,187,6,6.040130376815796,0
grid_5x5,heavy,medium,p2_c120_h2,303,10,12,9,3,874,3238,1650,195,645,179,6,6.383024215698242,0
grid_5x5,heavy,medium,p2_c40,42,11,12,2,10,802,3133,1383,268,554,208,0,6.0430121421813965,0
grid_5x5,heavy,medium,p2_c120_h2,202,10,12,10,2,809,3048,1482,105,570,188,6,6.490726709365845,0
grid_5x5,heavy,medium,p2_c40,202,7,8,0,8,650,2544,1110,156,426,191,0,6.318618535995483,0
grid_5x5,heavy,medium,p2_c40,101,10,12,4,8,722,2840,1224,160,500,183,0,6.485560655593872,0
grid_5x5,heavy,medium,p2_c40,303,1,12,0,12,522,1969,930,26,321,167,0,6.453777074813843,0
grid_5x5,heavy,medium,p2_c40_penalty_off,303,6,12,6,6,671,2536,1225,57,471,160,0,4.908862352371216,0
grid_5x5,heavy,medium,p2_c40,404,5,12,0,12,585,2276,977,130,374,177,0,5.851961135864258,0
grid_5x5,heavy,frequent,baseline,42,10,12,5,7,1096,3939,2207,201,839,196,0,5.1669487953186035,0
grid_5x5,heavy,medium,p2_c40_penalty_off,42,11,12,6,6,765,2964,1348,155,529,195,0,6.307825565338135,0
grid_5x5,heavy,medium,p2_c40_penalty_off,202,6,8,4,4,655,2489,1206,89,452,169,0,6.194407224655151,0
grid_5x5,heavy,frequent,baseline,404,10,12,8,4,1070,3772,2192,86,820,184,0,5.489095211029053,0
grid_5x5,heavy,medium,p2_c40_penalty_off,101,10,12,6,6,733,2893,1236,132,500,192,0,6.309834003448486,0
grid_5x5,heavy,medium,p2_c40_penalty_off,404,7,12,6,6,705,2668,1289,142,499,167,0,6.301301956176758,0
grid_5x5,heavy,frequent,p2_c120,202,11,12,10,2,1118,3950,2338,174,885,170,0,5.277956008911133,0
grid_5x5,heavy,frequent,baseline,202,11,12,8,4,1065,3765,2223,139,835,169,0,6.129113435745239,0
grid_5x5,heavy,frequent,baseline,101,11,12,6,6,1101,3956,2195,188,838,202,0,6.4238903522491455,0
grid_5x5,heavy,frequent,baseline,303,11,12,7,5,1161,4031,2469,164,921,174,0,6.288071870803833,0
grid_5x5,heavy,frequent,p2_c120_mp2,303,11,12,10,2,1171,4014,2549,114,946,157,0,4.751121997833252,0
grid_5x5,heavy,frequent,p2_c120,101,11,12,8,4,1163,4172,2356,210,913,187,0,6.447242259979248,0
grid_5x5,heavy,frequent,p2_c120,42,11,12,9,3,1129,3984,2344,155,889,177,0,6.60016393661499,0
grid_5x5,heavy,frequent,p2_c120_mp2,101,11,12,8,4,1167,4176,2356,210,913,187,0,6.176231622695923,0
grid_5x5,heavy,frequent,p2_c120_mp2,42,11,12,8,4,1153,4088,2357,195,889,196,0,6.468837261199951,0
grid_5x5,heavy,frequent,p2_c120,303,11,12,10,2,1200,4138,2595,145,971,162,0,6.612989187240601,0
grid_5x5,heavy,frequent,p2_c120,404,10,12,11,1,1085,3819,2265,41,870,150,0,6.6160454750061035,0
grid_5x5,heavy,frequent,p2_c120_h2,42,11,12,11,1,1070,3701,2247,62,833,171,6,5.596147060394287,0
grid_5x5,heavy,frequent,p2_c120_mp2,202,11,12,11,1,1057,3677,2246,94,835,160,0,6.143603801727295,0
grid_5x5,heavy,frequent,p2_c120_mp2,404,10,12,11,1,1086,3819,2266,41,870,150,0,6.244408845901489,0
grid_5x5,heavy,frequent,p2_c120_h2,101,10,12,8,4,1147,4028,2384,189,905,173,6,6.058784008026123,0
grid_5x5,heavy,frequent,p2_c120_h2,202,9,11,9,2,1053,3840,2027,118,805,181,6,6.408664703369141,0
grid_5x5,heavy,frequent,p2_c120_h2,303,9,12,9,3,1138,3944,2413,123,890,176,6,6.62459397315979,0
grid_5x5,heavy,frequent,p2_c40,42,9,12,0,12,1021,3663,2043,209,763,201,0,6.189415454864502,0
grid_5x5,heavy,frequent,p2_c120_h2,404,8,12,12,0,1013,3506,2120,34,779,170,6,6.295232057571411,0
grid_5x5,heavy,frequent,p2_c40,101,9,12,1,11,1052,3836,2077,209,800,195,0,6.4213831424713135,0
grid_5x5,heavy,frequent,p2_c40,303,2,12,0,12,945,3241,2035,52,723,165,0,5.332188606262207,0
grid_5x5,heavy,frequent,p2_c40,202,2,12,1,11,828,2963,1652,58,594,183,0,6.410554647445679,0
grid_5x5,heavy,frequent,p2_c40,404,4,12,0,12,925,3336,1814,104,694,172,0,6.021450757980347,0
grid_5x5,sparse,medium,baseline,404,4,4,4,0,496,1947,855,4,325,146,0,5.025866270065308,0
grid_5x5,heavy,frequent,p2_c40_penalty_off,202,6,12,6,6,981,3518,1963,125,747,176,0,5.870270490646362,0
grid_5x5,heavy,frequent,p2_c40_penalty_off,303,6,12,6,6,1086,3736,2354,89,863,162,0,5.9559104442596436,0
grid_5x5,heavy,frequent,p2_c40_penalty_off,404,6,12,6,6,988,3500,2015,57,769,157,0,5.7960710525512695,0
grid_5x5,sparse,medium,p2_c120,101,5,5,4,1,591,2211,1131,56,412,150,0,4.796380519866943,0
grid_5x5,sparse,medium,baseline,202,4,4,4,0,521,1960,986,4,348,147,0,5.5749828815460205,0
grid_5x5,heavy,frequent,p2_c40_penalty_off,101,10,12,6,6,1092,3874,2250,150,848,184,0,6.354580402374268,0
grid_5x5,heavy,frequent,p2_c40_penalty_off,42,10,12,6,6,1145,4026,2375,215,886,196,0,6.605621576309204,0
grid_5x5,sparse,medium,baseline,42,4,5,4,1,578,2209,1064,41,391,160,0,6.2878077030181885,0
grid_5x5,sparse,medium,baseline,101,5,5,4,1,591,2211,1131,56,412,150,0,6.296976804733276,0
grid_5x5,sparse,medium,baseline,303,5,5,5,0,621,2302,1210,31,441,146,0,6.088636636734009,0
grid_5x5,sparse,medium,p2_c120,303,5,5,5,0,621,2302,1210,31,441,146,0,5.330935716629028,0
grid_5x5,sparse,medium,p2_c120,42,4,5,4,1,578,2209,1064,41,391,160,0,6.322121620178223,0
grid_5x5,sparse,medium,p2_c120,202,4,4,4,0,521,1960,986,4,348,147,0,6.31045126914978,0
grid_5x5,sparse,medium,p2_c120_mp2,42,4,5,4,1,579,2210,1064,41,391,160,0,5.983721971511841,0
grid_5x5,sparse,medium,p2_c120_mp2,101,5,5,4,1,592,2210,1133,56,412,150,0,5.820315837860107,0
grid_5x5,sparse,medium,p2_c120_mp2,202,4,4,4,0,521,1960,986,4,348,147,0,6.157302141189575,0
grid_5x5,sparse,medium,p2_c120,404,4,4,4,0,496,1947,855,4,325,146,0,6.436249017715454,0
grid_5x5,sparse,medium,p2_c120_h2,42,4,5,4,1,672,2537,1242,71,457,181,6,5.312358617782593,0
grid_5x5,sparse,medium,p2_c120_mp2,404,4,4,4,0,496,1947,855,4,325,146,0,5.764208078384399,0
grid_5x5,sparse,medium,p2_c120_mp2,303,5,5,5,0,621,2302,1210,31,441,146,0,6.449700832366943,0
grid_5x5,sparse,medium,p2_c120_h2,303,5,5,3,2,604,2371,974,77,372,194,6,5.159086465835571,0
grid_5x5,sparse,medium,p2_c120_h2,202,4,4,3,1,611,2356,1063,40,393,182,6,6.300655126571655,0
grid_5x5,sparse,medium,p2_c120_h2,101,5,5,4,1,666,2518,1218,108,451,176,6,6.48361349105835,0
grid_5x5,sparse,medium,p2_c40,42,5,5,0,5,630,2459,1106,130,429,174,0,6.143134593963623,0
grid_5x5,sparse,medium,p2_c120_h2,404,5,5,4,1,679,2554,1255,118,472,170,6,6.486516952514648,0
grid_5x5,sparse,medium,p2_c40,202,3,4,0,4,520,2036,895,78,328,167,0,5.600958347320557,0
grid_5x5,sparse,medium,p2_c40,404,2,5,0,5,499,2011,812,52,317,159,0,4.876054525375366,0
grid_5x5,sparse,medium,p2_c40,101,5,5,0,5,625,2399,1144,130,424,174,0,6.172873020172119,0
grid_5x5,sparse,frequent,baseline,101,5,5,5,0,943,3291,2014,64,739,151,0,4.744514226913452,0
grid_5x5,sparse,medium,p2_c40,303,0,5,0,5,451,1750,790,0,272,155,0,5.8701019287109375,0
grid_5x5,sparse,medium,p2_c40_penalty_off,303,0,5,0,5,451,1735,795,0,272,155,0,5.858325719833374,0
grid_5x5,sparse,medium,p2_c40_penalty_off,42,5,5,0,5,630,2435,1130,130,429,174,0,6.118954658508301,0
grid_5x5,sparse,medium,p2_c40_penalty_off,101,5,5,0,5,625,2407,1134,130,423,174,0,6.347265720367432,0
grid_5x5,sparse,medium,p2_c40_penalty_off,202,3,4,0,4,520,2036,895,78,328,167,0,6.306776523590088,0
grid_5x5,sparse,medium,p2_c40_penalty_off,404,3,5,0,5,529,2118,873,78,342,163,0,6.147530555725098,0
grid_5x5,sparse,frequent,baseline,42,5,5,5,0,812,2772,1770,5,622,145,0,6.392888069152832,0
grid_5x5,sparse,frequent,baseline,202,5,5,4,1,830,2924,1754,58,629,154,0,6.064775705337524,0
grid_5x5,sparse,frequent,baseline,303,5,5,4,1,914,3195,1934,57,709,153,0,6.399144411087036,0
grid_5x5,sparse,frequent,p2_c120_mp2,202,5,5,4,1,831,2907,1772,58,629,154,0,4.468454837799072,0
grid_5x5,sparse,frequent,baseline,404,5,5,5,0,938,3228,2048,36,740,151,0,6.57741904258728,0
grid_5x5,sparse,frequent,p2_c120,42,5,5,5,0,812,2772,1770,5,622,145,0,6.238927602767944,0
grid_5x5,sparse,frequent,p2_c120,202,5,5,4,1,830,2924,1754,58,629,154,0,6.030890703201294,0
grid_5x5,sparse,frequent,p2_c120,101,5,5,5,0,943,3291,2014,64,739,151,0,6.1717164516448975,0
grid_5x5,sparse,frequent,p2_c120,303,5,5,4,1,914,3195,1934,57,709,153,0,6.551936149597168,0
grid_5x5,sparse,frequent,p2_c120,404,5,5,5,0,938,3228,2048,36,740,151,0,6.465516567230225,0
grid_5x5,sparse,frequent,p2_c120_mp2,404,5,5,5,0,938,3228,2048,36,740,151,0,5.754010915756226,0
grid_5x5,sparse,frequent,p2_c120_mp2,42,5,5,5,0,812,2772,1770,5,622,145,0,6.554338455200195,0
grid_5x5,sparse,frequent,p2_c120_mp2,101,5,5,5,0,943,3291,2014,64,739,151,0,6.62013840675354,0
grid_5x5,sparse,frequent,p2_c120_mp2,303,5,5,4,1,915,3196,1934,57,709,153,0,6.562284469604492,0
grid_5x5,sparse,frequent,p2_c120_h2,202,5,5,5,0,891,3113,1845,58,669,164,6,5.783296823501587,0
grid_5x5,sparse,frequent,p2_c40,202,2,5,0,5,834,2923,1752,27,619,166,0,4.829004764556885,0
grid_5x5,sparse,frequent,p2_c120_h2,42,5,5,3,2,965,3327,2037,103,730,178,6,6.171763181686401,0
grid_5x5,sparse,frequent,p2_c120_h2,101,5,5,4,1,962,3423,1956,116,730,180,6,6.215559005737305,0
grid_5x5,sparse,frequent,p2_c120_h2,303,5,5,4,1,935,3183,2029,64,701,176,6,5.753236770629883,0
grid_5x5,sparse,frequent,p2_c120_h2,404,5,5,4,1,856,3145,1609,113,632,171,6,6.427314758300781,0
grid_5x5,sparse,frequent,p2_c40,303,1,5,0,5,872,2989,1919,16,666,158,0,5.597801685333252,0
grid_5x5,sparse,frequent,p2_c40,42,2,5,0,5,897,3102,1934,52,685,165,0,6.618361234664917,0
grid_5x5,sparse,frequent,p2_c40,101,5,5,1,4,914,3185,1955,101,698,167,0,6.429550886154175,0
grid_5x5,sparse,frequent,p2_c40_penalty_off,42,2,5,0,5,865,2982,1857,52,654,164,0,5.673052549362183,0
grid_5x5,sparse,frequent,p2_c40,404,0,5,0,5,797,2822,1663,0,605,151,0,6.4412384033203125,0
grid_5x5,sparse,frequent,p2_c40_penalty_off,303,1,5,0,5,874,3003,1926,16,668,158,0,6.163221836090088,0
grid_5x5,sparse,frequent,p2_c40_penalty_off,404,0,5,0,5,797,2822,1663,0,605,151,0,5.959072589874268,0
grid_5x5,sparse,frequent,p2_c40_penalty_off,202,2,5,0,5,841,2963,1750,27,626,166,0,6.4526050090789795,0
grid_5x5,sparse,frequent,p2_c40_penalty_off,101,5,5,0,5,919,3210,1947,124,696,174,0,6.468704462051392,0
grid_6x6,medium,medium,baseline,202,5,6,4,2,906,3442,2003,126,637,237,0,6.941773414611816,0
grid_6x6,medium,medium,baseline,42,6,6,4,2,1037,3965,2271,128,769,233,0,7.515465259552002,0
grid_6x6,medium,medium,baseline,101,5,6,5,1,954,3717,2034,91,697,223,0,8.46534538269043,0
grid_6x6,medium,medium,baseline,303,4,6,4,2,943,3707,1932,131,672,237,0,8.092422008514404,0
grid_6x6,medium,medium,p2_c120,202,5,6,4,2,906,3442,2003,126,637,237,0,7.398234605789185,0
grid_6x6,medium,medium,p2_c120,404,5,6,4,2,969,3743,2119,99,701,237,0,7.31641960144043,0
grid_6x6,medium,medium,baseline,404,5,6,4,2,969,3743,2119,99,701,237,0,8.630818367004395,0
grid_6x6,medium,medium,p2_c120,42,6,6,4,2,1037,3965,2271,128,769,233,0,8.609140396118164,0
grid_6x6,medium,medium,p2_c120,101,5,6,5,1,954,3717,2034,91,697,223,0,8.577911853790283,0
grid_6x6,medium,medium,p2_c120_mp2,42,6,6,4,2,1084,4166,2344,173,805,241,0,7.746097564697266,0
grid_6x6,medium,medium,p2_c120,303,4,6,4,2,943,3707,1932,131,672,237,0,8.534655570983887,0
grid_6x6,medium,medium,p2_c120_mp2,101,5,6,5,1,955,3718,2034,91,697,223,0,8.585794448852539,0
grid_6x6,medium,medium,p2_c40,202,4,6,1,5,847,3266,1828,128,566,251,0,6.6013312339782715,0
grid_6x6,medium,medium,p2_c120_h2,42,6,6,5,1,1023,3920,2180,93,734,249,6,8.153053760528564,0
grid_6x6,medium,medium,p2_c120_mp2,202,5,6,4,2,908,3448,1999,126,637,237,0,8.87688422203064,0
grid_6x6,medium,medium,p2_c120_h2,101,4,4,3,1,821,3280,1597,78,543,242,6,8.427230834960938,0
grid_6x6,medium,medium,p2_c120_mp2,303,4,6,4,2,941,3670,1947,127,676,229,0,8.656136512756348,0
grid_6x6,medium,medium,p2_c120_h2,202,5,6,4,2,1058,3932,2386,151,773,245,6,8.492455959320068,0
grid_6x6,medium,medium,p2_c120_mp2,404,5,6,4,2,1009,3883,2214,136,738,237,0,8.672306060791016,0
grid_6x6,medium,medium,p2_c120_h2,303,5,6,6,0,973,3658,2152,42,714,217,6,8.37610673904419,0
grid_6x6,medium,medium,p2_c40,42,4,6,0,6,931,3622,1960,148,661,239,0,8.471815347671509,0
grid_6x6,medium,medium,p2_c40_penalty_off,101,0,6,0,6,703,2848,1373,0,445,231,0,7.116094589233398,0
grid_6x6,medium,medium,p2_c40_penalty_off,202,4,6,1,5,846,3277,1803,128,566,250,0,7.175580024719238,0
grid_6x6,medium,medium,p2_c120_h2,404,6,6,6,0,1029,3895,2252,95,753,237,6,8.82543420791626,0
grid_6x6,medium,medium,p2_c40_penalty_off,42,4,6,0,6,931,3616,1969,148,661,239,0,7.59107780456543,0
grid_6x6,medium,medium,p2_c40,101,0,6,0,6,705,2870,1373,0,445,233,0,8.658613443374634,0
grid_6x6,medium,medium,p2_c40,303,1,6,0,6,745,2981,1480,37,496,221,0,8.617886781692505,0
grid_6x6,medium,medium,p2_c40,404,2,6,0,6,810,3156,1719,74,558,226,0,8.836950063705444,0
grid_6x6,medium,frequent,baseline,42,6,6,4,2,1327,4859,3044,104,1027,246,0,7.170233488082886,0
grid_6x6,medium,medium,p2_c40_penalty_off,303,1,6,0,6,745,2980,1478,37,496,221,0,8.611165046691895,0
grid_6x6,medium,medium,p2_c40_penalty_off,404,2,6,0,6,810,3178,1700,74,558,226,0,8.609537839889526,0
grid_6x6,medium,frequent,p2_c120,42,6,6,4,2,1327,4859,3044,104,1027,246,0,6.724964141845703,0
grid_6x6,medium,frequent,baseline,202,5,6,6,0,1518,5244,3896,42,1251,212,0,8.564001083374023,0
grid_6x6,medium,frequent,baseline,303,5,6,5,1,1468,5147,3632,92,1187,227,0,8.339411497116089,0
grid_6x6,medium,frequent,baseline,101,6,6,5,1,1457,5289,3483,82,1189,217,0,8.842937231063843,0
grid_6x6,medium,frequent,baseline,404,6,6,6,0,1574,5403,4057,80,1307,209,0,8.607588052749634,0
grid_6x6,medium,frequent,p2_c120,202,5,6,6,0,1518,5244,3896,42,1251,212,0,8.79027509689331,0
grid_6x6,medium,frequent,p2_c120,101,6,6,5,1,1457,5289,3483,82,1189,217,0,8.87880539894104,0
grid_6x6,medium,frequent,p2_c120,303,5,6,5,1,1468,5147,3632,92,1187,227,0,8.856759309768677,0
grid_6x6,medium,frequent,p2_c120_mp2,42,6,6,4,2,1329,4858,3047,104,1027,246,0,7.914613723754883,0
grid_6x6,medium,frequent,p2_c120_mp2,303,5,6,5,1,1469,5148,3632,92,1187,227,0,7.736975908279419,0
grid_6x6,medium,frequent,p2_c120_mp2,101,6,6,5,1,1458,5321,3454,82,1189,217,0,8.13974142074585,0
grid_6x6,medium,frequent,p2_c120_h2,101,5,6,4,2,1519,5416,3661,158,1217,242,6,7.670293569564819,0
grid_6x6,medium,frequent,p2_c120,404,6,6,6,0,1574,5403,4057,80,1307,209,0,8.826757669448853,0
grid_6x6,medium,frequent,p2_c120_h2,42,6,6,4,2,1542,5477,3675,173,1218,257,6,8.507975339889526,0
grid_6x6,medium,frequent,p2_c120_mp2,202,5,6,6,0,1518,5244,3896,42,1251,212,0,9.11531376838684,0
grid_6x6,medium,frequent,p2_c40,404,2,6,0,6,1368,4680,3500,74,1091,225,0,6.725393295288086,0
grid_6x6,medium,frequent,p2_c120_h2,303,5,6,5,1,1396,5073,3274,54,1101,240,6,7.990230560302734,0
grid_6x6,medium,frequent,p2_c120_mp2,404,6,6,6,0,1574,5403,4057,80,1307,209,0,9.079586505889893,0
grid_6x6,medium,frequent,p2_c40,303,0,6,0,6,1234,4273,3092,0,971,216,0,8.15466022491455,0
grid_6x6,medium,frequent,p2_c40,202,3,6,0,6,1432,5027,3588,111,1143,237,0,8.265584945678711,0
grid_6x6,medium,frequent,p2_c120_h2,202,5,6,6,0,1446,5092,3530,48,1147,240,6,9.103415727615356,0
grid_6x6,medium,frequent,p2_c40,101,0,6,0,6,1213,4458,2834,0,937,232,0,8.65349793434143,0
grid_6x6,medium,frequent,p2_c40,42,6,6,0,6,1328,4930,3007,222,1028,248,0,8.817612171173096,0
grid_6x6,medium,frequent,p2_c120_h2,404,6,6,4,2,1579,5561,3839,149,1252,263,6,8.911516904830933,0
grid_6x6,medium,frequent,p2_c40_penalty_off,42,6,6,0,6,1328,4924,3007,222,1028,248,0,8.546375751495361,0
grid_6x6,medium,frequent,p2_c40_penalty_off,101,0,6,0,6,1209,4441,2834,0,937,228,0,7.55635666847229,0
grid_6x6,medium,frequent,p2_c40_penalty_off,202,2,6,0,6,1391,4829,3516,74,1107,233,0,8.238840818405151,0
grid_6x6,medium,frequent,p2_c40_penalty_off,404,0,6,0,6,1284,4360,3324,0,1019,215,0,8.377787113189697,0
grid_6x6,medium,frequent,p2_c40_penalty_off,303,0,6,0,6,1234,4273,3092,0,971,216,0,8.810509443283081,0
grid_6x6,heavy,medium,baseline,202,10,12,8,4,1167,4423,2591,262,887,236,0,8.026500225067139,0
grid_6x6,heavy,medium,baseline,101,10,12,9,3,1121,4292,2413,133,841,235,0,8.335660457611084,0
grid_6x6,heavy,medium,p2_c120,42,10,12,10,2,1214,4585,2696,96,940,228,0,7.448598384857178,0
grid_6x6,heavy,medium,baseline,42,10,12,10,2,1214,4585,2696,96,940,228,0,8.63748836517334,0
grid_6x6,heavy,medium,baseline,303,12,12,9,3,1163,4511,2440,192,890,227,0,8.233715295791626,0
grid_6x6,heavy,medium,p2_c120,202,10,12,10,2,1192,4469,2698,227,923,224,0,7.435786962509155,0
grid_6x6,heavy,medium,p2_c120_mp2,101,11,12,10,2,1159,4468,2460,134,877,234,0,7.079050064086914,0
grid_6x6,heavy,medium,p2_c120,101,11,12,10,2,1157,4424,2502,134,877,234,0,7.848572731018066,0
grid_6x6,heavy,medium,baseline,404,10,12,9,3,1112,4262,2439,121,843,228,0,8.630570888519287,0
grid_6x6,heavy,medium,p2_c120_mp2,42,10,12,10,2,1216,4600,2683,96,940,228,0,7.681844711303711,0
grid_6x6,heavy,medium,p2_c120,303,12,12,10,2,1157,4464,2456,156,890,221,0,8.068016290664673,0
grid_6x6,heavy,medium,p2_c120,404,11,12,11,1,1212,4546,2760,160,949,219,0,8.651976108551025,0
grid_6x6,heavy,medium,p2_c120_mp2,303,12,12,10,2,1203,4626,2557,200,927,227,0,7.737879991531372,0
grid_6x6,heavy,medium,p2_c120_mp2,202,10,12,10,2,1193,4470,2698,227,923,224,0,8.200308084487915,0
grid_6x6,heavy,medium,p2_c120_h2,42,11,12,8,4,1305,5021,2757,311,962,288,6,7.979552507400513,0
grid_6x6,heavy,medium,p2_c120_mp2,404,11,12,11,1,1213,4545,2760,160,949,219,0,8.723767280578613,0
grid_6x6,heavy,medium,p2_c120_h2,202,10,12,9,3,1243,4576,2821,203,935,254,6,8.314313173294067,0
grid_6x6,heavy,medium,p2_c120_h2,404,11,12,8,4,1238,4559,2806,244,925,260,6,8.285737991333008,0
grid_6x6,heavy,medium,p2_c120_h2,101,7,8,7,1,1001,3973,1970,146,689,267,6,8.921050786972046,0
grid_6x6,heavy,medium,p2_c40,101,2,12,0,12,808,3258,1570,74,517,256,0,8.268537044525146,0
grid_6x6,heavy,medium,p2_c120_h2,303,11,12,8,4,1215,4634,2553,257,891,267,6,8.720013856887817,0
grid_6x6,heavy,medium,p2_c40,202,7,12,3,9,980,3710,2145,133,674,265,0,8.706906080245972,0
grid_6x6,heavy,medium,p2_c40,42,7,12,0,12,1070,4100,2277,223,762,266,0,8.9522864818573,0
grid_6x6,heavy,medium,p2_c40,303,3,12,0,12,807,3241,1547,111,533,239,0,7.7043585777282715,0
grid_6x6,heavy,medium,p2_c40,404,7,12,1,11,994,3828,2107,221,702,254,0,8.237115859985352,0
grid_6x6,heavy,medium,p2_c40_penalty_off,42,10,12,6,6,1273,4822,2821,239,977,248,0,8.955630779266357,0
grid_6x6,heavy,medium,p2_c40_penalty_off,303,9,12,6,6,1114,4332,2333,212,820,250,0,7.559568643569946,0
grid_6x6,heavy,medium,p2_c40_penalty_off,202,9,12,7,5,1096,4013,2564,125,818,234,0,8.708667039871216,0
grid_6x6,heavy,medium,p2_c40_penalty_off,101,7,12,6,6,998,3851,2112,80,732,225,0,8.9054114818573,0
grid_6x6,heavy,medium,p2_c40_penalty_off,404,8,12,6,6,1049,3985,2306,153,776,233,0,7.748688220977783,0
grid_6x6,heavy,frequent,baseline,202,10,12,6,6,1733,6072,4285,249,1388,278,0,7.70832633972168,0
grid_6x6,heavy,frequent,baseline,101,11,12,8,4,1551,5606,3628,120,1221,268,0,8.021544456481934,0
grid_6x6,heavy,frequent,baseline,42,10,12,7,5,1481,5532,3287,193,1138,278,0,8.367068529129028,0
grid_6x6,heavy,frequent,p2_c120,202,9,12,8,4,1755,6093,4429,218,1425,263,0,7.304426908493042,0
grid_6x6,heavy,frequent,p2_c120_mp2,202,10,12,9,3,1843,6437,4601,269,1498,273,0,6.426026821136475,0
grid_6x6,heavy,frequent,p2_c120,101,11,12,10,2,1632,5882,3875,141,1329,240,0,8.436826467514038,0
grid_6x6,heavy,frequent,baseline,404,11,12,11,1,1689,5751,4366,63,1390,231,0,8.605062007904053,0
grid_6x6,heavy,frequent,baseline,303,10,12,10,2,1643,5768,4059,119,1355,224,0,8.765884160995483,0
grid_6x6,heavy,frequent,p2_c120_mp2,42,10,12,9,3,1533,5663,3464,183,1210,255,0,7.3571977615356445,0
grid_6x6,heavy,frequent,p2_c120,42,10,12,9,3,1606,5932,3653,259,1282,257,0,8.93395471572876,0
grid_6x6,heavy,frequent,p2_c120,303,10,12,11,1,1679,5918,4135,127,1391,223,0,8.880027055740356,0
grid_6x6,heavy,frequent,p2_c120,404,11,12,11,1,1689,5751,4366,63,1390,231,0,8.859443664550781,0
grid_6x6,heavy,frequent,p2_c120_mp2,101,11,12,10,2,1658,5940,3984,165,1365,228,0,8.862539052963257,0
grid_6x6,heavy,frequent,p2_c120_mp2,303,10,12,10,2,1688,5936,4138,164,1391,229,0,8.659046649932861,0
grid_6x6,heavy,frequent,p2_c120_h2,202,10,12,10,2,1696,5991,4130,198,1372,253,6,8.161858797073364,0
grid_6x6,heavy,frequent,p2_c120_h2,42,11,12,9,3,1736,6094,4225,198,1415,243,6,8.383568048477173,0
grid_6x6,heavy,frequent,p2_c120_mp2,404,11,12,11,1,1690,5761,4357,63,1390,231,0,8.876869678497314,0
grid_6x6,heavy,frequent,p2_c120_h2,303,11,12,10,2,1721,6100,4196,159,1416,236,6,8.454012393951416,0
grid_6x6,heavy,frequent,p2_c40,202,5,12,0,12,1532,5385,3799,185,1216,257,0,7.220168828964233,0
grid_6x6,heavy,frequent,p2_c120_h2,101,10,12,11,1,1562,5555,3738,59,1248,246,6,9.081922769546509,0
grid_6x6,heavy,frequent,p2_c40,42,6,12,0,12,1374,5028,3128,222,1054,259,0,8.497401475906372,0
grid_6x6,heavy,frequent,p2_c120_h2,404,9,12,11,1,1658,5771,4097,97,1344,239,6,8.851491689682007,0
grid_6x6,heavy,frequent,p2_c40,101,0,12,0,12,1258,4580,2957,0,966,242,0,8.852393865585327,0
grid_6x6,heavy,frequent,p2_c40_penalty_off,101,7,12,6,6,1509,5483,3568,56,1215,236,0,6.951073884963989,0
grid_6x6,sparse,medium,baseline,101,5,5,4,1,953,3731,2014,100,686,237,0,6.042870044708252,0
grid_6x6,heavy,frequent,p2_c40,303,3,12,0,12,1359,4817,3276,111,1068,237,0,9.021188020706177,0
grid_6x6,heavy,frequent,p2_c40_penalty_off,42,10,12,6,6,1612,5861,3758,266,1306,238,0,8.622421979904175,0
grid_6x6,heavy,frequent,p2_c40,404,4,12,0,12,1462,5009,3687,145,1163,239,0,8.983940124511719,0
grid_6x6,sparse,medium,baseline,42,4,5,5,0,926,3492,2095,4,686,210,0,8.307450294494629,0
grid_6x6,heavy,frequent,p2_c40_penalty_off,404,8,12,6,6,1762,6114,4415,274,1451,243,0,8.511816024780273,0
grid_6x6,heavy,frequent,p2_c40_penalty_off,303,7,12,6,6,1568,5501,3866,124,1281,227,0,8.790934324264526,0
grid_6x6,heavy,frequent,p2_c40_penalty_off,202,6,12,6,6,1627,5715,4040,134,1326,238,0,9.117299795150757,0
grid_6x6,sparse,medium,baseline,303,5,5,5,0,913,3434,2047,6,673,207,0,7.620050430297852,0
grid_6x6,sparse,medium,baseline,404,3,5,5,0,905,3465,2014,46,660,216,0,8.107163667678833,0
grid_6x6,sparse,medium,baseline,202,5,5,5,0,877,3323,1958,42,635,212,0,8.623642206192017,0
grid_6x6,sparse,medium,p2_c120,101,5,5,4,1,953,3731,2014,100,686,237,0,8.488463878631592,0
grid_6x6,sparse,medium,p2_c120,42,4,5,5,0,926,3492,2095,4,686,210,0,8.739964246749878,0
grid_6x6,sparse,medium,p2_c120_mp2,42,4,5,5,0,926,3492,2095,4,686,210,0,7.150949001312256,0
grid_6x6,sparse,medium,p2_c120,202,5,5,5,0,877,3323,1958,42,635,212,0,8.887512922286987,0
grid_6x6,sparse,medium,p2_c120,303,5,5,5,0,913,3434,2047,6,673,207,0,8.34421706199646,0
grid_6x6,sparse,medium,p2_c120,404,3,5,5,0,905,3465,2014,46,660,216,0,8.668951988220215,0
grid_6x6,sparse,medium,p2_c120_mp2,404,3,5,5,0,905,3465,2014,46,660,216,0,7.281416416168213,0
grid_6x6,sparse,medium,p2_c120_h2,303,3,5,5,0,941,3626,1986,83,674,225,6,7.094873428344727,0
grid_6x6,sparse,medium,p2_c120_h2,101,5,5,5,0,892,3432,1876,48,617,239,6,7.872826814651489,0
grid_6x6,sparse,medium,p2_c120_h2,42,5,5,5,0,1016,3807,2265,116,747,230,6,8.17431378364563,0
grid_6x6,sparse,medium,p2_c120_h2,202,4,5,4,1,955,3520,2185,77,679,238,6,7.9230875968933105,0
grid_6x6,sparse,medium,p2_c120_mp2,101,5,5,4,1,954,3732,2014,100,686,237,0,8.884124517440796,0
grid_6x6,sparse,medium,p2_c120_mp2,202,5,5,5,0,877,3323,1958,42,635,212,0,8.888341665267944,0
grid_6x6,sparse,medium,p2_c120_mp2,303,5,5,5,0,913,3434,2047,6,673,207,0,8.85286569595337,0
grid_6x6,sparse,medium,p2_c120_h2,404,5,5,4,1,1040,3829,2389,152,773,228,6,7.824537038803101,0
grid_6x6,sparse,medium,p2_c40,42,2,5,0,5,837,3249,1783,72,580,229,0,8.705068826675415,0
grid_6x6,sparse,medium,p2_c40,101,0,5,0,5,752,2945,1579,0,504,224,0,8.017295122146606,0
grid_6x6,sparse,medium,p2_c40,202,4,5,1,4,822,3210,1722,127,546,247,0,8.039957523345947,0
grid_6x6,sparse,medium,p2_c40_penalty_off,303,2,5,0,5,768,3049,1535,74,514,226,0,7.1395721435546875,0
grid_6x6,sparse,medium,p2_c40,404,2,5,0,5,801,3091,1732,74,550,225,0,8.021968603134155,0
grid_6x6,sparse,medium,p2_c40,303,2,5,0,5,768,3049,1535,74,514,226,0,8.10297155380249,0
grid_6x6,sparse,medium,p2_c40_penalty_off,42,2,5,0,5,839,3270,1778,74,582,229,0,8.322767734527588,0
grid_6x6,sparse,medium,p2_c40_penalty_off,202,4,5,1,4,822,3212,1714,127,546,247,0,7.856345891952515,0
grid_6x6,sparse,frequent,baseline,42,5,5,5,0,1395,5031,3333,111,1123,216,0,7.781887054443359,0
grid_6x6,sparse,medium,p2_c40_penalty_off,404,2,5,0,5,801,3097,1729,74,550,225,0,8.324806928634644,0
grid_6x6,sparse,medium,p2_c40_penalty_off,101,0,5,0,5,756,2950,1611,0,506,226,0,8.921718120574951,0
grid_6x6,sparse,frequent,baseline,101,4,5,5,0,1292,4713,3058,4,1039,209,0,8.578222751617432,0
grid_6x6,sparse,frequent,p2_c120,202,5,5,4,1,1275,4529,3112,78,1007,219,0,7.785334348678589,0
grid_6x6,sparse,frequent,baseline,202,5,5,4,1,1275,4529,3112,78,1007,219,0,8.916881799697876,0
grid_6x6,sparse,frequent,baseline,303,5,5,4,1,1290,4484,3207,96,1003,232,0,8.728652715682983,0
grid_6x6,sparse,frequent,baseline,404,5,5,5,0,1365,4666,3529,54,1107,210,0,8.77257490158081,0
grid_6x6,sparse,frequent,p2_c120,42,5,5,5,0,1395,5031,3333,111,1123,216,0,8.852715492248535,0
grid_6x6,sparse,frequent,p2_c120,303,5,5,4,1,1290,4484,3207,96,1003,232,0,7.951416492462158,0
grid_6x6,sparse,frequent,p2_c120,101,4,5,5,0,1292,4713,3058,4,1039,209,0,9.073895931243896,0
grid_6x6,sparse,frequent,p2_c120_h2,101,5,5,4,1,1452,5216,3440,81,1154,241,6,6.874986171722412,0
grid_6x6,sparse,frequent,p2_c120_mp2,101,4,5,5,0,1292,4713,3058,4,1039,209,0,7.459493398666382,0
grid_6x6,sparse,frequent,p2_c120,404,5,5,5,0,1365,4666,3529,54,1107,210,0,8.785316228866577,0
grid_6x6,sparse,frequent,p2_c120_mp2,202,5,5,4,1,1274,4515,3111,76,1005,219,0,7.928822755813599,0
grid_6x6,sparse,frequent,p2_c120_mp2,404,5,5,5,0,1365,4666,3529,54,1107,210,0,8.017298936843872,0
grid_6x6,sparse,frequent,p2_c120_mp2,42,5,5,5,0,1395,5031,3333,111,1123,216,0,8.886229038238525,0
grid_6x6,sparse,frequent,p2_c120_mp2,303,5,5,4,1,1291,4485,3207,96,1003,232,0,8.372100591659546,0
grid_3x3_nodiag,medium,medium,baseline,202,6,6,5,1,247,525,173,46,154,63,0,2.474553108215332,0
grid_3x3_nodiag,medium,medium,baseline,42,5,6,4,2,225,470,164,33,134,62,0,2.9428839683532715,0
grid_6x6,sparse,frequent,p2_c120_h2,202,4,5,4,1,1336,4737,3238,78,1041,242,6,8.401449203491211,0
grid_3x3_nodiag,medium,medium,baseline,101,6,6,6,0,208,464,121,17,125,54,0,2.9032649993896484,0
grid_3x3_nodiag,medium,medium,baseline,303,4,4,3,1,190,399,138,23,108,57,0,2.8557486534118652,0
grid_6x6,sparse,frequent,p2_c120_h2,303,5,5,5,0,1233,4387,2918,44,953,225,6,7.7644829750061035,0
grid_6x6,sparse,frequent,p2_c120_h2,42,5,5,4,1,1348,4831,3167,79,1048,241,6,9.020198345184326,0
grid_3x3_nodiag,medium,medium,baseline,404,5,6,5,1,214,457,150,21,126,60,0,2.8539533615112305,0
grid_3x3_nodiag,medium,medium,p2_c120,42,5,6,4,2,225,470,164,33,134,62,0,2.9494240283966064,0
grid_3x3_nodiag,medium,medium,p2_c120,202,6,6,5,1,247,525,173,46,154,63,0,2.655559539794922,0
grid_6x6,sparse,frequent,p2_c40,42,3,5,0,5,1238,4452,2943,75,953,236,0,7.988947868347168,0
grid_3x3_nodiag,medium,medium,p2_c120,101,6,6,6,0,208,464,121,17,125,54,0,2.8355183601379395,0
grid_3x3_nodiag,medium,medium,p2_c120,303,4,4,3,1,190,399,138,23,108,57,0,2.5620276927948,0
grid_6x6,sparse,frequent,p2_c120_h2,404,5,5,4,1,1379,4813,3405,73,1091,227,6,8.696698427200317,0
grid_6x6,sparse,frequent,p2_c40,202,2,5,0,5,1317,4582,3307,42,1031,233,0,7.142011642456055,0
grid_3x3_nodiag,medium,medium,p2_c120_mp2,42,5,6,4,2,227,472,164,33,134,62,0,2.693528413772583,0
grid_6x6,sparse,frequent,p2_c40,101,0,5,0,5,1233,4353,3042,0,960,227,0,7.718940258026123,0
grid_3x3_nodiag,medium,medium,p2_c120,404,5,6,5,1,214,457,150,21,126,60,0,2.784341335296631,0
grid_3x3_nodiag,medium,medium,p2_c120_mp2,101,6,6,6,0,208,464,121,17,125,54,0,2.5495765209198,0
grid_3x3_nodiag,medium,medium,p2_c120_mp2,202,6,6,5,1,248,524,175,46,154,63,0,2.6620171070098877,0
grid_3x3_nodiag,medium,medium,p2_c120_mp2,303,4,4,3,1,192,404,137,24,109,57,0,2.644218683242798,0
grid_6x6,sparse,frequent,p2_c40,303,1,5,0,5,1257,4386,3124,35,983,222,0,7.997464179992676,0
grid_3x3_nodiag,medium,medium,p2_c120_mp2,404,5,6,5,1,215,464,144,21,126,60,0,2.7764976024627686,0
grid_3x3_nodiag,medium,medium,p2_c120_h2,42,6,6,5,1,267,589,160,39,140,92,5,2.790065288543701,0
grid_3x3_nodiag,medium,medium,p2_c120_h2,101,5,6,5,1,228,508,128,26,117,77,6,2.754746437072754,0
grid_3x3_nodiag,medium,medium,p2_c120_h2,202,4,6,4,2,256,555,162,40,147,75,6,2.9192240238189697,0
grid_3x3_nodiag,medium,medium,p2_c120_h2,303,2,4,3,1,191,407,129,20,106,60,2,2.7620277404785156,0
grid_6x6,sparse,frequent,p2_c40_penalty_off,42,3,5,0,5,1264,4537,3015,75,979,236,0,8.393000364303589,0
grid_3x3_nodiag,medium,medium,p2_c120_h2,404,6,6,4,2,232,478,165,44,132,64,6,2.9037694931030273,0
grid_3x3_nodiag,medium,medium,p2_c40,42,6,6,0,6,224,490,142,47,121,75,0,2.8553812503814697,0
grid_6x6,sparse,frequent,p2_c40,404,2,5,0,5,1277,4410,3225,72,1000,228,0,8.672406196594238,0
grid_3x3_nodiag,medium,medium,p2_c40_penalty_off,42,6,6,0,6,224,490,142,47,121,75,0,2.459662437438965,0
grid_3x3_nodiag,medium,medium,p2_c40,101,6,6,0,6,214,493,111,52,111,75,0,2.8461482524871826,0
grid_6x6,sparse,frequent,p2_c40_penalty_off,202,2,5,0,5,1301,4538,3260,42,1021,233,0,8.414101600646973,0
grid_3x3_nodiag,medium,medium,p2_c40_penalty_off,101,6,6,0,6,214,493,111,52,111,75,0,2.7502083778381348,0
grid_3x3_nodiag,medium,medium,p2_c40,303,2,4,0,4,170,374,105,18,85,63,0,2.870575428009033,0
grid_3x3_nodiag,medium,medium,p2_c40,202,6,6,0,6,234,521,141,54,133,73,0,2.905914068222046,0
grid_3x3_nodiag,medium,medium,p2_c40,404,3,6,0,6,193,436,111,30,105,63,0,2.917073965072632,0
grid_3x3_nodiag,medium,medium,p2_c40_penalty_off,404,4,6,0,6,202,454,119,37,111,65,0,2.3108136653900146,0
grid_3x3_nodiag,medium,medium,p2_c40_penalty_off,202,6,6,0,6,236,530,137,56,135,73,0,2.669970750808716,0
grid_3x3_nodiag,medium,medium,p2_c40_penalty_off,303,2,4,0,4,170,374,105,18,85,63,0,2.5646960735321045,0
grid_6x6,sparse,frequent,p2_c40_penalty_off,404,2,5,0,5,1279,4417,3225,74,1002,228,0,7.9612953662872314,0
grid_6x6,sparse,frequent,p2_c40_penalty_off,101,0,5,0,5,1300,4574,3251,0,1026,227,0,9.388110399246216,0
grid_3x3_nodiag,medium,frequent,baseline,42,5,6,5,1,284,564,222,13,184,56,0,2.7316653728485107,0
grid_3x3_nodiag,medium,frequent,baseline,101,5,6,6,0,279,559,214,6,183,53,0,2.8428475856781006,0
grid_3x3_nodiag,medium,frequent,baseline,303,2,4,4,0,291,597,219,24,195,56,0,2.5946102142333984,0
grid_6x6,sparse,frequent,p2_c40_penalty_off,303,1,5,0,5,1257,4386,3124,35,983,222,0,8.932918548583984,0
grid_3x3_nodiag,medium,frequent,baseline,202,5,6,5,1,295,588,227,29,196,54,0,2.8699398040771484,0
grid_3x3_nodiag,medium,frequent,p2_c120,42,5,6,5,1,284,564,222,13,184,56,0,2.564753532409668,0
grid_3x3_nodiag,medium,frequent,p2_c120,101,5,6,6,0,279,559,214,6,183,53,0,2.708099603652954,0
grid_3x3_nodiag,medium,frequent,p2_c120,202,5,6,5,1,295,588,227,29,196,54,0,2.520397186279297,0
grid_3x3_nodiag,medium,frequent,baseline,404,6,6,5,1,318,665,224,42,215,57,0,2.9362428188323975,0
grid_3x3_nodiag,medium,frequent,p2_c120,303,2,4,4,0,291,597,219,24,195,56,0,2.6454734802246094,0
grid_3x3_nodiag,medium,frequent,p2_c120,404,6,6,5,1,318,665,224,42,215,57,0,2.835944414138794,0
grid_3x3_nodiag,medium,frequent,p2_c120_mp2,202,5,6,5,1,296,589,227,29,196,54,0,2.575591802597046,0
grid_3x3_nodiag,medium,frequent,p2_c120_mp2,101,5,6,6,0,279,559,214,6,183,53,0,2.637413263320923,0
grid_3x3_nodiag,medium,frequent,p2_c120_mp2,42,5,6,5,1,285,565,222,13,184,56,0,2.9394869804382324,0
grid_3x3_nodiag,medium,frequent,p2_c120_mp2,303,2,4,4,0,291,597,219,24,195,56,0,2.611097574234009,0
grid_3x3_nodiag,medium,frequent,p2_c120_h2,303,3,6,6,0,309,620,239,10,194,69,5,2.1594808101654053,0
grid_3x3_nodiag,medium,frequent,p2_c120_h2,42,4,4,3,1,281,568,203,14,162,73,5,2.612586498260498,0
grid_3x3_nodiag,medium,frequent,p2_c120_mp2,404,6,6,5,1,320,672,221,43,216,57,0,2.734825611114502,0
grid_3x3_nodiag,medium,frequent,p2_c120_h2,101,5,6,6,0,322,658,237,21,205,69,4,2.8346107006073,0
grid_3x3_nodiag,medium,frequent,p2_c120_h2,202,5,6,5,1,346,701,259,35,211,84,6,2.7837111949920654,0
grid_3x3_nodiag,medium,frequent,p2_c40,202,6,6,0,6,299,617,211,56,182,73,0,2.557246208190918,0
grid_3x3_nodiag,medium,frequent,p2_c120_h2,404,6,6,5,1,353,706,275,40,235,66,6,2.817202091217041,0
grid_3x3_nodiag,medium,frequent,p2_c40,101,6,6,0,6,302,630,211,56,183,75,0,2.8278942108154297,0
grid_3x3_nodiag,medium,frequent,p2_c40,42,6,6,0,6,297,626,200,45,178,75,0,2.864624500274658,0
grid_3x3_nodiag,medium,frequent,p2_c40,404,3,6,0,6,267,557,182,26,163,63,0,2.6486616134643555,0
grid_3x3_nodiag,medium,frequent,p2_c40_penalty_off,404,4,6,0,6,279,584,190,36,172,65,0,2.3350703716278076,0
grid_3x3_nodiag,medium,frequent,p2_c40,303,2,4,0,4,264,554,181,18,163,63,0,2.957944393157959,0
grid_3x3_nodiag,medium,frequent,p2_c40_penalty_off,42,6,6,0,6,297,626,200,45,178,75,0,2.8050758838653564,0
grid_3x3_nodiag,heavy,medium,baseline,42,8,8,4,4,233,504,141,45,122,77,0,2.649556875228882,0
grid_3x3_nodiag,medium,frequent,p2_c40_penalty_off,101,6,6,0,6,300,621,212,54,181,75,0,2.9154162406921387,0
grid_3x3_nodiag,heavy,medium,baseline,303,4,8,8,0,225,490,146,17,140,56,0,2.273791551589966,0
grid_3x3_nodiag,medium,frequent,p2_c40_penalty_off,202,6,6,0,6,298,620,207,55,181,73,0,2.9256410598754883,0
grid_3x3_nodiag,medium,frequent,p2_c40_penalty_off,303,2,4,0,4,264,554,181,18,163,63,0,2.9091925621032715,0
grid_3x3_nodiag,heavy,medium,baseline,202,9,12,9,3,309,666,203,60,199,70,0,2.607809066772461,0
grid_3x3_nodiag,heavy,medium,baseline,101,9,12,10,2,271,605,154,54,147,84,0,2.893319845199585,0
grid_3x3_nodiag,heavy,medium,baseline,404,9,12,7,5,256,530,179,40,138,79,0,2.826439142227173,0
grid_3x3_nodiag,heavy,medium,p2_c120,101,8,12,11,1,272,604,159,49,159,74,0,2.7053706645965576,0
grid_3x3_nodiag,heavy,medium,p2_c120,42,8,8,5,3,244,513,164,53,135,74,0,2.9174606800079346,0
grid_3x3_nodiag,heavy,medium,p2_c120,202,9,12,10,2,314,677,210,60,209,65,0,2.528956174850464,0
grid_3x3_nodiag,heavy,medium,p2_c120_h2,42,8,8,4,4,278,619,155,67,139,99,4,1.937011957168579,0
grid_3x3_nodiag,heavy,medium,p2_c120,303,4,8,8,0,225,490,146,17,140,56,0,2.687507152557373,0
grid_3x3_nodiag,heavy,medium,p2_c120_h2,101,7,11,10,1,260,565,154,28,136,83,6,2.0507051944732666,0
grid_3x3_nodiag,heavy,medium,p2_c120_mp2,42,8,8,5,3,246,529,148,52,128,80,0,2.8552050590515137,0
grid_3x3_nodiag,heavy,medium,p2_c120_mp2,202,9,12,10,2,317,680,210,61,210,65,0,2.8238613605499268,0
grid_3x3_nodiag,heavy,medium,p2_c120_mp2,101,8,12,11,1,273,607,157,49,159,74,0,2.8549318313598633,0
grid_3x3_nodiag,heavy,medium,p2_c120,404,10,12,10,2,301,622,219,67,192,66,0,2.979457139968872,0
grid_3x3_nodiag,heavy,medium,p2_c120_mp2,303,4,8,8,0,225,490,146,17,140,56,0,2.87886905670166,0
grid_3x3_nodiag,heavy,medium,p2_c120_mp2,404,9,12,10,2,278,562,210,42,172,64,0,2.86936092376709,0
grid_3x3_nodiag,heavy,medium,p2_c120_h2,303,3,8,7,1,219,458,157,21,129,60,2,2.60410213470459,0
grid_3x3_nodiag,heavy,medium,p2_c40,404,5,12,0,12,228,495,141,46,122,73,0,2.1918132305145264,0
grid_3x3_nodiag,heavy,medium,p2_c120_h2,404,5,8,6,2,250,516,180,45,149,64,6,2.6802971363067627,0
grid_3x3_nodiag,heavy,medium,p2_c40,42,7,8,0,8,242,543,138,67,135,76,0,2.7025787830352783,0
grid_3x3_nodiag,heavy,medium,p2_c120_h2,202,10,12,10,2,298,607,215,42,181,71,6,2.8305776119232178,0
grid_3x3_nodiag,heavy,medium,p2_c40,202,12,12,0,12,313,717,165,111,178,95,0,2.523362636566162,0
grid_3x3_nodiag,heavy,medium,p2_c40,101,8,12,0,12,245,543,140,65,122,87,0,2.904090642929077,0
grid_3x3_nodiag,heavy,medium,p2_c40_penalty_off,303,4,8,4,4,219,475,140,35,119,70,0,2.4266576766967773,0
grid_3x3_nodiag,heavy,medium,p2_c40_penalty_off,42,7,8,4,4,232,507,144,35,137,64,0,2.6064138412475586,0
grid_3x3_nodiag,heavy,medium,p2_c40,303,3,8,0,8,185,411,104,21,83,75,0,2.9156458377838135,0
grid_3x3_nodiag,heavy,medium,p2_c40_penalty_off,202,11,12,6,6,315,692,191,84,194,79,0,2.7693710327148438,0
grid_3x3_nodiag,heavy,medium,p2_c40_penalty_off,101,9,12,6,6,261,563,163,53,152,70,0,2.810173511505127,0
grid_3x3_nodiag,heavy,frequent,baseline,202,7,12,7,5,334,664,252,55,206,75,0,2.400231122970581,0
grid_3x3_nodiag,heavy,medium,p2_c40_penalty_off,404,8,12,6,6,268,566,181,55,159,70,0,2.8783044815063477,0
grid_3x3_nodiag,heavy,frequent,baseline,42,9,12,11,1,364,721,290,35,254,56,0,2.8533575534820557,0
grid_3x3_nodiag,heavy,frequent,baseline,101,10,12,9,3,342,700,241,43,199,88,0,2.886786699295044,0
grid_3x3_nodiag,heavy,frequent,baseline,303,8,12,9,3,372,758,276,47,256,62,0,2.7948508262634277,0
grid_3x3_nodiag,heavy,frequent,p2_c120,101,8,12,11,1,353,708,268,51,227,71,0,2.6451330184936523,0
grid_3x3_nodiag,heavy,frequent,p2_c120,303,8,12,11,1,378,778,277,42,265,59,0,2.3890345096588135,0
grid_3x3_nodiag,heavy,frequent,baseline,404,9,12,7,5,367,773,247,75,236,76,0,2.8712317943573,0
grid_3x3_nodiag,heavy,frequent,p2_c120,202,7,12,10,2,334,654,264,37,218,63,0,2.5334763526916504,0
grid_3x3_nodiag,heavy,frequent,p2_c120,42,9,12,11,1,364,721,290,35,254,56,0,2.9392457008361816,0
grid_3x3_nodiag,heavy,frequent,p2_c120_mp2,101,8,12,10,2,343,693,248,53,209,77,0,2.641019344329834,0
grid_3x3_nodiag,heavy,frequent,p2_c120_mp2,202,7,12,10,2,336,654,264,37,218,63,0,2.7621428966522217,0
grid_3x3_nodiag,heavy,frequent,p2_c120_mp2,42,9,12,11,1,363,715,290,33,252,56,0,2.8778223991394043,0
grid_3x3_nodiag,heavy,frequent,p2_c120,404,9,12,10,2,367,762,257,64,245,66,0,2.9472999572753906,0
grid_3x3_nodiag,heavy,frequent,p2_c120_h2,101,8,12,10,2,405,854,266,75,242,102,5,2.3282384872436523,0
grid_3x3_nodiag,heavy,frequent,p2_c120_mp2,303,8,12,11,1,379,779,277,42,265,59,0,2.782687187194824,0
grid_3x3_nodiag,heavy,frequent,p2_c120_mp2,404,9,12,10,2,369,762,259,64,245,66,0,2.9503941535949707,0
grid_3x3_nodiag,heavy,frequent,p2_c120_h2,42,7,8,7,1,336,706,218,37,196,86,5,2.7069342136383057,0
grid_3x3_nodiag,heavy,frequent,p2_c120_h2,303,10,12,11,1,380,760,285,50,242,77,5,2.636009931564331,0
grid_3x3_nodiag,heavy,frequent,p2_c40,42,12,12,0,12,388,856,228,108,235,97,0,2.533649206161499,0
grid_3x3_nodiag,heavy,frequent,p2_c120_h2,404,7,12,9,3,407,819,312,59,271,76,6,2.6729629039764404,0
grid_3x3_nodiag,heavy,frequent,p2_c120_h2,202,10,12,8,4,439,882,333,89,273,101,6,2.821302890777588,0
grid_3x3_nodiag,heavy,frequent,p2_c40,101,8,12,0,12,328,680,227,72,189,87,0,2.7004575729370117,0
grid_3x3_nodiag,heavy,frequent,p2_c40_penalty_off,404,6,12,6,6,333,684,239,48,208,73,0,2.1901772022247314,0
grid_3x3_nodiag,heavy,frequent,p2_c40,202,9,12,0,12,346,723,233,80,203,90,0,2.813297986984253,0
grid_3x3_nodiag,heavy,frequent,p2_c40_penalty_off,42,10,12,6,6,367,762,259,62,238,75,0,2.534942150115967,0
grid_3x3_nodiag,heavy,frequent,p2_c40,303,7,12,0,12,338,726,209,56,204,83,0,2.970632791519165,0
grid_3x3_nodiag,heavy,frequent,p2_c40,404,4,12,0,12,290,605,191,38,174,68,0,2.968161106109619,0
grid_3x3_nodiag,heavy,frequent,p2_c40_penalty_off,101,8,12,6,6,337,667,261,52,210,73,0,2.8669705390930176,0
grid_3x3_nodiag,heavy,frequent,p2_c40_penalty_off,202,9,12,6,6,354,721,260,57,227,73,0,2.901672601699829,0
grid_3x3_nodiag,sparse,medium,baseline,42,5,5,4,1,240,528,158,46,156,56,0,2.8314173221588135,0
grid_3x3_nodiag,sparse,medium,baseline,404,3,3,3,0,178,376,128,15,101,54,0,2.3601558208465576,0
grid_3x3_nodiag,heavy,frequent,p2_c40_penalty_off,303,9,12,6,6,379,794,263,62,254,70,0,2.9764580726623535,0
grid_3x3_nodiag,sparse,medium,baseline,101,2,3,3,0,180,401,107,26,98,59,0,2.7597241401672363,0
grid_3x3_nodiag,sparse,medium,p2_c120,202,4,4,3,1,217,475,140,30,129,62,0,2.177363157272339,0
grid_3x3_nodiag,sparse,medium,baseline,202,4,4,3,1,217,475,140,30,129,62,0,2.7901575565338135,0
grid_3x3_nodiag,sparse,medium,baseline,303,2,4,3,1,195,440,117,20,116,56,0,2.832155704498291,0
grid_3x3_nodiag,sparse,medium,p2_c120,42,5,5,4,1,240,528,158,46,156,56,0,2.850886344909668,0
grid_3x3_nodiag,sparse,medium,p2_c120,303,2,4,3,1,195,440,117,20,116,56,0,2.4122684001922607,0
grid_3x3_nodiag,sparse,medium,p2_c120,101,2,3,3,0,180,401,107,26,98,59,0,2.9096217155456543,0
grid_3x3_nodiag,sparse,medium,p2_c120_h2,42,2,3,2,1,203,454,116,17,105,72,4,2.018202066421509,0
grid_3x3_nodiag,sparse,medium,p2_c120,404,3,3,3,0,178,376,128,15,101,54,0,2.5342347621917725,0
grid_3x3_nodiag,sparse,medium,p2_c120_h2,101,3,4,4,0,220,489,130,25,113,77,6,2.2744498252868652,0
grid_3x3_nodiag,sparse,medium,p2_c120_mp2,101,2,3,3,0,180,401,107,26,98,59,0,2.7431821823120117,0
grid_3x3_nodiag,sparse,medium,p2_c120_mp2,202,4,4,3,1,218,476,140,30,129,62,0,2.7855563163757324,0
grid_3x3_nodiag,sparse,medium,p2_c120_mp2,42,5,5,4,1,235,518,151,40,150,56,0,2.9317216873168945,0
grid_3x3_nodiag,sparse,medium,p2_c120_mp2,404,3,3,3,0,178,376,128,15,101,54,0,2.71734881401062,0
grid_3x3_nodiag,sparse,medium,p2_c120_mp2,303,2,4,3,1,195,437,117,18,115,56,0,2.905242919921875,0
grid_3x3_nodiag,sparse,medium,p2_c120_h2,303,5,5,4,1,219,474,136,22,119,69,4,2.7317769527435303,0
grid_3x3_nodiag,sparse,medium,p2_c120_h2,202,4,4,4,0,226,474,157,20,124,71,6,2.8523683547973633,0
grid_3x3_nodiag,sparse,medium,p2_c120_h2,404,5,5,4,1,236,530,132,36,121,81,6,2.88420033454895,0
grid_3x3_nodiag,sparse,medium,p2_c40,303,2,4,0,4,164,359,100,16,79,63,0,2.4655935764312744,0
grid_3x3_nodiag,sparse,medium,p2_c40,404,2,5,0,5,169,360,115,16,86,60,0,2.482372760772705,0
grid_3x3_nodiag,sparse,medium,p2_c40,42,4,4,0,4,194,422,126,35,103,67,0,2.84443736076355,0
grid_3x3_nodiag,sparse,medium,p2_c40_penalty_off,303,2,4,0,4,164,359,100,16,79,63,0,2.1558656692504883,0
grid_3x3_nodiag,sparse,medium,p2_c40_penalty_off,42,4,4,0,4,194,422,126,35,103,67,0,2.4142723083496094,0
grid_3x3_nodiag,sparse,medium,p2_c40,202,4,4,0,4,201,439,131,31,110,67,0,2.8402762413024902,0
grid_3x3_nodiag,sparse,medium,p2_c40,101,4,4,0,4,197,442,115,37,106,67,0,2.907987594604492,0
grid_3x3_nodiag,sparse,medium,p2_c40_penalty_off,202,4,4,0,4,201,438,131,31,110,67,0,2.5202112197875977,0
grid_3x3_nodiag,sparse,frequent,baseline,42,3,4,3,1,276,554,219,20,180,56,0,2.6275222301483154,0
grid_3x3_nodiag,sparse,medium,p2_c40_penalty_off,101,4,4,0,4,197,442,115,37,106,67,0,2.917459011077881,0
grid_3x3_nodiag,sparse,frequent,baseline,202,3,4,4,0,254,481,223,11,164,51,0,2.510152816772461,0
grid_3x3_nodiag,sparse,medium,p2_c40_penalty_off,404,2,5,0,5,169,360,115,16,86,60,0,2.9259133338928223,0
grid_3x3_nodiag,sparse,frequent,baseline,101,4,4,3,1,255,515,190,31,145,68,0,2.8334927558898926,0
grid_3x3_nodiag,sparse,frequent,p2_c120,202,3,4,4,0,254,481,223,11,164,51,0,2.4293525218963623,0
grid_3x3_nodiag,sparse,frequent,baseline,303,4,5,5,0,282,562,227,12,188,53,0,2.8616788387298584,0
grid_3x3_nodiag,sparse,frequent,baseline,404,2,5,5,0,278,571,207,14,184,54,0,2.8362040519714355,0
grid_3x3_nodiag,sparse,frequent,p2_c120,42,3,4,3,1,276,554,219,20,180,56,0,2.941655397415161,0
grid_3x3_nodiag,sparse,frequent,p2_c120,404,2,5,5,0,278,571,207,14,184,54,0,2.6196982860565186,0
grid_3x3_nodiag,sparse,frequent,p2_c120,101,4,4,3,1,255,515,190,31,145,68,0,2.9251761436462402,0
grid_3x3_nodiag,sparse,frequent,p2_c120,303,4,5,5,0,282,562,227,12,188,53,0,2.8887736797332764,0
grid_3x3_nodiag,sparse,frequent,p2_c120_mp2,101,4,4,3,1,256,516,190,31,145,68,0,2.6072146892547607,0
grid_3x3_nodiag,sparse,frequent,p2_c120_mp2,42,3,4,3,1,277,555,219,20,180,56,0,2.931582450866699,0
grid_3x3_nodiag,sparse,frequent,p2_c120_mp2,303,4,5,5,0,282,562,227,12,188,53,0,2.755338668823242,0
grid_3x3_nodiag,sparse,frequent,p2_c120_mp2,202,3,4,4,0,254,481,223,11,164,51,0,2.8665032386779785,0
grid_3x3_nodiag,sparse,frequent,p2_c120_h2,202,2,3,3,0,294,576,244,3,179,72,6,2.3576691150665283,0
grid_3x3_nodiag,sparse,frequent,p2_c120_h2,42,3,4,3,1,306,626,223,22,180,81,5,2.7115261554718018,0
grid_3x3_nodiag,sparse,frequent,p2_c40,42,3,5,0,5,285,596,202,28,177,68,0,2.2100467681884766,0
grid_3x3_nodiag,sparse,frequent,p2_c120_mp2,404,2,5,5,0,278,571,207,14,184,54,0,2.926827907562256,0
grid_3x3_nodiag,sparse,frequent,p2_c120_h2,101,3,4,4,0,277,556,212,3,165,69,4,2.885096788406372,0
grid_3x3_nodiag,sparse,frequent,p2_c120_h2,303,4,5,5,0,265,536,188,15,156,64,3,2.554037094116211,0
grid_3x3_nodiag,sparse,frequent,p2_c40,303,3,5,0,5,260,550,168,24,154,66,0,2.388676881790161,0
grid_3x3_nodiag,sparse,frequent,p2_c40,101,4,4,0,4,251,511,185,39,142,69,0,2.6971311569213867,0
grid_3x3_nodiag,sparse,frequent,p2_c120_h2,404,4,5,5,0,300,603,226,16,184,68,6,2.774451732635498,0
grid_3x3_nodiag,sparse,frequent,p2_c40,404,2,5,0,5,260,537,181,17,161,60,0,2.733323335647583,0
grid_3x3_nodiag,sparse,frequent,p2_c40,202,3,4,0,4,233,464,173,21,127,67,0,2.835036277770996,0
grid_3x3_nodiag,sparse,frequent,p2_c40_penalty_off,42,3,5,0,5,287,608,196,30,179,68,0,2.8733785152435303,0
grid_3x3_nodiag,sparse,frequent,p2_c40_penalty_off,101,4,4,0,4,251,511,185,39,142,69,0,2.867027997970581,0
grid_3x3_nodiag,sparse,frequent,p2_c40_penalty_off,404,3,5,0,5,272,565,188,27,170,62,0,2.7836410999298096,0
grid_3x3_nodiag,sparse,frequent,p2_c40_penalty_off,202,3,4,0,4,233,465,173,21,127,67,0,2.9142448902130127,0
grid_3x3_nodiag,sparse,frequent,p2_c40_penalty_off,303,3,5,0,5,260,550,168,24,154,66,0,3.045853614807129,0
grid_4x4_nodiag,medium,medium,baseline,42,5,6,4,2,395,887,320,61,258,108,0,3.8988842964172363,0
grid_4x4_nodiag,medium,medium,baseline,101,3,4,3,1,331,760,261,36,210,97,0,3.8136191368103027,0
grid_4x4_nodiag,medium,medium,p2_c120,202,4,4,4,0,365,828,295,57,242,97,0,3.451042652130127,0
grid_4x4_nodiag,medium,medium,baseline,303,6,6,6,0,371,819,317,24,245,97,0,4.0589919090271,0
grid_4x4_nodiag,medium,medium,baseline,202,4,4,4,0,365,828,295,57,242,97,0,4.268151521682739,0
grid_4x4_nodiag,medium,medium,p2_c120_mp2,42,5,6,4,2,398,893,319,62,259,108,0,3.4932196140289307,0
grid_4x4_nodiag,medium,medium,p2_c120,303,6,6,6,0,371,819,317,24,245,97,0,4.077903985977173,0
grid_4x4_nodiag,medium,medium,p2_c120_mp2,101,3,4,3,1,332,756,266,36,210,97,0,3.751146078109741,0
grid_4x4_nodiag,medium,medium,p2_c120,101,3,4,3,1,331,760,261,36,210,97,0,4.240940093994141,0
grid_4x4_nodiag,medium,medium,baseline,404,4,4,3,1,373,846,304,57,243,104,0,4.397146463394165,0
grid_4x4_nodiag,medium,medium,p2_c120,42,5,6,4,2,395,887,320,61,258,108,0,4.304337024688721,0
grid_4x4_nodiag,medium,medium,p2_c120_mp2,303,6,6,6,0,371,819,317,24,245,97,0,3.6981751918792725,0
grid_4x4_nodiag,medium,medium,p2_c120,404,4,4,3,1,373,846,304,57,243,104,0,4.035786390304565,0
grid_4x4_nodiag,medium,medium,p2_c40,42,6,6,0,6,391,891,304,90,241,122,0,3.292429208755493,0
grid_4x4_nodiag,medium,medium,p2_c120_h2,303,2,4,3,1,357,804,283,29,202,126,6,3.918954372406006,0
grid_4x4_nodiag,medium,medium,p2_c120_mp2,202,4,4,4,0,365,828,295,57,242,97,0,4.385539293289185,0
grid_4x4_nodiag,medium,medium,p2_c120_h2,42,6,6,4,2,456,1022,364,96,295,124,6,4.246567964553833,0
grid_4x4_nodiag,medium,medium,p2_c120_mp2,404,4,4,3,1,374,847,304,57,243,104,0,4.41960334777832,0
grid_4x4_nodiag,medium,medium,p2_c120_h2,101,2,4,3,1,343,759,284,30,200,115,5,4.324327230453491,0
grid_4x4_nodiag,medium,medium,p2_c120_h2,202,6,6,4,2,441,1005,339,84,268,137,5,4.3263537883758545,0
grid_4x4_nodiag,medium,medium,p2_c120_h2,404,6,6,6,0,449,1032,338,51,289,124,6,4.279249429702759,0
grid_4x4_nodiag,medium,medium,p2_c40,202,4,4,0,4,324,726,266,62,191,109,0,4.2433085441589355,0
grid_4x4_nodiag,medium,medium,p2_c40,101,4,4,0,4,337,785,253,68,204,109,0,4.3056886196136475,0
grid_4x4_nodiag,medium,medium,p2_c40,303,1,6,0,6,285,650,219,16,151,111,0,4.39520263671875,0
grid_4x4_nodiag,medium,medium,p2_c40_penalty_off,101,4,4,0,4,337,785,253,68,204,109,0,4.089226722717285,0
grid_4x4_nodiag,medium,medium,p2_c40_penalty_off,42,6,6,0,6,390,882,305,89,240,122,0,4.183594465255737,0
grid_4x4_nodiag,medium,medium,p2_c40,404,4,4,0,4,342,791,260,58,210,108,0,4.428983211517334,0
grid_4x4_nodiag,medium,medium,p2_c40_penalty_off,202,4,4,0,4,324,726,266,62,191,109,0,4.215316534042358,0
grid_4x4_nodiag,medium,medium,p2_c40_penalty_off,303,2,6,0,6,302,692,228,33,167,111,0,3.652625322341919,0
grid_4x4_nodiag,medium,medium,p2_c40_penalty_off,404,4,4,0,4,342,791,260,58,210,108,0,4.363194465637207,0
grid_4x4_nodiag,medium,frequent,baseline,101,5,6,4,2,543,1148,503,68,381,117,0,4.0618462562561035,0
grid_4x4_nodiag,medium,frequent,p2_c120,101,5,6,4,2,543,1148,503,68,381,117,0,3.602672815322876,0
grid_4x4_nodiag,medium,frequent,baseline,42,5,6,5,1,529,1091,523,27,381,104,0,4.370729446411133,0
grid_4x4_nodiag,medium,frequent,baseline,202,6,6,6,0,532,1126,493,26,390,97,0,4.083061695098877,0
grid_4x4_nodiag,medium,frequent,p2_c120_mp2,42,5,6,5,1,530,1092,523,27,381,104,0,3.6785969734191895,0
grid_4x4_nodiag,medium,frequent,p2_c120_mp2,101,5,6,4,2,545,1150,503,68,381,117,0,3.6898508071899414,0
grid_4x4_nodiag,medium,frequent,baseline,303,5,6,4,2,546,1142,523,62,390,111,0,4.286574125289917,0
grid_4x4_nodiag,medium,frequent,baseline,404,5,6,6,0,546,1143,527,43,406,96,0,4.294154405593872,0
grid_4x4_nodiag,medium,frequent,p2_c120,202,6,6,6,0,532,1126,493,26,390,97,0,4.29456090927124,0
grid_4x4_nodiag,medium,frequent,p2_c120,303,5,6,4,2,546,1142,523,62,390,111,0,4.369683265686035,0
grid_4x4_nodiag,medium,frequent,p2_c120,42,5,6,5,1,529,1091,523,27,381,104,0,4.465471506118774,0
grid_4x4_nodiag,medium,frequent,p2_c120_h2,42,5,6,5,1,575,1216,527,38,409,117,5,3.5630719661712646,0
grid_4x4_nodiag,medium,frequent,p2_c120,404,5,6,6,0,546,1143,527,43,406,96,0,4.374623775482178,0
grid_4x4_nodiag,medium,frequent,p2_c120_mp2,404,5,6,6,0,546,1143,527,43,406,96,0,3.7549169063568115,0
grid_4x4_nodiag,medium,frequent,p2_c120_mp2,303,5,6,4,2,548,1144,523,62,390,111,0,3.9056849479675293,0
grid_4x4_nodiag,medium,frequent,p2_c120_mp2,202,6,6,6,0,532,1126,493,26,390,97,0,4.026128053665161,0
grid_4x4_nodiag,medium,frequent,p2_c40,42,4,6,0,6,522,1119,480,67,362,118,0,3.395416021347046,0
grid_4x4_nodiag,medium,frequent,p2_c120_h2,202,4,6,5,1,551,1174,491,49,384,118,5,4.276609659194946,0
grid_4x4_nodiag,medium,frequent,p2_c120_h2,101,5,6,4,2,596,1247,566,78,424,122,5,4.43642783164978,0
grid_4x4_nodiag,medium,frequent,p2_c120_h2,404,5,6,5,1,502,1073,437,44,335,117,6,4.222677707672119,0
grid_4x4_nodiag,medium,frequent,p2_c120_h2,303,6,6,4,2,610,1302,552,90,419,138,6,4.400545358657837,0
grid_4x4_nodiag,medium,frequent,p2_c40,303,2,6,0,6,466,998,418,32,315,111,0,3.8605587482452393,0
grid_4x4_nodiag,medium,frequent,p2_c40_penalty_off,42,4,6,0,6,521,1119,475,66,361,118,0,3.789400815963745,0
grid_4x4_nodiag,medium,frequent,p2_c40,101,6,6,0,6,544,1184,471,98,377,123,0,4.46928071975708,0
grid_4x4_nodiag,medium,frequent,p2_c40,202,6,6,0,6,534,1145,481,92,367,123,0,4.398712158203125,0
grid_4x4_nodiag,medium,frequent,p2_c40_penalty_off,101,6,6,0,6,544,1189,466,98,377,123,0,3.9460337162017822,0
grid_4x4_nodiag,medium,frequent,p2_c40,404,2,6,0,6,457,969,419,34,313,104,0,4.492253065109253,0
grid_4x4_nodiag,heavy,medium,baseline,101,6,8,5,3,379,833,324,77,241,106,0,3.649136781692505,0
grid_4x4_nodiag,heavy,medium,baseline,202,12,12,6,6,506,1147,396,137,309,154,0,3.8263473510742188,0
grid_4x4_nodiag,medium,frequent,p2_c40_penalty_off,202,6,6,0,6,541,1159,487,99,374,123,0,4.3665289878845215,0
grid_4x4_nodiag,heavy,medium,baseline,42,12,12,5,7,523,1196,390,136,315,165,0,4.407102108001709,0
grid_4x4_nodiag,medium,frequent,p2_c40_penalty_off,303,3,6,0,6,479,1017,439,43,325,113,0,4.482200622558594,0
grid_4x4_nodiag,medium,frequent,p2_c40_penalty_off,404,0,6,0,6,417,875,389,0,281,98,0,4.456546306610107,0
grid_4x4_nodiag,heavy,medium,p2_c120_mp2,202,10,12,9,3,502,1082,446,109,336,122,0,3.4080069065093994,0
grid_4x4_nodiag,heavy,medium,baseline,404,11,12,6,6,526,1202,404,132,331,153,0,4.200143098831177,0
grid_4x4_nodiag,heavy,medium,baseline,303,4,12,9,3,420,958,322,37,264,123,0,4.289981842041016,0
grid_4x4_nodiag,heavy,medium,p2_c120_mp2,101,6,8,6,2,380,830,327,64,244,102,0,3.7447197437286377,0
grid_4x4_nodiag,heavy,medium,p2_c120,303,4,12,11,1,452,1021,364,48,309,109,0,3.957705497741699,0
grid_4x4_nodiag,heavy,medium,p2_c120,42,11,12,9,3,538,1198,439,115,360,135,0,4.298615455627441,0
grid_4x4_nodiag,heavy,medium,p2_c120_mp2,303,4,12,11,1,451,1014,365,50,305,111,0,3.942199230194092,0
grid_4x4_nodiag,heavy,medium,p2_c120,101,6,8,6,2,379,830,328,65,245,102,0,4.337606906890869,0
grid_4x4_nodiag,heavy,medium,p2_c120,202,10,12,9,3,521,1137,458,127,353,126,0,4.344811677932739,0
grid_4x4_nodiag,heavy,medium,p2_c120,404,10,12,9,3,530,1154,469,113,368,121,0,4.3563902378082275,0
grid_4x4_nodiag,heavy,medium,p2_c120_h2,42,11,12,10,2,548,1219,439,97,368,132,6,3.6241893768310547,0
grid_4x4_nodiag,heavy,medium,p2_c120_mp2,42,11,12,9,3,543,1207,439,117,362,135,0,4.454119443893433,0
grid_4x4_nodiag,heavy,medium,p2_c120_mp2,404,10,12,9,3,533,1155,471,113,368,121,0,4.305098056793213,0
grid_4x4_nodiag,heavy,medium,p2_c120_h2,404,7,8,6,2,432,993,313,74,280,112,6,3.7743983268737793,0
grid_4x4_nodiag,heavy,medium,p2_c120_h2,101,3,8,7,1,379,847,304,20,236,110,5,4.320929527282715,0
grid_4x4_nodiag,heavy,medium,p2_c120_h2,303,4,12,10,2,466,1009,406,67,309,117,6,4.273270845413208,0
grid_4x4_nodiag,heavy,medium,p2_c120_h2,202,9,12,9,3,540,1209,426,110,340,153,6,4.390774250030518,0
grid_4x4_nodiag,heavy,medium,p2_c40,42,12,12,0,12,526,1214,387,190,334,152,0,3.954716920852661,0
grid_4x4_nodiag,heavy,medium,p2_c40,404,7,8,0,8,417,978,301,114,262,124,0,3.3508880138397217,0
grid_4x4_nodiag,heavy,medium,p2_c40,202,8,8,0,8,378,851,292,101,221,125,0,3.826925754547119,0
grid_4x4_nodiag,heavy,medium,p2_c40,101,6,8,0,8,371,837,297,90,224,117,0,4.213351488113403,0
grid_4x4_nodiag,heavy,medium,p2_c40,303,1,12,0,12,289,662,201,15,139,121,0,4.249376058578491,0
grid_4x4_nodiag,heavy,medium,p2_c40_penalty_off,42,12,12,6,6,504,1141,389,107,333,130,0,4.1945579051971436,0
grid_4x4_nodiag,heavy,medium,p2_c40_penalty_off,202,8,8,4,4,402,883,335,84,250,117,0,3.8681299686431885,0
grid_4x4_nodiag,heavy,medium,p2_c40_penalty_off,101,6,8,4,4,402,909,322,88,257,113,0,4.016281604766846,0
grid_4x4_nodiag,heavy,medium,p2_c40_penalty_off,303,6,12,6,6,411,895,344,81,251,123,0,4.061429500579834,0
grid_4x4_nodiag,heavy,frequent,baseline,101,8,12,10,2,595,1280,519,70,424,117,0,4.06006383895874,0
grid_4x4_nodiag,heavy,medium,p2_c40_penalty_off,404,7,8,4,4,420,950,334,88,276,112,0,4.144133567810059,0
grid_4x4_nodiag,heavy,frequent,p2_c120,101,8,12,10,2,595,1280,519,70,424,117,0,3.6400065422058105,0
grid_4x4_nodiag,heavy,frequent,baseline,404,9,12,8,4,630,1364,558,102,450,125,0,3.945038318634033,0
grid_4x4_nodiag,heavy,frequent,p2_c120_mp2,202,11,12,9,3,689,1444,644,142,513,114,0,3.3010823726654053,0
grid_4x4_nodiag,heavy,frequent,baseline,42,10,12,7,5,633,1324,591,97,425,151,0,4.298668384552002,0
grid_4x4_nodiag,heavy,frequent,baseline,202,11,12,6,6,690,1488,612,176,503,129,0,4.343224048614502,0
grid_4x4_nodiag,heavy,frequent,baseline,303,11,12,7,5,668,1403,626,133,480,130,0,4.374165058135986,0
grid_4x4_nodiag,heavy,frequent,p2_c120,42,10,12,9,3,673,1411,636,116,480,135,0,4.326476097106934,0
grid_4x4_nodiag,heavy,frequent,p2_c120,303,11,12,9,3,708,1470,687,151,526,122,0,4.07991886138916,0
grid_4x4_nodiag,heavy,frequent,p2_c120,202,11,12,9,3,705,1493,649,162,527,118,0,4.200673580169678,0
grid_4x4_nodiag,heavy,frequent,p2_c120_mp2,42,9,12,9,3,665,1380,636,111,472,133,0,4.356651306152344,0
grid_4x4_nodiag,heavy,frequent,p2_c120_mp2,101,8,12,10,2,597,1282,519,70,424,117,0,4.258369207382202,0
grid_4x4_nodiag,heavy,frequent,p2_c120,404,9,12,10,2,639,1372,578,87,466,117,0,4.460107326507568,0
grid_4x4_nodiag,heavy,frequent,p2_c120_mp2,303,11,12,9,3,693,1441,664,132,509,122,0,4.138534069061279,0
grid_4x4_nodiag,heavy,frequent,p2_c120_h2,101,8,12,10,2,654,1356,627,86,470,125,5,3.780885934829712,0
grid_4x4_nodiag,heavy,frequent,p2_c120_h2,42,10,12,9,3,693,1439,652,129,493,137,5,4.064445495605469,0
grid_4x4_nodiag,heavy,frequent,p2_c120_h2,404,9,12,9,3,583,1238,507,93,397,124,6,3.825024127960205,0
grid_4x4_nodiag,heavy,frequent,p2_c120_h2,202,10,12,9,3,709,1559,584,123,499,147,5,4.075867176055908,0
grid_4x4_nodiag,heavy,frequent,p2_c40,42,7,12,0,12,583,1261,509,110,392,140,0,3.868062973022461,0
grid_4x4_nodiag,heavy,frequent,p2_c120_h2,303,8,12,9,3,614,1298,542,81,419,134,6,4.129319429397583,0
grid_4x4_nodiag,heavy,frequent,p2_c120_mp2,404,9,12,10,2,639,1333,606,89,478,103,0,4.475353240966797,0
grid_4x4_nodiag,heavy,frequent,p2_c40,202,10,12,0,12,624,1333,562,156,424,146,0,3.802586555480957,0
grid_4x4_nodiag,heavy,frequent,p2_c40,101,9,12,0,12,608,1344,494,149,413,142,0,4.246201038360596,0
grid_4x4_nodiag,heavy,frequent,p2_c40,303,5,12,0,12,526,1126,461,63,351,126,0,4.112561941146851,0
grid_4x4_nodiag,heavy,frequent,p2_c40,404,2,12,0,12,459,968,413,31,305,108,0,4.043099403381348,0
grid_4x4_nodiag,sparse,medium,baseline,101,2,3,3,0,305,691,252,2,191,93,0,3.662630081176758,0
grid_4x4_nodiag,heavy,frequent,p2_c40_penalty_off,42,8,12,6,6,640,1347,596,107,443,141,0,4.324072360992432,0
grid_4x4_nodiag,heavy,frequent,p2_c40_penalty_off,202,10,12,6,6,661,1391,619,133,477,127,0,4.111143350601196,0
grid_4x4_nodiag,heavy,frequent,p2_c40_penalty_off,101,10,12,6,6,606,1304,534,95,433,119,0,4.170643091201782,0
grid_4x4_nodiag,sparse,medium,baseline,42,5,5,4,1,407,907,337,59,271,108,0,4.2680158615112305,0
grid_4x4_nodiag,heavy,frequent,p2_c40_penalty_off,404,5,12,6,6,547,1153,505,50,389,107,0,4.368969202041626,0
grid_4x4_nodiag,heavy,frequent,p2_c40_penalty_off,303,7,12,6,6,594,1226,572,81,429,111,0,4.439599275588989,0
grid_4x4_nodiag,sparse,medium,p2_c120_mp2,101,2,3,3,0,305,691,252,2,191,93,0,3.4075019359588623,0
grid_4x4_nodiag,sparse,medium,baseline,202,2,2,2,0,310,695,261,35,192,97,0,4.343120098114014,0
grid_4x4_nodiag,sparse,medium,p2_c120_mp2,303,1,4,4,0,323,719,274,24,199,102,0,2.933119773864746,0
grid_4x4_nodiag,sparse,medium,baseline,303,1,4,4,0,323,719,274,24,199,102,0,4.276242017745972,0
grid_4x4_nodiag,sparse,medium,baseline,404,3,4,4,0,369,829,307,51,248,96,0,4.3048553466796875,0
grid_4x4_nodiag,sparse,medium,p2_c120,42,5,5,4,1,407,907,337,59,271,108,0,4.263620615005493,0
grid_4x4_nodiag,sparse,medium,p2_c120,101,2,3,3,0,305,691,252,2,191,93,0,4.417677164077759,0
grid_4x4_nodiag,sparse,medium,p2_c120,202,2,2,2,0,310,695,261,35,192,97,0,4.387605667114258,0
grid_4x4_nodiag,sparse,medium,p2_c120_mp2,42,5,5,4,1,408,899,346,59,271,108,0,4.052879571914673,0
grid_4x4_nodiag,sparse,medium,p2_c120,404,3,4,4,0,369,829,307,51,248,96,0,4.120937347412109,0
grid_4x4_nodiag,sparse,medium,p2_c120,303,1,4,4,0,323,719,274,24,199,102,0,4.387669086456299,0
grid_4x4_nodiag,sparse,medium,p2_c120_mp2,202,2,2,2,0,310,695,261,35,192,97,0,3.855238437652588,0
grid_4x4_nodiag,sparse,medium,p2_c120_h2,101,1,3,3,0,332,762,247,17,196,110,5,4.2152111530303955,0
grid_4x4_nodiag,sparse,medium,p2_c120_mp2,404,3,4,4,0,369,829,307,51,248,96,0,4.398141860961914,0
grid_4x4_nodiag,sparse,medium,p2_c120_h2,42,4,5,4,1,382,814,338,43,229,121,6,4.28367018699646,0
grid_4x4_nodiag,sparse,medium,p2_c120_h2,202,2,5,5,0,366,808,305,23,222,115,5,4.436612367630005,0
grid_4x4_nodiag,sparse,medium,p2_c120_h2,303,0,4,4,0,323,711,271,0,193,104,6,4.429697513580322,0
grid_4x4_nodiag,sparse,medium,p2_c40,42,5,5,0,5,397,914,305,84,253,118,0,3.93861985206604,0
grid_4x4_nodiag,sparse,medium,p2_c120_h2,404,4,4,3,1,375,887,251,46,222,121,6,4.335705041885376,0
grid_4x4_nodiag,sparse,medium,p2_c40_penalty_off,42,4,5,0,5,383,872,303,65,242,116,0,3.143850326538086,0
grid_4x4_nodiag,sparse,medium,p2_c40_penalty_off,202,2,2,0,2,282,637,229,30,161,101,0,3.082812547683716,0
grid_4x4_nodiag,sparse,medium,p2_c40,303,0,4,0,4,259,584,207,0,136,103,0,3.7619855403900146,0
grid_4x4_nodiag,sparse,medium,p2_c40,202,2,2,0,2,282,637,229,30,161,101,0,3.96283221244812,0
grid_4x4_nodiag,sparse,medium,p2_c40,101,2,3,1,2,314,721,250,33,192,101,0,4.400755405426025,0
grid_4x4_nodiag,sparse,medium,p2_c40_penalty_off,101,2,3,1,2,314,721,250,33,192,101,0,3.9085538387298584,0
grid_4x4_nodiag,sparse,medium,p2_c40,404,2,3,0,3,298,668,249,27,173,104,0,4.318833112716675,0
grid_4x4_nodiag,sparse,medium,p2_c40_penalty_off,303,0,4,0,4,259,584,207,0,136,103,0,3.9482827186584473,0
grid_4x4_nodiag,sparse,medium,p2_c40_penalty_off,404,2,3,0,3,298,668,249,27,173,104,0,4.039998292922974,0
grid_4x4_nodiag,sparse,frequent,baseline,42,4,5,4,1,447,922,432,35,307,98,0,4.214951276779175,0
grid_4x4_nodiag,sparse,frequent,p2_c120,202,3,5,5,0,455,988,392,31,317,97,0,3.728623628616333,0
grid_4x4_nodiag,sparse,frequent,p2_c120,42,4,5,4,1,447,922,432,35,307,98,0,3.9766693115234375,0
grid_4x4_nodiag,sparse,frequent,baseline,404,5,5,3,2,462,996,402,75,308,109,0,4.154708623886108,0
grid_4x4_nodiag,sparse,frequent,baseline,303,4,5,5,0,498,1018,498,52,356,99,0,4.321325302124023,0
grid_4x4_nodiag,sparse,frequent,baseline,202,3,5,5,0,455,988,392,31,317,97,0,4.427546739578247,0
grid_4x4_nodiag,sparse,frequent,baseline,101,3,5,5,0,501,1032,495,44,362,97,0,4.435844898223877,0
grid_4x4_nodiag,sparse,frequent,p2_c120,101,3,5,5,0,501,1032,495,44,362,97,0,4.049661636352539,0
grid_4x4_nodiag,sparse,frequent,p2_c120,404,5,5,3,2,462,996,402,75,308,109,0,4.332818031311035,0
grid_4x4_nodiag,sparse,frequent,p2_c120_mp2,303,4,5,5,0,498,1018,498,52,356,99,0,3.368098020553589,0
grid_4x4_nodiag,sparse,frequent,p2_c120,303,4,5,5,0,498,1018,498,52,356,99,0,4.418703317642212,0
grid_4x4_nodiag,sparse,frequent,p2_c120_mp2,101,3,5,5,0,501,1032,495,44,362,97,0,4.343902111053467,0
grid_4x4_nodiag,sparse,frequent,p2_c120_mp2,202,3,5,5,0,455,988,392,31,317,97,0,3.608344078063965,0
grid_4x4_nodiag,sparse,frequent,p2_c120_mp2,42,3,5,4,1,440,905,426,34,300,98,0,4.428959846496582,0
grid_4x4_nodiag,sparse,frequent,p2_c120_mp2,404,5,5,3,2,478,1024,422,89,322,109,0,4.17512059211731,0
grid_4x4_nodiag,sparse,frequent,p2_c120_h2,101,4,5,4,1,492,1023,453,31,312,132,6,4.140908718109131,0
grid_4x4_nodiag,sparse,frequent,p2_c120_h2,202,3,5,5,0,458,990,382,3,299,114,5,4.096492052078247,0
grid_4x4_nodiag,sparse,frequent,p2_c120_h2,42,3,5,5,0,540,1102,528,36,375,118,5,4.3330817222595215,0
grid_4x4_nodiag,sparse,frequent,p2_c120_h2,404,3,5,4,1,442,939,383,30,266,129,6,3.7276828289031982,0
grid_4x4_nodiag,sparse,frequent,p2_c120_h2,303,3,4,3,1,449,981,362,32,275,128,6,4.08112359046936,0
grid_4x4_nodiag,sparse,frequent,p2_c40,202,3,5,0,5,455,1005,379,40,296,119,0,3.8958065509796143,0
grid_4x4_nodiag,sparse,frequent,p2_c40,42,4,5,0,5,470,1021,406,67,313,116,0,4.311200380325317,0
grid_4x4_nodiag,sparse,frequent,p2_c40,101,3,5,0,5,485,1059,419,26,331,114,0,4.332141160964966,0
grid_4x4_nodiag,sparse,frequent,p2_c40,404,4,5,0,5,403,868,344,35,245,117,0,4.238235712051392,0
grid_4x4_nodiag,sparse,frequent,p2_c40,303,0,4,0,4,387,814,355,0,244,107,0,4.3543853759765625,0
grid_4x4_nodiag,sparse,frequent,p2_c40_penalty_off,101,3,5,0,5,488,1045,438,30,331,117,0,4.052709102630615,0
grid_4x4_nodiag,sparse,frequent,p2_c40_penalty_off,42,3,5,0,5,465,1003,411,32,313,112,0,4.364388942718506,0
grid_4x4_nodiag,sparse,frequent,p2_c40_penalty_off,202,3,5,0,5,456,1004,382,41,297,119,0,4.342259883880615,0
grid_4x4_nodiag,sparse,frequent,p2_c40_penalty_off,303,1,4,0,4,406,858,370,17,260,109,0,4.333029747009277,0
grid_4x4_nodiag,sparse,frequent,p2_c40_penalty_off,404,0,5,0,5,392,824,362,0,254,101,0,4.475238800048828,0
grid_5x5_nodiag,medium,medium,baseline,101,5,6,5,1,564,1277,549,76,386,150,0,5.142370700836182,0
grid_5x5_nodiag,medium,medium,baseline,42,5,6,4,2,563,1297,514,75,359,175,0,5.4511096477508545,0
grid_5x5_nodiag,medium,medium,baseline,303,3,6,6,0,493,1131,462,4,321,147,0,5.6221230030059814,0
grid_5x5_nodiag,medium,medium,baseline,202,4,4,3,1,496,1145,447,65,303,167,0,5.80043363571167,0
grid_5x5_nodiag,medium,medium,p2_c120,101,5,6,5,1,564,1277,549,76,386,150,0,5.631930589675903,0
grid_5x5_nodiag,medium,medium,p2_c120,404,4,6,4,2,581,1364,513,91,375,178,0,5.421117544174194,0
grid_5x5_nodiag,medium,medium,p2_c120_mp2,101,6,6,5,1,589,1325,583,98,409,150,0,5.366748571395874,0
grid_5x5_nodiag,medium,medium,baseline,404,4,6,4,2,581,1364,513,91,375,178,0,6.276424884796143,0
grid_5x5_nodiag,medium,medium,p2_c120,42,5,6,4,2,563,1297,514,75,359,175,0,6.339073419570923,0
grid_5x5_nodiag,medium,medium,p2_c120_mp2,202,4,4,3,1,497,1146,447,65,303,167,0,5.302779674530029,0
grid_5x5_nodiag,medium,medium,p2_c120,202,4,4,3,1,496,1145,447,65,303,167,0,6.146904468536377,0
grid_5x5_nodiag,medium,medium,p2_c120_mp2,42,5,6,4,2,565,1299,514,75,359,175,0,6.029170274734497,0
grid_5x5_nodiag,medium,medium,p2_c120,303,3,6,6,0,493,1131,462,4,321,147,0,6.3194499015808105,0
grid_5x5_nodiag,medium,medium,p2_c120_h2,42,4,6,6,0,603,1352,592,25,409,163,5,5.216169595718384,0
grid_5x5_nodiag,medium,medium,p2_c120_h2,202,4,4,4,0,523,1134,545,5,335,160,4,5.183841228485107,0
grid_5x5_nodiag,medium,medium,p2_c120_h2,101,5,6,5,1,604,1360,575,62,380,190,5,5.543137550354004,0
grid_5x5_nodiag,medium,medium,p2_c120_mp2,404,4,6,4,2,585,1372,518,94,378,178,0,5.835946083068848,0
grid_5x5_nodiag,medium,medium,p2_c120_mp2,303,3,6,6,0,493,1131,462,4,321,147,0,6.312311172485352,0
grid_5x5_nodiag,medium,medium,p2_c120_h2,303,2,6,6,0,548,1264,498,2,352,166,6,5.55601692199707,0
grid_5x5_nodiag,medium,medium,p2_c40,42,4,6,0,6,517,1210,455,102,316,175,0,5.464739561080933,0
grid_5x5_nodiag,medium,medium,p2_c120_h2,404,4,6,6,0,570,1300,534,33,372,167,4,6.208063364028931,0
grid_5x5_nodiag,medium,medium,p2_c40,101,6,6,1,5,567,1331,501,146,360,178,0,6.1701860427856445,0
grid_5x5_nodiag,medium,medium,p2_c40,303,1,6,0,6,411,974,344,24,230,158,0,6.076897382736206,0
grid_5x5_nodiag,medium,medium,p2_c40,202,3,4,0,4,445,1035,398,71,256,166,0,6.196680545806885,0
grid_5x5_nodiag,medium,medium,p2_c40,404,3,6,2,4,495,1157,438,48,304,166,0,6.1061999797821045,0
grid_5x5_nodiag,medium,medium,p2_c40_penalty_off,202,2,4,0,4,420,986,368,47,233,165,0,5.5967323780059814,0
grid_5x5_nodiag,medium,medium,p2_c40_penalty_off,42,4,6,0,6,515,1204,455,100,314,175,0,6.133758544921875,0
grid_5x5_nodiag,medium,medium,p2_c40_penalty_off,101,6,6,1,5,569,1330,508,148,362,178,0,6.015783786773682,0
grid_5x5_nodiag,medium,medium,p2_c40_penalty_off,404,3,6,2,4,495,1157,438,48,304,166,0,5.491191625595093,0
grid_5x5_nodiag,medium,frequent,baseline,202,6,6,4,2,856,1824,918,128,623,186,0,4.928581237792969,0
grid_5x5_nodiag,medium,frequent,baseline,101,6,6,4,2,922,2002,981,105,719,157,0,5.366844415664673,0
grid_5x5_nodiag,medium,medium,p2_c40_penalty_off,303,1,6,0,6,413,976,348,24,230,160,0,6.310849905014038,0
grid_5x5_nodiag,medium,frequent,baseline,404,6,6,4,2,910,1962,969,137,691,172,0,5.4683897495269775,0
grid_5x5_nodiag,medium,frequent,baseline,42,6,6,6,0,807,1688,902,62,609,153,0,6.148432731628418,0
grid_5x5_nodiag,medium,frequent,p2_c120_mp2,404,6,6,4,2,911,1961,969,136,690,172,0,4.423194169998169,0
grid_5x5_nodiag,medium,frequent,p2_c120,42,6,6,6,0,807,1688,902,62,609,153,0,6.258535385131836,0
grid_5x5_nodiag,medium,frequent,baseline,303,2,6,5,1,774,1631,859,28,583,150,0,6.37443733215332,0
grid_5x5_nodiag,medium,frequent,p2_c120,101,6,6,4,2,922,2002,981,105,719,157,0,6.397280693054199,0
grid_5x5_nodiag,medium,frequent,p2_c120,404,6,6,4,2,910,1962,969,137,691,172,0,6.166827440261841,0
grid_5x5_nodiag,medium,frequent,p2_c120,202,6,6,4,2,856,1824,918,128,623,186,0,6.298020601272583,0
grid_5x5_nodiag,medium,frequent,p2_c120_mp2,42,6,6,6,0,807,1688,902,62,609,153,0,6.1054863929748535,0
grid_5x5_nodiag,medium,frequent,p2_c120,303,2,6,5,1,774,1631,859,28,583,150,0,6.395169973373413,0
grid_5x5_nodiag,medium,frequent,p2_c120_mp2,202,6,6,4,2,857,1825,918,128,623,186,0,5.92351222038269,0
grid_5x5_nodiag,medium,frequent,p2_c120_mp2,101,6,6,4,2,924,1999,986,105,719,157,0,6.344219923019409,0
grid_5x5_nodiag,medium,frequent,p2_c120_mp2,303,2,6,5,1,775,1632,859,28,583,150,0,5.956230401992798,0
grid_5x5_nodiag,medium,frequent,p2_c120_h2,303,4,6,5,1,845,1869,834,64,619,176,6,5.1059393882751465,0
grid_5x5_nodiag,medium,frequent,p2_c120_h2,101,5,6,5,1,885,1919,916,108,652,182,5,6.108426570892334,0
grid_5x5_nodiag,medium,frequent,p2_c120_h2,42,6,6,5,1,839,1849,826,63,606,181,6,6.206350088119507,0
grid_5x5_nodiag,medium,frequent,p2_c120_h2,202,6,6,4,2,893,1891,968,89,654,188,5,6.204829454421997,0
grid_5x5_nodiag,medium,frequent,p2_c40,101,5,6,2,4,881,1930,920,99,673,165,0,5.620858669281006,0
grid_5x5_nodiag,medium,frequent,p2_c40,202,2,6,1,5,716,1556,742,48,509,167,0,5.682981252670288,0
grid_5x5_nodiag,medium,frequent,p2_c40,42,5,6,2,4,775,1666,815,104,567,165,0,6.050611972808838,0
grid_5x5_nodiag,medium,frequent,p2_c120_h2,404,5,6,5,1,846,1811,896,36,621,175,6,6.278571605682373,0
grid_5x5_nodiag,medium,frequent,p2_c40_penalty_off,303,0,6,0,6,658,1391,712,0,463,157,0,4.713296413421631,0
grid_5x5_nodiag,medium,frequent,p2_c40,303,0,6,0,6,658,1394,710,0,463,157,0,6.2323973178863525,0
grid_5x5_nodiag,medium,frequent,p2_c40,404,2,6,0,6,729,1584,755,50,529,160,0,6.1095216274261475,0
grid_5x5_nodiag,medium,frequent,p2_c40_penalty_off,42,5,6,2,4,775,1666,815,104,567,165,0,6.237175941467285,0
grid_5x5_nodiag,heavy,medium,baseline,202,8,8,5,3,597,1347,567,132,396,167,0,4.587863922119141,0
grid_5x5_nodiag,medium,frequent,p2_c40_penalty_off,202,2,6,0,6,696,1520,709,47,485,171,0,5.671311855316162,0
grid_5x5_nodiag,medium,frequent,p2_c40_penalty_off,101,5,6,2,4,881,1930,920,99,673,165,0,6.274081707000732,0
grid_5x5_nodiag,heavy,medium,baseline,101,9,12,9,3,670,1501,645,126,451,180,0,5.724911689758301,0
grid_5x5_nodiag,medium,frequent,p2_c40_penalty_off,404,0,6,0,6,671,1451,700,0,481,152,0,6.185245037078857,0
grid_5x5_nodiag,heavy,medium,baseline,42,11,12,5,7,707,1659,580,143,420,245,0,6.2676661014556885,0
grid_5x5_nodiag,heavy,medium,p2_c120_mp2,202,7,8,5,3,616,1380,593,153,417,162,0,4.887592554092407,0
grid_5x5_nodiag,heavy,medium,baseline,303,10,12,8,4,762,1685,769,172,553,169,0,5.9730799198150635,0
grid_5x5_nodiag,heavy,medium,baseline,404,7,12,8,4,671,1569,584,98,444,190,0,6.051340818405151,0
grid_5x5_nodiag,heavy,medium,p2_c120_mp2,42,9,12,9,3,745,1680,698,112,515,187,0,5.612487316131592,0
grid_5x5_nodiag,heavy,medium,p2_c120,404,7,12,9,3,709,1637,645,117,491,180,0,5.81449818611145,0
grid_5x5_nodiag,heavy,medium,p2_c120,303,10,12,10,2,826,1825,839,194,610,173,0,6.077708721160889,0
grid_5x5_nodiag,heavy,medium,p2_c120,42,9,12,9,3,767,1728,726,141,534,192,0,6.363765001296997,0
grid_5x5_nodiag,heavy,medium,p2_c120,101,9,12,11,1,755,1683,757,174,547,169,0,6.2270543575286865,0
grid_5x5_nodiag,heavy,medium,p2_c120,202,7,8,6,2,562,1259,544,85,368,161,0,6.341616630554199,0
grid_5x5_nodiag,heavy,medium,p2_c120_h2,42,8,12,10,2,762,1706,732,105,540,178,6,5.406367778778076,0
grid_5x5_nodiag,heavy,medium,p2_c120_mp2,101,9,12,11,1,749,1649,762,163,546,162,0,6.226639032363892,0
grid_5x5_nodiag,heavy,medium,p2_c120_mp2,303,10,12,10,2,769,1717,761,134,568,159,0,5.998603343963623,0
grid_5x5_nodiag,heavy,medium,p2_c120_mp2,404,7,12,9,3,711,1626,654,116,488,182,0,6.068943023681641,0
grid_5x5_nodiag,heavy,medium,p2_c120_h2,303,3,12,12,0,654,1454,645,3,453,164,6,5.135387182235718,0
grid_5x5_nodiag,heavy,medium,p2_c120_h2,101,11,12,9,3,828,1830,820,194,578,201,6,6.2276201248168945,0
grid_5x5_nodiag,heavy,medium,p2_c120_h2,404,11,12,8,4,795,1801,736,190,542,203,6,5.484248638153076,0
grid_5x5_nodiag,heavy,medium,p2_c120_h2,202,12,12,11,1,765,1689,742,103,535,183,5,5.952742099761963,0
grid_5x5_nodiag,heavy,medium,p2_c40,303,4,12,0,12,495,1152,420,71,286,177,0,5.445465803146362,0
grid_5x5_nodiag,heavy,medium,p2_c40,202,4,11,0,11,508,1202,415,102,287,190,0,5.61049222946167,0
grid_5x5_nodiag,heavy,medium,p2_c40,42,7,12,0,12,629,1479,536,146,389,205,0,6.137465000152588,0
grid_5x5_nodiag,heavy,medium,p2_c40,101,10,12,3,9,722,1710,610,253,458,224,0,6.308177709579468,0
grid_5x5_nodiag,heavy,medium,p2_c40_penalty_off,42,9,12,6,6,670,1512,636,82,462,170,0,5.7048046588897705,0
grid_5x5_nodiag,heavy,medium,p2_c40,404,3,12,0,12,489,1153,406,73,285,173,0,6.149316787719727,0
grid_5x5_nodiag,heavy,medium,p2_c40_penalty_off,101,10,12,7,5,668,1545,597,134,429,199,0,6.03255820274353,0
grid_5x5_nodiag,heavy,medium,p2_c40_penalty_off,202,5,11,5,6,578,1291,551,85,369,175,0,6.102844476699829,0
grid_5x5_nodiag,heavy,frequent,baseline,42,12,12,6,6,939,2036,940,158,669,211,0,5.5157310962677,0
grid_5x5_nodiag,heavy,medium,p2_c40_penalty_off,404,7,12,6,6,596,1377,529,67,386,174,0,6.0920727252960205,0
grid_5x5_nodiag,heavy,medium,p2_c40_penalty_off,303,7,12,6,6,656,1508,601,130,456,163,0,6.197523355484009,0
grid_5x5_nodiag,heavy,frequent,baseline,101,9,12,9,3,1054,2285,1112,131,813,185,0,6.0990965366363525,0
grid_5x5_nodiag,heavy,frequent,baseline,202,7,8,5,3,826,1782,866,101,591,186,0,6.266480207443237,0
grid_5x5_nodiag,heavy,frequent,baseline,303,9,12,9,3,912,1964,952,88,663,194,0,6.271330118179321,0
grid_5x5_nodiag,heavy,frequent,baseline,404,9,12,7,5,947,2030,998,135,714,178,0,6.33282470703125,0
grid_5x5_nodiag,heavy,frequent,p2_c120,202,7,8,7,1,831,1777,889,75,614,168,0,5.886541843414307,0
grid_5x5_nodiag,heavy,frequent,p2_c120,42,12,12,8,4,1001,2150,1035,179,747,194,0,6.341002702713013,0
grid_5x5_nodiag,heavy,frequent,p2_c120,101,9,12,10,2,1068,2305,1142,126,837,175,0,6.192061901092529,0
grid_5x5_nodiag,heavy,frequent,p2_c120,303,9,12,10,2,952,2041,1009,110,707,189,0,6.141592025756836,0
grid_5x5_nodiag,heavy,frequent,p2_c120,404,9,12,10,2,971,2053,1061,113,761,155,0,6.212352991104126,0
grid_5x5_nodiag,heavy,frequent,p2_c120_mp2,101,9,12,10,2,1078,2337,1138,135,836,184,0,6.184581995010376,0
grid_5x5_nodiag,heavy,frequent,p2_c120_mp2,42,11,12,7,5,1000,2156,1020,200,718,218,0,6.2021520137786865,0
grid_5x5_nodiag,heavy,frequent,p2_c120_h2,101,9,12,10,2,999,2225,958,139,756,180,6,5.376299619674683,0
grid_5x5_nodiag,heavy,frequent,p2_c120_mp2,202,7,8,7,1,832,1778,889,75,614,168,0,6.377594232559204,0
grid_5x5_nodiag,heavy,frequent,p2_c120_mp2,303,9,12,10,2,954,2049,1003,110,707,189,0,6.298066139221191,0
grid_5x5_nodiag,heavy,frequent,p2_c120_mp2,404,10,12,10,2,1025,2229,1064,149,782,184,0,6.055710554122925,0
grid_5x5_nodiag,heavy,frequent,p2_c120_h2,42,11,12,11,1,1074,2337,1099,140,827,183,6,5.920429229736328,0
grid_5x5_nodiag,heavy,frequent,p2_c40,101,11,12,3,9,1055,2345,1057,221,810,189,0,4.88638710975647,0
grid_5x5_nodiag,heavy,frequent,p2_c120_h2,202,10,12,9,3,1035,2197,1097,161,752,220,5,6.200443506240845,0
grid_5x5_nodiag,heavy,frequent,p2_c120_h2,303,6,8,7,1,874,1858,944,69,662,159,6,6.160334348678589,0
grid_5x5_nodiag,heavy,frequent,p2_c120_h2,404,8,12,10,2,966,2025,1063,92,726,179,6,6.2564356327056885,0
grid_5x5_nodiag,heavy,frequent,p2_c40,42,7,12,4,8,873,1884,900,144,640,182,0,6.250406742095947,0
grid_5x5_nodiag,heavy,frequent,p2_c40,303,3,12,1,11,745,1586,794,27,530,168,0,6.101872444152832,0
grid_5x5_nodiag,heavy,frequent,p2_c40,202,6,8,3,5,821,1787,844,102,606,168,0,6.352748394012451,0
grid_5x5_nodiag,heavy,frequent,p2_c40,404,1,12,0,12,707,1523,730,23,500,162,0,5.905418395996094,0
grid_5x5_nodiag,heavy,frequent,p2_c40_penalty_off,42,10,12,7,5,1005,2171,1035,218,730,216,0,5.678804397583008,0
grid_5x5_nodiag,heavy,frequent,p2_c40_penalty_off,202,5,8,4,4,797,1734,816,60,579,172,0,5.924267530441284,0
grid_5x5_nodiag,heavy,frequent,p2_c40_penalty_off,404,5,12,6,6,833,1797,862,40,617,166,0,5.177505970001221,0
grid_5x5_nodiag,heavy,frequent,p2_c40_penalty_off,303,7,12,6,6,935,1971,1029,137,703,178,0,6.01606822013855,0
grid_5x5_nodiag,heavy,frequent,p2_c40_penalty_off,101,9,12,8,4,1093,2362,1166,184,871,165,0,6.27890157699585,0
grid_5x5_nodiag,sparse,medium,baseline,202,2,4,4,0,504,1126,507,28,334,147,0,5.646059036254883,0
grid_5x5_nodiag,sparse,medium,baseline,101,3,4,3,1,511,1179,477,72,314,172,0,5.982553243637085,0
grid_5x5_nodiag,sparse,medium,baseline,42,3,5,4,1,509,1188,459,40,316,168,0,6.359988212585449,0
grid_5x5_nodiag,sparse,medium,p2_c120,101,3,4,3,1,511,1179,477,72,314,172,0,5.917572736740112,0
grid_5x5_nodiag,sparse,medium,baseline,303,3,5,5,0,559,1310,506,53,385,148,0,6.342608213424683,0
grid_5x5_nodiag,sparse,medium,baseline,404,3,5,5,0,572,1316,541,89,390,155,0,6.218095779418945,0
grid_5x5_nodiag,sparse,medium,p2_c120,42,3,5,4,1,509,1188,459,40,316,168,0,6.319110870361328,0
grid_5x5_nodiag,sparse,medium,p2_c120,202,2,4,4,0,504,1126,507,28,334,147,0,6.220226049423218,0
grid_5x5_nodiag,sparse,medium,p2_c120,404,3,5,5,0,572,1316,541,89,390,155,0,6.081428289413452,0
grid_5x5_nodiag,sparse,medium,p2_c120,303,3,5,5,0,559,1310,506,53,385,148,0,6.233846664428711,0
grid_5x5_nodiag,sparse,medium,p2_c120_mp2,303,3,5,5,0,559,1310,506,53,385,148,0,5.748324871063232,0
grid_5x5_nodiag,sparse,medium,p2_c120_mp2,42,3,5,4,1,510,1186,462,40,316,168,0,5.901504993438721,0
grid_5x5_nodiag,sparse,medium,p2_c120_h2,101,4,4,4,0,562,1274,532,54,364,167,5,5.195816278457642,0
grid_5x5_nodiag,sparse,medium,p2_c120_mp2,101,3,4,3,1,511,1179,477,72,314,172,0,6.192329168319702,0
grid_5x5_nodiag,sparse,medium,p2_c120_mp2,202,2,4,4,0,504,1126,507,28,334,147,0,6.217806100845337,0
grid_5x5_nodiag,sparse,medium,p2_c120_mp2,404,3,5,5,0,572,1316,541,89,390,155,0,6.18509578704834,0
grid_5x5_nodiag,sparse,medium,p2_c120_h2,42,4,5,4,1,574,1307,528,61,361,181,5,6.263892889022827,0
grid_5x5_nodiag,sparse,medium,p2_c120_h2,202,4,4,3,1,538,1242,479,78,316,192,4,6.036893606185913,0
grid_5x5_nodiag,sparse,medium,p2_c40,202,3,3,0,3,467,1094,414,72,281,164,0,5.41607403755188,0
grid_5x5_nodiag,sparse,medium,p2_c120_h2,303,3,5,5,0,565,1287,530,33,365,169,6,6.265896558761597,0
grid_5x5_nodiag,sparse,medium,p2_c40,101,3,4,2,2,490,1136,449,70,289,177,0,5.772071123123169,0
grid_5x5_nodiag,sparse,medium,p2_c120_h2,404,5,5,5,0,616,1392,594,80,413,171,4,6.27165961265564,0
grid_5x5_nodiag,sparse,medium,p2_c40,42,5,5,2,3,544,1278,480,110,345,172,0,6.172186851501465,0
grid_5x5_nodiag,sparse,medium,p2_c40,303,1,4,0,4,406,985,321,26,224,161,0,6.046197414398193,0
grid_5x5_nodiag,sparse,medium,p2_c40_penalty_off,42,5,5,2,3,544,1278,480,110,345,172,0,5.690410614013672,0
grid_5x5_nodiag,sparse,medium,p2_c40_penalty_off,202,3,3,0,3,467,1094,414,72,281,164,0,5.707252264022827,0
grid_5x5_nodiag,sparse,medium,p2_c40,404,1,5,0,5,447,1064,380,23,264,161,0,6.09762716293335,0
grid_5x5_nodiag,sparse,medium,p2_c40_penalty_off,101,3,4,2,2,490,1136,449,70,289,177,0,6.071089506149292,0
grid_5x5_nodiag,sparse,medium,p2_c40_penalty_off,404,1,5,0,5,447,1064,380,23,264,161,0,5.548731803894043,0
grid_5x5_nodiag,sparse,medium,p2_c40_penalty_off,303,1,4,0,4,406,985,321,26,224,161,0,6.151708126068115,0
grid_5x5_nodiag,sparse,frequent,baseline,303,4,5,5,0,713,1578,706,80,518,152,0,5.538109302520752,0
grid_5x5_nodiag,sparse,frequent,p2_c120,202,4,5,5,0,722,1562,744,57,527,152,0,5.100997686386108,0
grid_5x5_nodiag,sparse,frequent,baseline,42,5,5,4,1,720,1575,726,82,526,150,0,6.1438093185424805,0
grid_5x5_nodiag,sparse,frequent,baseline,101,2,5,5,0,763,1627,829,59,567,155,0,6.061598539352417,0
grid_5x5_nodiag,sparse,frequent,baseline,404,4,5,4,1,755,1658,756,93,541,170,0,5.791180849075317,0
grid_5x5_nodiag,sparse,frequent,baseline,202,4,5,5,0,722,1562,744,57,527,152,0,6.320725917816162,0
grid_5x5_nodiag,sparse,frequent,p2_c120,42,5,5,4,1,720,1575,726,82,526,150,0,6.2070982456207275,0
grid_5x5_nodiag,sparse,frequent,p2_c120,101,2,5,5,0,763,1627,829,59,567,155,0,6.206202268600464,0
grid_5x5_nodiag,sparse,frequent,p2_c120,404,4,5,4,1,755,1658,756,93,541,170,0,6.1277477741241455,0
grid_5x5_nodiag,sparse,frequent,p2_c120_mp2,202,4,5,5,0,722,1562,744,57,527,152,0,5.878520488739014,0
grid_5x5_nodiag,sparse,frequent,p2_c120_mp2,42,4,5,4,1,693,1521,693,57,500,150,0,6.185546636581421,0
grid_5x5_nodiag,sparse,frequent,p2_c120,303,4,5,5,0,713,1578,706,80,518,152,0,6.382560729980469,0
grid_5x5_nodiag,sparse,frequent,p2_c120_mp2,101,2,5,5,0,763,1627,829,59,567,155,0,6.034924507141113,0
grid_5x5_nodiag,sparse,frequent,p2_c120_mp2,303,4,5,5,0,713,1578,706,80,518,152,0,6.092549800872803,0
grid_5x5_nodiag,sparse,frequent,p2_c120_h2,42,3,5,5,0,790,1750,784,54,573,171,5,5.564241170883179,0
grid_5x5_nodiag,sparse,frequent,p2_c120_mp2,404,4,5,4,1,756,1659,756,93,541,170,0,6.104650259017944,0
grid_5x5_nodiag,sparse,frequent,p2_c120_h2,101,4,5,4,1,773,1725,737,73,536,189,5,5.622399806976318,0
grid_5x5_nodiag,sparse,frequent,p2_c120_h2,404,4,5,5,0,827,1737,913,32,624,155,6,5.746168375015259,0
grid_5x5_nodiag,sparse,frequent,p2_c120_h2,202,5,5,5,0,764,1630,810,30,549,168,5,6.136393070220947,0
grid_5x5_nodiag,sparse,frequent,p2_c120_h2,303,5,5,5,0,800,1762,795,90,585,164,6,6.306497573852539,0
grid_5x5_nodiag,sparse,frequent,p2_c40,42,4,5,2,3,715,1553,729,109,504,169,0,6.167789936065674,0
grid_5x5_nodiag,sparse,frequent,p2_c40,101,3,5,2,3,686,1527,674,49,487,159,0,6.074739456176758,0
grid_5x5_nodiag,sparse,frequent,p2_c40,303,2,5,0,5,583,1270,580,37,381,163,0,5.702409744262695,0
grid_5x5_nodiag,sparse,frequent,p2_c40,202,1,4,0,4,615,1360,603,25,416,162,0,5.925758361816406,0
grid_5x5_nodiag,sparse,frequent,p2_c40_penalty_off,42,4,5,2,3,715,1553,729,109,504,169,0,5.83541202545166,0
grid_5x5_nodiag,sparse,frequent,p2_c40,404,3,5,1,4,725,1556,770,55,527,158,0,6.420243263244629,0
grid_5x5_nodiag,sparse,frequent,p2_c40_penalty_off,202,1,4,0,4,615,1360,603,25,416,162,0,5.660617113113403,0
grid_5x5_nodiag,sparse,frequent,p2_c40_penalty_off,101,3,5,2,3,686,1527,674,49,487,159,0,6.427782773971558,0
grid_5x5_nodiag,sparse,frequent,p2_c40_penalty_off,404,3,5,1,4,725,1556,770,55,527,158,0,5.931175947189331,0
grid_5x5_nodiag,sparse,frequent,p2_c40_penalty_off,303,3,5,0,5,611,1334,606,62,405,166,0,6.05372166633606,0
grid_6x6_nodiag,medium,medium,baseline,202,4,6,5,1,809,1924,778,73,563,219,0,7.236600875854492,0
grid_6x6_nodiag,medium,medium,baseline,101,6,6,3,3,842,1987,818,191,566,245,0,7.63136887550354,0
grid_6x6_nodiag,medium,medium,p2_c120,42,6,6,5,1,897,2073,927,90,639,228,0,7.425016164779663,0
grid_6x6_nodiag,medium,medium,baseline,42,6,6,5,1,897,2073,927,90,639,228,0,8.241165161132812,0
grid_6x6_nodiag,medium,medium,baseline,303,4,6,6,0,795,1840,829,79,557,210,0,8.188318490982056,0
grid_6x6_nodiag,medium,medium,baseline,404,6,6,4,2,836,1955,826,122,567,239,0,8.555006742477417,0
grid_6x6_nodiag,medium,medium,p2_c120_mp2,303,4,6,6,0,795,1840,829,79,557,210,0,7.1090006828308105,0
grid_6x6_nodiag,medium,medium,p2_c120_mp2,101,6,6,3,3,844,1992,815,191,566,245,0,7.641037702560425,0
grid_6x6_nodiag,medium,medium,p2_c120,303,4,6,6,0,795,1840,829,79,557,210,0,8.14949655532837,0
grid_6x6_nodiag,medium,medium,p2_c120,101,6,6,3,3,842,1987,818,191,566,245,0,8.487449169158936,0
grid_6x6_nodiag,medium,medium,p2_c120_mp2,42,6,6,5,1,898,2072,929,90,639,228,0,8.323442935943604,0
grid_6x6_nodiag,medium,medium,p2_c120,202,4,6,5,1,809,1924,778,73,563,219,0,8.505521297454834,0
grid_6x6_nodiag,medium,medium,p2_c120,404,6,6,4,2,836,1955,826,122,567,239,0,8.484762191772461,0
grid_6x6_nodiag,medium,medium,p2_c120_mp2,202,4,6,5,1,810,1925,778,73,563,219,0,8.679414510726929,0
grid_6x6_nodiag,medium,medium,p2_c120_mp2,404,6,6,4,2,838,1957,826,122,567,239,0,8.301928520202637,0
grid_6x6_nodiag,medium,medium,p2_c120_h2,42,2,2,2,0,651,1590,577,2,400,227,4,8.042983770370483,0
grid_6x6_nodiag,medium,medium,p2_c120_h2,101,5,6,5,1,889,2088,884,78,621,234,5,8.539045095443726,0
grid_6x6_nodiag,medium,medium,p2_c120_h2,202,3,6,6,0,757,1790,728,38,497,230,5,8.44522500038147,0
grid_6x6_nodiag,medium,medium,p2_c40,42,6,6,2,4,863,2017,871,135,601,234,0,8.296547174453735,0
grid_6x6_nodiag,medium,medium,p2_c120_h2,303,2,2,1,1,620,1522,544,73,363,233,3,8.682202100753784,0
grid_6x6_nodiag,medium,medium,p2_c120_h2,404,4,6,5,1,952,2175,1001,133,668,249,6,8.690093994140625,0
grid_6x6_nodiag,medium,medium,p2_c40,303,0,6,0,6,555,1347,507,0,316,217,0,7.669177770614624,0
grid_6x6_nodiag,medium,medium,p2_c40,202,3,6,0,6,724,1744,665,106,463,236,0,8.207215309143066,0
grid_6x6_nodiag,medium,medium,p2_c40,101,3,6,1,5,692,1666,640,103,434,232,0,8.72285509109497,0
grid_6x6_nodiag,medium,medium,p2_c40,404,2,6,0,6,655,1566,610,71,405,226,0,7.562004089355469,0
grid_6x6_nodiag,medium,medium,p2_c40_penalty_off,202,2,6,0,6,686,1674,610,70,428,234,0,7.402918100357056,0
grid_6x6_nodiag,medium,medium,p2_c40_penalty_off,42,6,6,2,4,863,2017,871,135,601,234,0,8.096179962158203,0
grid_6x6_nodiag,medium,medium,p2_c40_penalty_off,101,6,6,1,5,809,1938,760,208,536,244,0,8.506554365158081,0
grid_6x6_nodiag,medium,medium,p2_c40_penalty_off,303,0,6,0,6,555,1347,507,0,316,217,0,7.269063234329224,0
grid_6x6_nodiag,medium,medium,p2_c40_penalty_off,404,2,6,0,6,655,1566,610,71,405,226,0,8.56318187713623,0
grid_6x6_nodiag,medium,frequent,baseline,42,5,6,4,2,1330,2912,1539,157,1048,236,0,8.092763423919678,0
grid_6x6_nodiag,medium,frequent,baseline,202,4,6,6,0,1183,2607,1358,5,929,212,0,8.07823395729065,0
grid_6x6_nodiag,medium,frequent,baseline,101,6,6,5,1,1161,2618,1249,104,867,248,0,8.836758136749268,0
grid_6x6_nodiag,medium,frequent,baseline,404,6,6,4,2,1300,2831,1521,180,1020,233,0,8.30793046951294,0
grid_6x6_nodiag,medium,frequent,p2_c120,101,6,6,5,1,1161,2618,1249,104,867,248,0,8.1836576461792,0
grid_6x6_nodiag,medium,frequent,baseline,303,5,6,6,0,1124,2476,1283,41,871,209,0,8.543437242507935,0
grid_6x6_nodiag,medium,frequent,p2_c120,404,6,6,4,2,1300,2831,1521,180,1020,233,0,8.011147022247314,0
grid_6x6_nodiag,medium,frequent,p2_c120,202,4,6,6,0,1183,2607,1358,5,929,212,0,8.74140977859497,0
grid_6x6_nodiag,medium,frequent,p2_c120,42,5,6,4,2,1330,2912,1539,157,1048,236,0,9.151447057723999,0
grid_6x6_nodiag,medium,frequent,p2_c120_mp2,42,5,6,4,2,1330,2912,1539,157,1048,236,0,8.838721990585327,0
grid_6x6_nodiag,medium,frequent,p2_c120,303,5,6,6,0,1124,2476,1283,41,871,209,0,9.26561164855957,0
grid_6x6_nodiag,medium,frequent,p2_c120_mp2,303,5,6,6,0,1124,2476,1283,41,871,209,0,8.610902786254883,0
grid_6x6_nodiag,medium,frequent,p2_c120_mp2,202,4,6,6,0,1183,2607,1358,5,929,212,0,8.82637643814087,0
grid_6x6_nodiag,medium,frequent,p2_c120_mp2,101,6,6,5,1,1162,2617,1251,104,867,248,0,8.992009162902832,0
grid_6x6_nodiag,medium,frequent,p2_c120_mp2,404,6,6,4,2,1302,2821,1533,180,1020,233,0,8.2816162109375,0
grid_6x6_nodiag,medium,frequent,p2_c120_h2,42,4,6,5,1,1251,2713,1460,106,970,232,6,9.022151470184326,0
grid_6x6_nodiag,medium,frequent,p2_c120_h2,101,6,6,4,2,1278,2853,1389,163,961,265,5,9.055292844772339,0
grid_6x6_nodiag,medium,frequent,p2_c120_h2,202,5,6,6,0,1234,2629,1478,77,948,236,6,9.036035299301147,0
grid_6x6_nodiag,medium,frequent,p2_c120_h2,404,6,6,4,2,1278,2774,1470,174,981,244,6,9.071282386779785,0
grid_6x6_nodiag,medium,frequent,p2_c120_h2,303,3,6,6,0,1141,2530,1272,84,865,227,6,9.231971740722656,0
grid_6x6_nodiag,medium,frequent,p2_c40,101,2,6,0,6,984,2235,1037,71,703,241,0,9.060860872268677,0
grid_6x6_nodiag,medium,frequent,p2_c40,202,2,6,0,6,1099,2462,1213,69,825,234,0,9.032066106796265,0
grid_6x6_nodiag,medium,frequent,p2_c40,42,4,6,0,6,1203,2685,1339,137,917,244,0,9.393795013427734,0
grid_6x6_nodiag,medium,frequent,p2_c40,303,0,6,0,6,925,2057,1030,0,670,217,0,9.209536075592041,0
grid_6x6_nodiag,medium,frequent,p2_c40_penalty_off,42,4,6,0,6,1196,2657,1345,130,910,244,0,8.840862512588501,0
grid_6x6_nodiag,medium,frequent,p2_c40,404,3,6,2,4,1122,2438,1313,71,857,224,0,9.517162084579468,0
grid_6x6_nodiag,medium,frequent,p2_c40_penalty_off,101,2,6,0,6,984,2237,1029,71,703,241,0,9.449334621429443,0
grid_6x6_nodiag,medium,frequent,p2_c40_penalty_off,303,0,6,0,6,925,2057,1030,0,670,217,0,8.66105055809021,0
grid_6x6_nodiag,medium,frequent,p2_c40_penalty_off,404,3,6,2,4,1156,2510,1353,105,890,224,0,8.440502643585205,0
grid_6x6_nodiag,medium,frequent,p2_c40_penalty_off,202,2,6,0,6,1099,2461,1213,69,825,234,0,9.285574436187744,0
grid_6x6_nodiag,heavy,medium,baseline,42,11,12,5,7,1132,2585,1196,324,809,281,0,8.648446798324585,0
grid_6x6_nodiag,heavy,medium,baseline,202,10,12,7,5,1044,2477,994,235,728,275,0,8.812811374664307,0
grid_6x6_nodiag,heavy,medium,baseline,101,11,12,6,6,1007,2388,952,256,675,290,0,9.02834415435791,0
grid_6x6_nodiag,heavy,medium,baseline,404,10,12,6,6,1038,2377,1070,304,724,273,0,9.144741535186768,0
grid_6x6_nodiag,heavy,medium,baseline,303,12,12,5,7,1055,2416,1085,271,728,284,0,9.222131490707397,0
grid_6x6_nodiag,heavy,medium,p2_c120,42,12,12,6,6,1148,2613,1204,312,808,296,0,8.612102031707764,0
grid_6x6_nodiag,heavy,medium,p2_c120,101,11,12,8,4,1059,2489,1030,251,744,272,0,8.555050373077393,0
grid_6x6_nodiag,heavy,medium,p2_c120,404,10,12,7,5,1054,2417,1095,294,751,262,0,8.016098499298096,0
grid_6x6_nodiag,heavy,medium,p2_c120_mp2,202,10,12,7,5,1046,2479,994,235,728,275,0,7.693725824356079,0
grid_6x6_nodiag,heavy,medium,p2_c120,202,10,12,7,5,1044,2477,994,235,728,275,0,9.075089693069458,0
grid_6x6_nodiag,heavy,medium,p2_c120,303,12,12,7,5,1115,2530,1184,280,796,275,0,8.8047616481781,0
grid_6x6_nodiag,heavy,medium,p2_c120_mp2,101,11,12,8,4,1064,2492,1037,253,746,272,0,8.326589107513428,0
grid_6x6_nodiag,heavy,medium,p2_c120_mp2,42,12,12,7,5,1173,2683,1215,312,843,284,0,8.927677631378174,0
grid_6x6_nodiag,heavy,medium,p2_c120_mp2,404,7,12,10,2,1008,2248,1112,179,735,233,0,7.969811201095581,0
grid_6x6_nodiag,heavy,medium,p2_c120_h2,101,8,12,10,2,1069,2459,1107,155,782,246,3,7.640235424041748,0
grid_6x6_nodiag,heavy,medium,p2_c120_mp2,303,11,12,9,3,1093,2434,1200,205,796,251,0,8.614666223526001,0
grid_6x6_nodiag,heavy,medium,p2_c120_h2,404,11,12,7,5,1095,2497,1123,256,744,302,6,7.815975189208984,0
grid_6x6_nodiag,heavy,medium,p2_c120_h2,202,6,12,11,1,1053,2410,1091,167,762,248,6,8.459859609603882,0
grid_6x6_nodiag,heavy,medium,p2_c40,101,8,12,4,8,965,2281,932,256,670,258,0,7.7599217891693115,0
grid_6x6_nodiag,heavy,medium,p2_c120_h2,42,3,4,3,1,757,1751,769,74,505,224,3,8.811382293701172,0
grid_6x6_nodiag,heavy,medium,p2_c40,42,12,12,2,10,1067,2537,1011,348,746,280,0,8.44932246208191,0
grid_6x6_nodiag,heavy,medium,p2_c120_h2,303,8,8,4,4,957,2224,941,261,645,270,6,8.700401782989502,0
grid_6x6_nodiag,heavy,medium,p2_c40,303,4,12,3,9,783,1783,825,98,523,226,0,7.449843883514404,0
grid_6x6_nodiag,heavy,medium,p2_c40,202,6,12,3,9,848,2017,791,123,551,262,0,8.509631156921387,0
grid_6x6_nodiag,heavy,medium,p2_c40_penalty_off,42,11,12,8,4,1066,2478,1070,194,779,246,0,7.350347280502319,0
grid_6x6_nodiag,heavy,medium,p2_c40,404,4,12,0,12,720,1716,658,145,447,241,0,8.472083568572998,0
grid_6x6_nodiag,heavy,medium,p2_c40_penalty_off,101,9,12,8,4,1022,2376,1031,189,752,231,0,8.401335000991821,0
grid_6x6_nodiag,heavy,medium,p2_c40_penalty_off,303,8,12,7,5,991,2232,1078,179,721,231,0,8.304201602935791,0
grid_6x6_nodiag,heavy,frequent,baseline,303,10,12,8,4,1380,3054,1536,220,1059,264,0,7.094146728515625,0
grid_6x6_nodiag,heavy,medium,p2_c40_penalty_off,202,7,12,6,6,983,2259,1016,171,707,238,0,8.742781162261963,0
grid_6x6_nodiag,heavy,frequent,p2_c120,404,7,12,9,3,1441,3118,1687,202,1130,257,0,6.500521421432495,0
grid_6x6_nodiag,heavy,medium,p2_c40_penalty_off,404,7,12,6,6,871,2000,896,144,604,231,0,8.344600439071655,0
grid_6x6_nodiag,heavy,frequent,p2_c120,303,10,12,9,3,1376,3034,1546,188,1059,260,0,7.130688905715942,0
grid_6x6_nodiag,heavy,frequent,baseline,42,10,12,9,3,1442,3177,1635,160,1135,251,0,8.609571695327759,0
grid_6x6_nodiag,heavy,frequent,baseline,101,8,12,7,5,1357,3003,1517,248,1058,245,0,8.459986925125122,0
grid_6x6_nodiag,heavy,frequent,baseline,404,7,12,9,3,1441,3118,1687,202,1130,257,0,8.438248872756958,0
grid_6x6_nodiag,heavy,frequent,baseline,202,6,12,9,3,1391,3061,1590,153,1095,244,0,8.73490834236145,0
grid_6x6_nodiag,heavy,frequent,p2_c120,202,7,12,11,1,1486,3258,1718,193,1202,230,0,8.386706829071045,0
grid_6x6_nodiag,heavy,frequent,p2_c120,42,10,12,10,2,1500,3282,1728,192,1203,239,0,8.895572900772095,0
grid_6x6_nodiag,heavy,frequent,p2_c120,101,8,12,10,2,1389,3015,1617,207,1110,223,0,8.82028841972351,0
grid_6x6_nodiag,heavy,frequent,p2_c120_mp2,42,10,12,10,2,1503,3284,1731,193,1203,240,0,8.214770078659058,0
grid_6x6_nodiag,heavy,frequent,p2_c120_mp2,303,9,12,10,2,1393,3038,1597,180,1101,234,0,7.818496942520142,0
grid_6x6_nodiag,heavy,frequent,p2_c120_mp2,101,9,12,10,2,1417,3114,1599,226,1127,231,0,8.603336572647095,0
grid_6x6_nodiag,heavy,frequent,p2_c120_mp2,202,7,12,11,1,1487,3259,1718,193,1202,230,0,8.662947654724121,0
grid_6x6_nodiag,heavy,frequent,p2_c120_mp2,404,7,12,9,3,1444,3117,1691,202,1130,257,0,8.619771003723145,0
grid_6x6_nodiag,heavy,frequent,p2_c120_h2,303,9,12,9,3,1415,3123,1570,249,1072,279,6,8.054810047149658,0
grid_6x6_nodiag,heavy,frequent,p2_c120_h2,42,9,12,8,4,1430,3167,1585,184,1097,272,6,8.531070232391357,0
grid_6x6_nodiag,heavy,frequent,p2_c120_h2,404,10,12,5,7,1436,3180,1585,264,1067,306,6,8.189622402191162,0
grid_6x6_nodiag,heavy,frequent,p2_c120_h2,101,10,12,7,5,1480,3274,1637,291,1128,289,5,8.874242067337036,0
grid_6x6_nodiag,heavy,frequent,p2_c120_h2,202,9,12,10,2,1494,3190,1783,186,1191,242,6,8.867481231689453,0
grid_6x6_nodiag,heavy,frequent,p2_c40,42,7,12,1,11,1284,2884,1389,212,967,266,0,8.621955871582031,0
grid_6x6_nodiag,heavy,frequent,p2_c40,303,0,12,0,12,912,2060,960,0,638,230,0,6.87673544883728,0
grid_6x6_nodiag,heavy,frequent,p2_c40,101,1,12,0,12,967,2193,1008,34,665,257,0,8.59622573852539,0
grid_6x6_nodiag,heavy,frequent,p2_c40,202,3,12,1,11,1186,2616,1331,101,888,250,0,8.392740249633789,0
grid_6x6_nodiag,heavy,frequent,p2_c40_penalty_off,42,8,12,6,6,1417,3102,1631,209,1118,244,0,7.60744571685791,0
grid_6x6_nodiag,heavy,frequent,p2_c40_penalty_off,101,6,12,6,6,1154,2539,1284,49,862,241,0,7.583613157272339,0
grid_6x6_nodiag,heavy,frequent,p2_c40_penalty_off,202,7,12,6,6,1362,2995,1546,127,1068,240,0,7.875012397766113,0
grid_6x6_nodiag,heavy,frequent,p2_c40,404,2,12,4,8,1223,2615,1465,69,951,226,0,8.850337982177734,0
grid_6x6_nodiag,heavy,frequent,p2_c40_penalty_off,303,6,12,6,6,1155,2519,1325,69,883,222,0,8.112707614898682,0
grid_6x6_nodiag,sparse,medium,baseline,101,2,4,3,1,743,1758,739,73,505,215,0,7.5100719928741455,0
grid_6x6_nodiag,heavy,frequent,p2_c40_penalty_off,404,6,12,7,5,1369,2901,1664,152,1081,235,0,8.347296714782715,0
grid_6x6_nodiag,sparse,medium,baseline,42,4,5,5,0,847,1956,881,118,601,218,0,8.563994884490967,0
grid_6x6_nodiag,sparse,medium,baseline,202,3,5,4,1,765,1793,766,72,522,218,0,8.103789567947388,0
grid_6x6_nodiag,sparse,medium,baseline,303,5,5,4,1,784,1877,741,107,508,248,0,8.28835678100586,0
grid_6x6_nodiag,sparse,medium,baseline,404,5,5,5,0,854,1977,877,152,609,216,0,8.333501100540161,0
grid_6x6_nodiag,sparse,medium,p2_c120,42,4,5,5,0,847,1956,881,118,601,218,0,8.222063302993774,0
grid_6x6_nodiag,sparse,medium,p2_c120,404,5,5,5,0,854,1977,877,152,609,216,0,7.25807785987854,0
grid_6x6_nodiag,sparse,medium,p2_c120,101,2,4,3,1,743,1758,739,73,505,215,0,8.4742751121521,0
grid_6x6_nodiag,sparse,medium,p2_c120_mp2,42,4,5,5,0,847,1956,881,118,601,218,0,7.303614616394043,0
grid_6x6_nodiag,sparse,medium,p2_c120,303,5,5,4,1,784,1877,741,107,508,248,0,8.423229694366455,0
grid_6x6_nodiag,sparse,medium,p2_c120,202,3,5,4,1,765,1793,766,72,522,218,0,8.733255863189697,0
grid_6x6_nodiag,sparse,medium,p2_c120_mp2,101,3,4,3,1,787,1846,790,118,535,226,0,8.22750210762024,0
grid_6x6_nodiag,sparse,medium,p2_c120_mp2,303,5,5,4,1,785,1878,741,107,508,248,0,7.744920015335083,0
grid_6x6_nodiag,sparse,medium,p2_c120_h2,42,1,2,2,0,649,1582,577,36,397,228,4,8.157496213912964,0
grid_6x6_nodiag,sparse,medium,p2_c120_mp2,404,5,5,5,0,854,1977,877,152,609,216,0,8.269587516784668,0
grid_6x6_nodiag,sparse,medium,p2_c120_mp2,202,3,5,4,1,765,1793,766,72,522,218,0,8.670960664749146,0
grid_6x6_nodiag,sparse,medium,p2_c120_h2,101,5,5,4,1,957,2273,917,189,674,248,6,8.284635543823242,0
grid_6x6_nodiag,sparse,medium,p2_c120_h2,202,4,5,5,0,867,2026,863,101,604,231,6,8.643633842468262,0
grid_6x6_nodiag,sparse,medium,p2_c120_h2,404,4,4,3,1,823,1950,788,142,551,239,6,8.552783727645874,0
grid_6x6_nodiag,sparse,medium,p2_c120_h2,303,4,4,4,0,797,1841,817,74,539,227,6,8.712527751922607,0
grid_6x6_nodiag,sparse,medium,p2_c40,42,3,3,1,2,688,1609,692,98,444,222,0,7.815317869186401,0
grid_6x6_nodiag,sparse,medium,p2_c40,101,5,5,2,3,760,1809,729,110,507,227,0,7.7995195388793945,0
grid_6x6_nodiag,sparse,medium,p2_c40,202,2,5,1,4,685,1663,625,71,433,228,0,8.26993727684021,0
grid_6x6_nodiag,sparse,medium,p2_c40,303,2,5,2,3,637,1508,630,3,402,212,0,8.379203081130981,0
grid_6x6_nodiag,sparse,medium,p2_c40_penalty_off,101,5,5,2,3,760,1809,729,110,507,227,0,7.577589750289917,0
grid_6x6_nodiag,sparse,medium,p2_c40,404,3,5,2,3,724,1748,668,107,472,228,0,8.2318434715271,0
grid_6x6_nodiag,sparse,medium,p2_c40_penalty_off,42,3,3,1,2,688,1609,692,98,444,222,0,8.493926525115967,0
grid_6x6_nodiag,sparse,medium,p2_c40_penalty_off,202,2,5,1,4,687,1670,625,73,435,228,0,8.36159634590149,0
grid_6x6_nodiag,sparse,frequent,baseline,42,3,5,5,0,1077,2353,1247,72,819,216,0,7.64958119392395,0
grid_6x6_nodiag,sparse,medium,p2_c40_penalty_off,303,2,5,2,3,637,1508,630,3,402,212,0,8.672967433929443,0
grid_6x6_nodiag,sparse,frequent,baseline,101,4,5,5,0,1066,2362,1201,38,816,209,0,8.338720321655273,0
grid_6x6_nodiag,sparse,medium,p2_c40_penalty_off,404,3,5,2,3,724,1748,668,107,472,228,0,8.660638809204102,0
grid_6x6_nodiag,sparse,frequent,baseline,202,4,5,5,0,1066,2324,1233,46,805,219,0,8.388914108276367,0
grid_6x6_nodiag,sparse,frequent,p2_c120,101,4,5,5,0,1066,2362,1201,38,816,209,0,7.404241561889648,0
grid_6x6_nodiag,sparse,frequent,p2_c120_mp2,42,3,5,5,0,1077,2353,1247,72,819,216,0,6.646138906478882,0
grid_6x6_nodiag,sparse,frequent,baseline,303,3,5,5,0,968,2136,1087,3,719,209,0,8.516849517822266,0
grid_6x6_nodiag,sparse,frequent,p2_c120,202,4,5,5,0,1066,2324,1233,46,805,219,0,7.803797245025635,0
grid_6x6_nodiag,sparse,frequent,baseline,404,5,5,4,1,1087,2410,1214,79,817,227,0,8.535651445388794,0
grid_6x6_nodiag,sparse,frequent,p2_c120,303,3,5,5,0,968,2136,1087,3,719,209,0,8.185763359069824,0
grid_6x6_nodiag,sparse,frequent,p2_c120,42,3,5,5,0,1077,2353,1247,72,819,216,0,8.560001373291016,0
grid_6x6_nodiag,sparse,frequent,p2_c120,404,5,5,4,1,1087,2410,1214,79,817,227,0,8.623033285140991,0
grid_6x6_nodiag,sparse,frequent,p2_c120_mp2,101,4,5,5,0,1066,2362,1201,38,816,209,0,8.26741075515747,0
grid_6x6_nodiag,sparse,frequent,p2_c120_mp2,202,4,5,5,0,1066,2324,1233,46,805,219,0,8.412381172180176,0
grid_2x5,medium,medium,p2_c120,202,5,6,4,2,279,1009,167,48,172,78,0,2.024588108062744,0
grid_6x6_nodiag,sparse,frequent,p2_c120_mp2,404,5,5,4,1,1087,2410,1214,79,817,227,0,8.239003658294678,0
grid_2x5,medium,medium,baseline,42,4,4,3,1,232,864,110,25,147,60,0,3.102782726287842,0
grid_2x5,medium,medium,baseline,101,6,6,5,1,267,950,165,40,173,63,0,3.0785539150238037,0
grid_2x5,medium,medium,baseline,404,6,6,5,1,262,940,152,21,169,63,0,2.649960994720459,0
grid_2x5,medium,medium,p2_c120,42,4,4,3,1,232,864,110,25,147,60,0,2.5728273391723633,0
grid_6x6_nodiag,sparse,frequent,p2_c120_mp2,303,3,5,5,0,968,2136,1087,3,719,209,0,8.755871057510376,0
grid_6x6_nodiag,sparse,frequent,p2_c120_h2,101,3,4,3,1,1119,2460,1260,85,836,237,6,7.779808282852173,0
grid_2x5,medium,medium,baseline,202,5,6,4,2,279,1009,167,48,172,78,0,3.089367628097534,0
grid_6x6_nodiag,sparse,frequent,p2_c120_h2,42,4,5,5,0,1224,2633,1456,112,945,229,6,8.310438394546509,0
grid_2x5,medium,medium,baseline,303,4,6,6,0,243,837,170,29,152,62,0,3.1279451847076416,0
grid_6x6_nodiag,sparse,frequent,p2_c120_h2,404,2,5,5,0,1156,2494,1360,84,874,235,6,7.667688846588135,0
grid_2x5,medium,medium,p2_c120,101,6,6,5,1,267,950,165,40,173,63,0,3.1942341327667236,0
grid_6x6_nodiag,sparse,frequent,p2_c120_h2,303,3,5,5,0,1108,2416,1274,83,830,231,6,8.613263130187988,0
grid_6x6_nodiag,sparse,frequent,p2_c120_h2,202,5,5,5,0,1174,2571,1322,140,887,236,6,8.833401679992676,0
grid_2x5,medium,medium,p2_c120_mp2,202,5,6,4,2,281,1011,167,48,172,78,0,2.28578782081604,0
grid_2x5,medium,medium,p2_c120,404,6,6,5,1,262,940,152,21,169,63,0,2.8217885494232178,0
grid_2x5,medium,medium,p2_c120,303,4,6,6,0,243,837,170,29,152,62,0,3.21144437789917,0
grid_2x5,medium,medium,p2_c120_mp2,303,4,6,6,0,243,837,170,29,152,62,0,2.403611421585083,0
grid_6x6_nodiag,sparse,frequent,p2_c40,42,3,5,0,5,1133,2513,1279,87,855,238,0,8.352651834487915,0
grid_2x5,medium,medium,p2_c120_mp2,42,4,4,3,1,225,831,106,17,139,60,0,3.0886292457580566,0
grid_2x5,medium,medium,p2_c120_h2,42,4,4,3,1,255,927,130,25,142,82,6,2.985771656036377,0
grid_2x5,medium,medium,p2_c120_mp2,101,6,6,5,1,268,954,162,40,173,63,0,3.1143414974212646,0
grid_6x6_nodiag,sparse,frequent,p2_c40,101,2,5,1,4,996,2222,1097,68,727,230,0,8.536533117294312,0
grid_6x6_nodiag,sparse,frequent,p2_c40,303,1,5,0,5,953,2128,1047,28,693,222,0,8.273694515228271,0
grid_2x5,medium,medium,p2_c120_h2,303,4,4,2,2,291,996,213,46,173,85,6,2.98795747756958,0
grid_2x5,medium,medium,p2_c120_mp2,404,6,6,5,1,263,941,152,21,169,63,0,3.145925283432007,0
grid_2x5,medium,medium,p2_c120_h2,101,4,4,3,1,268,941,166,41,152,82,5,3.125701665878296,0
grid_2x5,medium,medium,p2_c120_h2,202,5,6,5,1,298,1061,177,39,174,89,6,3.141960859298706,0
grid_2x5,medium,medium,p2_c120_h2,404,4,4,3,1,255,894,170,25,148,78,4,2.9126713275909424,0
grid_6x6_nodiag,sparse,frequent,p2_c40,202,2,5,0,5,1025,2245,1169,65,752,234,0,8.610108852386475,0
grid_2x5,medium,medium,p2_c40,42,4,4,0,4,225,846,97,36,129,72,0,2.9009900093078613,0
grid_2x5,medium,medium,p2_c40,404,6,6,0,6,281,1042,141,66,169,83,0,2.5005667209625244,0
grid_2x5,medium,medium,p2_c40,202,5,6,0,6,268,964,168,55,162,79,0,2.986974000930786,0
grid_2x5,medium,medium,p2_c40,101,6,6,0,6,266,979,137,66,153,84,0,3.156189441680908,0
grid_6x6_nodiag,sparse,frequent,p2_c40,404,1,5,1,4,1014,2229,1151,35,759,217,0,8.463385820388794,0
grid_6x6_nodiag,sparse,frequent,p2_c40_penalty_off,42,3,5,0,5,1178,2614,1336,90,900,238,0,8.347323179244995,0
grid_6x6_nodiag,sparse,frequent,p2_c40_penalty_off,101,3,5,1,4,1033,2299,1141,105,763,230,0,8.521720170974731,0
grid_2x5,medium,medium,p2_c40,303,4,6,0,6,230,834,120,44,128,75,0,3.212148904800415,0
grid_2x5,medium,medium,p2_c40_penalty_off,42,4,4,0,4,225,846,97,36,129,72,0,3.202195405960083,0
grid_6x6_nodiag,sparse,frequent,p2_c40_penalty_off,202,2,5,0,5,1035,2253,1195,63,762,234,0,8.359757900238037,0
grid_6x6_nodiag,sparse,frequent,p2_c40_penalty_off,303,1,5,0,5,953,2128,1047,28,693,222,0,8.45957326889038,0
grid_2x5,medium,medium,p2_c40_penalty_off,303,4,6,0,6,230,834,120,44,128,75,0,2.6453583240509033,0
grid_6x6_nodiag,sparse,frequent,p2_c40_penalty_off,404,2,5,1,4,1053,2313,1198,69,792,222,0,8.744730710983276,0
grid_2x5,medium,medium,p2_c40_penalty_off,202,5,6,0,6,268,969,163,55,162,79,0,3.023425340652466,0
grid_2x5,medium,medium,p2_c40_penalty_off,101,6,6,0,6,265,964,146,66,153,83,0,3.1005239486694336,0
grid_2x5,medium,medium,p2_c40_penalty_off,404,6,6,0,6,281,1026,157,66,169,83,0,3.210991382598877,0
grid_2x5,medium,frequent,baseline,101,4,4,4,0,337,1118,270,17,233,61,0,3.056429862976074,0
grid_2x5,medium,frequent,p2_c120,202,5,6,4,2,421,1490,275,60,296,79,0,2.6926944255828857,0
grid_2x5,medium,frequent,baseline,42,5,6,4,2,366,1229,282,41,242,79,0,3.2208359241485596,0
grid_2x5,medium,frequent,p2_c120,42,5,6,4,2,366,1229,282,41,242,79,0,2.9455385208129883,0
grid_2x5,medium,frequent,baseline,202,5,6,4,2,421,1490,275,60,296,79,0,3.109678030014038,0
grid_2x5,medium,frequent,p2_c120_mp2,101,4,4,4,0,337,1118,270,17,233,61,0,2.8781814575195312,0
grid_2x5,medium,frequent,baseline,404,6,6,4,2,357,1253,213,42,231,78,0,3.1328344345092773,0
grid_2x5,medium,frequent,baseline,303,5,6,5,1,400,1375,295,32,285,69,0,3.138400077819824,0
grid_2x5,medium,frequent,p2_c120_h2,202,5,6,4,2,415,1432,282,47,266,96,6,2.3757619857788086,0
grid_2x5,medium,frequent,p2_c120,101,4,4,4,0,337,1118,270,17,233,61,0,3.13783597946167,0
grid_2x5,medium,frequent,p2_c120,404,6,6,4,2,357,1253,213,42,231,78,0,3.049793243408203,0
grid_2x5,medium,frequent,p2_c120_mp2,202,5,6,4,2,421,1490,269,58,296,77,0,3.064847469329834,0
grid_2x5,medium,frequent,p2_c120_mp2,42,5,6,4,2,368,1231,282,41,242,79,0,3.112232208251953,0
grid_2x5,medium,frequent,p2_c120,303,5,6,5,1,400,1375,295,32,285,69,0,3.1734135150909424,0
grid_2x5,medium,frequent,p2_c120_mp2,303,5,6,5,1,411,1416,301,42,295,69,0,3.086406946182251,0
grid_2x5,medium,frequent,p2_c120_mp2,404,6,6,4,2,359,1250,218,42,231,78,0,3.103182554244995,0
grid_2x5,medium,frequent,p2_c120_h2,42,6,6,5,1,393,1354,256,38,248,92,6,3.047441244125366,0
grid_2x5,medium,frequent,p2_c120_h2,101,4,4,2,2,367,1281,222,40,225,94,6,3.1533021926879883,0
grid_2x5,medium,frequent,p2_c120_h2,404,6,6,5,1,357,1189,254,33,219,84,4,3.175875425338745,0
grid_2x5,medium,frequent,p2_c120_h2,303,4,4,2,2,373,1290,242,36,226,99,6,3.254686117172241,0
grid_2x5,medium,frequent,p2_c40,42,6,6,0,6,366,1261,254,58,240,82,0,3.2196884155273438,0
grid_2x5,medium,frequent,p2_c40,101,4,4,0,4,338,1149,246,44,223,73,0,3.120070219039917,0
grid_2x5,medium,frequent,p2_c40,202,5,6,0,6,398,1409,261,55,276,79,0,2.964740037918091,0
grid_2x5,medium,frequent,p2_c40,303,4,6,0,6,373,1270,284,34,255,75,0,3.0641067028045654,0
grid_2x5,medium,frequent,p2_c40_penalty_off,101,4,4,0,4,338,1145,250,44,223,73,0,3.0326361656188965,0
grid_2x5,medium,frequent,p2_c40_penalty_off,202,5,6,0,6,398,1414,256,55,276,79,0,2.956968307495117,0
grid_2x5,medium,frequent,p2_c40,404,6,6,0,6,361,1300,192,66,231,84,0,3.232616901397705,0
grid_2x5,medium,frequent,p2_c40_penalty_off,42,6,6,0,6,366,1279,238,58,240,82,0,3.2357919216156006,0
grid_2x5,medium,frequent,p2_c40_penalty_off,303,4,6,0,6,383,1318,282,44,265,75,0,2.9090936183929443,0
grid_2x5,heavy,medium,baseline,42,8,8,8,0,268,981,130,24,172,63,0,2.8582842350006104,0
grid_2x5,heavy,medium,p2_c120,101,11,12,9,3,354,1271,194,81,213,97,0,2.583775281906128,0
grid_2x5,medium,frequent,p2_c40_penalty_off,404,6,6,0,6,360,1293,194,66,231,83,0,3.0022170543670654,0
grid_2x5,heavy,medium,baseline,303,11,12,6,6,352,1243,211,92,218,91,0,2.7476212978363037,0
grid_2x5,heavy,medium,baseline,101,11,12,7,5,335,1210,170,75,183,109,0,2.894228458404541,0
grid_2x5,heavy,medium,p2_c120,202,11,12,8,4,364,1268,242,77,228,93,0,2.644124746322632,0
grid_2x5,heavy,medium,baseline,202,11,12,4,8,341,1206,197,80,178,121,0,2.8344621658325195,0
grid_2x5,heavy,medium,baseline,404,10,12,4,8,335,1194,189,92,199,94,0,2.948054790496826,0
grid_2x5,heavy,medium,p2_c120,303,11,12,9,3,346,1222,207,68,218,85,0,2.9782540798187256,0
grid_2x5,heavy,medium,p2_c120,42,8,8,8,0,268,981,130,24,172,63,0,3.1802029609680176,0
grid_2x5,heavy,medium,p2_c120_mp2,42,8,8,8,0,268,981,130,24,172,63,0,2.9791488647460938,0
grid_2x5,heavy,medium,p2_c120,404,10,12,8,4,335,1176,207,71,219,73,0,3.112243413925171,0
grid_2x5,heavy,medium,p2_c120_mp2,101,11,12,9,3,357,1270,198,81,223,87,0,3.0984368324279785,0
grid_2x5,heavy,medium,p2_c120_mp2,303,11,12,10,2,370,1318,213,85,248,76,0,2.8365554809570312,0
grid_2x5,heavy,medium,p2_c120_mp2,202,12,12,8,4,413,1470,239,117,248,115,0,3.1024670600891113,0
grid_2x5,heavy,medium,p2_c120_mp2,404,10,12,7,5,365,1272,223,101,225,90,0,3.200273036956787,0
grid_2x5,heavy,medium,p2_c120_h2,42,7,8,6,2,299,1072,154,56,169,92,4,3.1696839332580566,0
grid_2x5,heavy,medium,p2_c120_h2,101,7,8,6,2,298,1043,170,43,162,94,6,2.9314041137695312,0
grid_2x5,heavy,medium,p2_c120_h2,202,11,12,10,2,369,1286,229,58,228,93,6,2.948054075241089,0
grid_2x5,heavy,medium,p2_c120_h2,303,7,8,7,1,310,1075,199,38,183,87,6,3.20231032371521,0
grid_2x5,heavy,medium,p2_c120_h2,404,7,8,5,3,297,1053,168,64,173,86,4,3.178187847137451,0
grid_2x5,heavy,medium,p2_c40,42,8,8,0,8,280,1038,127,78,162,86,0,3.1022956371307373,0
grid_2x5,heavy,medium,p2_c40,101,10,12,0,12,328,1187,172,106,189,100,0,3.001471757888794,0
grid_2x5,heavy,medium,p2_c40_penalty_off,404,10,12,6,6,350,1257,199,91,217,92,0,2.563673734664917,0
grid_2x5,heavy,medium,p2_c40_penalty_off,42,8,8,4,4,279,1027,131,51,172,74,0,2.866178274154663,0
grid_2x5,heavy,medium,p2_c40,202,10,12,0,12,365,1322,211,110,227,99,0,3.1469955444335938,0
grid_2x5,heavy,medium,p2_c40_penalty_off,303,9,12,6,6,368,1304,224,110,235,89,0,2.8280081748962402,0
grid_2x5,heavy,frequent,baseline,101,7,8,3,5,390,1348,253,74,249,90,0,2.7849059104919434,0
grid_2x5,heavy,medium,p2_c40,303,8,12,0,12,296,1043,171,72,165,93,0,3.204801321029663,0
grid_2x5,heavy,medium,p2_c40,404,11,12,0,12,357,1313,178,121,213,104,0,3.2114076614379883,0
grid_2x5,heavy,medium,p2_c40_penalty_off,202,10,12,6,6,340,1200,221,50,227,74,0,3.0201046466827393,0
grid_2x5,heavy,medium,p2_c40_penalty_off,101,10,12,6,6,358,1278,210,101,233,82,0,3.0937089920043945,0
grid_2x5,heavy,frequent,baseline,202,11,12,9,3,464,1619,301,59,324,82,0,2.9995486736297607,0
grid_2x5,heavy,frequent,baseline,42,10,12,7,5,464,1596,326,91,305,101,0,3.1196208000183105,0
grid_2x5,heavy,frequent,baseline,404,10,12,10,2,406,1425,228,38,281,67,0,2.977391004562378,0
grid_2x5,heavy,frequent,baseline,303,11,12,4,8,502,1760,327,102,337,106,0,3.189300537109375,0
grid_2x5,heavy,frequent,p2_c120_mp2,42,10,12,9,3,461,1554,335,78,307,92,0,2.723007917404175,0
grid_2x5,heavy,frequent,p2_c120,42,10,12,9,3,458,1555,331,78,307,92,0,2.9483604431152344,0
grid_2x5,heavy,frequent,p2_c120,202,11,12,11,1,455,1566,315,45,324,74,0,2.904866933822632,0
grid_2x5,heavy,frequent,p2_c120_mp2,101,7,8,6,2,415,1418,286,76,279,81,0,2.7198545932769775,0
grid_2x5,heavy,frequent,p2_c120,101,7,8,6,2,397,1351,281,60,269,76,0,3.20766019821167,0
grid_2x5,heavy,frequent,p2_c120,404,10,12,11,1,412,1453,230,36,291,63,0,3.1242640018463135,0
grid_2x5,heavy,frequent,p2_c120,303,11,12,8,4,511,1769,357,88,367,84,0,3.2941088676452637,0
grid_2x5,heavy,frequent,p2_c120_mp2,202,11,12,10,2,471,1635,310,64,324,87,0,3.129810333251953,0
grid_2x5,heavy,frequent,p2_c120_mp2,303,11,12,8,4,515,1783,347,88,367,84,0,3.246492385864258,0
grid_2x5,heavy,frequent,p2_c120_mp2,404,10,12,11,1,418,1481,226,41,291,68,0,3.1205039024353027,0
grid_2x5,heavy,frequent,p2_c120_h2,42,11,12,9,3,468,1606,300,68,306,97,6,3.1782219409942627,0
grid_2x5,heavy,frequent,p2_c120_h2,303,6,8,7,1,415,1433,267,37,272,89,6,2.8587605953216553,0
grid_2x5,heavy,frequent,p2_c120_h2,101,8,8,5,3,433,1497,279,71,293,83,6,3.2060282230377197,0
grid_2x5,heavy,frequent,p2_c120_h2,202,10,12,10,2,486,1669,320,70,324,96,6,3.234844207763672,0
grid_2x5,heavy,frequent,p2_c40,42,11,12,0,12,456,1597,294,121,300,101,0,2.830735206604004,0
grid_2x5,heavy,frequent,p2_c120_h2,404,10,12,9,3,475,1626,298,105,290,114,6,3.1824076175689697,0
grid_2x5,heavy,frequent,p2_c40_penalty_off,303,8,12,6,6,446,1520,330,49,317,75,0,2.6149868965148926,0
grid_2x5,heavy,frequent,p2_c40,101,7,8,0,8,385,1316,267,77,253,83,0,3.1694021224975586,0
grid_2x5,heavy,frequent,p2_c40,404,9,12,0,12,414,1473,228,91,263,96,0,2.938786268234253,0
grid_2x5,heavy,frequent,p2_c40,303,7,12,0,12,440,1526,303,77,297,91,0,2.9988861083984375,0
grid_2x5,sparse,medium,baseline,202,4,4,3,1,255,898,177,34,159,70,0,2.5200939178466797,0
grid_2x5,heavy,frequent,p2_c40,202,11,12,0,12,464,1661,264,107,308,101,0,3.1721088886260986,0
grid_2x5,sparse,medium,baseline,303,5,5,5,0,249,907,135,16,162,59,0,2.5309128761291504,0
grid_2x5,sparse,medium,p2_c120,42,3,3,2,1,210,786,93,24,114,73,0,2.634970188140869,0
grid_2x5,heavy,frequent,p2_c40_penalty_off,404,10,12,6,6,427,1484,271,67,292,78,0,2.9754974842071533,0
grid_2x5,heavy,frequent,p2_c40_penalty_off,101,7,8,4,4,397,1355,273,64,263,82,0,3.1660687923431396,0
grid_2x5,heavy,frequent,p2_c40_penalty_off,42,10,12,6,6,449,1556,296,82,308,84,0,3.213001012802124,0
grid_2x5,sparse,medium,baseline,42,3,3,2,1,210,786,93,24,114,73,0,3.067830801010132,0
grid_2x5,heavy,frequent,p2_c40_penalty_off,202,11,12,6,6,473,1643,320,67,330,86,0,3.3398237228393555,0
grid_2x5,sparse,medium,baseline,101,5,5,5,0,272,955,189,29,182,60,0,3.085542917251587,0
grid_2x5,sparse,medium,baseline,404,5,5,4,1,276,1025,141,37,175,72,0,3.036858558654785,0
grid_2x5,sparse,medium,p2_c120,101,5,5,5,0,272,955,189,29,182,60,0,2.9925167560577393,0
grid_2x5,sparse,medium,p2_c120,303,5,5,5,0,249,907,135,16,162,59,0,3.008899211883545,0
grid_2x5,sparse,medium,p2_c120,404,5,5,4,1,276,1025,141,37,175,72,0,2.887010335922241,0
grid_2x5,sparse,medium,p2_c120,202,4,4,3,1,255,898,177,34,159,70,0,3.137371063232422,0
grid_2x5,sparse,medium,p2_c120_mp2,42,3,3,2,1,211,787,93,24,114,73,0,3.0107226371765137,0
grid_2x5,sparse,medium,p2_c120_mp2,202,4,4,3,1,256,899,177,34,159,70,0,2.9615986347198486,0
grid_2x5,sparse,medium,p2_c120_mp2,101,5,5,5,0,272,955,189,29,182,60,0,3.043844699859619,0
grid_2x5,sparse,medium,p2_c120_mp2,303,5,5,5,0,249,907,135,16,162,59,0,2.912339687347412,0
grid_2x5,sparse,medium,p2_c120_mp2,404,5,5,4,1,277,1026,141,37,175,72,0,2.868025541305542,0
grid_2x5,sparse,medium,p2_c120_h2,202,4,4,4,0,263,924,164,26,159,72,6,2.8757834434509277,0
grid_2x5,sparse,medium,p2_c120_h2,42,3,3,2,1,234,865,102,24,118,87,5,3.106602907180786,0
grid_2x5,sparse,medium,p2_c40,303,3,5,0,5,226,821,124,33,126,75,0,2.56392240524292,0
grid_2x5,sparse,medium,p2_c40,42,3,3,0,3,221,817,118,33,129,70,0,2.721940755844116,0
grid_2x5,sparse,medium,p2_c120_h2,101,3,3,3,0,244,874,133,14,133,80,6,3.127446174621582,0
grid_2x5,sparse,medium,p2_c120_h2,303,3,3,2,1,262,939,148,37,137,95,5,3.1742169857025146,0
grid_2x5,sparse,medium,p2_c120_h2,404,2,2,2,0,240,840,165,29,138,76,4,3.04921293258667,0
grid_2x5,sparse,medium,p2_c40_penalty_off,42,3,3,0,3,221,817,118,33,129,70,0,2.7886545658111572,0
grid_2x5,sparse,medium,p2_c40,101,5,5,0,5,251,912,144,55,143,81,0,3.040911912918091,0
grid_2x5,sparse,medium,p2_c40,404,5,5,0,5,273,980,173,55,165,81,0,3.0255491733551025,0
grid_2x5,sparse,medium,p2_c40,202,4,4,0,4,240,864,150,34,142,74,0,3.161736249923706,0
grid_2x5,sparse,medium,p2_c40_penalty_off,202,4,4,0,4,232,827,149,26,134,74,0,3.0859599113464355,0
grid_2x5,sparse,medium,p2_c40_penalty_off,404,5,5,0,5,273,1000,153,55,165,81,0,3.03344988822937,0
grid_2x5,sparse,medium,p2_c40_penalty_off,303,3,5,0,5,226,820,125,33,126,75,0,3.076303720474243,0
grid_2x5,sparse,frequent,baseline,42,3,3,2,1,331,1114,262,26,227,65,0,2.9901561737060547,0
grid_2x5,sparse,medium,p2_c40_penalty_off,101,5,5,0,5,251,916,140,55,143,81,0,3.1836540699005127,0
grid_2x5,sparse,frequent,baseline,101,4,4,4,0,361,1198,303,20,255,64,0,3.07542085647583,0
grid_2x5,sparse,frequent,baseline,303,5,5,4,1,363,1243,263,28,253,66,0,2.9831972122192383,0
grid_2x5,sparse,frequent,baseline,202,5,5,4,1,379,1301,273,45,256,77,0,3.1555371284484863,0
grid_2x5,sparse,frequent,p2_c120,42,3,3,2,1,331,1114,262,26,227,65,0,2.7127087116241455,0
grid_2x5,sparse,frequent,baseline,404,5,5,4,1,355,1210,256,37,247,62,0,2.930880308151245,0
grid_2x5,sparse,frequent,p2_c120,202,5,5,4,1,379,1301,273,45,256,77,0,2.8837122917175293,0
grid_2x5,sparse,frequent,p2_c120,101,4,4,4,0,361,1198,303,20,255,64,0,3.1134843826293945,0
grid_2x5,sparse,frequent,p2_c120,303,5,5,4,1,363,1243,263,28,253,66,0,3.140450954437256,0
grid_2x5,sparse,frequent,p2_c120_mp2,42,3,3,2,1,332,1115,262,26,227,65,0,2.7706546783447266,0
grid_2x5,sparse,frequent,p2_c120,404,5,5,4,1,355,1210,256,37,247,62,0,3.0887484550476074,0
grid_2x5,sparse,frequent,p2_c120_mp2,101,4,4,4,0,361,1198,303,20,255,64,0,3.1291213035583496,0
grid_2x5,sparse,frequent,p2_c120_h2,42,4,4,3,1,348,1183,237,27,220,80,6,2.7697367668151855,0
grid_2x5,sparse,frequent,p2_c120_mp2,202,5,5,4,1,380,1302,273,45,256,77,0,3.2121493816375732,0
grid_2x5,sparse,frequent,p2_c40,42,3,4,0,4,307,1032,229,19,194,73,0,2.7059929370880127,0
grid_2x5,sparse,frequent,p2_c120_h2,404,5,5,5,0,350,1157,266,5,224,76,6,2.8190996646881104,0
grid_2x5,sparse,frequent,p2_c120_mp2,404,5,5,4,1,356,1211,256,37,247,62,0,3.185540199279785,0
grid_2x5,sparse,frequent,p2_c120_mp2,303,5,5,4,1,364,1244,263,28,253,66,0,3.2320942878723145,0
grid_2x5,sparse,frequent,p2_c120_h2,101,3,3,3,0,320,1074,229,9,197,79,6,3.1561896800994873,0
grid_2x5,sparse,frequent,p2_c120_h2,202,5,5,4,1,396,1356,275,44,263,82,6,3.1515355110168457,0
grid_2x5,sparse,frequent,p2_c40_penalty_off,202,4,5,0,5,335,1146,242,28,216,78,0,2.5049102306365967,0
grid_2x5,sparse,frequent,p2_c120_h2,303,3,3,2,1,371,1261,273,24,242,84,5,3.2096359729766846,0
grid_2x5,sparse,frequent,p2_c40,202,4,5,0,5,342,1198,224,44,223,78,0,3.0056326389312744,0
grid_2x5,sparse,frequent,p2_c40,101,5,5,0,5,345,1146,279,35,221,81,0,3.0887646675109863,0
grid_2x5,sparse,frequent,p2_c40_penalty_off,42,3,4,0,4,311,1054,227,23,198,73,0,2.7664761543273926,0
grid_2x5,sparse,frequent,p2_c40,404,4,5,0,5,344,1228,198,34,221,80,0,2.799215078353882,0
grid_2x5,sparse,frequent,p2_c40,303,1,5,0,5,326,1082,270,5,214,72,0,3.245767831802368,0
grid_2x5,sparse,frequent,p2_c40_penalty_off,101,5,5,0,5,328,1105,242,25,204,81,0,3.0468850135803223,0
grid_2x5,sparse,frequent,p2_c40_penalty_off,303,2,5,0,5,339,1131,277,16,224,74,0,3.1483380794525146,0
grid_2x5,sparse,frequent,p2_c40_penalty_off,404,4,5,0,5,315,1085,205,24,193,79,0,3.0535945892333984,0
grid_3x7,medium,medium,baseline,42,6,6,5,1,567,2156,816,60,402,134,0,5.488690614700317,0
grid_3x7,medium,medium,baseline,202,6,6,6,0,567,2080,909,51,411,124,0,5.397960186004639,0
grid_3x7,medium,medium,baseline,303,4,4,4,0,439,1618,676,4,291,123,0,5.446333885192871,0
grid_3x7,medium,medium,baseline,101,6,6,4,2,546,2097,770,92,384,132,0,5.501711845397949,0
grid_3x7,medium,medium,baseline,404,6,6,4,2,606,2210,986,107,425,150,0,5.47943902015686,0
grid_3x7,medium,medium,p2_c120,42,6,6,5,1,567,2156,816,60,402,134,0,5.285632610321045,0
grid_3x7,medium,medium,p2_c120_mp2,404,6,6,4,2,601,2186,978,101,416,153,0,4.074042081832886,0
grid_3x7,medium,medium,p2_c120,202,6,6,6,0,567,2080,909,51,411,124,0,5.354712247848511,0
grid_3x7,medium,medium,p2_c120_mp2,303,4,4,4,0,439,1618,676,4,291,123,0,4.247278928756714,0
grid_3x7,medium,medium,p2_c120,101,6,6,4,2,546,2097,770,92,384,132,0,5.491311073303223,0
grid_3x7,medium,medium,p2_c120,303,4,4,4,0,439,1618,676,4,291,123,0,5.458202838897705,0
grid_3x7,medium,medium,p2_c120,404,6,6,4,2,606,2210,986,107,425,150,0,5.475719213485718,0
grid_3x7,medium,medium,p2_c120_mp2,101,6,6,4,2,548,2101,768,92,384,132,0,5.162541151046753,0
grid_3x7,medium,medium,p2_c120_mp2,42,6,6,5,1,568,2154,819,60,402,134,0,5.347968578338623,0
grid_3x7,medium,medium,p2_c40_penalty_off,101,2,6,0,6,418,1627,545,44,258,136,0,4.321911811828613,0
grid_3x7,medium,medium,p2_c120_h2,101,6,6,5,1,536,1979,781,47,356,145,6,5.122393369674683,0
grid_3x7,medium,medium,p2_c40,404,3,6,1,5,476,1705,791,45,320,131,0,4.646966218948364,0
grid_3x7,medium,medium,p2_c120_mp2,202,6,6,6,0,567,2080,909,51,411,124,0,5.54622483253479,0
grid_3x7,medium,medium,p2_c120_h2,42,6,6,6,0,570,2035,909,37,397,137,6,5.500917673110962,0
grid_3x7,medium,medium,p2_c40,202,6,6,2,4,593,2224,913,141,411,150,0,5.085908889770508,0
grid_3x7,medium,medium,p2_c40,101,2,6,0,6,416,1604,561,42,256,136,0,5.189574480056763,0
grid_3x7,medium,medium,p2_c120_h2,202,6,6,5,1,542,2002,800,49,357,151,5,5.4450414180755615,0
grid_3x7,medium,medium,p2_c120_h2,404,6,6,6,0,533,1935,825,6,365,133,6,5.484575510025024,0
grid_3x7,medium,medium,p2_c40,303,2,4,0,4,403,1498,596,42,247,133,0,5.413758754730225,0
grid_3x7,medium,medium,p2_c120_h2,303,6,6,5,1,577,2060,926,74,392,148,6,5.635583877563477,0
grid_3x7,medium,medium,p2_c40,42,5,6,0,6,518,1966,738,89,339,151,0,5.599331378936768,0
grid_3x7,medium,medium,p2_c40_penalty_off,42,5,6,0,6,520,1982,720,89,339,153,0,5.62929630279541,0
grid_3x7,medium,medium,p2_c40_penalty_off,202,6,6,0,6,556,2131,796,132,369,157,0,5.564547061920166,0
grid_3x7,medium,medium,p2_c40_penalty_off,303,2,4,0,4,403,1490,601,42,247,133,0,4.99984884262085,0
grid_3x7,medium,frequent,baseline,101,6,6,6,0,709,2493,1190,31,538,125,0,5.082151412963867,0
grid_3x7,medium,medium,p2_c40_penalty_off,404,2,6,0,6,455,1636,750,44,299,132,0,5.268473386764526,0
grid_3x7,medium,frequent,baseline,42,5,6,5,1,765,2668,1314,50,594,124,0,5.587147951126099,0
grid_3x7,medium,frequent,baseline,303,6,6,6,0,759,2684,1269,51,584,125,0,5.447741746902466,0
grid_3x7,medium,frequent,baseline,202,6,6,5,1,748,2687,1224,71,569,131,0,5.467309474945068,0
grid_3x7,medium,frequent,baseline,404,6,6,6,0,749,2597,1304,36,573,130,0,5.340029239654541,0
grid_3x7,medium,frequent,p2_c120,303,6,6,6,0,759,2684,1269,51,584,125,0,5.030503034591675,0
grid_3x7,medium,frequent,p2_c120,42,5,6,5,1,765,2668,1314,50,594,124,0,5.470779180526733,0
grid_3x7,medium,frequent,p2_c120,101,6,6,6,0,709,2493,1190,31,538,125,0,5.669767618179321,0
grid_3x7,medium,frequent,p2_c120,404,6,6,6,0,749,2597,1304,36,573,130,0,5.292395114898682,0
grid_3x7,medium,frequent,p2_c120,202,6,6,5,1,748,2687,1224,71,569,131,0,5.672123908996582,0
grid_3x7,medium,frequent,p2_c120_mp2,42,5,6,5,1,766,2666,1317,50,594,124,0,5.449163436889648,0
grid_3x7,medium,frequent,p2_c120_h2,303,6,6,6,0,773,2670,1312,28,578,141,6,4.774456739425659,0
grid_3x7,medium,frequent,p2_c120_mp2,101,6,6,6,0,709,2493,1190,31,538,125,0,5.489989995956421,0
grid_3x7,medium,frequent,p2_c120_mp2,404,6,6,6,0,749,2597,1304,36,573,130,0,5.247376441955566,0
grid_3x7,medium,frequent,p2_c120_h2,202,6,6,4,2,817,2942,1279,117,602,159,6,5.106997966766357,0
grid_3x7,medium,frequent,p2_c40,101,2,6,0,6,610,2158,989,44,433,136,0,4.802693128585815,0
grid_3x7,medium,frequent,p2_c120_mp2,202,6,6,5,1,749,2672,1240,71,569,131,0,5.555223703384399,0
grid_3x7,medium,frequent,p2_c120_mp2,303,6,6,6,0,759,2684,1269,51,584,125,0,5.524846076965332,0
grid_3x7,medium,frequent,p2_c120_h2,101,6,6,6,0,820,2878,1369,28,625,139,6,5.356188535690308,0
grid_3x7,medium,frequent,p2_c120_h2,42,6,6,5,1,807,2795,1376,40,603,151,6,5.546645402908325,0
grid_3x7,medium,frequent,p2_c120_h2,404,6,6,6,0,746,2535,1315,6,564,128,6,5.512206792831421,0
grid_3x7,medium,frequent,p2_c40,42,5,6,0,6,726,2579,1186,89,531,150,0,5.452328443527222,0
grid_3x7,medium,frequent,p2_c40,202,6,6,0,6,730,2668,1144,132,527,157,0,5.447120428085327,0
grid_3x7,medium,frequent,p2_c40,303,2,6,0,6,640,2314,998,44,458,138,0,5.370174169540405,0
grid_3x7,medium,frequent,p2_c40,404,2,6,0,6,641,2188,1134,44,468,132,0,5.284298896789551,0
grid_3x7,medium,frequent,p2_c40_penalty_off,42,6,6,0,6,731,2632,1159,90,531,154,0,5.1830902099609375,0
grid_3x7,medium,frequent,p2_c40_penalty_off,404,2,6,0,6,641,2195,1124,44,468,132,0,4.591283798217773,0
grid_3x7,medium,frequent,p2_c40_penalty_off,202,6,6,0,6,730,2682,1128,132,527,157,0,5.450690507888794,0
grid_3x7,medium,frequent,p2_c40_penalty_off,101,2,6,0,6,610,2158,989,44,433,136,0,5.676413536071777,0
grid_3x7,heavy,medium,baseline,202,11,12,5,7,682,2477,1060,140,455,183,0,4.704268932342529,0
grid_3x7,heavy,medium,baseline,42,11,12,6,6,708,2648,1033,175,503,161,0,4.941640377044678,0
grid_3x7,medium,frequent,p2_c40_penalty_off,303,2,6,0,6,640,2309,1000,44,458,138,0,5.537771940231323,0
grid_3x7,heavy,medium,baseline,101,9,12,8,4,612,2313,843,106,405,167,0,5.280995607376099,0
grid_3x7,heavy,medium,baseline,404,7,8,8,0,524,1842,891,30,370,122,0,4.932164669036865,0
grid_3x7,heavy,medium,baseline,303,11,12,7,5,598,2255,796,89,374,182,0,5.09415864944458,0
grid_3x7,heavy,medium,p2_c120,42,11,12,8,4,704,2633,1027,140,503,156,0,5.515131711959839,0
grid_3x7,heavy,medium,p2_c120,101,10,12,10,2,648,2427,931,104,447,160,0,5.463821887969971,0
grid_3x7,heavy,medium,p2_c120,404,7,8,8,0,524,1842,891,30,370,122,0,5.096155166625977,0
grid_3x7,heavy,medium,p2_c120,202,12,12,8,4,752,2730,1199,157,539,167,0,5.578542947769165,0
grid_3x7,heavy,medium,p2_c120,303,11,12,10,2,656,2412,978,98,458,155,0,5.437699317932129,0
grid_3x7,heavy,medium,p2_c120_h2,404,10,12,10,2,724,2576,1164,111,517,158,6,4.496906042098999,0
grid_3x7,heavy,medium,p2_c40,42,8,12,1,11,657,2492,931,184,447,173,0,4.604003429412842,0
grid_3x7,heavy,medium,p2_c120_mp2,101,10,12,10,2,650,2425,935,104,447,160,0,5.445013761520386,0
grid_3x7,heavy,medium,p2_c120_mp2,303,11,12,10,2,636,2360,915,76,437,155,0,5.421779632568359,0
grid_3x7,heavy,medium,p2_c120_mp2,42,11,12,8,4,733,2711,1091,165,533,151,0,5.611612558364868,0
grid_3x7,heavy,medium,p2_c120_h2,42,10,12,7,5,743,2748,1060,165,500,193,6,5.328616619110107,0
grid_3x7,heavy,medium,p2_c120_mp2,202,12,12,9,3,726,2633,1146,114,518,160,0,5.542323350906372,0
grid_3x7,heavy,medium,p2_c120_h2,101,10,12,11,1,612,2265,876,38,421,146,6,5.34958553314209,0
grid_3x7,heavy,medium,p2_c120_mp2,404,7,8,8,0,524,1842,891,30,370,122,0,5.478959321975708,0
grid_3x7,heavy,medium,p2_c120_h2,202,12,12,8,4,716,2673,1034,162,479,187,6,5.296665906906128,0
grid_3x7,heavy,medium,p2_c40,303,7,11,0,11,571,2168,795,152,371,165,0,4.6517298221588135,0
grid_3x7,heavy,medium,p2_c120_h2,303,8,8,7,1,607,2238,891,82,412,153,6,5.637230157852173,0
grid_3x7,heavy,medium,p2_c40,101,4,12,1,11,474,1803,641,67,300,142,0,5.452191114425659,0
grid_3x7,heavy,medium,p2_c40,202,12,12,3,9,715,2674,1066,201,502,171,0,5.320137977600098,0
grid_3x7,heavy,medium,p2_c40,404,7,11,1,10,615,2256,954,155,424,155,0,5.13862156867981,0
grid_3x7,heavy,medium,p2_c40_penalty_off,404,7,11,5,6,598,2161,967,92,424,138,0,4.848067283630371,0
grid_3x7,heavy,medium,p2_c40_penalty_off,42,10,12,6,6,691,2588,1015,132,489,162,0,5.326893329620361,0
grid_3x7,heavy,medium,p2_c40_penalty_off,202,11,12,6,6,676,2465,1076,116,481,154,0,5.260728359222412,0
grid_3x7,heavy,medium,p2_c40_penalty_off,101,10,12,6,6,679,2586,939,167,466,171,0,5.591686010360718,0
grid_3x7,heavy,medium,p2_c40_penalty_off,303,9,11,5,6,676,2513,1006,169,478,158,0,5.595118522644043,0
grid_3x7,heavy,frequent,p2_c120,101,11,12,10,2,874,3070,1453,121,680,134,0,4.32170295715332,0
grid_3x7,heavy,frequent,baseline,101,10,12,7,5,865,3076,1396,160,659,147,0,5.466842889785767,0
grid_3x7,heavy,frequent,baseline,42,11,12,4,8,937,3356,1488,202,699,177,0,5.68410062789917,0
grid_3x7,heavy,frequent,baseline,202,10,12,4,8,819,2991,1229,174,576,184,0,5.4879655838012695,0
grid_3x7,heavy,frequent,p2_c120_mp2,42,11,12,7,5,954,3329,1573,168,720,166,0,4.386004209518433,0
grid_3x7,heavy,frequent,baseline,303,11,12,6,6,920,3331,1447,181,702,157,0,5.424092054367065,0
grid_3x7,heavy,frequent,baseline,404,11,12,7,5,881,3079,1486,160,679,145,0,5.502987623214722,0
grid_3x7,heavy,frequent,p2_c120,42,11,12,7,5,949,3324,1573,168,720,166,0,5.556128025054932,0
grid_3x7,heavy,frequent,p2_c120,202,11,12,7,5,885,3236,1330,192,639,184,0,5.455416917800903,0
grid_3x7,heavy,frequent,p2_c120_h2,404,9,12,10,2,862,2941,1501,95,659,138,6,4.435711145401001,0
grid_3x7,heavy,frequent,p2_c120,303,11,12,10,2,922,3267,1522,122,722,138,0,5.510848522186279,0
grid_3x7,heavy,frequent,p2_c120_mp2,303,11,12,8,4,955,3465,1469,178,721,167,0,5.157846212387085,0
grid_3x7,heavy,frequent,p2_c120_h2,202,9,12,9,3,898,3187,1446,141,659,173,6,5.005879163742065,0
grid_3x7,heavy,frequent,p2_c120_mp2,404,11,12,10,2,913,3097,1631,141,720,132,0,5.302736759185791,0
grid_3x7,heavy,frequent,p2_c120_mp2,202,11,12,8,4,894,3206,1404,184,660,168,0,5.374961614608765,0
grid_3x7,heavy,frequent,p2_c120,404,11,12,10,2,916,3134,1610,149,717,140,0,5.6209235191345215,0
grid_3x7,heavy,frequent,p2_c120_mp2,101,11,12,10,2,848,2936,1427,91,635,152,0,5.507501840591431,0
grid_3x7,heavy,frequent,p2_c120_h2,42,10,12,11,1,987,3454,1671,75,771,152,6,5.400489568710327,0
grid_3x7,heavy,frequent,p2_c120_h2,101,11,12,10,2,992,3501,1621,114,733,190,6,5.583465814590454,0
grid_3x7,heavy,frequent,p2_c120_h2,303,12,12,9,3,963,3334,1608,167,710,184,6,5.5425941944122314,0
grid_3x7,heavy,frequent,p2_c40,42,10,12,1,11,862,3165,1295,199,632,174,0,5.547734498977661,0
grid_3x7,heavy,frequent,p2_c40,101,4,12,0,12,677,2431,1047,88,475,153,0,5.671048879623413,0
grid_3x7,heavy,frequent,p2_c40,303,5,12,0,12,755,2737,1160,110,544,158,0,5.084907293319702,0
grid_3x7,heavy,frequent,p2_c40_penalty_off,42,10,12,6,6,895,3139,1493,138,690,146,0,4.919797420501709,0
grid_3x7,heavy,frequent,p2_c40,202,11,12,3,9,802,2929,1223,156,582,163,0,5.543704271316528,0
grid_3x7,heavy,frequent,p2_c40,404,5,12,0,12,722,2467,1239,110,521,152,0,5.6352739334106445,0
grid_3x7,heavy,frequent,p2_c40_penalty_off,101,7,12,6,6,794,2806,1297,101,601,138,0,5.434587240219116,0
grid_3x7,heavy,frequent,p2_c40_penalty_off,202,10,12,6,6,874,3183,1362,166,652,161,0,5.512034893035889,0
grid_3x7,heavy,frequent,p2_c40_penalty_off,303,9,12,6,6,889,3201,1399,135,668,161,0,5.679113864898682,0
grid_3x7,heavy,frequent,p2_c40_penalty_off,404,6,12,6,6,766,2576,1368,71,584,130,0,5.550153732299805,0
grid_3x7,sparse,medium,p2_c120_h2,42,5,5,4,1,587,2157,878,65,390,160,6,4.030709266662598,0
grid_3x7,sparse,medium,baseline,101,5,5,5,0,489,1846,723,5,341,122,0,5.527547121047974,0
grid_3x7,sparse,medium,baseline,42,5,5,5,0,524,1950,809,34,369,128,0,5.5871171951293945,0
grid_3x7,sparse,medium,baseline,202,5,5,5,0,543,1993,863,59,380,132,0,5.2973339557647705,0
grid_3x7,sparse,medium,p2_c120,42,5,5,5,0,524,1950,809,34,369,128,0,4.968422174453735,0
grid_3x7,sparse,medium,p2_c120,202,5,5,5,0,543,1993,863,59,380,132,0,4.94321870803833,0
grid_3x7,sparse,medium,baseline,404,3,4,4,0,492,1758,840,32,339,129,0,5.203423261642456,0
grid_3x7,sparse,medium,baseline,303,4,5,5,0,502,1806,834,4,351,123,0,5.412923336029053,0
grid_3x7,sparse,medium,p2_c120_h2,202,4,4,4,0,499,1908,687,26,321,147,6,4.455842018127441,0
grid_3x7,sparse,medium,p2_c120,101,5,5,5,0,489,1846,723,5,341,122,0,5.408966779708862,0
grid_3x7,sparse,medium,p2_c120,404,3,4,4,0,492,1758,840,32,339,129,0,5.2959983348846436,0
grid_3x7,sparse,medium,p2_c120,303,4,5,5,0,502,1806,834,4,351,123,0,5.392373323440552,0
grid_3x7,sparse,medium,p2_c120_mp2,42,5,5,5,0,524,1950,809,34,369,128,0,5.423484563827515,0
grid_3x7,sparse,medium,p2_c120_mp2,202,5,5,5,0,543,1993,863,59,380,132,0,5.482435703277588,0
grid_3x7,sparse,medium,p2_c120_mp2,303,4,5,5,0,502,1806,834,4,351,123,0,5.4547646045684814,0
grid_3x7,sparse,medium,p2_c120_mp2,101,5,5,5,0,489,1846,723,5,341,122,0,5.562090158462524,0
grid_3x7,sparse,medium,p2_c120_mp2,404,3,4,4,0,492,1758,840,32,339,129,0,5.477205753326416,0
grid_3x7,sparse,medium,p2_c120_h2,101,5,5,5,0,523,1916,784,27,347,140,6,5.302770137786865,0
grid_3x7,sparse,medium,p2_c120_h2,303,5,5,5,0,575,2035,945,71,395,142,6,5.299303293228149,0
grid_3x7,sparse,medium,p2_c120_h2,404,4,5,4,1,548,1984,861,70,373,140,6,5.08945107460022,0
grid_3x7,sparse,medium,p2_c40,42,5,5,0,5,511,1987,693,110,332,152,0,5.158046007156372,0
grid_3x7,sparse,medium,p2_c40,101,1,5,0,5,401,1525,567,22,246,133,0,5.240670680999756,0
grid_3x7,sparse,medium,p2_c40,202,5,5,1,4,530,2010,786,89,354,146,0,5.231842756271362,0
grid_3x7,sparse,medium,p2_c40,404,1,4,0,4,426,1534,711,22,278,127,0,5.1391282081604,0
grid_3x7,sparse,medium,p2_c40_penalty_off,42,5,5,0,5,511,2006,667,110,332,152,0,5.28955078125,0
grid_3x7,sparse,medium,p2_c40,303,2,5,0,5,439,1654,637,44,276,139,0,5.5531651973724365,0
grid_3x7,sparse,frequent,baseline,202,5,5,5,0,643,2334,1009,6,478,123,0,4.534801959991455,0
grid_3x7,sparse,frequent,baseline,303,5,5,4,1,695,2483,1131,48,517,132,0,4.821314096450806,0
grid_3x7,sparse,medium,p2_c40_penalty_off,404,1,4,0,4,426,1534,711,22,278,127,0,5.32802414894104,0
grid_3x7,sparse,medium,p2_c40_penalty_off,303,2,5,0,5,439,1654,637,44,276,139,0,5.4113829135894775,0
grid_3x7,sparse,frequent,baseline,42,5,5,5,0,687,2406,1140,56,512,128,0,5.333611726760864,0
grid_3x7,sparse,medium,p2_c40_penalty_off,101,1,5,0,5,401,1524,565,22,246,133,0,5.584997892379761,0
grid_3x7,sparse,medium,p2_c40_penalty_off,202,5,5,1,4,530,2010,786,89,354,146,0,5.585577726364136,0
grid_3x7,sparse,frequent,p2_c120_mp2,42,5,5,5,0,687,2406,1140,56,512,128,0,4.553433418273926,0
grid_3x7,sparse,frequent,baseline,101,5,5,5,0,725,2534,1248,37,558,122,0,5.550978899002075,0
grid_3x7,sparse,frequent,p2_c120_mp2,101,5,5,5,0,725,2534,1248,37,558,122,0,4.53959321975708,0
grid_3x7,sparse,frequent,baseline,404,4,5,5,0,709,2475,1215,55,536,129,0,5.415766000747681,0
grid_3x7,sparse,frequent,p2_c120,101,5,5,5,0,725,2534,1248,37,558,122,0,5.390442132949829,0
grid_3x7,sparse,frequent,p2_c120,42,5,5,5,0,687,2406,1140,56,512,128,0,5.541370868682861,0
star_3,medium,medium,baseline,42,6,6,2,4,58,122,0,16,16,16,0,0.6371707916259766,0
grid_3x7,sparse,frequent,p2_c120,303,5,5,4,1,695,2483,1131,48,517,132,0,5.264427185058594,0
grid_3x7,sparse,frequent,p2_c120,202,5,5,5,0,643,2334,1009,6,478,123,0,5.504546880722046,0
grid_3x7,sparse,frequent,p2_c120_mp2,404,4,5,5,0,709,2475,1215,55,536,129,0,5.033724784851074,0
star_3,medium,medium,baseline,101,6,6,2,4,58,122,0,16,16,16,0,0.9683175086975098,0
grid_3x7,sparse,frequent,p2_c120,404,4,5,5,0,709,2475,1215,55,536,129,0,5.617426156997681,0
star_3,medium,medium,baseline,202,6,6,2,4,58,122,0,16,16,16,0,0.9844777584075928,0
star_3,medium,medium,baseline,404,6,6,2,4,57,119,0,16,16,15,0,0.8722360134124756,0
grid_3x7,sparse,frequent,p2_c120_mp2,303,5,5,4,1,696,2484,1131,48,517,132,0,5.420905828475952,0
star_3,medium,medium,baseline,303,6,6,2,4,58,122,0,16,16,16,0,0.9606349468231201,0
grid_3x7,sparse,frequent,p2_c120_mp2,202,5,5,5,0,643,2334,1009,6,478,123,0,5.539140462875366,0
grid_3x7,sparse,frequent,p2_c120_h2,42,5,5,3,2,850,2964,1452,100,629,168,6,5.531949758529663,0
star_3,medium,medium,p2_c120,42,6,6,4,2,62,130,0,20,20,14,0,0.9828977584838867,0
star_3,medium,medium,p2_c120,101,6,6,4,2,62,130,0,20,20,14,0,0.9643974304199219,0
star_3,medium,medium,p2_c120,202,6,6,4,2,62,130,0,20,20,14,0,0.9556243419647217,0
star_3,medium,medium,p2_c120,303,6,6,4,2,62,130,0,20,20,14,0,0.9916934967041016,0
star_3,medium,medium,p2_c120_mp2,303,6,6,4,2,64,132,0,20,20,14,0,0.7160305976867676,0
star_3,medium,medium,p2_c120_mp2,42,6,6,4,2,64,132,0,20,20,14,0,0.9037556648254395,0
star_3,medium,medium,p2_c120,404,6,6,4,2,61,127,0,20,20,13,0,0.9632627964019775,0
grid_3x7,sparse,frequent,p2_c120_h2,101,5,5,5,0,683,2415,1097,31,490,143,6,5.463413953781128,0
grid_3x7,sparse,frequent,p2_c120_h2,202,4,5,5,0,731,2560,1220,44,533,146,6,5.457711935043335,0
star_3,medium,medium,p2_c120_mp2,202,6,6,4,2,64,132,0,20,20,14,0,0.946500301361084,0
star_3,medium,medium,p2_c120_mp2,101,6,6,4,2,64,132,0,20,20,14,0,0.9894974231719971,0
star_3,medium,medium,p2_c120_mp2,404,6,6,4,2,63,129,0,20,20,13,0,0.8165709972381592,0
star_3,medium,medium,p2_c120_h2,42,6,6,4,2,62,130,0,20,20,14,0,0.8828909397125244,0
star_3,medium,medium,p2_c120_h2,101,6,6,4,2,62,130,0,20,20,14,0,0.9389593601226807,0
star_3,medium,medium,p2_c120_h2,202,6,6,4,2,62,130,0,20,20,14,0,0.9216656684875488,0
star_3,medium,medium,p2_c120_h2,404,6,6,4,2,61,127,0,20,20,13,0,0.8921701908111572,0
star_3,medium,medium,p2_c120_h2,303,6,6,4,2,62,130,0,20,20,14,0,0.9956505298614502,0
star_3,medium,medium,p2_c40,42,6,6,0,6,54,114,0,12,18,12,0,0.9825108051300049,0
star_3,medium,medium,p2_c40,101,6,6,0,6,54,114,0,12,18,12,0,0.9581277370452881,0
star_3,medium,medium,p2_c40,202,6,6,0,6,54,114,0,12,18,12,0,0.9756729602813721,0
star_3,medium,medium,p2_c40,303,6,6,0,6,54,114,0,12,18,12,0,0.9825098514556885,0
star_3,medium,medium,p2_c40_penalty_off,101,6,6,2,4,58,122,0,16,18,14,0,0.8416204452514648,0
star_3,medium,medium,p2_c40_penalty_off,42,6,6,2,4,58,122,0,16,18,14,0,0.9342927932739258,0
star_3,medium,medium,p2_c40,404,6,6,0,6,53,111,0,12,18,11,0,0.982464075088501,0
star_3,medium,medium,p2_c40_penalty_off,202,6,6,2,4,58,122,0,16,18,14,0,0.9395368099212646,0
star_3,medium,frequent,baseline,42,6,6,2,4,82,170,0,16,28,16,0,0.8710875511169434,0
star_3,medium,medium,p2_c40_penalty_off,303,6,6,2,4,58,122,0,16,18,14,0,0.9705071449279785,0
star_3,medium,medium,p2_c40_penalty_off,404,6,6,2,4,57,119,0,16,18,13,0,1.0285789966583252,0
star_3,medium,frequent,baseline,101,6,6,2,4,82,170,0,16,28,16,0,0.9795002937316895,0
star_3,medium,frequent,baseline,303,6,6,2,4,82,170,0,16,28,16,0,0.869065523147583,0
star_3,medium,frequent,baseline,202,6,6,2,4,82,170,0,16,28,16,0,0.9831068515777588,0
grid_3x7,sparse,frequent,p2_c120_h2,303,5,5,3,2,713,2506,1150,97,499,164,6,5.220843553543091,0
star_3,medium,frequent,baseline,404,6,6,2,4,81,167,0,16,28,15,0,0.9612574577331543,0
star_3,medium,frequent,p2_c120,101,6,6,4,2,86,178,0,20,32,14,0,0.8453679084777832,0
star_3,medium,frequent,p2_c120,42,6,6,4,2,86,178,0,20,32,14,0,0.9666666984558105,0
star_3,medium,frequent,p2_c120,202,6,6,4,2,86,178,0,20,32,14,0,0.9793963432312012,0
grid_3x7,sparse,frequent,p2_c120_h2,404,4,5,5,0,796,2719,1402,80,602,138,6,5.229391574859619,0
star_3,medium,frequent,p2_c120,303,6,6,4,2,86,178,0,20,32,14,0,0.9918372631072998,0
grid_3x7,sparse,frequent,p2_c40,42,4,5,0,5,673,2407,1084,69,482,149,0,5.296115875244141,0
star_3,medium,frequent,p2_c120_mp2,202,6,6,4,2,88,180,0,20,32,14,0,0.8843421936035156,0
star_3,medium,frequent,p2_c120_mp2,42,6,6,4,2,88,180,0,20,32,14,0,0.9403679370880127,0
star_3,medium,frequent,p2_c120,404,6,6,4,2,85,175,0,20,32,13,0,0.9517786502838135,0
star_3,medium,frequent,p2_c120_mp2,101,6,6,4,2,88,180,0,20,32,14,0,0.9714510440826416,0
star_3,medium,frequent,p2_c120_mp2,404,6,6,4,2,87,177,0,20,32,13,0,0.900374174118042,0
star_3,medium,frequent,p2_c120_mp2,303,6,6,4,2,87,175,2,19,32,13,0,0.9447689056396484,0
star_3,medium,frequent,p2_c120_h2,42,6,6,4,2,86,178,0,20,32,14,0,0.8979167938232422,0
star_3,medium,frequent,p2_c120_h2,101,6,6,4,2,86,178,0,20,32,14,0,0.9959919452667236,0
star_3,medium,frequent,p2_c120_h2,202,6,6,4,2,86,178,0,20,32,14,0,0.9971234798431396,0
star_3,medium,frequent,p2_c120_h2,303,6,6,4,2,86,178,0,20,32,14,0,1.0173513889312744,0
star_3,medium,frequent,p2_c120_h2,404,6,6,4,2,85,175,0,20,32,13,0,0.9936873912811279,0
grid_3x7,sparse,frequent,p2_c40,404,1,5,0,5,573,1989,982,1,406,128,0,4.859524250030518,0
star_3,medium,frequent,p2_c40,42,6,6,0,6,78,162,0,12,30,12,0,0.9568419456481934,0
star_3,medium,frequent,p2_c40,202,6,6,0,6,78,162,0,12,30,12,0,0.9608402252197266,0
star_3,medium,frequent,p2_c40,101,6,6,0,6,78,162,0,12,30,12,0,0.9967150688171387,0
star_3,medium,frequent,p2_c40,303,6,6,0,6,78,162,0,12,30,12,0,0.9677863121032715,0
grid_3x7,sparse,frequent,p2_c40,101,1,5,0,5,633,2205,1084,1,459,131,0,5.358128547668457,0
star_3,medium,frequent,p2_c40_penalty_off,101,6,6,2,4,82,170,0,16,30,14,0,0.8463306427001953,0
star_3,medium,frequent,p2_c40_penalty_off,202,6,6,2,4,82,170,0,16,30,14,0,0.8156774044036865,0
star_3,medium,frequent,p2_c40,404,6,6,0,6,77,159,0,12,30,11,0,0.9595305919647217,0
star_3,medium,frequent,p2_c40_penalty_off,42,6,6,2,4,82,170,0,16,30,14,0,0.9293525218963623,0
star_3,medium,frequent,p2_c40_penalty_off,404,6,6,2,4,81,167,0,16,30,13,0,0.8302433490753174,0
star_3,heavy,medium,baseline,42,12,12,2,10,80,162,2,27,20,22,0,0.835097074508667,0
grid_3x7,sparse,frequent,p2_c40,303,1,5,0,5,621,2199,1018,21,444,135,0,5.2605204582214355,0
star_3,heavy,medium,baseline,101,12,12,2,10,80,162,2,27,20,22,0,0.868823766708374,0
grid_3x7,sparse,frequent,p2_c40,202,5,5,2,3,651,2342,1025,48,467,140,0,5.329482555389404,0
star_3,medium,frequent,p2_c40_penalty_off,303,6,6,2,4,82,170,0,16,30,14,0,0.9879364967346191,0
star_3,heavy,medium,baseline,202,12,12,2,10,80,162,2,27,20,22,0,0.8456966876983643,0
star_3,heavy,medium,baseline,303,12,12,2,10,80,162,2,27,20,22,0,0.8588519096374512,0
star_3,heavy,medium,baseline,404,12,12,2,10,79,159,2,27,20,21,0,0.9111323356628418,0
grid_3x7,sparse,frequent,p2_c40_penalty_off,303,1,5,0,5,621,2196,1018,21,444,135,0,5.073025465011597,0
grid_3x7,sparse,frequent,p2_c40_penalty_off,202,4,5,1,4,644,2295,1037,25,457,144,0,5.150295972824097,0
star_3,heavy,medium,p2_c120,42,12,12,6,6,88,178,2,35,24,22,0,0.9594438076019287,0
star_3,heavy,medium,p2_c120,101,12,12,6,6,88,178,2,35,24,22,0,0.9064826965332031,0
grid_3x7,sparse,frequent,p2_c40_penalty_off,42,4,5,0,5,657,2379,1028,67,465,150,0,5.355274438858032,0
star_3,heavy,medium,p2_c120,202,12,12,6,6,88,178,2,35,24,22,0,0.9668869972229004,0
star_3,heavy,medium,p2_c120,303,12,12,6,6,88,178,2,35,24,22,0,0.949444055557251,0
star_3,heavy,medium,p2_c120,404,12,12,6,6,87,175,2,35,24,21,0,0.9480912685394287,0
star_3,heavy,medium,p2_c120_mp2,42,12,12,6,6,94,184,2,35,24,22,0,0.9518415927886963,0
grid_3x7,sparse,frequent,p2_c40_penalty_off,101,1,5,0,5,649,2257,1117,22,474,132,0,5.4151551723480225,0
star_3,heavy,medium,p2_c120_mp2,303,12,12,6,6,93,179,4,34,24,21,0,0.9052062034606934,0
star_3,heavy,medium,p2_c120_mp2,404,12,12,6,6,93,181,2,35,24,21,0,0.9100174903869629,0
star_3,heavy,medium,p2_c120_mp2,202,12,12,6,6,94,184,2,35,24,22,0,0.9741885662078857,0
star_3,heavy,medium,p2_c120_mp2,101,12,12,6,6,94,184,2,35,24,22,0,0.9880218505859375,0
grid_3x7,sparse,frequent,p2_c40_penalty_off,404,1,5,0,5,573,1989,982,1,406,128,0,5.386145830154419,0
star_3,heavy,medium,p2_c120_h2,303,12,12,6,6,88,178,2,35,24,22,0,0.8489530086517334,0
star_3,heavy,medium,p2_c120_h2,101,12,12,6,6,88,178,2,35,24,22,0,0.9242715835571289,0
star_3,heavy,medium,p2_c40,303,12,12,0,12,78,162,0,24,24,18,0,0.7565107345581055,0
star_3,heavy,medium,p2_c120_h2,42,12,12,6,6,88,178,2,35,24,22,0,0.9405698776245117,0
star_3,heavy,medium,p2_c40,202,12,12,0,12,78,162,0,24,24,18,0,0.800992488861084,0
star_3,heavy,medium,p2_c120_h2,202,12,12,6,6,88,178,2,35,24,22,0,0.9695820808410645,0
star_3,heavy,medium,p2_c40,42,12,12,0,12,78,162,0,24,24,18,0,0.9026687145233154,0
star_3,heavy,medium,p2_c120_h2,404,12,12,6,6,87,175,2,35,24,21,0,0.9203193187713623,0
star_3,heavy,medium,p2_c40,404,12,12,0,12,77,159,0,24,24,17,0,0.8640334606170654,0
star_3,heavy,medium,p2_c40,101,12,12,0,12,78,162,0,24,24,18,0,0.9527795314788818,0
star_3,heavy,medium,p2_c40_penalty_off,42,12,12,6,6,90,186,0,36,26,22,0,0.9674050807952881,0
star_3,heavy,medium,p2_c40_penalty_off,101,12,12,6,6,90,186,0,36,26,22,0,0.9352846145629883,0
star_3,heavy,medium,p2_c40_penalty_off,202,12,12,6,6,90,186,0,36,26,22,0,0.9752211570739746,0
star_3,heavy,medium,p2_c40_penalty_off,303,12,12,6,6,90,186,0,36,26,22,0,0.9317655563354492,0
star_3,heavy,medium,p2_c40_penalty_off,404,12,12,6,6,89,183,0,36,26,21,0,0.9046392440795898,0
star_3,heavy,frequent,baseline,42,12,12,2,10,106,218,0,28,28,28,0,0.9230923652648926,0
star_3,heavy,frequent,baseline,303,12,12,2,10,106,218,0,28,28,28,0,0.8567357063293457,0
star_3,heavy,frequent,baseline,101,12,12,2,10,106,218,0,28,28,28,0,0.9635350704193115,0
star_3,heavy,frequent,baseline,202,12,12,2,10,106,218,0,28,28,28,0,0.9412155151367188,0
star_3,heavy,frequent,baseline,404,12,12,2,10,105,215,0,28,28,27,0,0.9337399005889893,0
star_3,heavy,frequent,p2_c120,42,12,12,6,6,114,234,0,36,36,24,0,0.9263534545898438,0
star_3,heavy,frequent,p2_c120,101,12,12,6,6,114,234,0,36,36,24,0,0.8919377326965332,0
star_3,heavy,frequent,p2_c120,303,12,12,6,6,114,234,0,36,36,24,0,0.8889241218566895,0
star_3,heavy,frequent,p2_c120_mp2,42,12,12,6,6,120,240,0,36,36,24,0,0.8714885711669922,0
star_3,heavy,frequent,p2_c120,202,12,12,6,6,114,234,0,36,36,24,0,0.9226653575897217,0
star_3,heavy,frequent,p2_c120_h2,101,12,12,6,6,114,234,0,36,36,24,0,0.8057839870452881,0
star_3,heavy,frequent,p2_c120,404,12,12,6,6,113,231,0,36,36,23,0,0.9446640014648438,0
star_3,heavy,frequent,p2_c120_mp2,101,12,12,6,6,120,240,0,36,36,24,0,0.9338104724884033,0
star_3,heavy,frequent,p2_c120_mp2,303,12,12,6,6,119,235,2,35,36,23,0,0.9819366931915283,0
star_3,heavy,frequent,p2_c120_h2,42,12,12,6,6,114,234,0,36,36,24,0,0.9293386936187744,0
star_3,heavy,frequent,p2_c120_mp2,202,12,12,6,6,120,240,0,36,36,24,0,0.9958295822143555,0
star_3,heavy,frequent,p2_c120_mp2,404,12,12,6,6,119,237,0,36,36,23,0,0.9513132572174072,0
star_3,heavy,frequent,p2_c120_h2,404,12,12,6,6,113,231,0,36,36,23,0,0.8955848217010498,0
star_3,heavy,frequent,p2_c120_h2,202,12,12,6,6,114,234,0,36,36,24,0,0.9840676784515381,0
star_3,heavy,frequent,p2_c40,101,12,12,0,12,102,210,0,24,36,18,0,0.8956477642059326,0
star_3,heavy,frequent,p2_c120_h2,303,12,12,6,6,114,234,0,36,36,24,0,0.9941742420196533,0
star_3,heavy,frequent,p2_c40,42,12,12,0,12,102,210,0,24,36,18,0,0.9797976016998291,0
star_3,heavy,frequent,p2_c40,202,12,12,0,12,102,210,0,24,36,18,0,0.9340577125549316,0
star_3,heavy,frequent,p2_c40,303,12,12,0,12,102,210,0,24,36,18,0,0.9267067909240723,0
star_3,heavy,frequent,p2_c40,404,12,12,0,12,101,207,0,24,36,17,0,0.9457976818084717,0
star_3,heavy,frequent,p2_c40_penalty_off,42,12,12,6,6,114,234,0,36,38,22,0,0.9336538314819336,0
star_3,sparse,medium,baseline,303,5,5,2,3,54,114,0,14,16,14,0,0.7039649486541748,0
star_3,heavy,frequent,p2_c40_penalty_off,101,12,12,6,6,114,234,0,36,38,22,0,0.9475631713867188,0
star_3,heavy,frequent,p2_c40_penalty_off,202,12,12,6,6,114,234,0,36,38,22,0,0.9586615562438965,0
star_3,heavy,frequent,p2_c40_penalty_off,303,12,12,6,6,114,234,0,36,38,22,0,0.9500412940979004,0
star_3,sparse,medium,baseline,42,5,5,2,3,54,114,0,14,16,14,0,0.924264669418335,0
star_3,heavy,frequent,p2_c40_penalty_off,404,12,12,6,6,113,231,0,36,38,21,0,0.9459805488586426,0
star_3,sparse,medium,baseline,404,5,5,2,3,53,111,0,14,16,13,0,0.8070359230041504,0
star_3,sparse,medium,baseline,202,5,5,2,3,54,114,0,14,16,14,0,0.8733468055725098,0
star_3,sparse,medium,baseline,101,5,5,2,3,54,114,0,14,16,14,0,0.9271750450134277,0
star_3,sparse,medium,p2_c120,303,5,5,3,2,56,118,0,16,18,13,0,0.8525326251983643,0
star_3,sparse,medium,p2_c120,202,5,5,3,2,56,118,0,16,18,13,0,0.8858723640441895,0
star_3,sparse,medium,p2_c120,404,5,5,3,2,55,115,0,16,18,12,0,0.8243980407714844,0
star_3,sparse,medium,p2_c120_mp2,101,5,5,3,2,58,120,0,16,18,13,0,0.7783026695251465,0
star_3,sparse,medium,p2_c120,101,5,5,3,2,56,118,0,16,18,13,0,0.9463071823120117,0
star_3,sparse,medium,p2_c120,42,5,5,3,2,56,118,0,16,18,13,0,0.9581270217895508,0
star_3,sparse,medium,p2_c120_mp2,42,5,5,3,2,58,120,0,16,18,13,0,0.944955587387085,0
star_3,sparse,medium,p2_c120_mp2,303,5,5,3,2,58,120,0,16,18,13,0,0.948169469833374,0
star_3,sparse,medium,p2_c120_mp2,404,5,5,3,2,57,117,0,16,18,12,0,0.9363758563995361,0
star_3,sparse,medium,p2_c120_mp2,202,5,5,3,2,58,120,0,16,18,13,0,0.9583408832550049,0
star_3,sparse,medium,p2_c120_h2,42,5,5,3,2,56,118,0,16,18,13,0,0.9881706237792969,0
star_3,sparse,medium,p2_c120_h2,101,5,5,3,2,56,118,0,16,18,13,0,0.9445738792419434,0
star_3,sparse,medium,p2_c120_h2,303,5,5,3,2,56,118,0,16,18,13,0,0.947669506072998,0
star_3,sparse,medium,p2_c40,42,5,5,0,5,50,106,0,10,17,11,0,0.9120209217071533,0
star_3,sparse,medium,p2_c120_h2,202,5,5,3,2,56,118,0,16,18,13,0,0.9726860523223877,0
star_3,sparse,medium,p2_c120_h2,404,5,5,3,2,55,115,0,16,18,12,0,0.981316328048706,0
star_3,sparse,medium,p2_c40,101,5,5,0,5,50,106,0,10,17,11,0,0.9023680686950684,0
star_3,sparse,medium,p2_c40,202,5,5,0,5,50,106,0,10,17,11,0,0.9281587600708008,0
star_3,sparse,medium,p2_c40,303,5,5,0,5,50,106,0,10,17,11,0,0.9659886360168457,0
star_3,sparse,medium,p2_c40_penalty_off,404,5,5,0,5,49,103,0,10,17,10,0,0.7654154300689697,0
star_3,sparse,medium,p2_c40,404,5,5,0,5,49,103,0,10,17,10,0,0.9260103702545166,0
star_3,sparse,medium,p2_c40_penalty_off,42,5,5,0,5,50,106,0,10,17,11,0,0.9290850162506104,0
star_3,sparse,medium,p2_c40_penalty_off,202,5,5,0,5,50,106,0,10,17,11,0,0.9065430164337158,0
star_3,sparse,frequent,baseline,101,5,5,2,3,74,146,4,12,29,9,0,0.8673882484436035,0
star_3,sparse,frequent,baseline,42,5,5,2,3,74,146,4,12,29,9,0,0.8811948299407959,0
star_3,sparse,medium,p2_c40_penalty_off,101,5,5,0,5,50,106,0,10,17,11,0,0.9727785587310791,0
star_3,sparse,medium,p2_c40_penalty_off,303,5,5,0,5,50,106,0,10,17,11,0,0.9714043140411377,0
star_3,sparse,frequent,baseline,303,5,5,2,3,74,146,4,12,29,9,0,0.8623123168945312,0
star_3,sparse,frequent,baseline,202,5,5,3,2,74,146,4,12,29,9,0,0.9496324062347412,0
star_3,sparse,frequent,baseline,404,5,5,2,3,73,143,4,12,29,8,0,0.9359045028686523,0
star_3,sparse,frequent,p2_c120,101,5,5,3,2,76,150,4,14,30,9,0,0.9153869152069092,0
star_3,sparse,frequent,p2_c120,42,5,5,3,2,76,150,4,14,30,9,0,0.9498066902160645,0
star_3,sparse,frequent,p2_c120,202,5,5,4,1,76,150,4,14,30,9,0,0.9090094566345215,0
star_3,sparse,frequent,p2_c120,404,5,5,3,2,75,147,4,14,30,8,0,0.881493330001831,0
star_3,sparse,frequent,p2_c120,303,5,5,3,2,76,150,4,14,30,9,0,0.9789581298828125,0
star_3,sparse,frequent,p2_c120_mp2,202,5,5,4,1,77,151,4,14,30,9,0,0.8966107368469238,0
star_3,sparse,frequent,p2_c120_mp2,101,5,5,3,2,78,152,4,14,30,9,0,0.9048845767974854,0
star_3,sparse,frequent,p2_c120_mp2,404,5,5,3,2,77,149,4,14,30,8,0,0.8528892993927002,0
star_3,sparse,frequent,p2_c120_h2,202,5,5,4,1,76,150,4,14,30,9,0,0.86411452293396,0
star_3,sparse,frequent,p2_c120_mp2,42,5,5,3,2,78,152,4,14,30,9,0,0.982252836227417,0
star_3,sparse,frequent,p2_c120_mp2,303,5,5,3,2,78,152,4,14,30,9,0,0.9759917259216309,0
star_3,sparse,frequent,p2_c120_h2,303,5,5,3,2,76,150,4,14,30,9,0,0.8918020725250244,0
star_3,sparse,frequent,p2_c120_h2,42,5,5,3,2,76,150,4,14,30,9,0,0.9550564289093018,0
star_3,sparse,frequent,p2_c120_h2,101,5,5,3,2,76,150,4,14,30,9,0,0.9565072059631348,0
star_3,sparse,frequent,p2_c120_h2,404,5,5,3,2,75,147,4,14,30,8,0,0.9765744209289551,0
star_3,sparse,frequent,p2_c40,42,5,5,0,5,74,154,0,10,29,11,0,0.9491181373596191,0
star_3,sparse,frequent,p2_c40,303,5,5,0,5,74,154,0,10,29,11,0,0.8761968612670898,0
star_3,sparse,frequent,p2_c40,404,5,5,0,5,71,143,2,9,27,10,0,0.8567509651184082,0
star_3,sparse,frequent,p2_c40,101,5,5,0,5,74,154,0,10,29,11,0,0.9405522346496582,0
star_3,sparse,frequent,p2_c40,202,5,5,0,5,74,154,0,10,29,11,0,0.9907302856445312,0
star_3,sparse,frequent,p2_c40_penalty_off,42,5,5,0,5,74,154,0,10,29,11,0,0.9260661602020264,0
star_3,sparse,frequent,p2_c40_penalty_off,101,5,5,0,5,74,154,0,10,29,11,0,0.9539496898651123,0
star_3,sparse,frequent,p2_c40_penalty_off,202,5,5,0,5,74,154,0,10,29,11,0,0.9862298965454102,0
star_3,sparse,frequent,p2_c40_penalty_off,303,5,5,0,5,74,154,0,10,29,11,0,0.9548439979553223,0
star_3,sparse,frequent,p2_c40_penalty_off,404,5,5,0,5,71,143,2,9,27,10,0,0.9235408306121826,0
star_4,medium,medium,baseline,42,6,6,3,3,68,179,0,18,22,15,0,1.164245843887329,0
star_4,medium,medium,baseline,404,6,6,3,3,67,175,0,18,22,14,0,1.0724647045135498,0
star_4,medium,medium,baseline,101,6,6,3,3,68,179,0,18,22,15,0,1.1727521419525146,0
star_4,medium,medium,baseline,303,6,6,3,3,68,179,0,18,22,15,0,1.092000961303711,0
star_4,medium,medium,p2_c120,42,6,6,3,3,68,179,0,18,22,15,0,1.0833849906921387,0
star_4,medium,medium,baseline,202,6,6,3,3,68,179,0,18,22,15,0,1.1209957599639893,0
star_4,medium,medium,p2_c120,101,6,6,3,3,68,179,0,18,22,15,0,1.1055412292480469,0
star_4,medium,medium,p2_c120_mp2,101,6,6,3,3,71,182,0,18,22,15,0,0.9866330623626709,0
star_4,medium,medium,p2_c120,202,6,6,3,3,68,179,0,18,22,15,0,1.134631872177124,0
star_4,medium,medium,p2_c120,404,6,6,3,3,67,175,0,18,22,14,0,1.1569030284881592,0
star_4,medium,medium,p2_c120,303,6,6,3,3,68,179,0,18,22,15,0,1.1714439392089844,0
star_4,medium,medium,p2_c120_mp2,42,6,6,3,3,71,182,0,18,22,15,0,1.1641948223114014,0
star_4,medium,medium,p2_c120_mp2,202,6,6,3,3,71,182,0,18,22,15,0,1.157050609588623,0
star_4,medium,medium,p2_c120_mp2,303,6,6,3,3,70,176,2,17,22,14,0,1.1255221366882324,0
star_4,medium,medium,p2_c120_h2,42,6,6,3,3,68,179,0,18,22,15,0,1.1006743907928467,0
star_4,medium,medium,p2_c120_mp2,404,6,6,3,3,70,178,0,18,22,14,0,1.1823408603668213,0
star_4,medium,medium,p2_c40,101,6,6,0,6,62,164,0,12,22,12,0,0.9000072479248047,0
star_4,medium,medium,p2_c120_h2,101,6,6,3,3,68,179,0,18,22,15,0,1.1896307468414307,0
star_4,medium,medium,p2_c120_h2,202,6,6,3,3,68,179,0,18,22,15,0,1.1335480213165283,0
star_4,medium,medium,p2_c120_h2,303,6,6,3,3,68,179,0,18,22,15,0,1.1173772811889648,0
star_4,medium,medium,p2_c40,202,6,6,0,6,62,164,0,12,22,12,0,0.9641978740692139,0
star_4,medium,medium,p2_c40,42,6,6,0,6,62,164,0,12,22,12,0,1.1544623374938965,0
star_4,medium,medium,p2_c120_h2,404,6,6,3,3,67,175,0,18,22,14,0,1.2028179168701172,0
star_4,medium,medium,p2_c40,404,6,6,0,6,61,160,0,12,22,11,0,1.0669476985931396,0
star_4,medium,medium,p2_c40,303,6,6,0,6,62,164,0,12,22,12,0,1.1677939891815186,0
star_4,medium,medium,p2_c40_penalty_off,101,6,6,0,6,62,164,0,12,22,12,0,1.151458978652954,0
star_4,medium,medium,p2_c40_penalty_off,42,6,6,0,6,62,164,0,12,22,12,0,1.181001901626587,0
star_4,medium,medium,p2_c40_penalty_off,202,6,6,0,6,62,164,0,12,22,12,0,1.190598487854004,0
star_4,medium,medium,p2_c40_penalty_off,303,6,6,0,6,62,164,0,12,22,12,0,0.967195987701416,0
star_4,medium,frequent,baseline,42,6,6,3,3,100,259,0,18,38,15,0,1.0625410079956055,0
star_4,medium,frequent,baseline,202,6,6,3,3,100,259,0,18,38,15,0,1.1205978393554688,0
star_4,medium,medium,p2_c40_penalty_off,404,6,6,0,6,61,160,0,12,22,11,0,1.179664134979248,0
star_4,medium,frequent,baseline,303,6,6,3,3,100,259,0,18,38,15,0,1.162527322769165,0
star_4,medium,frequent,baseline,101,6,6,3,3,100,259,0,18,38,15,0,1.1903934478759766,0
star_4,medium,frequent,baseline,404,6,6,3,3,99,255,0,18,38,14,0,1.1718757152557373,0
star_4,medium,frequent,p2_c120,404,6,6,3,3,99,255,0,18,38,14,0,1.0048747062683105,0
star_4,medium,frequent,p2_c120,101,6,6,3,3,100,259,0,18,38,15,0,1.171156406402588,0
star_4,medium,frequent,p2_c120,42,6,6,3,3,100,259,0,18,38,15,0,1.2011513710021973,0
star_4,medium,frequent,p2_c120,202,6,6,3,3,100,259,0,18,38,15,0,1.1692085266113281,0
star_4,medium,frequent,p2_c120,303,6,6,3,3,100,259,0,18,38,15,0,1.178257703781128,0
star_4,medium,frequent,p2_c120_mp2,101,6,6,3,3,103,262,0,18,38,15,0,1.1481409072875977,0
star_4,medium,frequent,p2_c40,42,6,6,0,6,94,244,0,12,38,12,0,0.8156149387359619,0
star_4,medium,frequent,p2_c120_mp2,404,6,6,3,3,102,258,0,18,38,14,0,1.1010215282440186,0
star_4,medium,frequent,p2_c120_mp2,42,6,6,3,3,103,262,0,18,38,15,0,1.2121098041534424,0
star_4,medium,frequent,p2_c120_h2,202,6,6,3,3,100,259,0,18,38,15,0,1.0313570499420166,0
star_4,medium,frequent,p2_c120_mp2,202,6,6,3,3,103,262,0,18,38,15,0,1.195115327835083,0
star_4,medium,frequent,p2_c120_mp2,303,6,6,3,3,103,262,0,18,38,15,0,1.186500072479248,0
star_4,medium,frequent,p2_c120_h2,42,6,6,3,3,100,259,0,18,38,15,0,1.1643643379211426,0
star_4,medium,frequent,p2_c120_h2,303,6,6,3,3,100,259,0,18,38,15,0,1.100316047668457,0
star_4,medium,frequent,p2_c120_h2,101,6,6,3,3,100,259,0,18,38,15,0,1.1943213939666748,0
star_4,medium,frequent,p2_c120_h2,404,6,6,3,3,99,255,0,18,38,14,0,1.1908316612243652,0
star_4,medium,frequent,p2_c40,101,6,6,0,6,94,244,0,12,38,12,0,1.1893680095672607,0
star_4,medium,frequent,p2_c40_penalty_off,42,6,6,0,6,94,244,0,12,38,12,0,1.0268526077270508,0
star_4,medium,frequent,p2_c40,404,6,6,0,6,93,240,0,12,38,11,0,1.087167501449585,0
star_4,medium,frequent,p2_c40,202,6,6,0,6,94,244,0,12,38,12,0,1.2137136459350586,0
star_4,medium,frequent,p2_c40,303,6,6,0,6,94,244,0,12,38,12,0,1.183105707168579,0
star_4,medium,frequent,p2_c40_penalty_off,303,6,6,0,6,94,244,0,12,38,12,0,1.0221261978149414,0
star_4,medium,frequent,p2_c40_penalty_off,101,6,6,0,6,94,244,0,12,38,12,0,1.218400478363037,0
star_4,medium,frequent,p2_c40_penalty_off,202,6,6,0,6,94,244,0,12,38,12,0,1.110734224319458,0
star_4,medium,frequent,p2_c40_penalty_off,404,6,6,0,6,93,240,0,12,38,11,0,1.0488801002502441,0
star_4,heavy,medium,baseline,42,12,12,3,9,90,229,2,29,24,23,0,1.0836141109466553,0
star_4,heavy,medium,baseline,101,12,12,3,9,90,229,2,29,24,23,0,1.1070151329040527,0
star_4,heavy,medium,baseline,202,12,12,3,9,90,229,2,29,24,23,0,1.1293585300445557,0
star_4,heavy,medium,baseline,303,12,12,3,9,90,229,2,29,24,23,0,1.145005702972412,0
star_4,heavy,medium,p2_c120,42,12,12,6,6,96,244,2,35,28,22,0,1.0817716121673584,0
star_4,heavy,medium,baseline,404,12,12,3,9,89,225,2,29,24,22,0,1.1604771614074707,0
star_4,heavy,medium,p2_c120,202,12,12,6,6,96,244,2,35,28,22,0,1.0742566585540771,0
star_4,heavy,medium,p2_c120_mp2,404,12,12,6,6,100,240,4,34,28,20,0,0.9480535984039307,0
star_4,heavy,medium,p2_c120,101,12,12,6,6,96,244,2,35,28,22,0,1.18186616897583,0
star_4,heavy,medium,p2_c120_mp2,202,12,12,6,6,102,250,2,35,28,22,0,1.1009857654571533,0
star_4,heavy,medium,p2_c120,404,12,12,6,6,95,240,2,35,28,21,0,1.185962200164795,0
star_4,heavy,medium,p2_c120,303,12,12,6,6,96,244,2,35,28,22,0,1.1929731369018555,0
star_4,heavy,medium,p2_c120_mp2,42,12,12,6,6,102,250,2,35,28,22,0,1.1784000396728516,0
star_4,heavy,medium,p2_c120_mp2,303,12,12,6,6,101,244,4,34,28,21,0,1.1946637630462646,0
star_4,heavy,medium,p2_c120_mp2,101,12,12,6,6,102,250,2,35,28,22,0,1.2252652645111084,0
star_4,heavy,medium,p2_c120_h2,42,12,12,6,6,96,244,2,35,28,22,0,1.2192208766937256,0
star_4,heavy,medium,p2_c120_h2,202,12,12,6,6,96,244,2,35,28,22,0,1.1644694805145264,0
star_4,heavy,medium,p2_c120_h2,101,12,12,6,6,96,244,2,35,28,22,0,1.2241406440734863,0
star_4,heavy,medium,p2_c120_h2,303,12,12,6,6,96,244,2,35,28,22,0,1.081333875656128,0
star_4,heavy,medium,p2_c40,202,12,12,0,12,86,224,0,24,28,18,0,0.9506642818450928,0
star_4,heavy,medium,p2_c120_h2,404,12,12,6,6,95,240,2,35,28,21,0,1.080951452255249,0
star_4,heavy,medium,p2_c40,42,12,12,0,12,86,224,0,24,28,18,0,1.1600682735443115,0
star_4,heavy,medium,p2_c40,101,12,12,0,12,86,224,0,24,28,18,0,1.1696984767913818,0
star_4,heavy,medium,p2_c40_penalty_off,404,12,12,6,6,97,250,0,36,31,20,0,0.8896431922912598,0
star_4,heavy,medium,p2_c40,303,12,12,0,12,86,224,0,24,28,18,0,1.1919045448303223,0
star_4,heavy,medium,p2_c40,404,12,12,0,12,85,220,0,24,28,17,0,1.0954396724700928,0
star_4,heavy,medium,p2_c40_penalty_off,42,12,12,6,6,98,254,0,36,31,21,0,1.097364902496338,0
star_4,heavy,medium,p2_c40_penalty_off,101,12,12,6,6,98,254,0,36,31,21,0,1.1266202926635742,0
star_4,heavy,medium,p2_c40_penalty_off,202,12,12,6,6,98,254,0,36,31,21,0,1.1361215114593506,0
star_4,heavy,frequent,baseline,42,12,12,3,9,124,319,0,30,38,27,0,1.056872844696045,0
star_4,heavy,medium,p2_c40_penalty_off,303,12,12,6,6,98,254,0,36,31,21,0,1.183002233505249,0
star_4,heavy,frequent,baseline,101,12,12,3,9,123,314,1,30,37,27,0,1.0821495056152344,0
star_4,heavy,frequent,baseline,202,12,12,3,9,124,319,0,30,38,27,0,1.115614414215088,0
star_4,heavy,frequent,baseline,404,12,12,3,9,123,315,0,30,38,26,0,1.1370253562927246,0
star_4,heavy,frequent,baseline,303,12,12,3,9,124,319,0,30,38,27,0,1.1953108310699463,0
star_4,heavy,frequent,p2_c120,42,12,12,6,6,130,334,0,36,44,24,0,1.191631555557251,0
star_4,heavy,frequent,p2_c120_mp2,42,12,12,6,6,136,340,0,36,44,24,0,1.0942578315734863,0
star_4,heavy,frequent,p2_c120,101,12,12,6,6,129,329,1,36,43,24,0,1.1890251636505127,0
star_4,heavy,frequent,p2_c120,303,12,12,6,6,130,334,0,36,44,24,0,1.1140944957733154,0
star_4,heavy,frequent,p2_c120,202,12,12,6,6,130,334,0,36,44,24,0,1.1730358600616455,0
star_4,heavy,frequent,p2_c120,404,12,12,6,6,129,330,0,36,44,23,0,1.1844241619110107,0
star_4,heavy,frequent,p2_c120_mp2,202,12,12,6,6,135,332,2,35,44,23,0,1.11985182762146,0
star_4,heavy,frequent,p2_c120_mp2,303,12,12,6,6,136,340,0,36,44,24,0,1.0933926105499268,0
star_4,heavy,frequent,p2_c120_mp2,101,12,12,6,6,135,335,1,36,43,24,0,1.1906158924102783,0
star_4,heavy,frequent,p2_c120_mp2,404,12,12,6,6,135,336,0,36,44,23,0,1.1345512866973877,0
star_4,heavy,frequent,p2_c120_h2,42,12,12,6,6,130,334,0,36,44,24,0,1.1163721084594727,0
star_4,heavy,frequent,p2_c120_h2,303,12,12,6,6,130,334,0,36,44,24,0,1.0753939151763916,0
star_4,heavy,frequent,p2_c120_h2,202,12,12,6,6,130,334,0,36,44,24,0,1.1908729076385498,0
star_4,heavy,frequent,p2_c120_h2,101,12,12,6,6,129,329,1,36,43,24,0,1.2313158512115479,0
star_4,heavy,frequent,p2_c120_h2,404,12,12,6,6,129,330,0,36,44,23,0,1.127683401107788,0
star_4,heavy,frequent,p2_c40,42,12,12,0,12,118,304,0,24,44,18,0,1.137955904006958,0
star_4,heavy,frequent,p2_c40_penalty_off,42,12,12,6,6,130,334,0,36,47,21,0,1.072880506515503,0
star_4,heavy,frequent,p2_c40,101,12,12,0,12,118,304,0,24,44,18,0,1.181143045425415,0
star_4,heavy,frequent,p2_c40,202,12,12,0,12,118,304,0,24,44,18,0,1.1811065673828125,0
star_4,heavy,frequent,p2_c40_penalty_off,202,12,12,6,6,130,334,0,36,47,21,0,1.0182631015777588,0
star_4,heavy,frequent,p2_c40,303,12,12,0,12,118,304,0,24,44,18,0,1.2133357524871826,0
star_4,heavy,frequent,p2_c40,404,12,12,0,12,117,300,0,24,44,17,0,1.2380826473236084,0
star_4,heavy,frequent,p2_c40_penalty_off,101,12,12,6,6,130,334,0,36,47,21,0,1.151066541671753,0
star_4,heavy,frequent,p2_c40_penalty_off,303,12,12,6,6,130,334,0,36,47,21,0,1.1454579830169678,0
star_4,sparse,medium,baseline,42,5,5,3,2,64,169,0,16,22,13,0,1.1454174518585205,0
star_4,heavy,frequent,p2_c40_penalty_off,404,12,12,6,6,129,330,0,36,47,20,0,1.2120871543884277,0
star_4,sparse,medium,baseline,101,5,5,3,2,64,169,0,16,22,13,0,1.1590135097503662,0
star_4,sparse,medium,baseline,202,5,5,3,2,64,169,0,16,22,13,0,1.119302749633789,0
star_4,sparse,medium,baseline,303,5,5,3,2,64,169,0,16,22,13,0,1.096315622329712,0
star_4,sparse,medium,p2_c120,101,5,5,3,2,64,169,0,16,22,13,0,1.1308989524841309,0
star_4,sparse,medium,p2_c120,42,5,5,3,2,64,169,0,16,22,13,0,1.1362600326538086,0
star_4,sparse,medium,baseline,404,5,5,3,2,63,165,0,16,22,12,0,1.1880366802215576,0
star_4,sparse,medium,p2_c120,202,5,5,3,2,64,169,0,16,22,13,0,1.1707005500793457,0
star_4,sparse,medium,p2_c120,303,5,5,3,2,64,169,0,16,22,13,0,1.1423587799072266,0
star_4,sparse,medium,p2_c120,404,5,5,3,2,63,165,0,16,22,12,0,1.1339130401611328,0
star_4,sparse,medium,p2_c120_mp2,42,5,5,3,2,66,171,0,16,22,13,0,1.151463508605957,0
star_4,sparse,medium,p2_c120_mp2,101,5,5,3,2,66,171,0,16,22,13,0,1.1421446800231934,0
star_4,sparse,medium,p2_c120_mp2,303,5,5,3,2,66,171,0,16,22,13,0,1.1120414733886719,0
star_4,sparse,medium,p2_c120_mp2,404,5,5,3,2,65,167,0,16,22,12,0,1.0189251899719238,0
star_4,sparse,medium,p2_c120_mp2,202,5,5,3,2,66,171,0,16,22,13,0,1.1920831203460693,0
star_4,sparse,medium,p2_c120_h2,42,5,5,3,2,64,169,0,16,22,13,0,1.0674564838409424,0
star_4,sparse,medium,p2_c120_h2,101,5,5,3,2,64,169,0,16,22,13,0,1.1068260669708252,0
star_4,sparse,medium,p2_c120_h2,303,5,5,3,2,64,169,0,16,22,13,0,1.0663464069366455,0
star_4,sparse,medium,p2_c120_h2,202,5,5,3,2,64,169,0,16,22,13,0,1.1956517696380615,0
star_4,sparse,medium,p2_c120_h2,404,5,5,3,2,63,165,0,16,22,12,0,1.104064702987671,0
star_4,sparse,medium,p2_c40,42,5,5,0,5,58,154,0,10,21,11,0,1.1246459484100342,0
star_4,sparse,medium,p2_c40,101,5,5,0,5,58,154,0,10,21,11,0,1.1249871253967285,0
star_4,sparse,medium,p2_c40,202,5,5,0,5,58,154,0,10,21,11,0,1.1018388271331787,0
star_4,sparse,medium,p2_c40,303,5,5,0,5,58,154,0,10,21,11,0,1.1238441467285156,0
star_4,sparse,medium,p2_c40_penalty_off,202,5,5,0,5,58,154,0,10,21,11,0,0.9498763084411621,0
star_4,sparse,medium,p2_c40,404,5,5,0,5,57,150,0,10,21,10,0,1.1811387538909912,0
star_4,sparse,medium,p2_c40_penalty_off,42,5,5,0,5,58,154,0,10,21,11,0,1.1879451274871826,0
star_4,sparse,medium,p2_c40_penalty_off,101,5,5,0,5,58,154,0,10,21,11,0,1.0963232517242432,0
star_4,sparse,medium,p2_c40_penalty_off,303,5,5,0,5,58,154,0,10,21,11,0,1.155991792678833,0
star_4,sparse,medium,p2_c40_penalty_off,404,5,5,0,5,57,150,0,10,21,10,0,1.070002555847168,0
star_4,sparse,frequent,baseline,42,5,5,4,1,90,219,6,13,37,8,0,1.1007485389709473,0
star_4,sparse,frequent,p2_c120,202,5,5,3,2,90,219,6,13,37,8,0,1.0083351135253906,0
star_4,sparse,frequent,baseline,101,5,5,4,1,90,219,6,13,37,8,0,1.2018401622772217,0
star_4,sparse,frequent,baseline,303,5,5,3,2,88,209,8,13,35,8,0,1.1329288482666016,0
star_4,sparse,frequent,baseline,202,5,5,3,2,90,219,6,13,37,8,0,1.179009199142456,0
star_4,sparse,frequent,baseline,404,5,5,4,1,87,210,6,11,36,7,0,1.154205322265625,0
star_4,sparse,frequent,p2_c120,101,5,5,4,1,90,219,6,13,37,8,0,1.1564662456512451,0
star_4,sparse,frequent,p2_c120,42,5,5,4,1,90,219,6,13,37,8,0,1.2097887992858887,0
star_4,sparse,frequent,p2_c120_mp2,202,5,5,3,2,92,221,6,13,37,8,0,1.032334804534912,0
star_4,sparse,frequent,p2_c120_mp2,42,5,5,4,1,91,220,6,13,37,8,0,1.1212077140808105,0
star_4,sparse,frequent,p2_c120,303,5,5,3,2,88,209,8,13,35,8,0,1.2018671035766602,0
star_4,sparse,frequent,p2_c120,404,5,5,4,1,87,210,6,11,36,7,0,1.2016174793243408,0
star_4,sparse,frequent,p2_c120_mp2,101,5,5,4,1,91,220,6,13,37,8,0,1.2063944339752197,0
star_4,sparse,frequent,p2_c120_mp2,404,5,5,4,1,88,211,6,11,36,7,0,1.1053459644317627,0
star_4,sparse,frequent,p2_c120_mp2,303,5,5,3,2,90,211,8,13,35,8,0,1.174959659576416,0
star_4,sparse,frequent,p2_c120_h2,101,5,5,4,1,90,219,6,13,37,8,0,1.0016493797302246,0
star_4,sparse,frequent,p2_c120_h2,42,5,5,4,1,90,219,6,13,37,8,0,1.1952192783355713,0
star_4,sparse,frequent,p2_c120_h2,404,5,5,4,1,87,210,6,11,36,7,0,1.126967430114746,0
star_4,sparse,frequent,p2_c120_h2,303,5,5,3,2,88,209,8,13,35,8,0,1.179441213607788,0
star_4,sparse,frequent,p2_c120_h2,202,5,5,3,2,90,219,6,13,37,8,0,1.226109266281128,0
star_4,sparse,frequent,p2_c40,42,5,5,0,5,88,224,2,9,35,11,0,1.1628954410552979,0
star_4,sparse,frequent,p2_c40,101,5,5,0,5,88,224,2,9,35,11,0,1.1667323112487793,0
star_4,sparse,frequent,p2_c40,202,5,5,0,5,86,214,4,8,33,11,0,1.1836521625518799,0
star_4,sparse,frequent,p2_c40_penalty_off,42,5,5,0,5,88,224,2,9,35,11,0,1.143744707107544,0
star_4,sparse,frequent,p2_c40,303,5,5,0,5,86,214,4,8,33,11,0,1.1676013469696045,0
star_4,sparse,frequent,p2_c40_penalty_off,101,5,5,0,5,88,224,2,9,35,11,0,1.006767749786377,0
star_4,sparse,frequent,p2_c40,404,5,5,0,5,87,220,2,9,35,10,0,1.1776416301727295,0
star_4,sparse,frequent,p2_c40_penalty_off,303,5,5,0,5,86,214,4,8,33,11,0,1.0168797969818115,0
star_4,sparse,frequent,p2_c40_penalty_off,202,5,5,0,5,86,214,4,8,33,11,0,1.1741621494293213,0
star_4,sparse,frequent,p2_c40_penalty_off,404,5,5,0,5,87,220,2,9,35,10,0,1.2050938606262207,0
star_5,medium,medium,baseline,202,6,6,4,2,78,246,0,20,28,14,0,1.1821129322052002,0
star_5,medium,medium,baseline,303,6,6,4,2,78,246,0,20,28,14,0,1.2120814323425293,0
star_5,medium,medium,baseline,42,6,6,4,2,78,246,0,20,28,14,0,1.3256843090057373,0
star_5,medium,medium,baseline,101,6,6,4,2,78,246,0,20,28,14,0,1.3315260410308838,0
star_5,medium,medium,baseline,404,6,6,4,2,77,241,0,20,28,13,0,1.3165256977081299,0
star_5,medium,medium,p2_c120,42,6,6,4,2,78,246,0,20,28,14,0,1.3654980659484863,0
star_5,medium,medium,p2_c120_mp2,404,6,6,4,2,78,236,2,19,28,12,0,1.0289530754089355,0
star_5,medium,medium,p2_c120,101,6,6,4,2,78,246,0,20,28,14,0,1.3681049346923828,0
star_5,medium,medium,p2_c120_mp2,303,6,6,4,2,80,248,0,20,28,14,0,1.1625967025756836,0
star_5,medium,medium,p2_c120,202,6,6,4,2,78,246,0,20,28,14,0,1.3661649227142334,0
star_5,medium,medium,p2_c120,303,6,6,4,2,78,246,0,20,28,14,0,1.3350369930267334,0
star_5,medium,medium,p2_c120,404,6,6,4,2,77,241,0,20,28,13,0,1.364452838897705,0
star_5,medium,medium,p2_c120_mp2,42,6,6,4,2,80,248,0,20,28,14,0,1.3783044815063477,0
star_5,medium,medium,p2_c120_mp2,202,6,6,4,2,80,248,0,20,28,14,0,1.3691740036010742,0
star_5,medium,medium,p2_c120_mp2,101,6,6,4,2,80,248,0,20,28,14,0,1.4495234489440918,0
star_5,medium,medium,p2_c120_h2,42,6,6,4,2,78,246,0,20,28,14,0,1.3897249698638916,0
star_5,medium,medium,p2_c120_h2,202,6,6,4,2,78,246,0,20,28,14,0,1.3629589080810547,0
star_5,medium,medium,p2_c120_h2,101,6,6,4,2,78,246,0,20,28,14,0,1.3933253288269043,0
star_5,medium,medium,p2_c120_h2,404,6,6,4,2,77,241,0,20,28,13,0,1.3849756717681885,0
star_5,medium,medium,p2_c120_h2,303,6,6,4,2,78,246,0,20,28,14,0,1.4467589855194092,0
star_5,medium,medium,p2_c40_penalty_off,42,6,6,0,6,70,222,0,12,26,12,0,1.2669546604156494,0
star_5,medium,medium,p2_c40,42,6,6,0,6,70,222,0,12,26,12,0,1.374450922012329,0
star_5,medium,medium,p2_c40,101,6,6,0,6,70,222,0,12,26,12,0,1.3845622539520264,0
star_5,medium,medium,p2_c40,404,6,6,0,6,69,217,0,12,26,11,0,1.361868143081665,0
star_5,medium,medium,p2_c40,202,6,6,0,6,70,222,0,12,26,12,0,1.398122787475586,0
star_5,medium,medium,p2_c40,303,6,6,0,6,70,222,0,12,26,12,0,1.417257308959961,0
star_5,medium,medium,p2_c40_penalty_off,101,6,6,0,6,70,222,0,12,26,12,0,1.3806781768798828,0
star_5,medium,frequent,baseline,202,6,6,4,2,118,366,0,20,48,14,0,1.0829212665557861,0
star_5,medium,medium,p2_c40_penalty_off,202,6,6,0,6,70,222,0,12,26,12,0,1.3756210803985596,0
star_5,medium,frequent,baseline,42,6,6,4,2,118,366,0,20,48,14,0,1.2863023281097412,0
star_5,medium,medium,p2_c40_penalty_off,303,6,6,0,6,70,222,0,12,26,12,0,1.3680250644683838,0
star_5,medium,medium,p2_c40_penalty_off,404,6,6,0,6,69,217,0,12,26,11,0,1.3582186698913574,0
star_5,medium,frequent,baseline,303,6,6,4,2,118,366,0,20,48,14,0,1.2030208110809326,0
star_5,medium,frequent,baseline,101,6,6,4,2,118,366,0,20,48,14,0,1.417926549911499,0
star_5,medium,frequent,p2_c120,404,6,6,4,2,117,361,0,20,48,13,0,1.289438247680664,0
star_5,medium,frequent,baseline,404,6,6,4,2,117,361,0,20,48,13,0,1.3806273937225342,0
star_5,medium,frequent,p2_c120,202,6,6,4,2,118,366,0,20,48,14,0,1.387533187866211,0
star_5,medium,frequent,p2_c120,42,6,6,4,2,118,366,0,20,48,14,0,1.3998966217041016,0
star_5,medium,frequent,p2_c120,303,6,6,4,2,118,366,0,20,48,14,0,1.376516580581665,0
star_5,medium,frequent,p2_c120,101,6,6,4,2,118,366,0,20,48,14,0,1.4218239784240723,0
star_5,medium,frequent,p2_c120_mp2,42,6,6,4,2,120,368,0,20,48,14,0,1.3868041038513184,0
star_5,medium,frequent,p2_c120_mp2,101,6,6,4,2,120,368,0,20,48,14,0,1.416656494140625,0
star_5,medium,frequent,p2_c120_mp2,202,6,6,4,2,120,368,0,20,48,14,0,1.427201271057129,0
star_5,medium,frequent,p2_c40,101,6,6,0,6,110,342,0,12,46,12,0,1.130537986755371,0
star_5,medium,frequent,p2_c120_h2,202,6,6,4,2,118,366,0,20,48,14,0,1.2482185363769531,0
star_5,medium,frequent,p2_c120_mp2,404,6,6,4,2,119,363,0,20,48,13,0,1.3629436492919922,0
star_5,medium,frequent,p2_c120_h2,42,6,6,4,2,118,366,0,20,48,14,0,1.3908779621124268,0
star_5,medium,frequent,p2_c40,42,6,6,0,6,110,342,0,12,46,12,0,1.2784969806671143,0
star_5,medium,frequent,p2_c120_mp2,303,6,6,4,2,120,368,0,20,48,14,0,1.4609732627868652,0
star_5,medium,frequent,p2_c120_h2,303,6,6,4,2,118,366,0,20,48,14,0,1.3854868412017822,0
star_5,medium,frequent,p2_c120_h2,101,6,6,4,2,118,366,0,20,48,14,0,1.43629789352417,0
star_5,medium,frequent,p2_c40,303,6,6,0,6,110,342,0,12,46,12,0,1.2985026836395264,0
star_5,medium,frequent,p2_c120_h2,404,6,6,4,2,117,361,0,20,48,13,0,1.4207112789154053,0
star_5,medium,frequent,p2_c40,202,6,6,0,6,110,342,0,12,46,12,0,1.4020042419433594,0
star_5,medium,frequent,p2_c40,404,6,6,0,6,109,337,0,12,46,11,0,1.3773515224456787,0
star_5,medium,frequent,p2_c40_penalty_off,202,6,6,0,6,110,342,0,12,46,12,0,1.2306742668151855,0
star_5,medium,frequent,p2_c40_penalty_off,42,6,6,0,6,110,342,0,12,46,12,0,1.3831067085266113,0
star_5,medium,frequent,p2_c40_penalty_off,101,6,6,0,6,110,342,0,12,46,12,0,1.3507723808288574,0
star_5,medium,frequent,p2_c40_penalty_off,404,6,6,0,6,109,337,0,12,46,11,0,1.3660776615142822,0
star_5,medium,frequent,p2_c40_penalty_off,303,6,6,0,6,110,342,0,12,46,12,0,1.4571011066436768,0
star_5,heavy,medium,baseline,101,12,12,4,8,100,306,2,31,29,23,0,1.3392853736877441,0
star_5,heavy,medium,baseline,42,12,12,4,8,100,306,2,31,29,23,0,1.393068552017212,0
star_5,heavy,medium,baseline,202,12,12,4,8,100,306,2,31,29,23,0,1.2979199886322021,0
star_5,heavy,medium,p2_c120,303,12,12,8,4,108,330,2,39,36,20,0,1.228154182434082,0
star_5,heavy,medium,baseline,404,12,12,4,8,99,301,2,31,29,22,0,1.329463005065918,0
star_5,heavy,medium,p2_c120,42,12,12,8,4,108,330,2,39,36,20,0,1.36598801612854,0
star_5,heavy,medium,baseline,303,12,12,4,8,100,306,2,31,29,23,0,1.4037656784057617,0
star_5,heavy,medium,p2_c120,101,12,12,8,4,108,330,2,39,36,20,0,1.3786790370941162,0
star_5,heavy,medium,p2_c120,202,12,12,8,4,108,330,2,39,36,20,0,1.371708869934082,0
star_5,heavy,medium,p2_c120,404,12,12,8,4,107,325,2,39,36,19,0,1.3988637924194336,0
star_5,heavy,medium,p2_c120_mp2,42,12,12,8,4,112,334,2,39,36,20,0,1.3995335102081299,0
star_5,heavy,medium,p2_c120_mp2,303,12,12,8,4,112,334,2,39,36,20,0,1.213242769241333,0
star_5,heavy,medium,p2_c120_h2,202,12,12,8,4,108,330,2,39,36,20,0,1.172999620437622,0
star_5,heavy,medium,p2_c120_mp2,101,12,12,8,4,112,334,2,39,36,20,0,1.3790628910064697,0
star_5,heavy,medium,p2_c120_mp2,202,12,12,8,4,112,334,2,39,36,20,0,1.359419345855713,0
star_5,heavy,medium,p2_c120_mp2,404,12,12,8,4,111,329,2,39,36,19,0,1.3923068046569824,0
star_5,heavy,medium,p2_c120_h2,42,12,12,8,4,108,330,2,39,36,20,0,1.3967227935791016,0
star_5,heavy,medium,p2_c120_h2,101,12,12,8,4,108,330,2,39,36,20,0,1.4247369766235352,0
star_5,heavy,medium,p2_c40,202,12,12,0,12,94,294,0,24,32,18,0,1.1698145866394043,0
star_5,heavy,medium,p2_c120_h2,404,12,12,8,4,107,325,2,39,36,19,0,1.3865079879760742,0
star_5,heavy,medium,p2_c40,42,12,12,0,12,94,294,0,24,32,18,0,1.37229323387146,0
star_5,heavy,medium,p2_c40,101,12,12,0,12,94,294,0,24,32,18,0,1.3421404361724854,0
star_5,heavy,medium,p2_c120_h2,303,12,12,8,4,108,330,2,39,36,20,0,1.4427306652069092,0
star_5,heavy,medium,p2_c40_penalty_off,42,12,12,0,12,94,294,0,24,32,18,0,1.1781361103057861,0
star_5,heavy,medium,p2_c40,303,12,12,0,12,94,294,0,24,32,18,0,1.346048355102539,0
star_5,heavy,medium,p2_c40,404,12,12,0,12,93,289,0,24,32,17,0,1.3179380893707275,0
star_5,heavy,medium,p2_c40_penalty_off,404,12,12,0,12,93,289,0,24,32,17,0,1.2087321281433105,0
star_5,heavy,medium,p2_c40_penalty_off,101,12,12,0,12,94,294,0,24,32,18,0,1.3385224342346191,0
star_5,heavy,medium,p2_c40_penalty_off,202,12,12,0,12,94,294,0,24,32,18,0,1.4139630794525146,0
star_5,heavy,frequent,baseline,303,12,12,4,8,142,438,0,32,48,26,0,1.197401523590088,0
star_5,heavy,medium,p2_c40_penalty_off,303,12,12,0,12,94,294,0,24,32,18,0,1.390594720840454,0
star_5,heavy,frequent,baseline,404,12,12,4,8,141,433,0,32,48,25,0,1.2350010871887207,0
star_5,heavy,frequent,baseline,42,12,12,4,8,142,438,0,32,48,26,0,1.3927114009857178,0
star_5,heavy,frequent,p2_c120,42,12,12,8,4,150,462,0,40,56,22,0,1.3104033470153809,0
star_5,heavy,frequent,baseline,202,12,12,4,8,142,438,0,32,48,26,0,1.397195816040039,0
star_5,heavy,frequent,baseline,101,12,12,4,8,142,438,0,32,48,26,0,1.4162018299102783,0
star_5,heavy,frequent,p2_c120,101,12,12,8,4,150,462,0,40,56,22,0,1.4188497066497803,0
star_5,heavy,frequent,p2_c120_mp2,101,12,12,8,4,154,466,0,40,56,22,0,1.1626677513122559,0
star_5,heavy,frequent,p2_c120,404,12,12,8,4,149,457,0,40,56,21,0,1.2802445888519287,0
star_5,heavy,frequent,p2_c120,303,12,12,8,4,150,462,0,40,56,22,0,1.3224127292633057,0
star_5,heavy,frequent,p2_c120,202,12,12,8,4,150,462,0,40,56,22,0,1.391885757446289,0
star_5,heavy,frequent,p2_c120_mp2,202,12,12,8,4,154,466,0,40,56,22,0,1.3122456073760986,0
star_5,heavy,frequent,p2_c120_mp2,42,12,12,8,4,154,466,0,40,56,22,0,1.36893630027771,0
star_5,heavy,frequent,p2_c120_h2,202,12,12,8,4,150,462,0,40,56,22,0,1.2172291278839111,0
star_5,heavy,frequent,p2_c120_mp2,404,12,12,8,4,153,461,0,40,56,21,0,1.3487331867218018,0
star_5,heavy,frequent,p2_c120_mp2,303,12,12,8,4,154,466,0,40,56,22,0,1.4272642135620117,0
star_5,heavy,frequent,p2_c40,42,12,12,0,12,134,414,0,24,52,18,0,1.3138885498046875,0
star_5,heavy,frequent,p2_c120_h2,42,12,12,8,4,150,462,0,40,56,22,0,1.4698529243469238,0
star_5,heavy,frequent,p2_c120_h2,101,12,12,8,4,150,462,0,40,56,22,0,1.4422883987426758,0
star_5,heavy,frequent,p2_c120_h2,404,12,12,8,4,149,457,0,40,56,21,0,1.4389500617980957,0
star_5,heavy,frequent,p2_c120_h2,303,12,12,8,4,150,462,0,40,56,22,0,1.4578545093536377,0
star_5,heavy,frequent,p2_c40,101,12,12,0,12,134,414,0,24,52,18,0,1.44476318359375,0
star_5,heavy,frequent,p2_c40,202,12,12,0,12,134,414,0,24,52,18,0,1.3839693069458008,0
star_5,heavy,frequent,p2_c40,303,12,12,0,12,134,414,0,24,52,18,0,1.342836856842041,0
star_5,heavy,frequent,p2_c40,404,12,12,0,12,133,409,0,24,52,17,0,1.28928542137146,0
star_5,heavy,frequent,p2_c40_penalty_off,42,12,12,0,12,134,414,0,24,52,18,0,1.3424773216247559,0
star_5,sparse,medium,baseline,42,5,5,4,1,74,234,0,18,28,12,0,1.2469937801361084,0
star_5,sparse,medium,baseline,202,5,5,4,1,74,234,0,18,28,12,0,1.2299997806549072,0
star_5,sparse,medium,baseline,303,5,5,4,1,74,234,0,18,28,12,0,1.2273375988006592,0
star_5,heavy,frequent,p2_c40_penalty_off,101,12,12,0,12,134,414,0,24,52,18,0,1.4176008701324463,0
star_5,heavy,frequent,p2_c40_penalty_off,404,12,12,0,12,133,409,0,24,52,17,0,1.3694326877593994,0
star_5,heavy,frequent,p2_c40_penalty_off,202,12,12,0,12,134,414,0,24,52,18,0,1.4440879821777344,0
star_5,heavy,frequent,p2_c40_penalty_off,303,12,12,0,12,134,414,0,24,52,18,0,1.4412071704864502,0
star_5,sparse,medium,baseline,101,5,5,4,1,74,234,0,18,28,12,0,1.3437285423278809,0
star_5,sparse,medium,baseline,404,5,5,4,1,73,229,0,18,28,11,0,1.3824315071105957,0
star_5,sparse,medium,p2_c120,303,5,5,4,1,74,234,0,18,28,12,0,1.3165314197540283,0
star_5,sparse,medium,p2_c120,101,5,5,4,1,74,234,0,18,28,12,0,1.3681023120880127,0
star_5,sparse,medium,p2_c120,42,5,5,4,1,74,234,0,18,28,12,0,1.4121413230895996,0
star_5,sparse,medium,p2_c120,202,5,5,4,1,74,234,0,18,28,12,0,1.3737387657165527,0
star_5,sparse,medium,p2_c120,404,5,5,4,1,73,229,0,18,28,11,0,1.2719602584838867,0
star_5,sparse,medium,p2_c120_mp2,101,5,5,4,1,75,235,0,18,28,12,0,1.3235864639282227,0
star_5,sparse,medium,p2_c120_mp2,42,5,5,4,1,75,235,0,18,28,12,0,1.4170622825622559,0
star_5,sparse,medium,p2_c120_mp2,303,5,5,4,1,75,235,0,18,28,12,0,1.3038969039916992,0
star_5,sparse,medium,p2_c120_mp2,202,5,5,4,1,75,235,0,18,28,12,0,1.4046473503112793,0
star_5,sparse,medium,p2_c120_mp2,404,5,5,4,1,74,230,0,18,28,11,0,1.3286924362182617,0
star_5,sparse,medium,p2_c40,101,5,5,0,5,66,210,0,10,25,11,0,1.172217607498169,0
star_5,sparse,medium,p2_c120_h2,202,5,5,4,1,74,234,0,18,28,12,0,1.3671684265136719,0
star_5,sparse,medium,p2_c120_h2,303,5,5,4,1,74,234,0,18,28,12,0,1.361659049987793,0
star_5,sparse,medium,p2_c120_h2,404,5,5,4,1,73,229,0,18,28,11,0,1.240295648574829,0
star_5,sparse,medium,p2_c120_h2,42,5,5,4,1,74,234,0,18,28,12,0,1.4189786911010742,0
star_5,sparse,medium,p2_c120_h2,101,5,5,4,1,74,234,0,18,28,12,0,1.4288554191589355,0
star_5,sparse,medium,p2_c40,202,5,5,0,5,66,210,0,10,25,11,0,1.2526018619537354,0
star_5,sparse,medium,p2_c40,42,5,5,0,5,66,210,0,10,25,11,0,1.3544375896453857,0
star_5,sparse,medium,p2_c40,404,5,5,0,5,65,205,0,10,25,10,0,1.1119880676269531,0
star_5,sparse,medium,p2_c40,303,5,5,0,5,66,210,0,10,25,11,0,1.2634503841400146,0
star_5,sparse,medium,p2_c40_penalty_off,404,5,5,0,5,65,205,0,10,25,10,0,1.1459269523620605,0
star_5,sparse,medium,p2_c40_penalty_off,42,5,5,0,5,66,210,0,10,25,11,0,1.31868577003479,0
star_5,sparse,medium,p2_c40_penalty_off,101,5,5,0,5,66,210,0,10,25,11,0,1.3415117263793945,0
star_5,sparse,medium,p2_c40_penalty_off,202,5,5,0,5,66,210,0,10,25,11,0,1.35660719871521,0
star_5,sparse,frequent,baseline,42,5,5,4,1,107,311,6,15,45,8,0,1.3404252529144287,0
star_5,sparse,medium,p2_c40_penalty_off,303,5,5,0,5,66,210,0,10,25,11,0,1.3676767349243164,0
star_5,sparse,frequent,baseline,101,5,5,4,1,106,312,6,13,45,8,0,1.3729233741760254,0
star_5,sparse,frequent,baseline,202,5,5,4,1,106,312,6,13,45,8,0,1.3990387916564941,0
star_5,sparse,frequent,baseline,404,5,5,4,1,105,307,6,13,45,7,0,1.3794810771942139,0
star_5,sparse,frequent,baseline,303,5,5,4,1,106,312,6,13,45,8,0,1.4255521297454834,0
star_5,sparse,frequent,p2_c120,101,5,5,4,1,106,312,6,13,45,8,0,1.4214518070220947,0
star_5,sparse,frequent,p2_c120,202,5,5,4,1,106,312,6,13,45,8,0,1.4125738143920898,0
star_5,sparse,frequent,p2_c120,42,5,5,4,1,107,311,6,15,45,8,0,1.4777815341949463,0
star_5,sparse,frequent,p2_c120_mp2,202,5,5,4,1,107,313,6,13,45,8,0,1.1779379844665527,0
star_5,sparse,frequent,p2_c120,303,5,5,4,1,106,312,6,13,45,8,0,1.3594350814819336,0
star_5,sparse,frequent,p2_c120_mp2,42,5,5,4,1,108,312,6,15,45,8,0,1.2865865230560303,0
star_5,sparse,frequent,p2_c120,404,5,5,4,1,105,307,6,13,45,7,0,1.347761631011963,0
star_5,sparse,frequent,p2_c120_mp2,101,5,5,4,1,107,313,6,13,45,8,0,1.2358510494232178,0
star_5,sparse,frequent,p2_c120_h2,202,5,5,4,1,106,312,6,13,45,8,0,1.260289192199707,0
star_5,sparse,frequent,p2_c120_mp2,303,5,5,4,1,107,313,6,13,45,8,0,1.404604434967041,0
star_5,sparse,frequent,p2_c120_mp2,404,5,5,4,1,106,308,6,13,45,7,0,1.3926475048065186,0
star_5,sparse,frequent,p2_c120_h2,404,5,5,4,1,105,307,6,13,45,7,0,1.322763442993164,0
star_5,sparse,frequent,p2_c120_h2,42,5,5,4,1,107,311,6,15,45,8,0,1.419682264328003,0
star_5,sparse,frequent,p2_c40,202,5,5,0,5,106,330,0,10,45,11,0,1.2681844234466553,0
star_5,sparse,frequent,p2_c120_h2,101,5,5,4,1,106,312,6,13,45,8,0,1.463324785232544,0
star_5,sparse,frequent,p2_c120_h2,303,5,5,4,1,106,312,6,13,45,8,0,1.4449388980865479,0
star_5,sparse,frequent,p2_c40,42,5,5,0,5,106,330,0,10,45,11,0,1.3438360691070557,0
star_5,sparse,frequent,p2_c40,303,5,5,0,5,104,318,2,9,43,11,0,1.2336132526397705,0
star_5,sparse,frequent,p2_c40,101,5,5,0,5,105,324,1,9,44,11,0,1.4440600872039795,0
star_5,sparse,frequent,p2_c40,404,5,5,0,5,103,313,2,9,43,10,0,1.288862943649292,0
star_5,sparse,frequent,p2_c40_penalty_off,101,5,5,0,5,105,324,1,9,44,11,0,1.3624413013458252,0
star_5,sparse,frequent,p2_c40_penalty_off,42,5,5,0,5,106,330,0,10,45,11,0,1.4158074855804443,0
star_5,sparse,frequent,p2_c40_penalty_off,303,5,5,0,5,104,318,2,9,43,11,0,1.3976409435272217,0
star_5,sparse,frequent,p2_c40_penalty_off,202,5,5,0,5,106,330,0,10,45,11,0,1.4049828052520752,0
star_5,sparse,frequent,p2_c40_penalty_off,404,5,5,0,5,103,313,2,9,43,10,0,1.3786547183990479,0
star_6,medium,medium,baseline,303,6,6,5,1,88,323,0,22,34,13,0,1.3160793781280518,0
star_6,medium,medium,baseline,42,6,6,5,1,88,323,0,22,34,13,0,1.548497200012207,0
star_6,medium,medium,baseline,101,6,6,5,1,88,323,0,22,34,13,0,1.4578464031219482,0
star_6,medium,medium,baseline,202,6,6,5,1,88,323,0,22,34,13,0,1.486116647720337,0
star_6,medium,medium,p2_c120,202,6,6,5,1,88,323,0,22,34,13,0,1.3364975452423096,0
star_6,medium,medium,p2_c120_mp2,42,6,6,5,1,89,324,0,22,34,13,0,1.3691468238830566,0
star_6,medium,medium,baseline,404,6,6,5,1,87,317,0,22,34,12,0,1.516385793685913,0
star_6,medium,medium,p2_c120,42,6,6,5,1,88,323,0,22,34,13,0,1.5792624950408936,0
star_6,medium,medium,p2_c120,303,6,6,5,1,88,323,0,22,34,13,0,1.5506980419158936,0
star_6,medium,medium,p2_c120_mp2,101,6,6,5,1,89,324,0,22,34,13,0,1.3931019306182861,0
star_6,medium,medium,p2_c120,101,6,6,5,1,88,323,0,22,34,13,0,1.63370943069458,0
star_6,medium,medium,p2_c120,404,6,6,5,1,87,317,0,22,34,12,0,1.6497695446014404,0
star_6,medium,medium,p2_c120_mp2,404,6,6,5,1,88,318,0,22,34,12,0,1.456078290939331,0
star_6,medium,medium,p2_c120_mp2,202,6,6,5,1,89,324,0,22,34,13,0,1.5762476921081543,0
star_6,medium,medium,p2_c120_h2,42,6,6,5,1,88,323,0,22,34,13,0,1.5639100074768066,0
star_6,medium,medium,p2_c120_mp2,303,6,6,5,1,89,324,0,22,34,13,0,1.5977821350097656,0
star_6,medium,medium,p2_c120_h2,202,6,6,5,1,88,323,0,22,34,13,0,1.5161080360412598,0
star_6,medium,medium,p2_c120_h2,303,6,6,5,1,88,323,0,22,34,13,0,1.5534920692443848,0
star_6,medium,medium,p2_c120_h2,101,6,6,5,1,88,323,0,22,34,13,0,1.584552526473999,0
star_6,medium,medium,p2_c40,42,6,6,0,6,78,288,0,12,30,12,0,1.5541229248046875,0
star_6,medium,medium,p2_c120_h2,404,6,6,5,1,87,317,0,22,34,12,0,1.6283659934997559,0
star_6,medium,medium,p2_c40,101,6,6,0,6,78,288,0,12,30,12,0,1.5655546188354492,0
star_6,medium,medium,p2_c40,202,6,6,0,6,78,288,0,12,30,12,0,1.6324615478515625,0
star_6,medium,medium,p2_c40_penalty_off,202,6,6,0,6,78,288,0,12,30,12,0,1.4097228050231934,0
star_6,medium,medium,p2_c40,404,6,6,0,6,77,282,0,12,30,11,0,1.4862000942230225,0
star_6,medium,medium,p2_c40_penalty_off,42,6,6,0,6,78,288,0,12,30,12,0,1.5123116970062256,0
star_6,medium,medium,p2_c40,303,6,6,0,6,78,288,0,12,30,12,0,1.595728874206543,0
star_6,medium,medium,p2_c40_penalty_off,101,6,6,0,6,78,288,0,12,30,12,0,1.5764431953430176,0
star_6,medium,medium,p2_c40_penalty_off,303,6,6,0,6,78,288,0,12,30,12,0,1.5924813747406006,0
star_6,medium,frequent,baseline,42,6,6,5,1,136,491,0,22,58,13,0,1.5748140811920166,0
star_6,medium,medium,p2_c40_penalty_off,404,6,6,0,6,77,282,0,12,30,11,0,1.591188907623291,0
star_6,medium,frequent,baseline,404,6,6,5,1,135,485,0,22,58,12,0,1.4123508930206299,0
star_6,medium,frequent,baseline,101,6,6,5,1,136,491,0,22,58,13,0,1.6131210327148438,0
star_6,medium,frequent,baseline,303,6,6,5,1,136,491,0,22,58,13,0,1.5544121265411377,0
star_6,medium,frequent,baseline,202,6,6,5,1,136,491,0,22,58,13,0,1.6507236957550049,0
star_6,medium,frequent,p2_c120,42,6,6,5,1,136,491,0,22,58,13,0,1.5735738277435303,0
star_6,medium,frequent,p2_c120,101,6,6,5,1,136,491,0,22,58,13,0,1.6285388469696045,0
star_6,medium,frequent,p2_c120,303,6,6,5,1,136,491,0,22,58,13,0,1.6001312732696533,0
star_6,medium,frequent,p2_c120,202,6,6,5,1,136,491,0,22,58,13,0,1.6346282958984375,0
star_6,medium,frequent,p2_c120,404,6,6,5,1,135,485,0,22,58,12,0,1.6567542552947998,0
star_6,medium,frequent,p2_c120_h2,42,6,6,5,1,136,491,0,22,58,13,0,1.3657221794128418,0
star_6,medium,frequent,p2_c120_h2,101,6,6,5,1,136,491,0,22,58,13,0,1.456388235092163,0
star_6,medium,frequent,p2_c120_mp2,42,6,6,5,1,137,492,0,22,58,13,0,1.6374566555023193,0
star_6,medium,frequent,p2_c120_mp2,404,6,6,5,1,136,486,0,22,58,12,0,1.524217128753662,0
star_6,medium,frequent,p2_c120_mp2,202,6,6,5,1,137,492,0,22,58,13,0,1.6258246898651123,0
star_6,medium,frequent,p2_c40,202,6,6,0,6,126,456,0,12,54,12,0,1.255138874053955,0
star_6,medium,frequent,p2_c120_mp2,101,6,6,5,1,137,492,0,22,58,13,0,1.684361219406128,0
star_6,medium,frequent,p2_c120_mp2,303,6,6,5,1,137,492,0,22,58,13,0,1.682591199874878,0
star_6,medium,frequent,p2_c120_h2,303,6,6,5,1,136,491,0,22,58,13,0,1.6113917827606201,0
star_6,medium,frequent,p2_c120_h2,202,6,6,5,1,136,491,0,22,58,13,0,1.6320998668670654,0
star_6,medium,frequent,p2_c120_h2,404,6,6,5,1,135,485,0,22,58,12,0,1.6222424507141113,0
star_6,medium,frequent,p2_c40,42,6,6,0,6,126,456,0,12,54,12,0,1.4772365093231201,0
star_6,medium,frequent,p2_c40,101,6,6,0,6,126,456,0,12,54,12,0,1.616816520690918,0
star_6,medium,frequent,p2_c40,303,6,6,0,6,126,456,0,12,54,12,0,1.5953547954559326,0
star_6,medium,frequent,p2_c40,404,6,6,0,6,125,450,0,12,54,11,0,1.619633674621582,0
star_6,medium,frequent,p2_c40_penalty_off,42,6,6,0,6,126,456,0,12,54,12,0,1.5927276611328125,0
star_6,medium,frequent,p2_c40_penalty_off,404,6,6,0,6,125,450,0,12,54,11,0,1.322678804397583,0
star_6,heavy,medium,baseline,101,12,12,5,7,110,393,2,33,35,22,0,1.4229857921600342,0
star_6,medium,frequent,p2_c40_penalty_off,101,6,6,0,6,126,456,0,12,54,12,0,1.5854408740997314,0
star_6,medium,frequent,p2_c40_penalty_off,202,6,6,0,6,126,456,0,12,54,12,0,1.5838806629180908,0
star_6,heavy,medium,baseline,42,12,12,5,7,110,393,2,33,35,22,0,1.4897336959838867,0
star_6,heavy,medium,baseline,202,12,12,5,7,110,393,2,33,35,22,0,1.4900548458099365,0
star_6,medium,frequent,p2_c40_penalty_off,303,6,6,0,6,126,456,0,12,54,12,0,1.6775507926940918,0
star_6,heavy,medium,baseline,303,12,12,5,7,110,393,2,33,35,22,0,1.45833420753479,0
star_6,heavy,medium,p2_c120,303,12,12,7,5,114,407,2,37,38,21,0,1.3460218906402588,0
star_6,heavy,medium,p2_c120,101,12,12,7,5,114,407,2,37,38,21,0,1.5129070281982422,0
star_6,heavy,medium,p2_c120,42,12,12,7,5,114,407,2,37,38,21,0,1.5810339450836182,0
star_6,heavy,medium,baseline,404,12,12,5,7,109,387,2,33,35,21,0,1.6106512546539307,0
star_6,heavy,medium,p2_c120,404,12,12,7,5,113,401,2,37,38,20,0,1.3772635459899902,0
star_6,heavy,medium,p2_c120_mp2,202,12,12,7,5,119,412,2,37,38,21,0,1.3567931652069092,0
star_6,heavy,medium,p2_c120,202,12,12,7,5,114,407,2,37,38,21,0,1.623490571975708,0
star_6,heavy,medium,p2_c120_mp2,42,12,12,7,5,119,412,2,37,38,21,0,1.533684492111206,0
star_6,heavy,medium,p2_c120_mp2,101,12,12,7,5,119,412,2,37,38,21,0,1.6460645198822021,0
star_6,heavy,medium,p2_c120_h2,202,12,12,7,5,114,407,2,37,38,21,0,1.4289436340332031,0
star_6,heavy,medium,p2_c120_mp2,404,12,12,7,5,118,406,2,37,38,20,0,1.5331039428710938,0
star_6,heavy,medium,p2_c120_mp2,303,12,12,7,5,119,412,2,37,38,21,0,1.5476315021514893,0
star_6,heavy,medium,p2_c120_h2,42,12,12,7,5,114,407,2,37,38,21,0,1.5266869068145752,0
star_6,heavy,medium,p2_c120_h2,101,12,12,7,5,114,407,2,37,38,21,0,1.6320853233337402,0
star_6,heavy,medium,p2_c120_h2,404,12,12,7,5,113,401,2,37,38,20,0,1.5302314758300781,0
star_6,heavy,medium,p2_c120_h2,303,12,12,7,5,114,407,2,37,38,21,0,1.6711781024932861,0
star_6,heavy,medium,p2_c40,42,12,12,0,12,102,372,0,24,36,18,0,1.5531609058380127,0
star_6,heavy,medium,p2_c40,101,12,12,0,12,102,372,0,24,36,18,0,1.6241428852081299,0
star_6,heavy,medium,p2_c40,202,12,12,0,12,102,372,0,24,36,18,0,1.5760722160339355,0
star_6,heavy,medium,p2_c40,303,12,12,0,12,102,372,0,24,36,18,0,1.6108877658843994,0
star_6,heavy,medium,p2_c40_penalty_off,101,12,12,0,12,102,372,0,24,36,18,0,1.374664306640625,0
star_6,heavy,medium,p2_c40,404,12,12,0,12,101,366,0,24,36,17,0,1.602611780166626,0
star_6,heavy,medium,p2_c40_penalty_off,42,12,12,0,12,102,372,0,24,36,18,0,1.420276165008545,0
star_6,heavy,medium,p2_c40_penalty_off,303,12,12,0,12,102,372,0,24,36,18,0,1.557112216949463,0
star_6,heavy,medium,p2_c40_penalty_off,404,12,12,0,12,101,366,0,24,36,17,0,1.5610342025756836,0
star_6,heavy,medium,p2_c40_penalty_off,202,12,12,0,12,102,372,0,24,36,18,0,1.634160041809082,0
star_6,heavy,frequent,baseline,42,12,12,5,7,160,575,0,34,58,25,0,1.564957618713379,0
star_6,heavy,frequent,baseline,101,12,12,5,7,160,575,0,34,58,25,0,1.6626696586608887,0
star_6,heavy,frequent,baseline,303,12,12,5,7,160,575,0,34,58,25,0,1.549678087234497,0
star_6,heavy,frequent,p2_c120,303,12,12,7,5,164,589,0,38,62,23,0,1.3927485942840576,0
star_6,heavy,frequent,baseline,202,12,12,5,7,160,575,0,34,58,25,0,1.6599514484405518,0
star_6,heavy,frequent,baseline,404,12,12,5,7,159,569,0,34,58,24,0,1.5725476741790771,0
star_6,heavy,frequent,p2_c120,42,12,12,7,5,164,589,0,38,62,23,0,1.5731327533721924,0
star_6,heavy,frequent,p2_c120,101,12,12,7,5,164,589,0,38,62,23,0,1.5989482402801514,0
star_6,heavy,frequent,p2_c120_mp2,202,12,12,7,5,169,594,0,38,62,23,0,1.3267643451690674,0
star_6,heavy,frequent,p2_c120_mp2,101,12,12,7,5,169,594,0,38,62,23,0,1.374645471572876,0
star_6,heavy,frequent,p2_c120_mp2,404,12,12,7,5,168,588,0,38,62,22,0,1.3785762786865234,0
star_6,heavy,frequent,p2_c120,202,12,12,7,5,164,589,0,38,62,23,0,1.6303496360778809,0
star_6,heavy,frequent,p2_c120_mp2,303,12,12,7,5,169,594,0,38,62,23,0,1.4504618644714355,0
star_6,heavy,frequent,p2_c120_mp2,42,12,12,7,5,169,594,0,38,62,23,0,1.4815254211425781,0
star_6,heavy,frequent,p2_c120,404,12,12,7,5,163,583,0,38,62,22,0,1.6402003765106201,0
star_6,heavy,frequent,p2_c120_h2,101,12,12,7,5,164,589,0,38,62,23,0,1.6384012699127197,0
star_6,heavy,frequent,p2_c120_h2,42,12,12,7,5,164,589,0,38,62,23,0,1.651630163192749,0
star_6,heavy,frequent,p2_c120_h2,202,12,12,7,5,164,589,0,38,62,23,0,1.6536238193511963,0
star_6,heavy,frequent,p2_c40,101,12,12,0,12,150,540,0,24,60,18,0,1.4382681846618652,0
star_6,heavy,frequent,p2_c120_h2,303,12,12,7,5,164,589,0,38,62,23,0,1.6736865043640137,0
star_6,heavy,frequent,p2_c40,42,12,12,0,12,150,540,0,24,60,18,0,1.669867992401123,0
star_6,heavy,frequent,p2_c120_h2,404,12,12,7,5,163,583,0,38,62,22,0,1.684574842453003,0
star_6,heavy,frequent,p2_c40,202,12,12,0,12,150,540,0,24,60,18,0,1.5401663780212402,0
star_6,heavy,frequent,p2_c40,404,12,12,0,12,149,534,0,24,60,17,0,1.515516996383667,0
star_6,heavy,frequent,p2_c40,303,12,12,0,12,150,540,0,24,60,18,0,1.6496567726135254,0
star_6,heavy,frequent,p2_c40_penalty_off,42,12,12,0,12,150,540,0,24,60,18,0,1.5556163787841797,0
star_6,heavy,frequent,p2_c40_penalty_off,101,12,12,0,12,150,540,0,24,60,18,0,1.5625460147857666,0
star_6,heavy,frequent,p2_c40_penalty_off,202,12,12,0,12,150,540,0,24,60,18,0,1.5820529460906982,0
star_6,heavy,frequent,p2_c40_penalty_off,404,12,12,0,12,149,534,0,24,60,17,0,1.5275864601135254,0
star_6,sparse,medium,baseline,404,5,5,5,0,83,303,0,20,34,10,0,1.3625688552856445,0
star_6,heavy,frequent,p2_c40_penalty_off,303,12,12,0,12,150,540,0,24,60,18,0,1.6672008037567139,0
star_6,sparse,medium,p2_c120,202,5,5,5,0,84,309,0,20,34,11,0,1.3607614040374756,0
star_6,sparse,medium,baseline,42,5,5,5,0,84,309,0,20,34,11,0,1.5947728157043457,0
star_6,sparse,medium,p2_c120_mp2,101,5,5,5,0,84,309,0,20,34,11,0,1.3316898345947266,0
star_6,sparse,medium,baseline,202,5,5,5,0,84,309,0,20,34,11,0,1.5925679206848145,0
star_6,sparse,medium,p2_c120,404,5,5,5,0,83,303,0,20,34,10,0,1.407515525817871,0
star_6,sparse,medium,baseline,101,5,5,5,0,84,309,0,20,34,11,0,1.616377353668213,0
star_6,sparse,medium,p2_c120_mp2,202,5,5,5,0,84,309,0,20,34,11,0,1.340118646621704,0
star_6,sparse,medium,baseline,303,5,5,5,0,84,309,0,20,34,11,0,1.5948359966278076,0
star_6,sparse,medium,p2_c120,303,5,5,5,0,84,309,0,20,34,11,0,1.4796996116638184,0
star_6,sparse,medium,p2_c120,42,5,5,5,0,84,309,0,20,34,11,0,1.5778424739837646,0
star_6,sparse,medium,p2_c120,101,5,5,5,0,84,309,0,20,34,11,0,1.5810298919677734,0
star_6,sparse,medium,p2_c120_mp2,42,5,5,5,0,84,309,0,20,34,11,0,1.5452501773834229,0
star_6,sparse,medium,p2_c120_mp2,404,5,5,5,0,83,303,0,20,34,10,0,1.5474627017974854,0
star_6,sparse,medium,p2_c120_mp2,303,5,5,5,0,84,309,0,20,34,11,0,1.6555416584014893,0
star_6,sparse,medium,p2_c40,42,5,5,0,5,74,274,0,10,29,11,0,1.3131883144378662,0
star_6,sparse,medium,p2_c120_h2,101,5,5,5,0,84,309,0,20,34,11,0,1.5500001907348633,0
star_6,sparse,medium,p2_c120_h2,42,5,5,5,0,84,309,0,20,34,11,0,1.5776312351226807,0
star_6,sparse,medium,p2_c120_h2,404,5,5,5,0,83,303,0,20,34,10,0,1.4622571468353271,0
star_6,sparse,medium,p2_c120_h2,303,5,5,5,0,84,309,0,20,34,11,0,1.4914405345916748,0
star_6,sparse,medium,p2_c120_h2,202,5,5,5,0,84,309,0,20,34,11,0,1.622814655303955,0
star_6,sparse,medium,p2_c40,101,5,5,0,5,74,274,0,10,29,11,0,1.5576260089874268,0
star_6,sparse,medium,p2_c40,202,5,5,0,5,74,274,0,10,29,11,0,1.5778121948242188,0
star_6,sparse,medium,p2_c40,303,5,5,0,5,74,274,0,10,29,11,0,1.6258230209350586,0
star_6,sparse,medium,p2_c40_penalty_off,42,5,5,0,5,74,274,0,10,29,11,0,1.5890438556671143,0
star_6,sparse,medium,p2_c40,404,5,5,0,5,73,268,0,10,29,10,0,1.6194791793823242,0
star_6,sparse,medium,p2_c40_penalty_off,303,5,5,0,5,74,274,0,10,29,11,0,1.4940056800842285,0
star_6,sparse,medium,p2_c40_penalty_off,101,5,5,0,5,74,274,0,10,29,11,0,1.6483051776885986,0
star_6,sparse,medium,p2_c40_penalty_off,202,5,5,0,5,74,274,0,10,29,11,0,1.6499321460723877,0
star_6,sparse,frequent,baseline,101,5,5,5,0,125,428,7,17,54,8,0,1.4799933433532715,0
star_6,sparse,frequent,p2_c120,42,5,5,5,0,124,428,6,15,54,8,0,1.4612305164337158,0
star_6,sparse,medium,p2_c40_penalty_off,404,5,5,0,5,73,268,0,10,29,10,0,1.6072511672973633,0
star_6,sparse,frequent,p2_c120,202,5,5,5,0,124,428,6,15,54,8,0,1.4683234691619873,0
star_6,sparse,frequent,baseline,42,5,5,5,0,124,428,6,15,54,8,0,1.5640449523925781,0
star_6,sparse,frequent,baseline,202,5,5,5,0,124,428,6,15,54,8,0,1.5459659099578857,0
star_6,sparse,frequent,p2_c120_mp2,42,5,5,5,0,124,428,6,15,54,8,0,1.433772325515747,0
star_6,sparse,frequent,baseline,404,5,5,5,0,123,422,6,15,54,7,0,1.6103427410125732,0
star_6,sparse,frequent,p2_c120,303,5,5,5,0,126,435,6,17,55,8,0,1.6460037231445312,0
star_6,sparse,frequent,p2_c120,404,5,5,5,0,123,422,6,15,54,7,0,1.6295320987701416,0
star_6,sparse,frequent,p2_c120,101,5,5,5,0,125,428,7,17,54,8,0,1.6860377788543701,0
star_6,sparse,frequent,baseline,303,5,5,5,0,126,435,6,17,55,8,0,1.71022629737854,0
star_6,sparse,frequent,p2_c120_mp2,101,5,5,5,0,125,428,7,17,54,8,0,1.4641203880310059,0
star_6,sparse,frequent,p2_c120_h2,42,5,5,5,0,124,428,6,15,54,8,0,1.3783483505249023,0
star_6,sparse,frequent,p2_c120_mp2,404,5,5,5,0,123,422,6,15,54,7,0,1.4760584831237793,0
star_6,sparse,frequent,p2_c120_mp2,202,5,5,5,0,124,428,6,15,54,8,0,1.5883920192718506,0
star_6,sparse,frequent,p2_c120_mp2,303,5,5,5,0,126,435,6,17,55,8,0,1.6277780532836914,0
star_6,sparse,frequent,p2_c120_h2,303,5,5,5,0,126,435,6,17,55,8,0,1.5452520847320557,0
star_6,sparse,frequent,p2_c120_h2,202,5,5,5,0,124,428,6,15,54,8,0,1.600261926651001,0
star_6,sparse,frequent,p2_c120_h2,101,5,5,5,0,125,428,7,17,54,8,0,1.6744167804718018,0
star_6,sparse,frequent,p2_c120_h2,404,5,5,5,0,123,422,6,15,54,7,0,1.6245677471160889,0
star_6,sparse,frequent,p2_c40,42,5,5,0,5,122,442,0,10,53,11,0,1.6303973197937012,0
star_6,sparse,frequent,p2_c40,303,5,5,0,5,122,442,0,10,53,11,0,1.4766747951507568,0
star_6,sparse,frequent,p2_c40,404,5,5,0,5,119,422,2,9,51,10,0,1.5744662284851074,0
star_6,sparse,frequent,p2_c40,202,5,5,0,5,118,414,4,8,49,11,0,1.5987231731414795,0
star_6,sparse,frequent,p2_c40,101,5,5,0,5,122,442,0,10,53,11,0,1.7016170024871826,0
star_6,sparse,frequent,p2_c40_penalty_off,42,5,5,0,5,122,442,0,10,53,11,0,1.5547709465026855,0
star_8,medium,medium,baseline,202,6,6,6,0,105,488,0,24,43,12,0,1.5541722774505615,0
star_6,sparse,frequent,p2_c40_penalty_off,404,5,5,0,5,119,422,2,9,51,10,0,1.601151704788208,0
star_6,sparse,frequent,p2_c40_penalty_off,202,5,5,0,5,118,414,4,8,49,11,0,1.6815185546875,0
star_6,sparse,frequent,p2_c40_penalty_off,101,5,5,0,5,122,442,0,10,53,11,0,1.6931350231170654,0
star_6,sparse,frequent,p2_c40_penalty_off,303,5,5,0,5,122,442,0,10,53,11,0,1.6867132186889648,0
star_8,medium,medium,baseline,303,6,6,6,0,106,498,0,24,44,12,0,1.8090953826904297,0
star_8,medium,medium,baseline,42,6,6,6,0,106,498,0,24,44,12,0,2.0062057971954346,0
star_8,medium,medium,baseline,101,6,6,6,0,106,498,0,24,44,12,0,2.0660603046417236,0
star_8,medium,medium,baseline,404,6,6,6,0,105,490,0,24,44,11,0,1.9807262420654297,0
star_8,medium,medium,p2_c120,404,6,6,6,0,105,490,0,24,44,11,0,1.622776985168457,0
star_8,medium,medium,p2_c120,202,6,6,6,0,105,488,0,24,43,12,0,2.003166675567627,0
star_8,medium,medium,p2_c120,303,6,6,6,0,106,498,0,24,44,12,0,2.0306107997894287,0
star_8,medium,medium,p2_c120,42,6,6,6,0,106,498,0,24,44,12,0,2.048842668533325,0
star_8,medium,medium,p2_c120,101,6,6,6,0,106,498,0,24,44,12,0,2.296898603439331,0
star_8,medium,medium,p2_c120_mp2,42,6,6,6,0,106,498,0,24,44,12,0,2.0186140537261963,0
star_8,medium,medium,p2_c120_mp2,101,6,6,6,0,106,498,0,24,44,12,0,2.0045971870422363,0
star_8,medium,medium,p2_c120_mp2,202,6,6,6,0,105,488,0,24,43,12,0,1.9498882293701172,0
star_8,medium,medium,p2_c120_h2,101,6,6,6,0,106,498,0,24,44,12,0,1.8404033184051514,0
star_8,medium,medium,p2_c120_mp2,303,6,6,6,0,106,498,0,24,44,12,0,2.0095572471618652,0
star_8,medium,medium,p2_c120_mp2,404,6,6,6,0,105,490,0,24,44,11,0,2.0482771396636963,0
star_8,medium,medium,p2_c120_h2,42,6,6,6,0,106,498,0,24,44,12,0,2.113042116165161,0
star_8,medium,medium,p2_c120_h2,202,6,6,6,0,105,488,0,24,43,12,0,2.01863431930542,0
star_8,medium,medium,p2_c120_h2,303,6,6,6,0,106,498,0,24,44,12,0,1.9685168266296387,0
star_8,medium,medium,p2_c40,404,6,6,0,6,93,436,0,12,38,11,0,1.6456093788146973,0
star_8,medium,medium,p2_c40,42,5,6,0,6,91,427,0,10,37,11,0,1.879737377166748,0
star_8,medium,medium,p2_c40,101,6,6,0,6,94,444,0,12,38,12,0,1.9322857856750488,0
star_8,medium,medium,p2_c40,202,6,6,0,6,93,434,0,12,37,12,0,1.9040052890777588,0
star_8,medium,medium,p2_c120_h2,404,6,6,6,0,105,490,0,24,44,11,0,2.0703179836273193,0
star_8,medium,medium,p2_c40,303,6,6,0,6,94,444,0,12,38,12,0,1.9837875366210938,0
star_8,medium,medium,p2_c40_penalty_off,202,6,6,0,6,93,434,0,12,37,12,0,1.9743719100952148,0
star_8,medium,medium,p2_c40_penalty_off,101,6,6,0,6,94,444,0,12,38,12,0,1.988661766052246,0
star_8,medium,medium,p2_c40_penalty_off,42,5,6,0,6,91,427,0,10,37,11,0,2.077676296234131,0
star_8,medium,medium,p2_c40_penalty_off,404,6,6,0,6,93,436,0,12,38,11,0,1.833571195602417,0
star_8,medium,medium,p2_c40_penalty_off,303,6,6,0,6,94,444,0,12,38,12,0,2.1342990398406982,0
star_8,medium,frequent,baseline,303,6,6,6,0,168,768,2,24,74,12,0,1.9246394634246826,0
star_8,medium,frequent,baseline,202,6,6,6,0,169,776,0,24,75,12,0,1.9924001693725586,0
star_8,medium,frequent,baseline,42,6,6,6,0,170,786,0,24,76,12,0,2.1114180088043213,0
star_8,medium,frequent,baseline,101,6,6,6,0,170,786,0,24,76,12,0,2.1114726066589355,0
star_8,medium,frequent,p2_c120,42,6,6,6,0,170,786,0,24,76,12,0,1.9986956119537354,0
star_8,medium,frequent,baseline,404,6,6,6,0,169,778,0,24,76,11,0,2.052375555038452,0
star_8,medium,frequent,p2_c120,101,6,6,6,0,170,786,0,24,76,12,0,2.048105478286743,0
star_8,medium,frequent,p2_c120,202,6,6,6,0,169,776,0,24,75,12,0,2.0404772758483887,0
star_8,medium,frequent,p2_c120,303,6,6,6,0,168,768,2,24,74,12,0,1.9860975742340088,0
star_8,medium,frequent,p2_c120,404,6,6,6,0,169,778,0,24,76,11,0,1.960602045059204,0
star_8,medium,frequent,p2_c120_mp2,42,6,6,6,0,170,786,0,24,76,12,0,2.16494083404541,0
star_8,medium,frequent,p2_c120_mp2,101,6,6,6,0,170,786,0,24,76,12,0,2.098646402359009,0
star_8,medium,frequent,p2_c120_mp2,202,6,6,6,0,169,776,0,24,75,12,0,2.1732285022735596,0
star_8,medium,frequent,p2_c120_mp2,404,6,6,6,0,169,778,0,24,76,11,0,2.033865451812744,0
star_8,medium,frequent,p2_c120_mp2,303,6,6,6,0,168,768,2,24,74,12,0,2.211357831954956,0
star_8,medium,frequent,p2_c120_h2,404,6,6,6,0,169,778,0,24,76,11,0,1.8493916988372803,0
star_8,medium,frequent,p2_c120_h2,42,6,6,6,0,170,786,0,24,76,12,0,2.1310150623321533,0
star_8,medium,frequent,p2_c120_h2,101,6,6,6,0,170,786,0,24,76,12,0,2.1231179237365723,0
star_8,medium,frequent,p2_c120_h2,303,6,6,6,0,168,768,2,24,74,12,0,2.059475898742676,0
star_8,medium,frequent,p2_c40,42,5,6,0,6,155,715,0,10,69,11,0,2.057783603668213,0
star_8,medium,frequent,p2_c120_h2,202,6,6,6,0,169,776,0,24,75,12,0,2.156552791595459,0
star_8,medium,frequent,p2_c40,101,6,6,0,6,158,732,0,12,70,12,0,2.073091983795166,0
star_8,medium,frequent,p2_c40,303,6,6,0,6,156,714,2,12,68,12,0,1.826768159866333,0
star_8,medium,frequent,p2_c40,404,6,6,0,6,157,724,0,12,70,11,0,1.9039220809936523,0
star_8,medium,frequent,p2_c40,202,6,6,0,6,157,722,0,12,69,12,0,2.119051456451416,0
star_8,medium,frequent,p2_c40_penalty_off,42,5,6,0,6,155,715,0,10,69,11,0,2.0398731231689453,0
star_8,medium,frequent,p2_c40_penalty_off,202,6,6,0,6,157,722,0,12,69,12,0,1.9832348823547363,0
star_8,medium,frequent,p2_c40_penalty_off,101,6,6,0,6,158,732,0,12,70,12,0,2.132631540298462,0
star_8,medium,frequent,p2_c40_penalty_off,404,6,6,0,6,157,724,0,12,70,11,0,1.782890796661377,0
star_8,heavy,medium,baseline,101,12,12,7,5,130,597,2,37,46,21,0,1.8472599983215332,0
star_8,heavy,medium,baseline,42,12,12,7,5,130,597,2,37,46,21,0,1.980936050415039,0
star_8,heavy,medium,baseline,202,12,12,7,5,129,587,2,37,45,21,0,1.9571475982666016,0
star_8,medium,frequent,p2_c40_penalty_off,303,6,6,0,6,156,714,2,12,68,12,0,2.1882312297821045,0
star_8,heavy,medium,baseline,404,12,12,7,5,129,589,2,37,46,20,0,1.9878005981445312,0
star_8,heavy,medium,baseline,303,12,12,7,5,130,597,2,37,46,21,0,2.0843145847320557,0
star_8,heavy,medium,p2_c120,42,12,12,7,5,130,597,2,37,46,21,0,1.8901863098144531,0
star_8,heavy,medium,p2_c120,101,12,12,7,5,130,597,2,37,46,21,0,1.8758091926574707,0
star_8,heavy,medium,p2_c120,202,12,12,7,5,129,587,2,37,45,21,0,2.0600152015686035,0
star_8,heavy,medium,p2_c120,404,12,12,7,5,129,589,2,37,46,20,0,1.9630753993988037,0
star_8,heavy,medium,p2_c120,303,12,12,7,5,130,597,2,37,46,21,0,2.01267147064209,0
star_8,heavy,medium,p2_c40,202,12,12,0,12,117,542,0,24,43,18,0,1.3059253692626953,0
star_8,heavy,medium,p2_c40,42,11,12,0,12,115,535,0,22,43,17,0,1.6132264137268066,0
star_8,heavy,medium,p2_c120_mp2,42,12,12,7,5,135,602,2,37,46,21,0,2.1006155014038086,0
star_8,heavy,medium,p2_c120_mp2,101,12,12,7,5,135,602,2,37,46,21,0,2.03851318359375,0
star_8,heavy,medium,p2_c120_mp2,303,12,12,7,5,135,602,2,37,46,21,0,1.9767823219299316,0
star_8,heavy,medium,p2_c120_mp2,202,12,12,7,5,134,592,2,37,45,21,0,2.0415539741516113,0
star_8,heavy,medium,p2_c120_h2,404,12,12,7,5,129,589,2,37,46,20,0,1.772282600402832,0
star_8,heavy,medium,p2_c120_h2,42,12,12,7,5,130,597,2,37,46,21,0,1.987642765045166,0
star_8,heavy,medium,p2_c120_mp2,404,12,12,7,5,134,594,2,37,46,20,0,2.0944979190826416,0
star_8,heavy,medium,p2_c120_h2,101,12,12,7,5,130,597,2,37,46,21,0,2.0094871520996094,0
star_8,heavy,medium,p2_c120_h2,202,12,12,7,5,129,587,2,37,45,21,0,1.953115701675415,0
star_8,heavy,medium,p2_c120_h2,303,12,12,7,5,130,597,2,37,46,21,0,2.11311411857605,0
star_8,heavy,medium,p2_c40,101,12,12,0,12,118,552,0,24,44,18,0,2.0539512634277344,0
star_8,heavy,medium,p2_c40,303,12,12,0,12,118,552,0,24,44,18,0,1.9412314891815186,0
star_8,heavy,medium,p2_c40,404,12,12,0,12,117,544,0,24,44,17,0,1.9490041732788086,0
star_8,heavy,medium,p2_c40_penalty_off,202,12,12,0,12,117,542,0,24,43,18,0,1.7213923931121826,0
star_8,heavy,medium,p2_c40_penalty_off,101,12,12,0,12,118,552,0,24,44,18,0,2.0454492568969727,0
star_8,heavy,medium,p2_c40_penalty_off,42,11,12,0,12,115,535,0,22,43,17,0,2.1046299934387207,0
star_8,heavy,medium,p2_c40_penalty_off,303,12,12,0,12,118,552,0,24,44,18,0,2.0408005714416504,0
star_8,heavy,medium,p2_c40_penalty_off,404,12,12,0,12,117,544,0,24,44,17,0,2.034297227859497,0
star_8,heavy,frequent,baseline,101,11,12,8,4,192,876,2,36,77,21,0,1.959190845489502,0
star_8,heavy,frequent,baseline,42,10,12,9,3,188,849,4,34,76,19,0,2.0046589374542236,0
star_8,heavy,frequent,baseline,202,10,12,9,3,187,839,4,34,75,19,0,2.009605646133423,0
star_8,heavy,frequent,baseline,404,10,12,9,3,187,841,4,34,76,18,0,2.102404832839966,0
star_8,heavy,frequent,baseline,303,10,12,9,3,186,831,6,34,74,19,0,2.1332626342773438,0
star_8,heavy,frequent,p2_c120,42,10,12,9,3,188,849,4,34,76,19,0,2.072462797164917,0
star_8,heavy,frequent,p2_c120,404,10,12,9,3,187,841,4,34,76,18,0,1.7079296112060547,0
star_8,heavy,frequent,p2_c120,101,11,12,8,4,192,876,2,36,77,21,0,1.9422082901000977,0
star_8,heavy,frequent,p2_c120_mp2,42,10,12,9,3,191,852,4,34,76,19,0,1.7547328472137451,0
star_8,heavy,frequent,p2_c120,202,10,12,9,3,187,839,4,34,75,19,0,1.9901039600372314,0
star_8,heavy,frequent,p2_c120,303,10,12,9,3,186,831,6,34,74,19,0,2.0805766582489014,0
star_8,heavy,frequent,p2_c120_mp2,202,10,12,9,3,190,842,4,34,75,19,0,1.8927369117736816,0
star_8,heavy,frequent,p2_c120_h2,202,10,12,9,3,187,839,4,34,75,19,0,1.7645330429077148,0
star_8,heavy,frequent,p2_c120_mp2,101,11,12,8,4,196,880,2,36,77,21,0,2.1048924922943115,0
star_8,heavy,frequent,p2_c120_h2,42,10,12,9,3,188,849,4,34,76,19,0,1.9760100841522217,0
star_8,heavy,frequent,p2_c120_mp2,303,10,12,9,3,189,834,6,34,74,19,0,2.123134136199951,0
star_8,heavy,frequent,p2_c120_h2,101,11,12,8,4,192,876,2,36,77,21,0,2.0228044986724854,0
star_8,heavy,frequent,p2_c120_mp2,404,10,12,9,3,190,844,4,34,76,18,0,2.1623222827911377,0
star_8,heavy,frequent,p2_c120_h2,303,10,12,9,3,186,831,6,34,74,19,0,2.1376094818115234,0
star_8,heavy,frequent,p2_c120_h2,404,10,12,9,3,187,841,4,34,76,18,0,2.076833724975586,0
star_8,heavy,frequent,p2_c40,202,10,12,0,12,173,776,4,20,71,16,0,1.8628666400909424,0
star_8,heavy,frequent,p2_c40,42,9,12,0,12,171,769,4,18,71,15,0,2.117335557937622,0
star_8,heavy,frequent,p2_c40,101,10,12,0,12,175,795,3,20,73,16,0,2.0633797645568848,0
star_8,heavy,frequent,p2_c40,303,10,12,0,12,172,768,6,20,70,16,0,1.9760112762451172,0
star_8,heavy,frequent,p2_c40,404,10,12,0,12,173,778,4,20,72,15,0,2.112278699874878,0
star_8,heavy,frequent,p2_c40_penalty_off,42,9,12,0,12,171,769,4,18,71,15,0,2.148472309112549,0
star_8,sparse,medium,baseline,202,5,5,5,0,99,461,0,20,41,11,0,1.7266790866851807,0
star_8,heavy,frequent,p2_c40_penalty_off,202,10,12,0,12,173,776,4,20,71,16,0,2.09291672706604,0
star_8,heavy,frequent,p2_c40_penalty_off,303,10,12,0,12,172,768,6,20,70,16,0,2.092257261276245,0
star_8,heavy,frequent,p2_c40_penalty_off,101,10,12,0,12,175,795,3,20,73,16,0,2.19132924079895,0
star_8,sparse,medium,baseline,42,5,5,5,0,100,471,0,20,42,11,0,2.022397518157959,0
star_8,heavy,frequent,p2_c40_penalty_off,404,10,12,0,12,173,778,4,20,72,15,0,2.193510055541992,0
star_8,sparse,medium,baseline,303,5,5,5,0,100,471,0,20,42,11,0,1.8763096332550049,0
star_8,sparse,medium,baseline,101,5,5,5,0,100,471,0,20,42,11,0,2.0739786624908447,0
star_8,sparse,medium,p2_c120,101,5,5,5,0,100,471,0,20,42,11,0,1.8563294410705566,0
star_8,sparse,medium,p2_c120,303,5,5,5,0,100,471,0,20,42,11,0,1.8112282752990723,0
star_8,sparse,medium,p2_c120,42,5,5,5,0,100,471,0,20,42,11,0,2.0153579711914062,0
star_8,sparse,medium,baseline,404,5,5,5,0,99,463,0,20,42,10,0,2.0863873958587646,0
star_8,sparse,medium,p2_c120_mp2,101,5,5,5,0,100,471,0,20,42,11,0,1.700685977935791,0
star_8,sparse,medium,p2_c120,202,5,5,5,0,99,461,0,20,41,11,0,2.0782511234283447,0
star_8,sparse,medium,p2_c120,404,5,5,5,0,99,463,0,20,42,10,0,1.9165256023406982,0
star_8,sparse,medium,p2_c120_mp2,42,5,5,5,0,100,471,0,20,42,11,0,2.0968687534332275,0
star_8,sparse,medium,p2_c120_h2,303,5,5,5,0,100,471,0,20,42,11,0,1.627657413482666,0
star_8,sparse,medium,p2_c120_mp2,404,5,5,5,0,99,463,0,20,42,10,0,1.9297904968261719,0
star_8,sparse,medium,p2_c120_mp2,202,5,5,5,0,99,461,0,20,41,11,0,2.0415332317352295,0
star_8,sparse,medium,p2_c120_mp2,303,5,5,5,0,100,471,0,20,42,11,0,2.06205415725708,0
star_8,sparse,medium,p2_c120_h2,42,5,5,5,0,100,471,0,20,42,11,0,2.0710196495056152,0
star_8,sparse,medium,p2_c120_h2,202,5,5,5,0,99,461,0,20,41,11,0,2.0020391941070557,0
star_8,sparse,medium,p2_c120_h2,101,5,5,5,0,100,471,0,20,42,11,0,2.1638023853302,0
star_8,sparse,medium,p2_c40,202,5,5,0,5,89,416,0,10,36,11,0,1.674708604812622,0
star_8,sparse,medium,p2_c40,101,5,5,0,5,90,426,0,10,37,11,0,2.019956111907959,0
star_8,sparse,medium,p2_c120_h2,404,5,5,5,0,99,463,0,20,42,10,0,2.099402666091919,0
star_8,sparse,medium,p2_c40,42,5,5,0,5,90,426,0,10,37,11,0,2.0689549446105957,0
star_8,sparse,medium,p2_c40,303,5,5,0,5,90,426,0,10,37,11,0,2.101320743560791,0
star_8,sparse,medium,p2_c40_penalty_off,101,5,5,0,5,90,426,0,10,37,11,0,1.8994419574737549,0
star_8,sparse,medium,p2_c40,404,5,5,0,5,88,408,0,10,36,10,0,1.9875259399414062,0
star_8,sparse,medium,p2_c40_penalty_off,404,5,5,0,5,88,408,0,10,36,10,0,1.8304896354675293,0
star_8,sparse,medium,p2_c40_penalty_off,202,5,5,0,5,89,416,0,10,36,11,0,1.956362009048462,0
star_8,sparse,frequent,baseline,101,5,5,5,0,158,705,6,17,71,8,0,1.7824628353118896,0
star_8,sparse,medium,p2_c40_penalty_off,42,5,5,0,5,90,426,0,10,37,11,0,2.11906099319458,0
star_8,sparse,medium,p2_c40_penalty_off,303,5,5,0,5,90,426,0,10,37,11,0,2.103325366973877,0
star_8,sparse,frequent,baseline,42,5,5,5,0,158,705,6,17,71,8,0,2.0467123985290527,0
star_8,sparse,frequent,p2_c120,42,5,5,5,0,158,705,6,17,71,8,0,1.9623749256134033,0
star_8,sparse,frequent,baseline,303,5,5,5,0,158,705,6,17,71,8,0,2.0231781005859375,0
star_8,sparse,frequent,baseline,202,5,5,5,0,153,677,6,13,68,8,0,2.1525444984436035,0
star_8,sparse,frequent,baseline,404,5,5,5,0,154,678,6,15,69,7,0,2.10245418548584,0
star_8,sparse,frequent,p2_c120,101,5,5,5,0,158,705,6,17,71,8,0,2.1123557090759277,0
star_8,sparse,frequent,p2_c120,303,5,5,5,0,158,705,6,17,71,8,0,2.091902494430542,0
star_8,sparse,frequent,p2_c120,202,5,5,5,0,153,677,6,13,68,8,0,2.161348581314087,0
star_8,sparse,frequent,p2_c120,404,5,5,5,0,154,678,6,15,69,7,0,2.0137195587158203,0
star_8,sparse,frequent,p2_c120_mp2,202,5,5,5,0,153,677,6,13,68,8,0,2.099665880203247,0
star_8,sparse,frequent,p2_c120_mp2,42,5,5,5,0,158,705,6,17,71,8,0,2.187509059906006,0
star_8,sparse,frequent,p2_c120_mp2,101,5,5,5,0,158,705,6,17,71,8,0,2.181868553161621,0
star_8,sparse,frequent,p2_c120_mp2,404,5,5,5,0,154,678,6,15,69,7,0,2.1154630184173584,0
star_8,sparse,frequent,p2_c120_mp2,303,5,5,5,0,158,705,6,17,71,8,0,2.208646535873413,0
star_8,sparse,frequent,p2_c120_h2,101,5,5,5,0,158,705,6,17,71,8,0,2.005345582962036,0
star_8,sparse,frequent,p2_c120_h2,42,5,5,5,0,158,705,6,17,71,8,0,2.0795202255249023,0
star_8,sparse,frequent,p2_c120_h2,404,5,5,5,0,154,678,6,15,69,7,0,1.8871941566467285,0
star_8,sparse,frequent,p2_c40,303,5,5,0,5,153,704,0,10,68,11,0,1.4345474243164062,0
star_8,sparse,frequent,p2_c120_h2,202,5,5,5,0,153,677,6,13,68,8,0,2.0818915367126465,0
star_8,sparse,frequent,p2_c120_h2,303,5,5,5,0,158,705,6,17,71,8,0,2.102355718612671,0
star_8,sparse,frequent,p2_c40,42,5,5,0,5,150,678,4,8,65,11,0,2.0963497161865234,0
star_8,sparse,frequent,p2_c40,101,5,5,0,5,150,678,4,8,65,11,0,1.8810641765594482,0
star_8,sparse,frequent,p2_c40_penalty_off,101,5,5,0,5,150,678,4,8,65,11,0,1.7400810718536377,0
star_8,sparse,frequent,p2_c40_penalty_off,42,5,5,0,5,150,678,4,8,65,11,0,1.8726279735565186,0
star_8,sparse,frequent,p2_c40_penalty_off,202,5,5,0,5,151,686,2,9,66,11,0,1.8369696140289307,0
star_8,sparse,frequent,p2_c40,404,5,5,0,5,153,706,0,10,69,10,0,2.055593967437744,0
star_8,sparse,frequent,p2_c40,202,5,5,0,5,151,686,2,9,66,11,0,2.111712694168091,0
star_8,sparse,frequent,p2_c40_penalty_off,303,5,5,0,5,153,704,0,10,68,11,0,2.167841672897339,0
star_8,sparse,frequent,p2_c40_penalty_off,404,5,5,0,5,153,706,0,10,69,10,0,2.041703462600708,0
star_10,medium,medium,baseline,202,6,6,6,0,121,686,0,24,51,12,0,2.390836000442505,0
star_10,medium,medium,baseline,303,6,6,6,0,122,698,0,24,52,12,0,2.3337490558624268,0
star_10,medium,medium,baseline,101,6,6,6,0,122,698,0,24,52,12,0,2.4948630332946777,0
star_10,medium,medium,baseline,42,6,6,6,0,122,698,0,24,52,12,0,2.5120410919189453,0
star_10,medium,medium,p2_c120,303,6,6,6,0,122,698,0,24,52,12,0,1.9861741065979004,0
star_10,medium,medium,baseline,404,6,6,6,0,121,688,0,24,52,11,0,2.4696433544158936,0
star_10,medium,medium,p2_c120,202,6,6,6,0,121,686,0,24,51,12,0,2.3139796257019043,0
star_10,medium,medium,p2_c120,42,6,6,6,0,122,698,0,24,52,12,0,2.4884626865386963,0
star_10,medium,medium,p2_c120,101,6,6,6,0,122,698,0,24,52,12,0,2.4868640899658203,0
star_10,medium,medium,p2_c120,404,6,6,6,0,121,688,0,24,52,11,0,2.448866605758667,0
star_10,medium,medium,p2_c120_mp2,42,6,6,6,0,122,698,0,24,52,12,0,2.4716904163360596,0
star_10,medium,medium,p2_c120_mp2,404,6,6,6,0,121,688,0,24,52,11,0,2.2594220638275146,0
star_10,medium,medium,p2_c120_mp2,101,6,6,6,0,122,698,0,24,52,12,0,2.4810802936553955,0
star_10,medium,medium,p2_c40,303,6,6,0,6,110,632,0,12,46,12,0,1.7324910163879395,0
star_10,medium,medium,p2_c120_mp2,202,6,6,6,0,121,686,0,24,51,12,0,2.4608163833618164,0
star_10,medium,medium,p2_c120_mp2,303,6,6,6,0,122,698,0,24,52,12,0,2.399986505508423,0
star_10,medium,medium,p2_c120_h2,101,6,6,6,0,122,698,0,24,52,12,0,2.3863472938537598,0
star_10,medium,medium,p2_c120_h2,202,6,6,6,0,121,686,0,24,51,12,0,2.3976128101348877,0
star_10,medium,medium,p2_c120_h2,303,6,6,6,0,122,698,0,24,52,12,0,2.348267078399658,0
star_10,medium,medium,p2_c120_h2,42,6,6,6,0,122,698,0,24,52,12,0,2.5677714347839355,0
star_10,medium,medium,p2_c120_h2,404,6,6,6,0,121,688,0,24,52,11,0,2.510965347290039,0
star_10,medium,medium,p2_c40,202,6,6,0,6,109,620,0,12,45,12,0,2.2571988105773926,0
star_10,medium,medium,p2_c40,42,5,6,0,6,107,611,0,10,45,11,0,2.3546364307403564,0
star_10,medium,medium,p2_c40,101,6,6,0,6,110,632,0,12,46,12,0,2.48268461227417,0
star_10,medium,medium,p2_c40_penalty_off,42,5,6,0,6,107,611,0,10,45,11,0,2.3881587982177734,0
star_10,medium,medium,p2_c40,404,6,6,0,6,109,622,0,12,46,11,0,2.4067397117614746,0
star_10,medium,medium,p2_c40_penalty_off,101,6,6,0,6,110,632,0,12,46,12,0,2.5522048473358154,0
star_10,medium,medium,p2_c40_penalty_off,202,6,6,0,6,109,620,0,12,45,12,0,2.522536277770996,0
star_10,medium,medium,p2_c40_penalty_off,404,6,6,0,6,109,622,0,12,46,11,0,2.4083919525146484,0
star_10,medium,frequent,baseline,101,6,6,6,0,201,1127,1,24,91,12,0,2.414433240890503,0
star_10,medium,medium,p2_c40_penalty_off,303,6,6,0,6,110,632,0,12,46,12,0,2.5006144046783447,0
star_10,medium,frequent,baseline,202,6,6,6,0,201,1126,0,24,91,12,0,2.4026241302490234,0
star_10,medium,frequent,p2_c120,101,6,6,6,0,201,1127,1,24,91,12,0,2.2838830947875977,0
star_10,medium,frequent,p2_c120,202,6,6,6,0,201,1126,0,24,91,12,0,2.0158333778381348,0
star_10,medium,frequent,baseline,42,6,6,6,0,202,1138,0,24,92,12,0,2.654545783996582,0
star_10,medium,frequent,baseline,404,6,6,6,0,201,1128,0,24,92,11,0,2.466784715652466,0
star_10,medium,frequent,p2_c120_mp2,101,6,6,6,0,201,1127,1,24,91,12,0,1.9970483779907227,0
star_10,medium,frequent,baseline,303,6,6,6,0,202,1138,0,24,92,12,0,2.6581509113311768,0
star_10,medium,frequent,p2_c120,42,6,6,6,0,202,1138,0,24,92,12,0,2.6415956020355225,0
star_10,medium,frequent,p2_c120,303,6,6,6,0,202,1138,0,24,92,12,0,2.5380373001098633,0
star_10,medium,frequent,p2_c120_mp2,42,6,6,6,0,202,1138,0,24,92,12,0,2.516542434692383,0
star_10,medium,frequent,p2_c120_mp2,202,6,6,6,0,201,1126,0,24,91,12,0,2.509432792663574,0
star_10,medium,frequent,p2_c120_mp2,303,6,6,6,0,202,1138,0,24,92,12,0,2.5403919219970703,0
star_10,medium,frequent,p2_c120_h2,42,6,6,6,0,202,1138,0,24,92,12,0,2.4176063537597656,0
star_10,medium,frequent,p2_c120,404,6,6,6,0,201,1128,0,24,92,11,0,2.6810595989227295,0
star_10,medium,frequent,p2_c120_h2,101,6,6,6,0,201,1127,1,24,91,12,0,2.5112783908843994,0
star_10,medium,frequent,p2_c120_mp2,404,6,6,6,0,201,1128,0,24,92,11,0,2.66595458984375,0
star_10,medium,frequent,p2_c120_h2,202,6,6,6,0,201,1126,0,24,91,12,0,2.567350387573242,0
star_10,medium,frequent,p2_c120_h2,303,6,6,6,0,202,1138,0,24,92,12,0,2.480550527572632,0
star_10,medium,frequent,p2_c40,303,6,6,0,6,190,1072,0,12,86,12,0,2.1706008911132812,0
star_10,medium,frequent,p2_c120_h2,404,6,6,6,0,201,1128,0,24,92,11,0,2.632675886154175,0
star_10,medium,frequent,p2_c40,42,5,6,0,6,187,1051,0,10,85,11,0,2.6099023818969727,0
star_10,medium,frequent,p2_c40,101,6,6,0,6,189,1061,1,12,85,12,0,2.5922818183898926,0
star_10,medium,frequent,p2_c40,202,6,6,0,6,189,1060,0,12,85,12,0,2.569819211959839,0
star_10,medium,frequent,p2_c40,404,6,6,0,6,189,1062,0,12,86,11,0,2.5428051948547363,0
star_10,heavy,medium,baseline,42,12,12,9,3,150,841,2,41,58,19,0,2.14949107170105,0
star_10,medium,frequent,p2_c40_penalty_off,42,5,6,0,6,187,1051,0,10,85,11,0,2.8057968616485596,0
star_10,medium,frequent,p2_c40_penalty_off,101,6,6,0,6,189,1061,1,12,85,12,0,2.5930774211883545,0
star_10,heavy,medium,baseline,202,12,12,9,3,149,829,2,41,57,19,0,2.3427486419677734,0
star_10,medium,frequent,p2_c40_penalty_off,404,6,6,0,6,189,1062,0,12,86,11,0,2.5748322010040283,0
star_10,medium,frequent,p2_c40_penalty_off,303,6,6,0,6,190,1072,0,12,86,12,0,2.7256581783294678,0
star_10,heavy,medium,p2_c120,42,12,12,9,3,150,841,2,41,58,19,0,2.3529281616210938,0
star_10,medium,frequent,p2_c40_penalty_off,202,6,6,0,6,189,1060,0,12,85,12,0,2.758892297744751,0
star_10,heavy,medium,baseline,101,12,12,9,3,150,841,2,41,58,19,0,2.6224663257598877,0
star_10,heavy,medium,baseline,303,12,12,9,3,150,841,2,41,58,19,0,2.5271499156951904,0
star_10,heavy,medium,baseline,404,12,12,9,3,149,831,2,41,58,18,0,2.709207057952881,0
star_10,heavy,medium,p2_c120,101,12,12,9,3,150,841,2,41,58,19,0,2.563361883163452,0
star_10,heavy,medium,p2_c120_mp2,202,12,12,9,3,152,832,2,41,57,19,0,2.4247524738311768,0
star_10,heavy,medium,p2_c120,202,12,12,9,3,149,829,2,41,57,19,0,2.6355092525482178,0
star_10,heavy,medium,p2_c120_mp2,303,12,12,9,3,152,832,4,40,58,18,0,2.3733127117156982,0
star_10,heavy,medium,p2_c120_mp2,42,12,12,9,3,153,844,2,41,58,19,0,2.55497407913208,0
star_10,heavy,medium,p2_c120,404,12,12,9,3,149,831,2,41,58,18,0,2.650873899459839,0
star_10,heavy,medium,p2_c120_mp2,101,12,12,9,3,153,844,2,41,58,19,0,2.6054184436798096,0
star_10,heavy,medium,p2_c120,303,12,12,9,3,150,841,2,41,58,19,0,2.718416452407837,0
star_10,heavy,medium,p2_c120_h2,202,12,12,9,3,149,829,2,41,57,19,0,2.451270818710327,0
star_10,heavy,medium,p2_c120_h2,42,12,12,9,3,150,841,2,41,58,19,0,2.5865776538848877,0
star_10,heavy,medium,p2_c120_h2,404,12,12,9,3,149,831,2,41,58,18,0,2.5992965698242188,0
star_10,heavy,medium,p2_c120_h2,303,12,12,9,3,150,841,2,41,58,19,0,2.730910301208496,0
star_10,heavy,medium,p2_c120_h2,101,12,12,9,3,150,841,2,41,58,19,0,2.920036792755127,0
star_10,heavy,medium,p2_c120_mp2,404,12,12,9,3,152,834,2,41,58,18,0,3.066107988357544,0
star_10,heavy,medium,p2_c40,101,12,12,0,12,134,764,0,24,52,18,0,2.578634262084961,0
star_10,heavy,medium,p2_c40,42,11,12,0,12,131,743,0,22,51,17,0,2.675405979156494,0
star_10,heavy,medium,p2_c40,404,12,12,0,12,133,754,0,24,52,17,0,2.518407106399536,0
star_10,heavy,medium,p2_c40,202,12,12,0,12,133,752,0,24,51,18,0,2.838162660598755,0
star_10,heavy,medium,p2_c40,303,12,12,0,12,134,764,0,24,52,18,0,2.887145757675171,0
star_10,heavy,medium,p2_c40_penalty_off,404,12,12,0,12,133,754,0,24,52,17,0,2.4469361305236816,0
star_10,heavy,medium,p2_c40_penalty_off,42,11,12,0,12,131,743,0,22,51,17,0,2.746581554412842,0
star_10,heavy,medium,p2_c40_penalty_off,202,12,12,0,12,133,752,0,24,51,18,0,2.6736538410186768,0
star_10,heavy,medium,p2_c40_penalty_off,101,12,12,0,12,134,764,0,24,52,18,0,2.8070263862609863,0
star_10,heavy,medium,p2_c40_penalty_off,303,12,12,0,12,134,764,0,24,52,18,0,2.692656993865967,0
star_10,heavy,frequent,baseline,101,10,12,11,1,223,1226,5,38,95,17,0,2.76017427444458,0
star_10,heavy,frequent,baseline,202,10,12,11,1,223,1225,4,38,95,17,0,2.9700069427490234,0
star_10,heavy,frequent,baseline,42,10,12,11,1,224,1237,4,38,96,17,0,3.185744285583496,0
star_10,heavy,frequent,baseline,404,10,12,11,1,223,1227,4,38,96,16,0,2.978562116622925,0
star_10,heavy,frequent,p2_c120,101,10,12,11,1,223,1226,5,38,95,17,0,2.82552170753479,0
star_10,heavy,frequent,p2_c120_mp2,101,10,12,11,1,224,1227,5,38,95,17,0,2.6964526176452637,0
star_10,heavy,frequent,baseline,303,10,12,11,1,224,1237,4,38,96,17,0,3.2356925010681152,0
star_10,heavy,frequent,p2_c120,404,10,12,11,1,223,1227,4,38,96,16,0,2.839569568634033,0
star_10,heavy,frequent,p2_c120_mp2,42,10,12,11,1,225,1238,4,38,96,17,0,2.8371999263763428,0
star_10,heavy,frequent,p2_c120,303,10,12,11,1,224,1237,4,38,96,17,0,2.901301622390747,0
star_10,heavy,frequent,p2_c120,42,10,12,11,1,224,1237,4,38,96,17,0,3.1520144939422607,0
star_10,heavy,frequent,p2_c120_mp2,202,10,12,11,1,224,1226,4,38,95,17,0,2.8401877880096436,0
star_10,heavy,frequent,p2_c120,202,10,12,11,1,223,1225,4,38,95,17,0,3.12302303314209,0
star_10,heavy,frequent,p2_c120_mp2,303,10,12,11,1,225,1238,4,38,96,17,0,3.0045089721679688,0
star_10,heavy,frequent,p2_c120_mp2,404,10,12,11,1,224,1228,4,38,96,16,0,2.8650007247924805,0
star_10,heavy,frequent,p2_c120_h2,101,10,12,11,1,223,1226,5,38,95,17,0,2.779590129852295,0
star_10,heavy,frequent,p2_c120_h2,202,10,12,11,1,223,1225,4,38,95,17,0,2.8340041637420654,0
star_10,heavy,frequent,p2_c120_h2,404,10,12,11,1,223,1227,4,38,96,16,0,2.8400051593780518,0
star_10,heavy,frequent,p2_c120_h2,303,10,12,11,1,224,1237,4,38,96,17,0,2.922226905822754,0
star_10,heavy,frequent,p2_c120_h2,42,10,12,11,1,224,1237,4,38,96,17,0,3.3182334899902344,0
star_10,heavy,frequent,p2_c40,202,10,12,0,12,205,1126,4,20,87,16,0,2.6382248401641846,0
star_10,heavy,frequent,p2_c40,101,10,12,0,12,205,1127,5,20,87,16,0,2.9642834663391113,0
star_10,heavy,frequent,p2_c40,303,10,12,0,12,206,1138,4,20,88,16,0,2.7379543781280518,0
star_10,heavy,frequent,p2_c40,42,9,12,0,12,203,1117,4,18,87,15,0,3.12264347076416,0
star_10,heavy,frequent,p2_c40_penalty_off,101,10,12,0,12,205,1127,5,20,87,16,0,2.8280463218688965,0
star_10,heavy,frequent,p2_c40_penalty_off,202,10,12,0,12,205,1126,4,20,87,16,0,2.787668466567993,0
star_10,heavy,frequent,p2_c40_penalty_off,42,9,12,0,12,203,1117,4,18,87,15,0,3.056175470352173,0
star_10,heavy,frequent,p2_c40_penalty_off,404,10,12,0,12,205,1128,4,20,88,15,0,2.6785385608673096,0
star_10,heavy,frequent,p2_c40_penalty_off,303,10,12,0,12,206,1138,4,20,88,16,0,2.916865587234497,0
star_10,sparse,medium,baseline,101,5,5,5,0,116,665,0,20,50,11,0,2.61881947517395,0
star_10,heavy,frequent,p2_c40,404,10,12,0,12,205,1128,4,20,88,15,0,3.3712527751922607,0
star_10,sparse,medium,baseline,42,5,5,5,0,116,665,0,20,50,11,0,2.7232699394226074,0
star_10,sparse,medium,baseline,303,5,5,5,0,116,665,0,20,50,11,0,2.6436750888824463,0
star_10,sparse,medium,baseline,404,5,5,5,0,115,655,0,20,50,10,0,2.6311047077178955,0
star_10,sparse,medium,p2_c120,101,5,5,5,0,116,665,0,20,50,11,0,2.5491623878479004,0
star_10,sparse,medium,p2_c120,42,5,5,5,0,116,665,0,20,50,11,0,2.5888214111328125,0
star_10,sparse,medium,p2_c120,202,5,5,5,0,115,653,0,20,49,11,0,2.5735669136047363,0
star_10,sparse,medium,baseline,202,5,5,5,0,115,653,0,20,49,11,0,2.7330870628356934,0
star_10,sparse,medium,p2_c120_mp2,202,5,5,5,0,115,653,0,20,49,11,0,2.2230610847473145,0
star_10,sparse,medium,p2_c120,404,5,5,5,0,115,655,0,20,50,10,0,2.569281816482544,0
star_10,sparse,medium,p2_c120,303,5,5,5,0,116,665,0,20,50,11,0,2.77801513671875,0
star_10,sparse,medium,p2_c120_mp2,42,5,5,5,0,116,665,0,20,50,11,0,2.7509326934814453,0
star_10,sparse,medium,p2_c120_mp2,303,5,5,5,0,116,665,0,20,50,11,0,2.4918994903564453,0
star_10,sparse,medium,p2_c120_h2,42,5,5,5,0,116,665,0,20,50,11,0,2.4375805854797363,0
star_10,sparse,medium,p2_c120_mp2,101,5,5,5,0,116,665,0,20,50,11,0,2.7840993404388428,0
star_10,sparse,medium,p2_c120_mp2,404,5,5,5,0,115,655,0,20,50,10,0,2.575961112976074,0
star_10,sparse,medium,p2_c120_h2,101,5,5,5,0,116,665,0,20,50,11,0,2.653085231781006,0
star_10,sparse,medium,p2_c40,101,5,5,0,5,106,610,0,10,45,11,0,2.1750197410583496,0
star_10,sparse,medium,p2_c120_h2,202,5,5,5,0,115,653,0,20,49,11,0,2.7580509185791016,0
star_10,sparse,medium,p2_c120_h2,303,5,5,5,0,116,665,0,20,50,11,0,2.5998294353485107,0
star_10,sparse,medium,p2_c120_h2,404,5,5,5,0,115,655,0,20,50,10,0,2.6014392375946045,0
star_10,sparse,medium,p2_c40,42,5,5,0,5,106,610,0,10,45,11,0,2.511023759841919,0
star_10,sparse,medium,p2_c40_penalty_off,101,5,5,0,5,106,610,0,10,45,11,0,2.0643529891967773,0
star_10,sparse,medium,p2_c40,303,5,5,0,5,106,610,0,10,45,11,0,2.4390883445739746,0
star_10,sparse,medium,p2_c40,202,5,5,0,5,105,598,0,10,44,11,0,2.531228542327881,0
star_10,sparse,medium,p2_c40_penalty_off,202,5,5,0,5,105,598,0,10,44,11,0,2.198310136795044,0
star_10,sparse,medium,p2_c40_penalty_off,42,5,5,0,5,106,610,0,10,45,11,0,2.4125473499298096,0
star_10,sparse,medium,p2_c40,404,5,5,0,5,105,600,0,10,45,10,0,2.496631622314453,0
star_10,sparse,frequent,baseline,42,5,5,5,0,190,1039,6,17,87,8,0,2.1909968852996826,0
star_10,sparse,medium,p2_c40_penalty_off,404,5,5,0,5,105,600,0,10,45,10,0,2.4659557342529297,0
star_10,sparse,medium,p2_c40_penalty_off,303,5,5,0,5,106,610,0,10,45,11,0,2.4977355003356934,0
star_10,sparse,frequent,baseline,101,5,5,5,0,189,1028,7,17,86,8,0,2.3891472816467285,0
star_10,sparse,frequent,baseline,202,5,5,5,0,187,1016,6,15,85,8,0,2.4003663063049316,0
star_10,sparse,frequent,baseline,404,5,5,5,0,189,1029,6,17,87,7,0,2.5790176391601562,0
star_10,sparse,frequent,baseline,303,5,5,5,0,191,1050,5,17,88,8,0,2.595496892929077,0
star_10,sparse,frequent,p2_c120_mp2,42,5,5,5,0,190,1039,6,17,87,8,0,2.145787477493286,0
star_10,sparse,frequent,p2_c120,42,5,5,5,0,190,1039,6,17,87,8,0,2.593733072280884,0
star_10,sparse,frequent,p2_c120,202,5,5,5,0,187,1016,6,15,85,8,0,2.5186731815338135,0
star_10,sparse,frequent,p2_c120,101,5,5,5,0,189,1028,7,17,86,8,0,2.612126350402832,0
star_10,sparse,frequent,p2_c120,303,5,5,5,0,191,1050,5,17,88,8,0,2.47947096824646,0
star_10,sparse,frequent,p2_c120_mp2,202,5,5,5,0,187,1016,6,15,85,8,0,2.29435658454895,0
star_10,sparse,frequent,p2_c120_mp2,303,5,5,5,0,191,1050,5,17,88,8,0,2.370483875274658,0
star_10,sparse,frequent,p2_c120,404,5,5,5,0,189,1029,6,17,87,7,0,2.665952205657959,0
star_10,sparse,frequent,p2_c120_mp2,101,5,5,5,0,189,1028,7,17,86,8,0,2.474419116973877,0
star_10,sparse,frequent,p2_c120_mp2,404,5,5,5,0,189,1029,6,17,87,7,0,2.4838485717773438,0
star_10,sparse,frequent,p2_c120_h2,101,5,5,5,0,189,1028,7,17,86,8,0,2.570359230041504,0
star_10,sparse,frequent,p2_c120_h2,404,5,5,5,0,189,1029,6,17,87,7,0,2.273679256439209,0
star_10,sparse,frequent,p2_c120_h2,42,5,5,5,0,190,1039,6,17,87,8,0,2.6142308712005615,0
star_10,sparse,frequent,p2_c40,202,5,5,0,5,182,1005,3,8,81,11,0,2.1296322345733643,0
star_10,sparse,frequent,p2_c40,42,5,5,0,5,184,1028,2,9,83,11,0,2.470828056335449,0
star_10,sparse,frequent,p2_c120_h2,303,5,5,5,0,191,1050,5,17,88,8,0,2.63442063331604,0
dstar_3,medium,medium,baseline,42,6,6,6,0,104,271,25,24,47,17,0,1.789320468902588,0
star_10,sparse,frequent,p2_c120_h2,202,5,5,5,0,187,1016,6,15,85,8,0,2.666672706604004,0
dstar_3,medium,medium,baseline,404,5,5,5,0,103,284,17,20,50,16,0,1.6993098258972168,0
dstar_3,medium,medium,p2_c120,404,5,5,5,0,103,284,17,20,50,16,0,1.3158936500549316,0
dstar_3,medium,medium,p2_c120,42,6,6,6,0,104,271,25,24,47,17,0,1.6678392887115479,0
dstar_3,medium,medium,baseline,202,6,6,6,0,106,286,21,21,49,18,0,1.7677476406097412,0
dstar_3,medium,medium,baseline,101,6,6,6,0,106,285,22,21,49,18,0,1.819774866104126,0
dstar_3,medium,medium,baseline,303,6,6,6,0,109,296,20,25,50,19,0,1.8272218704223633,0
star_10,sparse,frequent,p2_c40,101,5,5,0,5,182,1006,4,9,81,11,0,2.6638333797454834,0
star_10,sparse,frequent,p2_c40,303,5,5,0,5,186,1050,0,10,85,11,0,2.5664472579956055,0
dstar_3,medium,medium,p2_c120,202,6,6,6,0,106,286,21,21,49,18,0,1.6964294910430908,0
dstar_3,medium,medium,p2_c120,101,6,6,6,0,106,285,22,21,49,18,0,1.7973191738128662,0
dstar_3,medium,medium,p2_c120,303,6,6,6,0,109,296,20,25,50,19,0,1.7164332866668701,0
star_10,sparse,frequent,p2_c40_penalty_off,42,5,5,0,5,184,1028,2,9,83,11,0,2.631861448287964,0
star_10,sparse,frequent,p2_c40,404,5,5,0,5,185,1040,0,10,85,10,0,2.665463924407959,0
dstar_3,medium,medium,p2_c120_mp2,101,6,6,6,0,106,285,22,21,49,18,0,1.6764826774597168,0
star_10,sparse,frequent,p2_c40_penalty_off,101,5,5,0,5,182,1006,4,9,81,11,0,2.618635416030884,0
dstar_3,medium,medium,p2_c120_mp2,42,6,6,6,0,104,271,25,24,47,17,0,1.806410551071167,0
star_10,sparse,frequent,p2_c40_penalty_off,303,5,5,0,5,186,1050,0,10,85,11,0,2.595078468322754,0
star_10,sparse,frequent,p2_c40_penalty_off,202,5,5,0,5,182,1005,3,8,81,11,0,2.6133577823638916,0
star_10,sparse,frequent,p2_c40_penalty_off,404,5,5,0,5,185,1040,0,10,85,10,0,2.544780969619751,0
dstar_3,medium,medium,p2_c120_mp2,202,6,6,6,0,106,286,21,21,49,18,0,1.9062423706054688,0
dstar_3,medium,medium,p2_c120_h2,42,5,5,5,0,96,250,23,15,41,18,1,1.6459615230560303,0
dstar_3,medium,medium,p2_c120_mp2,303,6,6,6,0,109,296,20,25,50,19,0,1.812737226486206,0
dstar_3,medium,medium,p2_c120_mp2,404,5,5,5,0,103,284,17,20,50,16,0,1.8024749755859375,0
dstar_3,medium,medium,p2_c120_h2,101,6,6,6,0,108,283,26,21,46,21,2,1.765873908996582,0
dstar_3,medium,medium,p2_c120_h2,202,6,6,5,1,118,328,18,29,54,22,1,1.8154916763305664,0
dstar_3,medium,medium,p2_c40,101,6,6,0,6,100,276,16,18,43,21,0,1.6364355087280273,0
dstar_3,medium,medium,p2_c120_h2,303,6,6,6,0,113,308,21,25,50,22,1,1.776984691619873,0
dstar_3,medium,medium,p2_c120_h2,404,6,6,6,0,108,285,24,24,48,19,1,1.7907617092132568,0
dstar_3,medium,medium,p2_c40_penalty_off,42,6,6,0,6,95,253,19,18,39,20,0,1.5684630870819092,0
dstar_3,medium,medium,p2_c40,42,6,6,0,6,95,253,19,18,39,20,0,1.7977123260498047,0
dstar_3,medium,medium,p2_c40,303,6,6,0,6,99,272,16,18,42,21,0,1.7525591850280762,0
dstar_3,medium,medium,p2_c40,202,6,6,0,6,100,277,15,18,43,21,0,1.8058183193206787,0
dstar_3,medium,medium,p2_c40_penalty_off,202,6,6,0,6,100,277,15,18,43,21,0,1.7345194816589355,0
dstar_3,medium,medium,p2_c40_penalty_off,101,6,6,0,6,100,276,16,18,43,21,0,1.740382194519043,0
dstar_3,medium,medium,p2_c40,404,5,5,0,5,96,268,14,15,44,18,0,1.815673589706421,0
dstar_3,medium,medium,p2_c40_penalty_off,404,5,5,0,5,96,268,14,15,44,18,0,1.7818913459777832,0
dstar_3,medium,medium,p2_c40_penalty_off,303,6,6,0,6,99,272,16,18,42,21,0,1.854668140411377,0
dstar_3,medium,frequent,baseline,42,6,6,6,0,165,428,37,27,83,17,0,1.790356159210205,0
dstar_3,medium,frequent,p2_c120,404,6,6,6,0,165,429,39,24,85,16,0,1.4478247165679932,0
dstar_3,medium,frequent,baseline,101,6,6,5,1,162,414,39,30,77,20,0,1.801314115524292,0
dstar_3,medium,frequent,baseline,202,6,6,5,1,160,409,39,26,77,19,0,1.8286316394805908,0
dstar_3,medium,frequent,p2_c120,42,6,6,6,0,165,428,37,27,83,17,0,1.648705244064331,0
dstar_3,medium,frequent,baseline,303,6,6,6,0,163,417,40,27,80,18,0,1.859239101409912,0
dstar_3,medium,frequent,baseline,404,6,6,6,0,165,429,39,24,85,16,0,1.7940659523010254,0
dstar_3,medium,frequent,p2_c120,303,6,6,6,0,163,417,40,27,80,18,0,1.7056982517242432,0
dstar_3,medium,frequent,p2_c120,202,6,6,5,1,160,409,39,26,77,19,0,1.7980127334594727,0
dstar_3,medium,frequent,p2_c120,101,6,6,5,1,162,414,39,30,77,20,0,1.8602797985076904,0
dstar_3,medium,frequent,p2_c120_mp2,42,6,6,6,0,165,428,37,27,83,17,0,1.614321231842041,0
dstar_3,medium,frequent,p2_c120_mp2,303,6,6,6,0,163,417,40,27,80,18,0,1.621211290359497,0
dstar_3,medium,frequent,p2_c120_mp2,101,6,6,5,1,163,415,39,30,77,20,0,1.8081731796264648,0
dstar_3,medium,frequent,p2_c120_mp2,202,6,6,5,1,161,410,39,26,77,19,0,1.7554676532745361,0
dstar_3,medium,frequent,p2_c120_h2,42,6,6,6,0,168,440,37,24,83,20,1,1.6328999996185303,0
dstar_3,medium,frequent,p2_c120_mp2,404,6,6,6,0,165,429,39,24,85,16,0,1.829158067703247,0
dstar_3,medium,frequent,p2_c120_h2,101,5,5,4,1,158,399,41,24,73,21,2,1.759629487991333,0
dstar_3,medium,frequent,p2_c120_h2,202,6,6,6,0,164,425,39,21,79,21,1,1.7708005905151367,0
dstar_3,medium,frequent,p2_c120_h2,303,6,6,5,1,158,396,41,26,69,24,1,1.7904088497161865,0
dstar_3,medium,frequent,p2_c40,42,6,6,0,6,153,401,31,18,73,20,0,1.7677249908447266,0
dstar_3,medium,frequent,p2_c120_h2,404,6,6,5,1,165,427,38,26,80,20,1,1.8433597087860107,0
dstar_3,heavy,medium,baseline,303,12,12,9,3,138,373,26,33,57,30,0,1.3528761863708496,0
dstar_3,medium,frequent,p2_c40,101,6,6,0,6,148,376,36,18,67,21,0,1.7407522201538086,0
dstar_3,medium,frequent,p2_c40,202,6,6,0,6,150,385,35,18,69,21,0,1.754406452178955,0
dstar_3,heavy,medium,baseline,42,12,12,6,6,139,371,26,45,54,32,0,1.5469694137573242,0
dstar_3,medium,frequent,p2_c40,404,6,6,0,6,156,411,33,18,77,19,0,1.7677967548370361,0
dstar_3,medium,frequent,p2_c40,303,6,6,0,6,151,390,34,18,70,21,0,1.8266420364379883,0
dstar_3,medium,frequent,p2_c40_penalty_off,101,6,6,0,6,148,376,36,18,67,21,0,1.7005674839019775,0
dstar_3,medium,frequent,p2_c40_penalty_off,42,6,6,0,6,153,401,31,18,73,20,0,1.8642144203186035,0
dstar_3,medium,frequent,p2_c40_penalty_off,202,6,6,0,6,150,385,35,18,69,21,0,1.8089513778686523,0
dstar_3,heavy,medium,baseline,101,11,12,9,3,136,364,27,35,55,30,0,1.7780728340148926,0
dstar_3,medium,frequent,p2_c40_penalty_off,404,6,6,0,6,156,411,33,18,77,19,0,1.8694255352020264,0
dstar_3,heavy,medium,baseline,202,10,10,6,4,125,338,21,31,52,26,0,1.8106908798217773,0
dstar_3,medium,frequent,p2_c40_penalty_off,303,6,6,0,6,151,390,34,18,70,21,0,1.8973779678344727,0
dstar_3,heavy,medium,baseline,404,8,9,7,2,120,325,23,27,52,24,0,1.7442140579223633,0
dstar_3,heavy,medium,p2_c120,202,10,10,7,3,124,332,23,29,52,25,0,1.6142714023590088,0
dstar_3,heavy,medium,p2_c120,42,12,12,7,5,141,374,28,46,56,31,0,1.8197016716003418,0
dstar_3,heavy,medium,p2_c120,101,11,12,9,3,136,364,27,35,55,30,0,1.7951676845550537,0
dstar_3,heavy,medium,p2_c120,303,12,12,9,3,138,373,26,33,57,30,0,1.7818477153778076,0
dstar_3,heavy,medium,p2_c120_mp2,101,11,12,9,3,139,365,29,35,55,30,0,1.5111804008483887,0
dstar_3,heavy,medium,p2_c120,404,8,9,7,2,120,325,23,27,52,24,0,1.6482234001159668,0
dstar_3,heavy,medium,p2_c120_mp2,404,8,9,7,2,122,327,23,27,52,24,0,1.425039291381836,0
dstar_3,heavy,medium,p2_c120_mp2,42,12,12,7,5,146,379,28,46,56,31,0,1.8148908615112305,0
dstar_3,heavy,medium,p2_c120_h2,42,10,10,7,3,124,326,26,29,47,29,1,1.5827157497406006,0
dstar_3,heavy,medium,p2_c120_mp2,202,10,10,7,3,127,335,23,29,52,25,0,1.762047529220581,0
dstar_3,heavy,medium,p2_c120_mp2,303,12,12,9,3,141,376,26,33,57,30,0,1.8106579780578613,0
dstar_3,heavy,medium,p2_c40,42,12,12,0,12,131,362,18,36,54,29,0,1.6286380290985107,0
dstar_3,heavy,medium,p2_c40,404,8,9,0,9,112,307,18,24,48,23,0,1.5288565158843994,0
dstar_3,heavy,medium,p2_c120_h2,202,12,12,7,5,151,414,25,46,61,35,1,1.8527636528015137,0
dstar_3,heavy,medium,p2_c120_h2,101,11,12,9,3,135,354,30,32,50,33,2,1.869279384613037,0
dstar_3,heavy,medium,p2_c40,303,12,12,0,12,131,362,18,36,53,30,0,1.6963906288146973,0
dstar_3,heavy,medium,p2_c120_h2,303,12,12,9,3,141,377,28,37,54,34,1,1.829707145690918,0
dstar_3,heavy,medium,p2_c120_h2,404,11,12,9,3,140,373,28,38,59,28,1,1.827380657196045,0
dstar_3,heavy,medium,p2_c40,101,11,12,0,12,129,358,17,33,53,29,0,1.793949842453003,0
dstar_3,heavy,medium,p2_c40,202,12,12,0,12,131,364,16,36,53,30,0,1.7671527862548828,0
dstar_3,heavy,medium,p2_c40_penalty_off,101,11,12,0,12,129,358,17,33,53,29,0,1.750216007232666,0
dstar_3,heavy,medium,p2_c40_penalty_off,303,12,12,0,12,131,362,18,36,53,30,0,1.7147743701934814,0
dstar_3,heavy,medium,p2_c40_penalty_off,202,12,12,0,12,131,364,16,36,53,30,0,1.7652158737182617,0
dstar_3,heavy,medium,p2_c40_penalty_off,42,12,12,0,12,131,362,18,36,54,29,0,1.9132139682769775,0
dstar_3,heavy,medium,p2_c40_penalty_off,404,8,9,0,9,112,307,18,24,48,23,0,1.7931430339813232,0
dstar_3,heavy,frequent,baseline,303,12,12,9,3,191,493,43,37,84,31,0,1.7102899551391602,0
dstar_3,heavy,frequent,baseline,101,11,12,9,3,180,450,48,32,76,30,0,1.7888851165771484,0
dstar_3,heavy,frequent,baseline,42,12,12,7,5,193,503,38,42,82,34,0,1.7949864864349365,0
dstar_3,heavy,frequent,baseline,202,11,12,8,4,190,489,43,40,83,31,0,1.8331718444824219,0
dstar_3,heavy,frequent,baseline,404,11,12,6,6,197,522,38,44,93,28,0,1.742539882659912,0
dstar_3,heavy,frequent,p2_c120,42,12,12,8,4,193,501,40,41,84,32,0,1.83209228515625,0
dstar_3,heavy,frequent,p2_c120,101,11,12,9,3,180,450,48,32,76,30,0,1.7660338878631592,0
dstar_3,heavy,frequent,p2_c120,202,11,12,8,4,190,489,43,40,83,31,0,1.8222403526306152,0
dstar_3,heavy,frequent,p2_c120,303,12,12,9,3,191,493,43,37,84,31,0,1.8387410640716553,0
dstar_3,heavy,frequent,p2_c120_mp2,303,12,12,9,3,193,490,45,36,84,30,0,1.4725019931793213,0
dstar_3,heavy,frequent,p2_c120_h2,404,11,12,10,2,188,476,48,33,85,27,1,1.2464497089385986,0
dstar_3,heavy,frequent,p2_c120,404,11,12,8,4,198,519,42,43,95,26,0,1.7662415504455566,0
dstar_3,heavy,frequent,p2_c120_mp2,42,12,12,8,4,197,505,40,41,84,32,0,1.84995436668396,0
dstar_3,heavy,frequent,p2_c120_mp2,202,11,12,8,4,194,493,43,40,83,31,0,1.7676260471343994,0
dstar_3,heavy,frequent,p2_c120_mp2,101,11,12,9,3,183,453,48,32,76,30,0,1.8073022365570068,0
dstar_3,heavy,frequent,p2_c40,42,12,12,0,12,183,483,33,36,82,29,0,1.6240479946136475,0
dstar_3,heavy,frequent,p2_c120_h2,42,12,12,7,5,206,547,40,46,93,34,1,1.7636029720306396,0
dstar_3,heavy,frequent,p2_c120_mp2,404,11,12,8,4,202,523,42,43,95,26,0,1.8841006755828857,0
dstar_3,heavy,frequent,p2_c120_h2,101,9,10,7,3,181,461,44,31,78,30,2,1.8373041152954102,0
dstar_3,heavy,frequent,p2_c120_h2,202,12,12,7,5,202,532,42,43,89,35,1,1.8612542152404785,0
dstar_3,heavy,frequent,p2_c40,101,11,12,0,12,177,457,38,33,77,29,0,1.8162281513214111,0
dstar_3,heavy,frequent,p2_c40,202,11,12,0,12,178,463,36,33,78,29,0,1.8079075813293457,0
dstar_3,heavy,frequent,p2_c120_h2,303,12,12,9,3,190,483,46,37,79,34,1,1.899712085723877,0
dstar_3,heavy,frequent,p2_c40,303,12,12,0,12,184,486,34,36,82,30,0,1.802858829498291,0
dstar_3,heavy,frequent,p2_c40,404,11,12,0,12,183,484,35,33,86,26,0,1.7830679416656494,0
dstar_3,sparse,medium,baseline,101,5,5,5,0,100,267,22,20,45,18,0,1.61293363571167,0
dstar_3,heavy,frequent,p2_c40_penalty_off,101,11,12,0,12,177,457,38,33,77,29,0,1.7951867580413818,0
dstar_3,heavy,frequent,p2_c40_penalty_off,42,12,12,0,12,183,483,33,36,82,29,0,1.8391895294189453,0
dstar_3,heavy,frequent,p2_c40_penalty_off,202,11,12,0,12,178,463,36,33,78,29,0,1.8112916946411133,0
dstar_3,heavy,frequent,p2_c40_penalty_off,303,12,12,0,12,184,486,34,36,82,30,0,1.8339476585388184,0
dstar_3,sparse,medium,baseline,42,5,5,5,0,102,273,21,23,47,17,0,1.8333735466003418,0
dstar_3,sparse,medium,baseline,202,5,5,5,0,104,281,21,23,48,18,0,1.7422058582305908,0
dstar_3,heavy,frequent,p2_c40_penalty_off,404,11,12,0,12,183,484,35,33,86,26,0,1.8749654293060303,0
dstar_3,sparse,medium,baseline,303,3,3,3,0,90,247,17,13,42,16,0,1.6781673431396484,0
dstar_3,sparse,medium,baseline,404,5,5,5,0,97,255,22,20,44,16,0,1.5865824222564697,0
dstar_3,sparse,medium,p2_c120,101,5,5,5,0,100,267,22,20,45,18,0,1.6253392696380615,0
dstar_3,sparse,medium,p2_c120_mp2,42,5,5,5,0,102,273,21,23,47,17,0,1.4642066955566406,0
dstar_3,sparse,medium,p2_c120,42,5,5,5,0,102,273,21,23,47,17,0,1.7581984996795654,0
dstar_3,sparse,medium,p2_c120,404,5,5,5,0,97,255,22,20,44,16,0,1.8033287525177002,0
dstar_3,sparse,medium,p2_c120,202,5,5,5,0,104,281,21,23,48,18,0,1.831695556640625,0
dstar_3,sparse,medium,p2_c120,303,3,3,3,0,90,247,17,13,42,16,0,1.8105998039245605,0
dstar_3,sparse,medium,p2_c120_mp2,101,5,5,5,0,100,267,22,20,45,18,0,1.728525161743164,0
dstar_3,sparse,medium,p2_c120_mp2,202,5,5,5,0,104,281,21,23,48,18,0,1.724644422531128,0
dstar_3,sparse,medium,p2_c120_mp2,303,3,3,3,0,90,247,17,13,42,16,0,1.714449405670166,0
dstar_3,sparse,medium,p2_c120_mp2,404,5,5,5,0,97,255,22,20,44,16,0,1.7491159439086914,0
dstar_3,sparse,medium,p2_c120_h2,42,5,5,5,0,106,287,20,24,46,21,1,1.804032564163208,0
dstar_3,sparse,medium,p2_c40,101,5,5,0,5,96,267,15,15,42,20,0,1.5725202560424805,0
dstar_3,sparse,medium,p2_c120_h2,404,5,5,5,0,105,282,21,23,47,19,1,1.6656818389892578,0
dstar_3,sparse,medium,p2_c120_h2,101,5,5,5,0,104,274,25,20,44,21,2,1.7967510223388672,0
dstar_3,sparse,medium,p2_c120_h2,303,5,5,5,0,104,283,19,20,45,21,1,1.8100898265838623,0
dstar_3,sparse,medium,p2_c120_h2,202,5,5,5,0,112,309,19,26,51,21,1,1.814457893371582,0
dstar_3,sparse,medium,p2_c40,42,5,5,0,5,93,253,17,15,40,19,0,1.785172700881958,0
dstar_3,sparse,medium,p2_c40_penalty_off,101,5,5,0,5,96,267,15,15,42,20,0,1.5468289852142334,0
dstar_3,sparse,medium,p2_c40,404,5,5,0,5,96,268,14,15,44,18,0,1.6550493240356445,0
dstar_3,sparse,medium,p2_c40,202,5,5,0,5,93,254,16,15,39,20,0,1.7096986770629883,0
dstar_3,sparse,medium,p2_c40,303,5,5,0,5,97,272,14,15,43,20,0,1.721696138381958,0
dstar_3,sparse,medium,p2_c40_penalty_off,404,5,5,0,5,96,268,14,15,44,18,0,1.5667097568511963,0
dstar_3,sparse,medium,p2_c40_penalty_off,42,5,5,0,5,93,253,17,15,40,19,0,1.762812852859497,0
dstar_3,sparse,medium,p2_c40_penalty_off,202,5,5,0,5,93,254,16,15,39,20,0,1.706510305404663,0
dstar_3,sparse,frequent,baseline,42,5,5,5,0,145,359,41,15,70,15,0,1.7719120979309082,0
dstar_3,sparse,medium,p2_c40_penalty_off,303,5,5,0,5,97,272,14,15,43,20,0,1.8327007293701172,0
dstar_3,sparse,frequent,baseline,202,5,5,5,0,148,367,42,18,71,16,0,1.7811057567596436,0
dstar_3,sparse,frequent,baseline,101,5,5,5,0,151,379,42,19,74,16,0,1.8544414043426514,0
dstar_3,sparse,frequent,baseline,404,5,5,5,0,152,385,40,19,77,14,0,1.6724352836608887,0
dstar_3,sparse,frequent,baseline,303,5,5,5,0,157,409,36,19,79,17,0,1.7823011875152588,0
dstar_3,sparse,frequent,p2_c120,202,5,5,5,0,148,367,42,18,71,16,0,1.489269495010376,0
dstar_3,sparse,frequent,p2_c120,42,5,5,5,0,145,359,41,15,70,15,0,1.7310268878936768,0
dstar_3,sparse,frequent,p2_c120,404,5,5,5,0,152,385,40,19,77,14,0,1.687821626663208,0
dstar_3,sparse,frequent,p2_c120,303,5,5,5,0,157,409,36,19,79,17,0,1.816075086593628,0
dstar_3,sparse,frequent,p2_c120,101,5,5,5,0,151,379,42,19,74,16,0,1.8749165534973145,0
dstar_3,sparse,frequent,p2_c120_mp2,42,5,5,5,0,145,359,41,15,70,15,0,1.7811517715454102,0
dstar_3,sparse,frequent,p2_c120_mp2,202,5,5,5,0,148,367,42,18,71,16,0,1.7193396091461182,0
dstar_3,sparse,frequent,p2_c120_mp2,101,5,5,5,0,151,379,42,19,74,16,0,1.8339130878448486,0
dstar_3,sparse,frequent,p2_c120_mp2,404,5,5,5,0,152,385,40,19,77,14,0,1.7740638256072998,0
dstar_3,sparse,frequent,p2_c120_mp2,303,5,5,5,0,157,409,36,19,79,17,0,1.8075363636016846,0
dstar_3,sparse,frequent,p2_c40,42,5,5,0,5,142,357,37,14,65,19,0,1.614865779876709,0
dstar_3,sparse,frequent,p2_c120_h2,42,5,5,5,0,161,416,39,22,79,19,1,1.8671653270721436,0
dstar_3,sparse,frequent,p2_c120_h2,101,5,5,5,0,152,381,41,16,71,19,2,1.7935214042663574,0
dstar_3,sparse,frequent,p2_c120_h2,404,5,5,5,0,157,404,38,20,76,19,1,1.7293119430541992,0
dstar_3,sparse,frequent,p2_c40,202,5,5,0,5,141,354,36,11,63,20,0,1.6862380504608154,0
dstar_3,sparse,frequent,p2_c120_h2,303,5,5,5,0,155,392,42,19,74,19,1,1.798849105834961,0
dstar_3,sparse,frequent,p2_c40,101,5,5,0,5,145,369,37,14,67,20,0,1.7762677669525146,0
dstar_3,sparse,frequent,p2_c120_h2,202,5,5,5,0,161,415,38,21,79,19,1,1.882845163345337,0
dstar_3,sparse,frequent,p2_c40,303,5,5,0,5,146,375,35,14,68,20,0,1.847623586654663,0
dstar_3,sparse,frequent,p2_c40,404,4,4,0,4,138,347,37,11,65,17,0,1.830003261566162,0
dstar_3,sparse,frequent,p2_c40_penalty_off,101,5,5,0,5,145,369,37,14,67,20,0,1.7515714168548584,0
dstar_3,sparse,frequent,p2_c40_penalty_off,42,5,5,0,5,142,357,37,14,65,19,0,1.8152296543121338,0
dstar_3,sparse,frequent,p2_c40_penalty_off,404,4,4,0,4,138,347,37,11,65,17,0,1.607072114944458,0
dstar_3,sparse,frequent,p2_c40_penalty_off,303,5,5,0,5,146,375,35,14,68,20,0,1.676398515701294,0
dstar_3,sparse,frequent,p2_c40_penalty_off,202,5,5,0,5,141,354,36,11,63,20,0,1.809037208557129,0
dstar_4,medium,medium,baseline,42,6,6,6,0,122,389,29,24,57,17,0,2.254716157913208,0
dstar_4,medium,medium,baseline,101,5,5,5,0,117,373,28,22,54,17,0,2.1253316402435303,0
dstar_4,medium,medium,baseline,202,6,6,6,0,127,417,26,25,60,19,0,2.172722578048706,0
dstar_4,medium,medium,baseline,303,6,6,6,0,124,399,29,24,58,18,0,2.2711358070373535,0
dstar_4,medium,medium,baseline,404,6,6,6,0,122,382,32,27,57,16,0,2.2611422538757324,0
dstar_4,medium,medium,p2_c120,101,5,5,5,0,117,373,28,22,54,17,0,2.1360766887664795,0
dstar_4,medium,medium,p2_c120,42,6,6,6,0,122,389,29,24,57,17,0,2.1877193450927734,0
dstar_4,medium,medium,p2_c120_mp2,101,5,5,5,0,117,373,28,22,54,17,0,1.7410531044006348,0
dstar_4,medium,medium,p2_c120,202,6,6,6,0,127,417,26,25,60,19,0,2.22051739692688,0
dstar_4,medium,medium,p2_c120,303,6,6,6,0,124,399,29,24,58,18,0,2.2140145301818848,0
dstar_4,medium,medium,p2_c120_h2,101,6,6,6,0,129,418,31,24,59,21,1,1.781972885131836,0
dstar_4,medium,medium,p2_c120_mp2,202,6,6,6,0,127,417,26,25,60,19,0,1.960211992263794,0
dstar_4,medium,medium,p2_c40,202,6,6,0,6,117,387,22,18,52,21,0,1.6639821529388428,0
dstar_4,medium,medium,p2_c120,404,6,6,6,0,122,382,32,27,57,16,0,2.211137056350708,0
dstar_4,medium,medium,p2_c120_mp2,42,6,6,6,0,122,389,29,24,57,17,0,2.1486356258392334,0
dstar_4,medium,medium,p2_c40,42,6,6,0,6,113,366,23,18,49,20,0,1.990147352218628,0
dstar_4,medium,medium,p2_c120_mp2,303,6,6,6,0,124,399,29,24,58,18,0,2.2160964012145996,0
dstar_4,medium,medium,p2_c120_mp2,404,6,6,6,0,122,382,32,27,57,16,0,2.1894607543945312,0
dstar_4,medium,medium,p2_c120_h2,303,6,6,6,0,129,421,28,24,59,21,1,2.1402485370635986,0
dstar_4,medium,medium,p2_c120_h2,42,6,6,6,0,129,409,32,27,58,20,2,2.2482786178588867,0
dstar_4,medium,medium,p2_c120_h2,404,6,6,6,0,118,360,34,21,50,19,2,2.172245740890503,0
dstar_4,medium,medium,p2_c120_h2,202,6,6,6,0,135,457,22,25,64,22,1,2.2423017024993896,0
dstar_4,medium,medium,p2_c40,404,6,6,0,6,110,348,26,18,47,19,0,2.12992787361145,0
dstar_4,medium,medium,p2_c40_penalty_off,101,5,5,0,5,107,343,24,15,46,19,0,2.1402413845062256,0
dstar_4,medium,medium,p2_c40,101,5,5,0,5,107,343,24,15,46,19,0,2.2844960689544678,0
dstar_4,medium,medium,p2_c40_penalty_off,42,6,6,0,6,113,366,23,18,49,20,0,2.2079784870147705,0
dstar_4,medium,medium,p2_c40,303,6,6,0,6,115,376,23,18,50,21,0,2.3239805698394775,0
dstar_4,medium,medium,p2_c40_penalty_off,202,6,6,0,6,117,387,22,18,52,21,0,2.235781192779541,0
dstar_4,medium,medium,p2_c40_penalty_off,303,6,6,0,6,115,376,23,18,50,21,0,1.9872140884399414,0
dstar_4,medium,medium,p2_c40_penalty_off,404,6,6,0,6,110,348,26,18,47,19,0,2.2268776893615723,0
dstar_4,medium,frequent,baseline,42,6,6,6,0,196,610,50,24,99,17,0,2.192711353302002,0
dstar_4,medium,frequent,baseline,202,6,6,6,0,194,599,51,24,96,18,0,2.0830585956573486,0
dstar_4,medium,frequent,baseline,404,6,6,6,0,188,568,56,21,93,16,0,1.9004123210906982,0
dstar_4,medium,frequent,p2_c120,101,6,6,6,0,202,635,51,27,103,18,0,1.800506830215454,0
dstar_4,medium,frequent,baseline,101,6,6,6,0,202,635,51,27,103,18,0,2.281038999557495,0
dstar_4,medium,frequent,p2_c120,42,6,6,6,0,196,610,50,24,99,17,0,2.1403074264526367,0
dstar_4,medium,frequent,baseline,303,6,6,6,0,189,575,54,21,92,18,0,2.2736029624938965,0
dstar_4,medium,frequent,p2_c120,303,6,6,6,0,189,575,54,21,92,18,0,2.1474015712738037,0
dstar_4,medium,frequent,p2_c120,202,6,6,6,0,194,599,51,24,96,18,0,2.2718024253845215,0
dstar_4,medium,frequent,p2_c120_mp2,42,6,6,6,0,196,610,50,24,99,17,0,2.1895229816436768,0
dstar_4,medium,frequent,p2_c120_h2,404,6,6,6,0,191,578,57,21,92,19,1,1.8655970096588135,0
dstar_4,medium,frequent,p2_c120,404,6,6,6,0,188,568,56,21,93,16,0,2.295825958251953,0
dstar_4,medium,frequent,p2_c120_mp2,101,6,6,6,0,202,635,51,27,103,18,0,2.3115875720977783,0
dstar_4,medium,frequent,p2_c120_mp2,404,6,6,6,0,188,568,56,21,93,16,0,2.082451105117798,0
dstar_4,medium,frequent,p2_c120_mp2,202,6,6,6,0,194,599,51,24,96,18,0,2.326720714569092,0
dstar_4,medium,frequent,p2_c120_h2,101,6,6,6,0,190,572,58,21,89,21,1,2.240757465362549,0
dstar_4,medium,frequent,p2_c120_h2,42,6,6,6,0,204,641,51,27,102,20,1,2.2673163414001465,0
dstar_4,medium,frequent,p2_c120_mp2,303,6,6,6,0,189,575,54,21,92,18,0,2.3554744720458984,0
dstar_4,medium,frequent,p2_c120_h2,202,6,6,6,0,203,633,54,28,99,22,1,2.277609348297119,0
dstar_4,medium,frequent,p2_c120_h2,303,6,6,6,0,205,647,50,27,102,21,1,2.261078357696533,0
dstar_4,medium,frequent,p2_c40,101,6,6,0,6,190,601,45,18,93,21,0,2.0777101516723633,0
dstar_4,medium,frequent,p2_c40,42,6,6,0,6,187,587,44,18,91,20,0,2.2890615463256836,0
dstar_4,medium,frequent,p2_c40,202,6,6,0,6,185,576,45,18,88,21,0,2.2096099853515625,0
dstar_4,medium,frequent,p2_c40,303,6,6,0,6,183,562,49,18,86,21,0,2.2899255752563477,0
dstar_4,medium,frequent,p2_c40_penalty_off,42,6,6,0,6,187,587,44,18,91,20,0,2.1835296154022217,0
dstar_4,medium,frequent,p2_c40,404,6,6,0,6,182,556,50,18,87,19,0,2.3262901306152344,0
dstar_4,medium,frequent,p2_c40_penalty_off,101,6,6,0,6,190,601,45,18,93,21,0,2.1471848487854004,0
dstar_4,medium,frequent,p2_c40_penalty_off,303,6,6,0,6,183,562,49,18,86,21,0,2.1019225120544434,0
dstar_4,medium,frequent,p2_c40_penalty_off,202,6,6,0,6,185,576,45,18,88,21,0,2.187568187713623,0
dstar_4,medium,frequent,p2_c40_penalty_off,404,6,6,0,6,182,556,50,18,87,19,0,2.1467628479003906,0
dstar_4,heavy,medium,baseline,42,11,11,8,3,152,494,30,40,65,28,0,2.144920825958252,0
dstar_4,heavy,medium,baseline,101,10,11,8,3,144,459,33,34,60,27,0,2.188814640045166,0
dstar_4,heavy,medium,baseline,303,12,12,8,4,159,515,32,46,67,30,0,2.0647640228271484,0
dstar_4,heavy,medium,baseline,202,11,11,8,3,156,516,28,40,66,31,0,2.1766185760498047,0
dstar_4,heavy,medium,p2_c120,404,11,12,10,2,148,464,36,38,63,25,0,1.8013794422149658,0
dstar_4,heavy,medium,baseline,404,11,12,10,2,148,464,36,38,63,25,0,2.166354179382324,0
dstar_4,heavy,medium,p2_c120,202,11,11,8,3,156,516,28,40,66,31,0,2.031388759613037,0
dstar_4,heavy,medium,p2_c120,42,11,11,8,3,152,494,30,40,65,28,0,2.200160026550293,0
dstar_4,heavy,medium,p2_c120,101,10,11,8,3,144,459,33,34,60,27,0,2.2350270748138428,0
dstar_4,heavy,medium,p2_c120_mp2,101,10,11,8,3,147,462,33,34,60,27,0,2.055610179901123,0
dstar_4,heavy,medium,p2_c120,303,12,12,8,4,159,515,32,46,67,30,0,2.152214527130127,0
dstar_4,heavy,medium,p2_c120_mp2,202,11,11,8,3,159,519,28,40,66,31,0,2.1260323524475098,0
dstar_4,heavy,medium,p2_c120_mp2,42,11,11,8,3,155,497,30,40,65,28,0,2.1684317588806152,0
dstar_4,heavy,medium,p2_c120_h2,303,12,12,7,5,167,547,32,51,69,34,1,1.8936476707458496,0
dstar_4,heavy,medium,p2_c120_mp2,404,11,12,10,2,150,466,36,38,63,25,0,2.079716920852661,0
dstar_4,heavy,medium,p2_c120_h2,202,11,11,9,2,163,547,28,38,72,31,1,2.0854763984680176,0
dstar_4,heavy,medium,p2_c120_mp2,303,12,12,8,4,163,519,32,46,67,30,0,2.1964616775512695,0
dstar_4,heavy,medium,p2_c120_h2,42,12,12,10,2,168,547,33,46,72,31,2,2.2838871479034424,0
dstar_4,heavy,medium,p2_c40,42,11,11,0,11,141,466,23,33,59,28,0,2.082897186279297,0
dstar_4,heavy,medium,p2_c120_h2,404,9,10,9,1,138,424,38,31,56,25,2,2.1070570945739746,0
dstar_4,heavy,medium,p2_c120_h2,101,11,12,10,2,156,504,36,35,65,31,1,2.304142713546753,0
dstar_4,heavy,medium,p2_c40,101,10,11,0,11,136,443,25,30,56,27,0,2.163661479949951,0
dstar_4,heavy,medium,p2_c40,202,11,11,0,11,145,487,22,33,62,29,0,2.2125983238220215,0
dstar_4,heavy,medium,p2_c40,303,12,12,0,12,148,492,24,36,62,30,0,2.257949113845825,0
dstar_4,heavy,medium,p2_c40,404,9,10,0,10,128,408,28,27,53,24,0,2.244619607925415,0
dstar_4,heavy,medium,p2_c40_penalty_off,202,11,11,0,11,145,487,22,33,62,29,0,2.027939796447754,0
dstar_4,heavy,medium,p2_c40_penalty_off,101,10,11,0,11,136,443,25,30,56,27,0,2.194685935974121,0
dstar_4,heavy,medium,p2_c40_penalty_off,404,9,10,0,10,128,408,28,27,53,24,0,2.0897085666656494,0
dstar_4,heavy,medium,p2_c40_penalty_off,42,11,11,0,11,141,466,23,33,59,28,0,2.2960822582244873,0
dstar_4,heavy,medium,p2_c40_penalty_off,303,12,12,0,12,148,492,24,36,62,30,0,2.278125047683716,0
dstar_4,heavy,frequent,baseline,42,11,12,9,3,230,728,50,44,106,31,0,2.168595552444458,0
dstar_4,heavy,frequent,baseline,202,11,12,10,2,224,689,59,41,103,28,0,2.054654121398926,0
dstar_4,heavy,frequent,p2_c120,42,11,12,9,3,230,728,50,44,106,31,0,1.9403176307678223,0
dstar_4,heavy,frequent,baseline,101,11,12,9,3,229,715,58,43,107,29,0,2.2300429344177246,0
dstar_4,heavy,frequent,baseline,303,12,12,9,3,221,673,60,41,97,31,0,2.1887154579162598,0
dstar_4,heavy,frequent,baseline,404,11,12,9,3,223,681,62,43,106,24,0,2.14441180229187,0
dstar_4,heavy,frequent,p2_c120,202,11,12,10,2,224,689,59,41,103,28,0,1.975635051727295,0
dstar_4,heavy,frequent,p2_c120_mp2,42,11,12,9,3,233,731,50,44,106,31,0,2.1093571186065674,0
dstar_4,heavy,frequent,p2_c120,404,11,12,9,3,223,681,62,43,106,24,0,2.1793758869171143,0
dstar_4,heavy,frequent,p2_c120,303,12,12,9,3,221,673,60,41,97,31,0,2.3093910217285156,0
dstar_4,heavy,frequent,p2_c120,101,11,12,9,3,229,715,58,43,107,29,0,2.3555216789245605,0
dstar_4,heavy,frequent,p2_c120_mp2,101,11,12,9,3,232,718,58,43,107,29,0,2.2950897216796875,0
dstar_4,heavy,frequent,p2_c120_mp2,202,11,12,10,2,226,691,59,41,103,28,0,2.257267951965332,0
dstar_4,heavy,frequent,p2_c120_mp2,303,12,12,9,3,224,676,60,41,97,31,0,2.188394069671631,0
dstar_4,heavy,frequent,p2_c120_h2,42,11,12,10,2,227,705,58,38,104,30,1,2.128326892852783,0
dstar_4,heavy,frequent,p2_c120_mp2,404,11,12,9,3,226,684,62,43,106,24,0,2.284562349319458,0
dstar_4,heavy,frequent,p2_c120_h2,202,11,12,10,2,230,720,58,38,106,31,1,2.2182300090789795,0
dstar_4,heavy,frequent,p2_c120_h2,101,10,12,9,3,228,708,56,47,98,36,1,2.2838408946990967,0
dstar_4,heavy,frequent,p2_c120_h2,303,11,12,10,2,230,722,56,38,106,31,1,2.280831813812256,0
dstar_4,heavy,frequent,p2_c40,42,11,12,0,12,216,686,46,33,101,28,0,2.0338687896728516,0
dstar_4,heavy,frequent,p2_c120_h2,404,11,12,9,3,230,709,61,46,108,27,1,2.2497825622558594,0
dstar_4,heavy,frequent,p2_c40,101,11,12,0,12,217,688,49,33,101,29,0,2.2920191287994385,0
dstar_4,heavy,frequent,p2_c40,202,12,12,0,12,215,674,49,36,97,30,0,2.320127248764038,0
dstar_4,heavy,frequent,p2_c40,303,12,12,0,12,213,661,52,36,95,30,0,2.1755309104919434,0
dstar_4,heavy,frequent,p2_c40_penalty_off,42,11,12,0,12,216,686,46,33,101,28,0,2.1327078342437744,0
dstar_4,heavy,frequent,p2_c40_penalty_off,202,12,12,0,12,215,674,49,36,97,30,0,2.0916237831115723,0
dstar_4,heavy,frequent,p2_c40,404,11,12,0,12,205,617,60,31,92,26,0,2.2858643531799316,0
dstar_4,heavy,frequent,p2_c40_penalty_off,101,11,12,0,12,217,688,49,33,101,29,0,2.258256435394287,0
dstar_4,sparse,medium,baseline,42,4,4,4,0,106,334,28,14,49,15,0,2.0724074840545654,0
dstar_4,heavy,frequent,p2_c40_penalty_off,404,11,12,0,12,205,617,60,31,92,26,0,2.189054012298584,0
dstar_4,sparse,medium,baseline,101,5,5,5,0,112,355,29,15,52,16,0,2.1341452598571777,0
dstar_4,heavy,frequent,p2_c40_penalty_off,303,12,12,0,12,213,661,52,36,95,30,0,2.327509641647339,0
dstar_4,sparse,medium,baseline,404,5,5,5,0,111,348,31,15,53,14,0,2.078373432159424,0
dstar_4,sparse,medium,baseline,202,4,4,4,0,116,380,24,21,55,17,0,2.153140068054199,0
dstar_4,sparse,medium,baseline,303,5,5,5,0,111,350,29,15,51,16,0,2.188911199569702,0
dstar_4,sparse,medium,p2_c120,101,5,5,5,0,112,355,29,15,52,16,0,2.0319674015045166,0
dstar_4,sparse,medium,p2_c120_mp2,101,5,5,5,0,112,355,29,15,52,16,0,1.8410553932189941,0
dstar_4,sparse,medium,p2_c120,42,4,4,4,0,106,334,28,14,49,15,0,2.184619665145874,0
dstar_4,sparse,medium,p2_c120,202,4,4,4,0,116,380,24,21,55,17,0,2.2062902450561523,0
dstar_4,sparse,medium,p2_c120,303,5,5,5,0,111,350,29,15,51,16,0,2.2949774265289307,0
dstar_4,sparse,medium,p2_c120,404,5,5,5,0,111,348,31,15,53,14,0,2.212651491165161,0
dstar_4,sparse,medium,p2_c120_mp2,42,4,4,4,0,106,334,28,14,49,15,0,2.2560455799102783,0
dstar_4,sparse,medium,p2_c120_mp2,303,5,5,5,0,111,350,29,15,51,16,0,2.162860870361328,0
dstar_4,sparse,medium,p2_c120_mp2,202,4,4,4,0,116,380,24,21,55,17,0,2.2274975776672363,0
dstar_4,sparse,medium,p2_c120_mp2,404,5,5,5,0,111,348,31,15,53,14,0,2.1432180404663086,0
dstar_4,sparse,medium,p2_c120_h2,101,5,5,5,0,118,373,33,18,53,19,1,2.0668413639068604,0
dstar_4,sparse,medium,p2_c120_h2,202,4,4,4,0,119,397,22,18,55,20,1,2.1161224842071533,0
dstar_4,sparse,medium,p2_c120_h2,42,5,5,5,0,125,398,31,24,58,18,2,2.1515493392944336,0
dstar_4,sparse,medium,p2_c120_h2,303,5,5,5,0,116,371,29,15,52,19,1,2.230893850326538,0
dstar_4,sparse,medium,p2_c120_h2,404,4,4,4,0,102,300,34,12,43,15,2,2.0582120418548584,0
dstar_4,sparse,medium,p2_c40,42,4,4,0,4,104,337,23,12,47,17,0,1.9888312816619873,0
dstar_4,sparse,medium,p2_c40,101,4,4,0,4,99,309,26,12,42,17,0,1.9733128547668457,0
dstar_4,sparse,medium,p2_c40,202,4,4,0,4,105,343,22,12,47,18,0,2.011852741241455,0
dstar_4,sparse,medium,p2_c40_penalty_off,42,4,4,0,4,104,337,23,12,47,17,0,2.0442233085632324,0
dstar_4,sparse,medium,p2_c40,404,4,4,0,4,99,309,26,12,43,16,0,2.219231367111206,0
dstar_4,sparse,medium,p2_c40,303,4,4,0,4,99,310,25,12,42,17,0,2.2709944248199463,0
dstar_4,sparse,medium,p2_c40_penalty_off,101,4,4,0,4,99,309,26,12,42,17,0,2.199261426925659,0
dstar_4,sparse,medium,p2_c40_penalty_off,202,4,4,0,4,105,343,22,12,47,18,0,2.1219191551208496,0
dstar_4,sparse,medium,p2_c40_penalty_off,303,4,4,0,4,99,310,25,12,42,17,0,2.131392478942871,0
dstar_4,sparse,frequent,baseline,42,5,5,5,0,186,561,53,24,92,15,0,2.249904155731201,0
dstar_4,sparse,frequent,baseline,202,5,5,5,0,183,558,53,15,91,16,0,2.1686272621154785,0
dstar_4,sparse,medium,p2_c40_penalty_off,404,4,4,0,4,99,309,26,12,43,16,0,2.279902696609497,0
dstar_4,sparse,frequent,baseline,101,5,5,5,0,182,554,52,15,90,16,0,2.306938886642456,0
dstar_4,sparse,frequent,p2_c120,101,5,5,5,0,182,554,52,15,90,16,0,1.9907147884368896,0
dstar_4,sparse,frequent,baseline,303,5,5,5,0,182,538,60,21,88,16,0,2.2158710956573486,0
dstar_4,sparse,frequent,p2_c120,42,5,5,5,0,186,561,53,24,92,15,0,2.221896171569824,0
dstar_4,sparse,frequent,baseline,404,4,4,4,0,172,506,58,14,84,14,0,2.2797927856445312,0
dstar_4,sparse,frequent,p2_c120_mp2,42,5,5,5,0,186,561,53,24,92,15,0,2.002173662185669,0
dstar_4,sparse,frequent,p2_c120,202,5,5,5,0,183,558,53,15,91,16,0,2.2851736545562744,0
dstar_4,sparse,frequent,p2_c120,404,4,4,4,0,172,506,58,14,84,14,0,2.181114912033081,0
dstar_4,sparse,frequent,p2_c120,303,5,5,5,0,182,538,60,21,88,16,0,2.2900149822235107,0
dstar_4,sparse,frequent,p2_c120_mp2,202,5,5,5,0,183,558,53,15,91,16,0,2.072739362716675,0
dstar_4,sparse,frequent,p2_c120_mp2,404,4,4,4,0,172,506,58,14,84,14,0,2.1786599159240723,0
dstar_4,sparse,frequent,p2_c120_mp2,101,5,5,5,0,182,554,52,15,90,16,0,2.2863359451293945,0
dstar_4,sparse,frequent,p2_c120_mp2,303,5,5,5,0,182,538,60,21,88,16,0,2.3399031162261963,0
dstar_4,sparse,frequent,p2_c120_h2,42,4,4,4,0,187,582,49,17,93,18,1,2.28220534324646,0
dstar_4,sparse,frequent,p2_c120_h2,202,5,5,5,0,190,590,52,15,94,19,1,2.1423139572143555,0
dstar_4,sparse,frequent,p2_c120_h2,404,5,5,5,0,185,564,53,15,91,17,1,1.8235585689544678,0
dstar_4,sparse,frequent,p2_c120_h2,101,5,5,5,0,183,544,59,18,86,19,1,2.2135207653045654,0
dstar_4,sparse,frequent,p2_c120_h2,303,5,5,5,0,187,568,55,18,90,19,1,2.3027074337005615,0
dstar_4,sparse,frequent,p2_c40,42,5,5,0,5,179,552,47,13,87,18,0,2.3128979206085205,0
dstar_4,sparse,frequent,p2_c40,101,5,5,0,5,176,535,49,13,83,19,0,2.107815742492676,0
dstar_4,sparse,frequent,p2_c40,202,5,5,0,5,180,556,48,15,87,19,0,2.0585880279541016,0
dstar_4,sparse,frequent,p2_c40,404,4,4,0,4,165,482,55,12,77,16,0,2.176206111907959,0
dstar_4,sparse,frequent,p2_c40_penalty_off,42,5,5,0,5,179,552,47,13,87,18,0,2.2208359241485596,0
dstar_4,sparse,frequent,p2_c40,303,5,5,0,5,172,512,52,11,79,19,0,2.260911703109741,0
dstar_4,sparse,frequent,p2_c40_penalty_off,101,5,5,0,5,176,535,49,13,83,19,0,2.240936517715454,0
dstar_4,sparse,frequent,p2_c40_penalty_off,202,5,5,0,5,180,556,48,15,87,19,0,2.266392230987549,0
dstar_4,sparse,frequent,p2_c40_penalty_off,404,4,4,0,4,165,482,55,12,77,16,0,2.3294341564178467,0
dstar_4,sparse,frequent,p2_c40_penalty_off,303,5,5,0,5,172,512,52,11,79,19,0,2.397988796234131,0
tree_d2f2,medium,medium,baseline,42,6,6,4,2,232,440,77,53,134,62,0,2.603489637374878,0
tree_d2f2,medium,medium,baseline,101,6,6,4,2,227,424,78,55,141,50,0,2.5053985118865967,0
tree_d2f2,medium,medium,baseline,202,6,6,4,2,233,435,82,54,142,55,0,2.5376534461975098,0
tree_d2f2,medium,medium,baseline,303,5,5,3,2,189,346,72,34,104,53,0,2.45212459564209,0
tree_d2f2,medium,medium,baseline,404,4,4,3,1,197,366,71,34,118,48,0,2.4682400226593018,0
tree_d2f2,medium,medium,p2_c120,404,4,4,3,1,197,366,71,34,118,48,0,2.2673628330230713,0
tree_d2f2,medium,medium,p2_c120,202,6,6,4,2,233,435,82,54,142,55,0,2.38885498046875,0
tree_d2f2,medium,medium,p2_c120,42,6,6,4,2,232,440,77,53,134,62,0,2.588491201400757,0
tree_d2f2,medium,medium,p2_c120,101,6,6,4,2,227,424,78,55,141,50,0,2.4603569507598877,0
tree_d2f2,medium,medium,p2_c120,303,5,5,3,2,189,346,72,34,104,53,0,2.5759153366088867,0
tree_d2f2,medium,medium,p2_c120_mp2,42,6,6,4,2,234,442,77,53,134,62,0,2.4429476261138916,0
tree_d2f2,medium,medium,p2_c120_mp2,101,6,6,4,2,229,426,78,55,141,50,0,2.556002616882324,0
tree_d2f2,medium,medium,p2_c120_mp2,303,5,5,3,2,191,347,73,34,104,53,0,2.48349928855896,0
tree_d2f2,medium,medium,p2_c120_mp2,202,6,6,4,2,235,437,82,54,142,55,0,2.687620162963867,0
tree_d2f2,medium,medium,p2_c120_mp2,404,4,4,3,1,198,367,71,34,118,48,0,2.641117572784424,0
tree_d2f2,medium,medium,p2_c120_h2,42,5,5,3,2,224,439,62,44,105,80,6,2.6507697105407715,0
tree_d2f2,medium,medium,p2_c120_h2,101,4,4,3,1,208,401,62,38,103,68,6,2.7106242179870605,0
tree_d2f2,medium,medium,p2_c40,42,6,6,0,6,211,410,61,48,120,59,0,2.2165181636810303,0
tree_d2f2,medium,medium,p2_c120_h2,202,6,6,4,2,257,495,86,50,131,84,6,2.6771929264068604,0
tree_d2f2,medium,medium,p2_c40,404,4,4,0,4,183,348,60,32,104,51,0,2.088416337966919,0
tree_d2f2,medium,medium,p2_c120_h2,404,4,4,4,0,235,445,84,35,133,66,5,2.5390336513519287,0
tree_d2f2,medium,medium,p2_c40,101,6,6,0,6,204,397,57,48,113,59,0,2.3521029949188232,0
tree_d2f2,medium,medium,p2_c120_h2,303,6,6,4,2,239,449,83,43,124,74,6,2.666445255279541,0
tree_d2f2,medium,medium,p2_c40,303,5,5,0,5,186,352,62,40,100,56,0,2.51381516456604,0
tree_d2f2,medium,medium,p2_c40,202,6,6,0,6,211,409,61,48,121,58,0,2.55619215965271,0
tree_d2f2,medium,medium,p2_c40_penalty_off,202,6,6,0,6,211,409,61,48,121,58,0,2.2955968379974365,0
tree_d2f2,medium,medium,p2_c40_penalty_off,42,6,6,0,6,211,410,61,48,120,59,0,2.4493114948272705,0
tree_d2f2,medium,medium,p2_c40_penalty_off,101,6,6,0,6,204,397,57,48,113,59,0,2.641143321990967,0
tree_d2f2,medium,frequent,baseline,101,6,6,4,2,330,595,130,57,215,59,0,2.494215250015259,0
tree_d2f2,medium,frequent,baseline,303,6,6,5,1,329,578,147,51,217,56,0,2.3585612773895264,0
tree_d2f2,medium,medium,p2_c40_penalty_off,404,4,4,0,4,183,348,60,32,104,51,0,2.597071409225464,0
tree_d2f2,medium,frequent,baseline,202,6,6,4,2,324,579,130,51,216,52,0,2.584446907043457,0
tree_d2f2,medium,medium,p2_c40_penalty_off,303,5,5,0,5,186,352,62,40,100,56,0,2.693037748336792,0
tree_d2f2,medium,frequent,baseline,42,6,6,4,2,327,591,128,54,215,56,0,2.7272984981536865,0
tree_d2f2,medium,frequent,baseline,404,6,6,4,2,316,588,106,56,197,63,0,2.6038355827331543,0
tree_d2f2,medium,frequent,p2_c120,101,6,6,4,2,330,595,130,57,215,59,0,2.546633005142212,0
tree_d2f2,medium,frequent,p2_c120,42,6,6,4,2,327,591,128,54,215,56,0,2.6168336868286133,0
tree_d2f2,medium,frequent,p2_c120,303,6,6,5,1,329,578,147,51,217,56,0,2.5075485706329346,0
tree_d2f2,medium,frequent,p2_c120,202,6,6,4,2,324,579,130,51,216,52,0,2.6620261669158936,0
tree_d2f2,medium,frequent,p2_c120,404,6,6,4,2,316,588,106,56,197,63,0,2.590526580810547,0
tree_d2f2,medium,frequent,p2_c120_mp2,303,6,6,5,1,330,579,147,51,217,56,0,2.432147264480591,0
tree_d2f2,medium,frequent,p2_c120_mp2,42,6,6,4,2,329,592,129,54,215,56,0,2.754516839981079,0
tree_d2f2,medium,frequent,p2_c120_mp2,101,6,6,4,2,332,597,130,57,215,59,0,2.5964608192443848,0
tree_d2f2,medium,frequent,p2_c120_mp2,404,6,6,4,2,318,590,106,56,197,63,0,2.498260498046875,0
tree_d2f2,medium,frequent,p2_c120_mp2,202,6,6,4,2,326,579,132,51,216,52,0,2.7443182468414307,0
tree_d2f2,medium,frequent,p2_c120_h2,101,6,6,4,2,359,663,135,54,215,82,6,2.3992984294891357,0
tree_d2f2,medium,frequent,p2_c120_h2,202,6,6,4,2,351,628,144,58,222,67,6,2.6165056228637695,0
tree_d2f2,medium,frequent,p2_c40,42,6,6,0,6,305,562,110,48,194,59,0,2.3796885013580322,0
tree_d2f2,medium,frequent,p2_c120_h2,42,6,6,4,2,358,663,134,57,214,82,6,2.764876127243042,0
tree_d2f2,medium,frequent,p2_c120_h2,303,6,6,5,1,345,637,129,41,211,73,6,2.676013946533203,0
tree_d2f2,medium,frequent,p2_c120_h2,404,6,6,4,2,350,640,136,58,217,72,5,2.705937623977661,0
tree_d2f2,medium,frequent,p2_c40,101,6,6,0,6,305,558,112,48,194,59,0,2.611032247543335,0
tree_d2f2,medium,frequent,p2_c40,202,6,6,0,6,305,552,118,48,195,58,0,2.637956380844116,0
tree_d2f2,medium,frequent,p2_c40,303,6,6,0,6,306,555,121,48,195,59,0,2.682429075241089,0
tree_d2f2,medium,frequent,p2_c40_penalty_off,42,6,6,0,6,305,562,110,48,194,59,0,2.4344351291656494,0
tree_d2f2,medium,frequent,p2_c40,404,3,6,0,6,266,487,95,24,162,55,0,2.74845290184021,0
tree_d2f2,heavy,medium,baseline,202,11,12,5,7,293,554,99,86,170,76,0,1.9919567108154297,0
tree_d2f2,medium,frequent,p2_c40_penalty_off,101,6,6,0,6,305,558,112,48,194,59,0,2.5476315021514893,0
tree_d2f2,medium,frequent,p2_c40_penalty_off,202,6,6,0,6,305,552,118,48,195,58,0,2.5507969856262207,0
tree_d2f2,heavy,medium,baseline,42,12,12,4,8,287,548,90,87,156,83,0,2.4601428508758545,0
tree_d2f2,heavy,medium,baseline,101,10,12,5,7,262,492,87,75,142,74,0,2.402116060256958,0
tree_d2f2,medium,frequent,p2_c40_penalty_off,303,6,6,0,6,306,555,121,48,195,59,0,2.581315279006958,0
tree_d2f2,medium,frequent,p2_c40_penalty_off,404,4,6,0,6,274,505,95,32,169,55,0,2.5243072509765625,0
tree_d2f2,heavy,medium,p2_c120,42,12,12,8,4,324,605,115,108,198,74,0,2.49432635307312,0
tree_d2f2,heavy,medium,baseline,303,9,9,3,6,233,430,87,61,118,74,0,2.6667609214782715,0
tree_d2f2,heavy,medium,baseline,404,6,9,6,3,226,405,93,52,139,49,0,2.6539149284362793,0
tree_d2f2,heavy,medium,p2_c120,101,10,12,8,4,287,532,102,88,170,68,0,2.481724262237549,0
tree_d2f2,heavy,medium,p2_c120,202,11,12,8,4,315,577,123,96,198,67,0,2.6692590713500977,0
tree_d2f2,heavy,medium,p2_c120_mp2,42,12,12,8,4,328,608,116,108,198,74,0,2.5173938274383545,0
tree_d2f2,heavy,medium,p2_c120,404,6,9,7,2,231,414,94,53,146,46,0,2.6371140480041504,0
tree_d2f2,heavy,medium,p2_c120,303,9,9,6,3,259,474,99,75,153,62,0,2.6516196727752686,0
tree_d2f2,heavy,medium,p2_c120_mp2,101,10,12,8,4,291,532,106,88,170,68,0,2.5848028659820557,0
tree_d2f2,heavy,medium,p2_c120_mp2,202,11,12,8,4,319,584,120,96,198,67,0,2.5233700275421143,0
tree_d2f2,heavy,medium,p2_c120_mp2,303,9,9,6,3,262,481,95,75,153,62,0,2.6192758083343506,0
tree_d2f2,heavy,medium,p2_c120_mp2,404,6,9,7,2,238,427,96,58,146,51,0,2.4071621894836426,0
tree_d2f2,heavy,medium,p2_c120_h2,42,6,9,7,2,258,494,79,43,143,71,6,2.4423813819885254,0
tree_d2f2,heavy,medium,p2_c120_h2,202,10,12,8,4,320,604,113,88,179,87,6,2.460336923599243,0
tree_d2f2,heavy,medium,p2_c120_h2,101,7,9,7,2,254,489,77,65,118,89,6,2.6881792545318604,0
tree_d2f2,heavy,medium,p2_c120_h2,404,9,12,9,3,324,619,110,81,175,96,6,2.5383667945861816,0
tree_d2f2,heavy,medium,p2_c120_h2,303,12,12,8,4,336,620,128,110,187,91,6,2.7133140563964844,0
tree_d2f2,heavy,medium,p2_c40,42,12,12,0,12,273,540,69,92,152,77,0,2.536912441253662,0
tree_d2f2,heavy,medium,p2_c40,404,6,9,0,9,213,405,68,48,118,60,0,2.3844528198242188,0
tree_d2f2,heavy,medium,p2_c40,101,10,12,0,12,254,485,79,80,141,71,0,2.6450963020324707,0
tree_d2f2,heavy,medium,p2_c40,202,12,12,0,12,271,515,88,93,151,76,0,2.6746668815612793,0
tree_d2f2,heavy,medium,p2_c40,303,8,9,0,9,226,434,71,64,122,67,0,2.6884052753448486,0
tree_d2f2,heavy,medium,p2_c40_penalty_off,202,12,12,0,12,271,515,88,93,151,76,0,2.35127854347229,0
tree_d2f2,heavy,medium,p2_c40_penalty_off,101,10,12,0,12,254,485,79,80,141,71,0,2.510843276977539,0
tree_d2f2,heavy,medium,p2_c40_penalty_off,303,8,9,0,9,226,434,71,64,122,67,0,2.465130567550659,0
tree_d2f2,heavy,medium,p2_c40_penalty_off,42,12,12,0,12,273,540,69,92,152,77,0,2.641864538192749,0
tree_d2f2,heavy,medium,p2_c40_penalty_off,404,6,9,0,9,213,405,68,48,118,60,0,2.625411033630371,0
tree_d2f2,heavy,frequent,baseline,42,11,12,5,7,382,704,137,87,244,71,0,2.720075845718384,0
tree_d2f2,heavy,frequent,baseline,303,10,12,7,5,379,684,152,71,242,71,0,2.4150326251983643,0
tree_d2f2,heavy,frequent,baseline,404,9,12,7,5,348,626,132,71,220,63,0,2.5000040531158447,0
tree_d2f2,heavy,frequent,baseline,101,10,12,5,7,364,663,137,70,215,83,0,2.61297869682312,0
tree_d2f2,heavy,frequent,baseline,202,12,12,5,7,376,692,136,78,220,88,0,2.582052707672119,0
tree_d2f2,heavy,frequent,p2_c120,202,12,12,8,4,406,732,161,96,262,73,0,2.2874162197113037,0
tree_d2f2,heavy,frequent,p2_c120,42,11,12,8,4,407,750,146,100,272,65,0,2.6228859424591064,0
tree_d2f2,heavy,frequent,p2_c120,404,9,12,9,3,362,646,141,77,241,54,0,2.370605707168579,0
tree_d2f2,heavy,frequent,p2_c120,101,10,12,8,4,391,693,164,85,257,65,0,2.5761687755584717,0
tree_d2f2,heavy,frequent,p2_c120,303,10,12,9,3,396,697,176,80,263,65,0,2.6430747509002686,0
tree_d2f2,heavy,frequent,p2_c120_mp2,101,10,12,8,4,395,700,161,85,257,65,0,2.3686699867248535,0
tree_d2f2,heavy,frequent,p2_c120_mp2,303,10,12,9,3,399,699,177,80,263,65,0,2.534968137741089,0
tree_d2f2,heavy,frequent,p2_c120_mp2,42,11,12,8,4,411,749,151,100,272,65,0,2.7536747455596924,0
tree_d2f2,heavy,frequent,p2_c120_mp2,202,12,12,8,4,410,737,160,96,262,73,0,2.6493144035339355,0
tree_d2f2,heavy,frequent,p2_c120_h2,202,11,12,8,4,424,773,161,97,267,81,6,2.2702038288116455,0
tree_d2f2,heavy,frequent,p2_c120_mp2,404,9,12,9,3,365,647,143,77,241,54,0,2.5987613201141357,0
tree_d2f2,heavy,frequent,p2_c120_h2,42,12,12,8,4,442,816,167,96,262,103,6,2.586967706680298,0
tree_d2f2,heavy,frequent,p2_c120_h2,404,10,12,9,3,407,725,173,83,253,80,6,2.2095870971679688,0
tree_d2f2,heavy,frequent,p2_c120_h2,101,10,12,8,4,427,795,153,95,258,94,6,2.7121429443359375,0
tree_d2f2,heavy,frequent,p2_c120_h2,303,11,12,8,4,432,790,171,92,263,93,6,2.7190005779266357,0
tree_d2f2,heavy,frequent,p2_c40,42,10,12,0,12,353,664,115,80,219,72,0,2.5736172199249268,0
tree_d2f2,heavy,frequent,p2_c40,101,9,12,0,12,351,642,130,72,222,68,0,2.67364764213562,0
tree_d2f2,heavy,frequent,p2_c40,303,10,12,0,12,359,655,137,80,225,72,0,2.5737192630767822,0
tree_d2f2,heavy,frequent,p2_c40,202,12,12,0,12,369,687,126,89,229,76,0,2.693312168121338,0
tree_d2f2,heavy,frequent,p2_c40_penalty_off,42,10,12,0,12,353,664,115,80,219,72,0,2.5305793285369873,0
tree_d2f2,heavy,frequent,p2_c40,404,7,12,0,12,311,571,108,56,185,67,0,2.657731771469116,0
tree_d2f2,heavy,frequent,p2_c40_penalty_off,101,9,12,0,12,351,642,130,72,222,68,0,2.6286394596099854,0
tree_d2f2,heavy,frequent,p2_c40_penalty_off,202,12,12,0,12,369,687,126,89,229,76,0,2.674612522125244,0
tree_d2f2,sparse,medium,baseline,42,5,5,4,1,230,420,94,46,143,53,0,2.3835885524749756,0
tree_d2f2,sparse,medium,baseline,101,4,4,3,1,187,343,69,35,112,44,0,2.4643025398254395,0
tree_d2f2,heavy,frequent,p2_c40_penalty_off,303,10,12,0,12,359,655,137,80,225,72,0,2.748242139816284,0
tree_d2f2,sparse,medium,baseline,303,4,4,3,1,193,351,78,38,115,47,0,2.337982177734375,0
tree_d2f2,heavy,frequent,p2_c40_penalty_off,404,8,12,0,12,319,587,110,64,192,67,0,2.748265504837036,0
tree_d2f2,sparse,medium,baseline,202,5,5,4,1,226,426,79,49,137,55,0,2.624300956726074,0
tree_d2f2,sparse,medium,baseline,404,4,4,3,1,200,368,76,34,121,48,0,2.330538034439087,0
tree_d2f2,sparse,medium,p2_c120,42,5,5,4,1,230,420,94,46,143,53,0,2.4525554180145264,0
tree_d2f2,sparse,medium,p2_c120,101,4,4,3,1,187,343,69,35,112,44,0,2.5560619831085205,0
tree_d2f2,sparse,medium,p2_c120,202,5,5,4,1,226,426,79,49,137,55,0,2.6285934448242188,0
tree_d2f2,sparse,medium,p2_c120,303,4,4,3,1,193,351,78,38,115,47,0,2.599351167678833,0
tree_d2f2,sparse,medium,p2_c120,404,4,4,3,1,200,368,76,34,121,48,0,2.4658899307250977,0
tree_d2f2,sparse,medium,p2_c120_mp2,42,5,5,4,1,234,431,92,49,143,56,0,2.544905424118042,0
tree_d2f2,sparse,medium,p2_c120_mp2,101,4,4,3,1,188,344,69,35,112,44,0,2.5680127143859863,0
tree_d2f2,sparse,medium,p2_c120_mp2,303,4,4,3,1,194,351,79,38,115,47,0,2.465308904647827,0
tree_d2f2,sparse,medium,p2_c120_mp2,202,5,5,4,1,227,427,79,49,137,55,0,2.5457026958465576,0
tree_d2f2,sparse,medium,p2_c120_mp2,404,4,4,3,1,201,369,76,34,121,48,0,2.6308743953704834,0
tree_d2f2,sparse,medium,p2_c120_h2,42,3,3,2,1,195,377,56,26,99,62,6,2.5908877849578857,0
tree_d2f2,sparse,medium,p2_c120_h2,101,5,5,4,1,231,441,74,40,124,68,6,2.442636251449585,0
tree_d2f2,sparse,medium,p2_c120_h2,202,5,5,4,1,250,496,69,46,132,78,6,2.7007014751434326,0
tree_d2f2,sparse,medium,p2_c120_h2,303,4,4,3,1,230,444,75,40,116,77,6,2.6844124794006348,0
tree_d2f2,sparse,medium,p2_c40,303,4,4,0,4,180,344,57,32,99,53,0,2.3515961170196533,0
tree_d2f2,sparse,medium,p2_c120_h2,404,5,5,4,1,241,454,87,46,128,73,6,2.622621536254883,0
tree_d2f2,sparse,medium,p2_c40,42,5,5,0,5,204,392,64,33,118,56,0,2.691530227661133,0
tree_d2f2,sparse,medium,p2_c40,202,5,5,0,5,199,379,66,36,114,55,0,2.6362969875335693,0
tree_d2f2,sparse,medium,p2_c40,101,5,5,0,5,180,346,55,40,94,56,0,2.6695749759674072,0
tree_d2f2,sparse,medium,p2_c40_penalty_off,101,5,5,0,5,180,346,55,40,94,56,0,2.3317275047302246,0
tree_d2f2,sparse,medium,p2_c40_penalty_off,42,5,5,0,5,204,392,64,33,118,56,0,2.504315137863159,0
tree_d2f2,sparse,medium,p2_c40,404,4,5,0,5,182,348,57,32,100,53,0,2.6361968517303467,0
tree_d2f2,sparse,frequent,baseline,202,4,4,4,0,284,487,131,36,188,45,0,2.1977083683013916,0
tree_d2f2,sparse,medium,p2_c40_penalty_off,202,5,5,0,5,199,379,66,36,114,55,0,2.589833974838257,0
tree_d2f2,sparse,medium,p2_c40_penalty_off,303,4,4,0,4,180,344,57,32,99,53,0,2.568103790283203,0
tree_d2f2,sparse,frequent,baseline,101,4,5,5,0,287,493,131,32,188,47,0,2.581024169921875,0
tree_d2f2,sparse,medium,p2_c40_penalty_off,404,4,5,0,5,182,348,57,32,100,53,0,2.686546564102173,0
tree_d2f2,sparse,frequent,baseline,303,4,4,3,1,295,523,123,32,199,45,0,2.4841034412384033,0
tree_d2f2,sparse,frequent,baseline,42,5,5,4,1,299,535,120,41,197,48,0,2.6827335357666016,0
tree_d2f2,sparse,frequent,baseline,404,4,5,5,0,292,512,125,39,194,45,0,2.6558046340942383,0
tree_d2f2,sparse,frequent,p2_c120,42,5,5,4,1,299,535,120,41,197,48,0,2.4839541912078857,0
tree_d2f2,sparse,frequent,p2_c120_mp2,101,4,5,5,0,287,493,131,32,188,47,0,2.155397891998291,0
tree_d2f2,sparse,frequent,p2_c120,101,4,5,5,0,287,493,131,32,188,47,0,2.6432838439941406,0
tree_d2f2,sparse,frequent,p2_c120,404,4,5,5,0,292,512,125,39,194,45,0,2.532120943069458,0
tree_d2f2,sparse,frequent,p2_c120,202,4,4,4,0,284,487,131,36,188,45,0,2.7045235633850098,0
tree_d2f2,sparse,frequent,p2_c120,303,4,4,3,1,295,523,123,32,199,45,0,2.6771321296691895,0
tree_d2f2,sparse,frequent,p2_c120_mp2,42,5,5,4,1,300,536,120,41,197,48,0,2.5591070652008057,0
tree_d2f2,sparse,frequent,p2_c120_mp2,303,4,4,3,1,296,526,121,32,199,45,0,2.47988224029541,0
tree_d2f2,sparse,frequent,p2_c120_mp2,202,4,4,4,0,284,487,131,36,188,45,0,2.651705265045166,0
tree_d2f2,sparse,frequent,p2_c120_mp2,404,4,5,5,0,292,512,125,39,194,45,0,2.5986547470092773,0
tree_d2f2,sparse,frequent,p2_c120_h2,42,5,5,4,1,302,543,121,29,172,71,6,2.45805287361145,0
tree_d2f2,sparse,frequent,p2_c120_h2,101,4,4,4,0,316,569,132,28,187,73,6,2.3620657920837402,0
tree_d2f2,sparse,frequent,p2_c40,202,4,4,0,4,260,468,98,29,160,52,0,2.261814832687378,0
tree_d2f2,sparse,frequent,p2_c120_h2,202,4,4,4,0,303,532,130,39,187,58,6,2.57271146774292,0
tree_d2f2,sparse,frequent,p2_c120_h2,303,4,5,5,0,333,610,129,43,200,74,6,2.6512484550476074,0
tree_d2f2,sparse,frequent,p2_c40,42,5,5,0,5,261,469,98,20,155,56,0,2.5713276863098145,0
tree_d2f2,sparse,frequent,p2_c40,303,4,4,0,4,247,440,96,22,146,53,0,2.3988089561462402,0
tree_d2f2,sparse,frequent,p2_c40,101,5,5,0,5,265,458,118,24,159,56,0,2.6421234607696533,0
tree_d2f2,sparse,frequent,p2_c120_h2,404,4,5,4,1,308,556,123,36,178,72,6,2.6978759765625,0
tree_d2f2,sparse,frequent,p2_c40_penalty_off,42,5,5,0,5,261,469,98,20,155,56,0,2.6725502014160156,0
tree_d2f2,sparse,frequent,p2_c40,404,3,4,0,4,247,434,101,19,150,50,0,2.7334418296813965,0
tree_d2f2,sparse,frequent,p2_c40_penalty_off,101,5,5,0,5,265,458,118,24,159,56,0,2.6658971309661865,0
tree_d2f2,sparse,frequent,p2_c40_penalty_off,202,4,4,0,4,260,468,98,29,160,52,0,2.6476898193359375,0
tree_d2f2,sparse,frequent,p2_c40_penalty_off,303,4,4,0,4,247,440,96,22,146,53,0,2.6031556129455566,0
tree_d2f2,sparse,frequent,p2_c40_penalty_off,404,3,4,0,4,247,434,101,19,150,50,0,2.5847561359405518,0
tree_d2f3,medium,medium,baseline,303,5,5,5,0,436,779,263,82,301,84,0,3.8564343452453613,0
tree_d2f3,medium,medium,baseline,101,6,6,6,0,464,821,281,93,331,79,0,4.392722845077515,0
tree_d2f3,medium,medium,baseline,42,4,4,4,0,376,649,238,43,255,74,0,4.757587432861328,0
tree_d2f3,medium,medium,baseline,202,4,4,4,0,401,704,244,60,278,75,0,4.679054498672485,0
tree_d2f3,medium,medium,baseline,404,6,6,6,0,456,810,266,77,328,75,0,4.535581588745117,0
tree_d2f3,medium,medium,p2_c120,42,4,4,4,0,376,649,238,43,255,74,0,4.6650755405426025,0
tree_d2f3,medium,medium,p2_c120,101,6,6,6,0,464,821,281,93,331,79,0,4.60093879699707,0
tree_d2f3,medium,medium,p2_c120,202,4,4,4,0,401,704,244,60,278,75,0,4.635738849639893,0
tree_d2f3,medium,medium,p2_c120,303,5,5,5,0,436,779,263,82,301,84,0,4.593220949172974,0
tree_d2f3,medium,medium,p2_c120,404,6,6,6,0,456,810,266,77,328,75,0,4.720818042755127,0
tree_d2f3,medium,medium,p2_c120_h2,303,6,6,6,0,472,879,261,73,311,103,6,3.689770460128784,0
tree_d2f3,medium,medium,p2_c120_mp2,42,4,4,4,0,376,649,238,43,255,74,0,4.621387481689453,0
tree_d2f3,medium,medium,p2_c120_h2,42,6,6,6,0,491,885,297,77,337,95,6,4.100670576095581,0
tree_d2f3,medium,medium,p2_c40,101,5,6,0,6,381,714,200,70,240,94,0,3.774945020675659,0
tree_d2f3,medium,medium,p2_c120_mp2,101,6,6,6,0,464,821,281,93,331,79,0,4.6859166622161865,0
tree_d2f3,medium,medium,p2_c120_mp2,202,4,4,4,0,401,704,244,60,278,75,0,4.715949058532715,0
tree_d2f3,medium,medium,p2_c120_mp2,404,6,6,6,0,456,810,266,77,328,75,0,4.74178147315979,0
tree_d2f3,medium,medium,p2_c120_mp2,303,5,5,5,0,436,779,263,82,301,84,0,4.830485105514526,0
tree_d2f3,medium,medium,p2_c120_h2,202,6,6,6,0,495,914,285,89,333,102,6,4.421713590621948,0
tree_d2f3,medium,medium,p2_c120_h2,404,4,4,4,0,448,843,238,63,295,99,6,4.467852354049683,0
tree_d2f3,medium,medium,p2_c120_h2,101,5,5,5,0,478,886,272,78,323,98,6,4.716960191726685,0
tree_d2f3,medium,medium,p2_c40,42,4,4,0,4,337,606,196,40,207,86,0,4.82871675491333,0
tree_d2f3,medium,medium,p2_c40,202,3,4,0,4,342,623,193,42,213,86,0,4.719268083572388,0
tree_d2f3,medium,medium,p2_c40,303,5,5,0,5,354,660,186,46,216,92,0,4.742044687271118,0
tree_d2f3,medium,medium,p2_c40_penalty_off,42,4,4,0,4,337,606,196,40,207,86,0,4.790832042694092,0
tree_d2f3,medium,medium,p2_c40,404,5,6,0,6,388,724,204,70,249,92,0,4.804368495941162,0
tree_d2f3,medium,medium,p2_c40_penalty_off,101,5,6,0,6,381,712,202,70,240,94,0,4.784652233123779,0
tree_d2f3,medium,medium,p2_c40_penalty_off,202,3,4,0,4,342,623,193,42,213,86,0,4.838302135467529,0
tree_d2f3,medium,medium,p2_c40_penalty_off,303,5,5,0,5,354,660,186,46,216,92,0,4.058919906616211,0
tree_d2f3,medium,frequent,baseline,101,5,5,5,0,687,1172,452,78,521,79,0,3.8816568851470947,0
tree_d2f3,medium,medium,p2_c40_penalty_off,404,5,6,0,6,388,724,204,70,249,92,0,4.712860345840454,0
tree_d2f3,medium,frequent,p2_c120,202,6,6,6,0,695,1172,462,86,530,75,0,3.9740803241729736,0
tree_d2f3,medium,frequent,baseline,42,6,6,6,0,723,1231,480,79,554,80,0,4.830741882324219,0
tree_d2f3,medium,frequent,baseline,303,6,6,6,0,698,1215,432,70,530,80,0,4.553117036819458,0
tree_d2f3,medium,frequent,p2_c120,404,6,6,6,0,696,1184,442,90,531,75,0,4.076855659484863,0
tree_d2f3,medium,frequent,baseline,202,6,6,6,0,695,1172,462,86,530,75,0,4.816081762313843,0
tree_d2f3,medium,frequent,p2_c120,101,5,5,5,0,687,1172,452,78,521,79,0,4.5405800342559814,0
tree_d2f3,medium,frequent,p2_c120,42,6,6,6,0,723,1231,480,79,554,80,0,4.66214919090271,0
tree_d2f3,medium,frequent,p2_c120,303,6,6,6,0,698,1215,432,70,530,80,0,4.525627374649048,0
tree_d2f3,medium,frequent,p2_c120_mp2,42,6,6,6,0,723,1231,480,79,554,80,0,4.38349175453186,0
tree_d2f3,medium,frequent,baseline,404,6,6,6,0,696,1184,442,90,531,75,0,4.88413405418396,0
tree_d2f3,medium,frequent,p2_c120_mp2,303,6,6,6,0,698,1215,432,70,530,80,0,4.620495557785034,0
tree_d2f3,medium,frequent,p2_c120_mp2,101,5,5,5,0,687,1172,452,78,521,79,0,4.864835739135742,0
tree_d2f3,medium,frequent,p2_c120_mp2,202,6,6,6,0,695,1172,462,86,530,75,0,4.861961841583252,0
tree_d2f3,medium,frequent,p2_c40,42,6,6,0,6,668,1159,430,84,492,92,0,3.8331310749053955,0
tree_d2f3,medium,frequent,p2_c120_mp2,404,6,6,6,0,696,1184,442,90,531,75,0,4.799118518829346,0
tree_d2f3,medium,frequent,p2_c120_h2,42,6,6,6,0,715,1235,466,86,523,96,6,4.81025767326355,0
tree_d2f3,medium,frequent,p2_c120_h2,303,6,6,6,0,742,1305,468,96,540,106,6,4.761481285095215,0
tree_d2f3,medium,frequent,p2_c120_h2,101,6,6,6,0,749,1310,469,93,555,98,6,4.9476306438446045,0
tree_d2f3,medium,frequent,p2_c120_h2,202,6,6,6,0,694,1200,440,89,506,92,6,4.914970874786377,0
tree_d2f3,medium,frequent,p2_c40,202,6,6,0,6,633,1110,390,84,456,93,0,4.205887794494629,0
tree_d2f3,medium,frequent,p2_c120_h2,404,6,6,6,0,697,1226,427,96,501,100,6,4.730554103851318,0
tree_d2f3,medium,frequent,p2_c40,303,6,6,0,6,656,1171,388,84,477,95,0,4.42245626449585,0
tree_d2f3,medium,frequent,p2_c40,101,3,5,0,5,601,1050,376,42,430,91,0,4.722440481185913,0
tree_d2f3,medium,frequent,p2_c40,404,5,6,0,6,615,1085,361,70,440,92,0,4.778367280960083,0
tree_d2f3,medium,frequent,p2_c40_penalty_off,42,6,6,0,6,668,1159,430,84,492,92,0,4.9724812507629395,0
tree_d2f3,medium,frequent,p2_c40_penalty_off,101,4,5,0,5,615,1071,389,56,443,91,0,4.8317859172821045,0
tree_d2f3,medium,frequent,p2_c40_penalty_off,202,5,6,0,6,618,1081,383,70,443,92,0,4.617088556289673,0
tree_d2f3,medium,frequent,p2_c40_penalty_off,303,6,6,0,6,656,1171,388,84,477,95,0,4.5893354415893555,0
tree_d2f3,medium,frequent,p2_c40_penalty_off,404,5,6,0,6,615,1085,361,70,440,92,0,4.60274338722229,0
tree_d2f3,heavy,medium,p2_c120,202,6,7,6,1,448,794,269,88,313,81,0,4.143368244171143,0
tree_d2f3,heavy,medium,baseline,42,7,7,6,1,461,807,288,93,329,77,0,4.8107590675354,0
tree_d2f3,heavy,medium,p2_c120,303,7,9,7,2,470,841,277,96,324,89,0,4.229670286178589,0
tree_d2f3,heavy,medium,baseline,202,6,7,6,1,448,794,269,88,313,81,0,4.618605613708496,0
tree_d2f3,heavy,medium,baseline,101,9,11,9,2,532,941,325,136,384,85,0,4.769845962524414,0
tree_d2f3,heavy,medium,p2_c120_mp2,42,7,7,6,1,462,808,288,93,329,77,0,3.9212594032287598,0
tree_d2f3,heavy,medium,baseline,404,10,12,10,2,577,1032,344,144,421,90,0,4.73841118812561,0
tree_d2f3,heavy,medium,baseline,303,7,9,7,2,470,841,277,96,324,89,0,4.826373338699341,0
tree_d2f3,heavy,medium,p2_c120,42,7,7,6,1,461,807,288,93,329,77,0,4.700713157653809,0
tree_d2f3,heavy,medium,p2_c120,101,9,11,9,2,532,941,325,136,384,85,0,4.794702529907227,0
tree_d2f3,heavy,medium,p2_c120,404,10,12,10,2,577,1032,344,144,421,90,0,4.779104471206665,0
tree_d2f3,heavy,medium,p2_c120_mp2,101,9,11,9,2,534,943,325,136,384,85,0,4.70704984664917,0
tree_d2f3,heavy,medium,p2_c120_mp2,202,6,7,6,1,449,795,269,88,313,81,0,4.64419960975647,0
tree_d2f3,heavy,medium,p2_c120_mp2,303,7,9,7,2,472,842,278,96,324,89,0,4.558390855789185,0
tree_d2f3,heavy,medium,p2_c40,42,9,9,0,9,445,825,244,117,290,101,0,4.03125524520874,0
tree_d2f3,heavy,medium,p2_c120_mp2,404,10,12,10,2,579,1034,344,144,421,90,0,4.716163158416748,0
tree_d2f3,heavy,medium,p2_c120_h2,42,10,12,9,3,596,1078,362,153,417,108,6,4.595371961593628,0
tree_d2f3,heavy,medium,p2_c120_h2,202,8,10,8,2,535,1001,300,116,358,111,6,4.630180835723877,0
tree_d2f3,heavy,medium,p2_c120_h2,101,8,10,9,1,561,1028,328,122,393,101,6,4.771314382553101,0
tree_d2f3,heavy,medium,p2_c120_h2,303,9,10,7,3,529,986,294,121,350,112,6,4.703538179397583,0
tree_d2f3,heavy,medium,p2_c40,101,8,11,0,11,440,828,233,112,279,106,0,4.387911319732666,0
tree_d2f3,heavy,medium,p2_c40,303,7,10,0,10,411,784,207,97,254,104,0,3.8964595794677734,0
tree_d2f3,heavy,medium,p2_c120_h2,404,7,9,8,1,521,974,287,90,349,109,6,4.691199064254761,0
tree_d2f3,heavy,medium,p2_c40,202,5,7,0,7,379,702,205,70,239,92,0,4.475705146789551,0
tree_d2f3,heavy,medium,p2_c40,404,7,11,0,11,432,817,219,98,275,103,0,4.000106334686279,0
tree_d2f3,heavy,medium,p2_c40_penalty_off,42,9,9,0,9,445,825,244,117,290,101,0,4.402891159057617,0
tree_d2f3,heavy,medium,p2_c40_penalty_off,101,7,11,0,11,424,801,220,98,266,104,0,4.621950626373291,0
tree_d2f3,heavy,frequent,baseline,202,12,12,10,2,774,1324,501,143,583,87,0,4.184601783752441,0
tree_d2f3,heavy,medium,p2_c40_penalty_off,303,8,10,0,10,425,809,216,111,267,104,0,4.441664218902588,0
tree_d2f3,heavy,medium,p2_c40_penalty_off,202,5,7,0,7,379,702,205,70,239,92,0,4.781501531600952,0
tree_d2f3,heavy,medium,p2_c40_penalty_off,404,8,11,0,11,446,841,229,112,288,103,0,4.5030317306518555,0
tree_d2f3,heavy,frequent,baseline,101,8,10,9,1,761,1303,502,127,573,91,0,4.583179712295532,0
tree_d2f3,heavy,frequent,p2_c120,101,8,10,9,1,761,1303,502,127,573,91,0,4.6120734214782715,0
tree_d2f3,heavy,frequent,baseline,404,10,12,10,2,762,1311,477,137,574,87,0,4.691291570663452,0
tree_d2f3,heavy,frequent,baseline,42,12,12,8,4,800,1386,514,158,598,98,0,4.928051233291626,0
tree_d2f3,heavy,frequent,p2_c120_h2,42,11,12,9,3,795,1397,490,155,579,107,6,3.4377212524414062,0
tree_d2f3,heavy,frequent,baseline,303,10,12,10,2,794,1376,504,141,604,89,0,4.838147401809692,0
tree_d2f3,heavy,frequent,p2_c120,42,12,12,8,4,800,1386,514,158,598,98,0,4.8607141971588135,0
tree_d2f3,heavy,frequent,p2_c120,202,12,12,10,2,774,1324,501,143,583,87,0,4.866866827011108,0
tree_d2f3,heavy,frequent,p2_c120_mp2,42,12,12,8,4,804,1392,512,158,598,98,0,4.662517070770264,0
tree_d2f3,heavy,frequent,p2_c120,404,10,12,10,2,762,1311,477,137,574,87,0,4.773961067199707,0
tree_d2f3,heavy,frequent,p2_c120,303,10,12,10,2,794,1376,504,141,604,89,0,4.889038801193237,0
tree_d2f3,heavy,frequent,p2_c120_h2,404,10,12,10,2,750,1319,459,134,533,110,6,4.266097545623779,0
tree_d2f3,heavy,frequent,p2_c120_mp2,101,8,10,9,1,762,1304,502,127,573,91,0,4.912966251373291,0
tree_d2f3,heavy,frequent,p2_c40,101,5,10,0,10,638,1124,391,70,451,100,0,3.96073317527771,0
tree_d2f3,heavy,frequent,p2_c120_mp2,202,12,12,10,2,776,1326,501,143,583,87,0,4.904526233673096,0
tree_d2f3,heavy,frequent,p2_c120_mp2,303,10,12,10,2,796,1380,502,141,604,89,0,4.984426259994507,0
tree_d2f3,heavy,frequent,p2_c120_mp2,404,10,12,10,2,764,1311,479,137,574,87,0,4.991160154342651,0
tree_d2f3,heavy,frequent,p2_c40,42,11,12,0,12,735,1303,453,150,533,107,0,4.62165641784668,0
tree_d2f3,heavy,frequent,p2_c120_h2,101,10,12,10,2,834,1452,532,137,623,103,6,4.855473518371582,0
tree_d2f3,heavy,frequent,p2_c120_h2,303,9,12,10,2,785,1372,489,136,576,103,6,4.84559965133667,0
tree_d2f3,heavy,frequent,p2_c40,202,12,12,0,12,709,1269,421,156,502,111,0,4.416241645812988,0
tree_d2f3,heavy,frequent,p2_c120_h2,202,11,12,9,3,796,1395,495,157,586,101,6,5.566186428070068,0
tree_d2f3,heavy,frequent,p2_c40_penalty_off,42,11,12,0,12,735,1303,453,150,533,107,0,3.93925142288208,0
tree_d2f3,heavy,frequent,p2_c40,303,11,12,0,12,698,1253,407,138,493,110,0,4.766676425933838,0
tree_d2f3,heavy,frequent,p2_c40,404,7,12,0,12,655,1170,373,98,463,101,0,4.634203195571899,0
tree_d2f3,heavy,frequent,p2_c40_penalty_off,101,6,10,0,10,652,1149,400,84,464,100,0,4.651923894882202,0
tree_d2f3,heavy,frequent,p2_c40_penalty_off,303,10,12,0,12,687,1231,403,128,484,109,0,4.630898714065552,0
tree_d2f3,sparse,medium,baseline,404,2,2,2,0,330,592,180,29,210,78,0,4.15600061416626,0
tree_d2f3,heavy,frequent,p2_c40_penalty_off,202,11,12,0,12,694,1236,418,142,489,110,0,4.75089168548584,0
tree_d2f3,sparse,medium,baseline,101,4,4,4,0,403,717,244,49,274,82,0,4.4284093379974365,0
tree_d2f3,sparse,medium,baseline,42,4,4,4,0,426,751,261,60,304,74,0,4.5372233390808105,0
tree_d2f3,heavy,frequent,p2_c40_penalty_off,404,8,12,0,12,669,1195,382,112,476,101,0,4.950429201126099,0
tree_d2f3,sparse,medium,baseline,202,3,3,3,0,371,651,223,32,252,75,0,4.643012285232544,0
tree_d2f3,sparse,medium,p2_c120,42,4,4,4,0,426,751,261,60,304,74,0,4.5361785888671875,0
tree_d2f3,sparse,medium,baseline,303,4,4,4,0,374,672,215,50,247,80,0,4.7127766609191895,0
tree_d2f3,sparse,medium,p2_c120,404,2,2,2,0,330,592,180,29,210,78,0,4.000246286392212,0
tree_d2f3,sparse,medium,p2_c120,101,4,4,4,0,403,717,244,49,274,82,0,4.481747627258301,0
tree_d2f3,sparse,medium,p2_c120,202,3,3,3,0,371,651,223,32,252,75,0,4.495190858840942,0
tree_d2f3,sparse,medium,p2_c120_mp2,303,4,4,4,0,374,672,215,50,247,80,0,4.214390754699707,0
tree_d2f3,sparse,medium,p2_c120,303,4,4,4,0,374,672,215,50,247,80,0,4.694586992263794,0
tree_d2f3,sparse,medium,p2_c120_h2,303,3,3,3,0,391,735,206,45,242,98,6,4.098595142364502,0
tree_d2f3,sparse,medium,p2_c120_mp2,101,4,4,4,0,403,717,244,49,274,82,0,4.703287363052368,0
tree_d2f3,sparse,medium,p2_c120_mp2,202,3,3,3,0,371,651,223,32,252,75,0,4.705926418304443,0
tree_d2f3,sparse,medium,p2_c120_h2,202,5,5,5,0,460,860,254,51,306,99,6,4.411554574966431,0
tree_d2f3,sparse,medium,p2_c120_mp2,42,4,4,4,0,426,751,261,60,304,74,0,4.816145658493042,0
tree_d2f3,sparse,medium,p2_c120_mp2,404,2,2,2,0,330,592,180,29,210,78,0,4.649982929229736,0
tree_d2f3,sparse,medium,p2_c120_h2,42,5,5,5,0,458,838,268,68,304,98,6,4.7301695346832275,0
tree_d2f3,sparse,medium,p2_c120_h2,101,4,4,4,0,449,840,249,59,297,98,6,4.731579780578613,0
tree_d2f3,sparse,medium,p2_c40,42,4,4,0,4,350,636,203,56,220,86,0,4.149250507354736,0
tree_d2f3,sparse,medium,p2_c120_h2,404,5,5,5,0,485,892,268,75,336,92,6,4.842092037200928,0
tree_d2f3,sparse,medium,p2_c40,303,4,4,0,4,362,678,189,56,229,89,0,4.232320070266724,0
tree_d2f3,sparse,medium,p2_c40,101,2,4,0,4,348,647,188,28,218,88,0,4.704795598983765,0
tree_d2f3,sparse,medium,p2_c40,202,4,4,0,4,327,600,173,31,196,87,0,4.717771291732788,0
tree_d2f3,sparse,frequent,baseline,303,4,5,5,0,600,1023,375,34,440,77,0,3.6462831497192383,0
tree_d2f3,sparse,medium,p2_c40,404,4,4,0,4,375,695,195,56,244,87,0,4.435569524765015,0
tree_d2f3,sparse,frequent,baseline,101,5,5,5,0,649,1105,422,48,485,79,0,4.006005764007568,0
tree_d2f3,sparse,medium,p2_c40_penalty_off,101,3,4,0,4,362,674,195,42,231,88,0,4.52403998374939,0
tree_d2f3,sparse,medium,p2_c40_penalty_off,42,4,4,0,4,350,636,203,56,220,86,0,4.58673357963562,0
tree_d2f3,sparse,frequent,baseline,42,5,5,5,0,620,1049,402,48,461,74,0,4.336945056915283,0
tree_d2f3,sparse,medium,p2_c40_penalty_off,202,4,4,0,4,327,600,173,31,196,87,0,4.684579849243164,0
tree_d2f3,sparse,medium,p2_c40_penalty_off,404,4,4,0,4,375,695,195,56,244,87,0,4.567322254180908,0
tree_d2f3,sparse,frequent,baseline,202,4,4,4,0,606,1034,388,46,448,75,0,4.375659227371216,0
tree_d2f3,sparse,medium,p2_c40_penalty_off,303,4,4,0,4,362,678,189,56,229,89,0,4.764164924621582,0
tree_d2f3,sparse,frequent,baseline,404,5,5,5,0,636,1086,413,65,470,80,0,4.80553936958313,0
tree_d2f3,sparse,frequent,p2_c120,101,5,5,5,0,649,1105,422,48,485,79,0,4.803094148635864,0
tree_d2f3,sparse,frequent,p2_c120_mp2,42,5,5,5,0,620,1049,402,48,461,74,0,4.369186639785767,0
tree_d2f3,sparse,frequent,p2_c120,303,4,5,5,0,600,1023,375,34,440,77,0,4.721722364425659,0
tree_d2f3,sparse,frequent,p2_c120,202,4,4,4,0,606,1034,388,46,448,75,0,4.821458578109741,0
tree_d2f3,sparse,frequent,p2_c120,42,5,5,5,0,620,1049,402,48,461,74,0,5.364112138748169,0
tree_d2f3,sparse,frequent,p2_c120_mp2,202,4,4,4,0,606,1034,388,46,448,75,0,4.5750415325164795,0
tree_d2f3,sparse,frequent,p2_c120_h2,42,5,5,5,0,687,1207,433,64,494,101,6,4.331312417984009,0
tree_d2f3,sparse,frequent,p2_c120,404,5,5,5,0,636,1086,413,65,470,80,0,4.884980201721191,0
tree_d2f3,sparse,frequent,p2_c120_mp2,303,4,5,5,0,600,1023,375,34,440,77,0,4.7185187339782715,0
tree_d2f3,sparse,frequent,p2_c120_mp2,404,5,5,5,0,636,1086,413,65,470,80,0,4.713624477386475,0
tree_d2f3,sparse,frequent,p2_c120_mp2,101,5,5,5,0,649,1105,422,48,485,79,0,5.016709804534912,0
tree_d2f3,sparse,frequent,p2_c120_h2,101,4,4,4,0,662,1168,410,46,476,97,6,4.830746412277222,0
tree_d2f3,sparse,frequent,p2_c120_h2,202,4,4,4,0,578,1017,352,9,396,96,6,4.806626558303833,0
tree_d2f3,sparse,frequent,p2_c120_h2,303,5,5,5,0,661,1157,411,51,473,97,6,4.6722800731658936,0
tree_d2f3,sparse,frequent,p2_c40_penalty_off,202,3,4,0,4,552,965,328,18,387,86,0,3.4244463443756104,0
tree_d2f3,sparse,frequent,p2_c40,101,3,5,0,5,577,999,359,21,406,91,0,4.4965808391571045,0
tree_d2f3,sparse,frequent,p2_c120_h2,404,3,4,4,0,571,996,352,18,388,97,6,4.741063356399536,0
tree_d2f3,sparse,frequent,p2_c40,42,4,4,0,4,594,1021,386,26,428,86,0,4.766247749328613,0
tree_d2f3,sparse,frequent,p2_c40,202,3,4,0,4,552,965,328,18,387,86,0,4.771032810211182,0
tree_d2f3,sparse,frequent,p2_c40_penalty_off,404,4,5,0,5,567,989,338,34,397,89,0,4.133821725845337,0
tree_d2f3,sparse,frequent,p2_c40,404,4,5,0,5,567,989,338,34,397,89,0,4.604180097579956,0
tree_d2f3,sparse,frequent,p2_c40,303,4,4,0,4,598,1052,356,36,429,89,0,4.779158115386963,0
tree_d2f3,sparse,frequent,p2_c40_penalty_off,101,4,5,0,5,598,1033,379,23,426,91,0,4.475409507751465,0
tree_d2f3,sparse,frequent,p2_c40_penalty_off,303,4,4,0,4,598,1052,356,36,429,89,0,4.594480276107788,0
tree_d2f3,sparse,frequent,p2_c40_penalty_off,42,4,4,0,4,594,1021,386,26,428,86,0,4.945459604263306,0
tree_d3f2,medium,medium,baseline,101,4,4,4,0,441,808,215,65,302,91,0,4.735448837280273,0
tree_d3f2,medium,medium,baseline,42,6,6,6,0,538,1004,248,101,391,94,0,5.11948299407959,0
tree_d3f2,medium,medium,baseline,202,5,5,5,0,487,914,213,93,341,95,0,4.8638224601745605,0
tree_d3f2,medium,medium,baseline,404,5,5,5,0,494,926,220,86,353,90,0,4.8312668800354,0
tree_d3f2,medium,medium,p2_c120,42,6,6,6,0,538,1004,248,101,391,94,0,4.8294267654418945,0
tree_d3f2,medium,medium,p2_c120_mp2,101,4,4,4,0,441,808,215,65,302,91,0,4.409734725952148,0
tree_d3f2,medium,medium,p2_c120,101,4,4,4,0,441,808,215,65,302,91,0,4.877744436264038,0
tree_d3f2,medium,medium,p2_c120,303,4,6,6,0,479,890,220,69,332,97,0,4.757899284362793,0
tree_d3f2,medium,medium,baseline,303,4,6,6,0,479,890,220,69,332,97,0,5.235060453414917,0
tree_d3f2,medium,medium,p2_c120_mp2,42,6,6,6,0,538,1004,248,101,391,94,0,4.728855133056641,0
tree_d3f2,medium,medium,p2_c120,202,5,5,5,0,487,914,213,93,341,95,0,5.182676076889038,0
tree_d3f2,medium,medium,p2_c120,404,5,5,5,0,494,926,220,86,353,90,0,5.213510990142822,0
tree_d3f2,medium,medium,p2_c120_mp2,303,4,6,6,0,479,890,220,69,332,97,0,4.987494230270386,0
tree_d3f2,medium,medium,p2_c120_mp2,202,5,5,5,0,487,914,213,93,341,95,0,5.160810708999634,0
tree_d3f2,medium,medium,p2_c120_mp2,404,5,5,5,0,494,926,220,86,353,90,0,4.907876014709473,0
tree_d3f2,medium,medium,p2_c120_h2,42,4,4,4,0,476,902,207,72,310,112,6,5.14414644241333,0
tree_d3f2,medium,medium,p2_c120_h2,101,5,5,5,0,503,936,233,93,333,113,6,5.271230220794678,0
tree_d3f2,medium,medium,p2_c40,303,4,6,0,6,406,785,155,64,249,111,0,3.92075777053833,0
tree_d3f2,medium,medium,p2_c120_h2,404,5,5,5,0,503,960,206,85,340,107,5,4.846640586853027,0
tree_d3f2,medium,medium,p2_c120_h2,202,4,4,4,0,490,929,213,69,327,109,6,5.162582874298096,0
tree_d3f2,medium,medium,p2_c40_penalty_off,101,4,4,0,4,399,755,173,64,252,103,0,3.9819839000701904,0
tree_d3f2,medium,medium,p2_c120_h2,303,3,5,5,0,468,898,194,56,291,124,6,5.053518533706665,0
tree_d3f2,medium,medium,p2_c40,42,6,6,0,6,459,883,186,88,301,110,0,5.196637868881226,0
tree_d3f2,medium,medium,p2_c40_penalty_off,42,6,6,0,6,459,883,186,88,301,110,0,4.847581386566162,0
tree_d3f2,medium,medium,p2_c40,404,4,5,0,5,418,801,170,64,269,104,0,4.927769422531128,0
tree_d3f2,medium,medium,p2_c40,101,4,4,0,4,399,755,173,64,252,103,0,5.054133415222168,0
tree_d3f2,medium,medium,p2_c40,202,5,5,0,5,416,789,174,77,263,107,0,5.121353387832642,0
tree_d3f2,medium,medium,p2_c40_penalty_off,202,4,5,0,5,401,758,169,64,251,105,0,4.936725378036499,0
tree_d3f2,medium,medium,p2_c40_penalty_off,303,4,6,0,6,406,785,155,64,249,111,0,5.005239248275757,0
tree_d3f2,medium,medium,p2_c40_penalty_off,404,4,5,0,5,418,801,170,64,269,104,0,5.1540398597717285,0
tree_d3f2,medium,frequent,baseline,202,6,6,6,0,801,1452,397,114,612,99,0,4.364851236343384,0
tree_d3f2,medium,frequent,baseline,404,5,5,5,0,716,1286,352,93,535,94,0,4.419092893600464,0
tree_d3f2,medium,frequent,baseline,42,6,6,6,0,782,1416,380,101,599,94,0,5.036015748977661,0
tree_d3f2,medium,frequent,baseline,303,6,6,6,0,749,1338,378,99,566,93,0,4.672864675521851,0
tree_d3f2,medium,frequent,p2_c120,303,6,6,6,0,749,1338,378,99,566,93,0,4.617631196975708,0
tree_d3f2,medium,frequent,baseline,101,6,6,6,0,755,1350,383,103,570,95,0,5.18045973777771,0
tree_d3f2,medium,frequent,p2_c120_mp2,101,6,6,6,0,755,1350,383,103,570,95,0,4.393198251724243,0
tree_d3f2,medium,frequent,p2_c120,202,6,6,6,0,801,1452,397,114,612,99,0,5.074605703353882,0
tree_d3f2,medium,frequent,p2_c120,101,6,6,6,0,755,1350,383,103,570,95,0,5.155067205429077,0
tree_d3f2,medium,frequent,p2_c120,42,6,6,6,0,782,1416,380,101,599,94,0,5.258387804031372,0
tree_d3f2,medium,frequent,p2_c120_mp2,42,6,6,6,0,782,1416,380,101,599,94,0,4.791383981704712,0
tree_d3f2,medium,frequent,p2_c120_mp2,202,6,6,6,0,801,1452,397,114,612,99,0,4.731688976287842,0
tree_d3f2,medium,frequent,p2_c120,404,5,5,5,0,716,1286,352,93,535,94,0,5.120325803756714,0
tree_d3f2,medium,frequent,p2_c120_mp2,303,6,6,6,0,749,1338,378,99,566,93,0,5.1933019161224365,0
tree_d3f2,medium,frequent,p2_c120_h2,202,5,6,6,0,740,1341,362,93,531,116,5,4.513455390930176,0
tree_d3f2,medium,frequent,p2_c120_mp2,404,5,5,5,0,716,1286,352,93,535,94,0,5.1565492153167725,0
tree_d3f2,medium,frequent,p2_c120_h2,42,6,6,6,0,755,1393,334,93,557,103,6,5.223869800567627,0
tree_d3f2,medium,frequent,p2_c120_h2,404,5,6,6,0,706,1301,317,101,489,123,6,4.806812286376953,0
tree_d3f2,medium,frequent,p2_c120_h2,101,6,6,6,0,763,1394,360,103,547,120,6,5.168750762939453,0
tree_d3f2,medium,frequent,p2_c120_h2,303,5,6,6,0,765,1384,376,88,552,119,6,5.334013938903809,0
tree_d3f2,medium,frequent,p2_c40,303,6,6,0,6,680,1254,306,96,483,113,0,4.847731113433838,0
tree_d3f2,medium,frequent,p2_c40,42,6,6,0,6,703,1278,335,88,509,110,0,5.158416986465454,0
tree_d3f2,medium,frequent,p2_c40,101,6,6,0,6,682,1248,318,96,487,111,0,5.089202642440796,0
tree_d3f2,medium,frequent,p2_c40,404,4,5,0,5,630,1150,288,64,445,104,0,4.878986358642578,0
tree_d3f2,medium,frequent,p2_c40,202,6,6,0,6,714,1306,341,93,519,111,0,5.357715368270874,0
tree_d3f2,medium,frequent,p2_c40_penalty_off,101,6,6,0,6,682,1248,318,96,487,111,0,4.831216335296631,0
tree_d3f2,heavy,medium,baseline,42,10,12,10,2,648,1205,311,162,464,118,0,4.208075046539307,0
tree_d3f2,medium,frequent,p2_c40_penalty_off,42,6,6,0,6,703,1278,335,88,509,110,0,5.192641735076904,0
tree_d3f2,medium,frequent,p2_c40_penalty_off,404,4,5,0,5,630,1150,288,64,445,104,0,4.397633790969849,0
tree_d3f2,medium,frequent,p2_c40_penalty_off,202,5,6,0,6,699,1276,335,80,507,109,0,5.040615558624268,0
tree_d3f2,medium,frequent,p2_c40_penalty_off,303,6,6,0,6,680,1254,306,96,483,113,0,5.335450172424316,0
tree_d3f2,heavy,medium,baseline,101,6,7,7,0,490,888,247,78,346,91,0,5.146735429763794,0
tree_d3f2,heavy,medium,p2_c120,404,6,10,10,0,565,1057,253,106,417,90,0,4.456329584121704,0
tree_d3f2,heavy,medium,p2_c120,101,6,7,7,0,490,888,247,78,346,91,0,4.721078634262085,0
tree_d3f2,heavy,medium,p2_c120,202,8,10,9,1,591,1079,293,144,427,103,0,4.702409029006958,0
tree_d3f2,heavy,medium,baseline,202,8,10,9,1,591,1079,293,144,427,103,0,5.182087421417236,0
tree_d3f2,heavy,medium,baseline,303,10,12,10,2,608,1131,284,148,421,122,0,5.181286811828613,0
tree_d3f2,heavy,medium,baseline,404,6,10,10,0,565,1057,253,106,417,90,0,5.14297342300415,0
tree_d3f2,heavy,medium,p2_c120,42,10,12,10,2,648,1205,311,162,464,118,0,5.1542768478393555,0
tree_d3f2,heavy,medium,p2_c120,303,10,12,10,2,608,1131,284,148,421,122,0,5.131478548049927,0
tree_d3f2,heavy,medium,p2_c120_mp2,42,10,12,10,2,650,1207,311,162,464,118,0,5.293427228927612,0
tree_d3f2,heavy,medium,p2_c120_mp2,101,6,7,7,0,490,888,247,78,346,91,0,4.598435163497925,0
tree_d3f2,heavy,medium,p2_c120_mp2,202,8,10,9,1,592,1080,293,144,427,103,0,4.814267635345459,0
tree_d3f2,heavy,medium,p2_c120_mp2,404,6,10,10,0,565,1057,253,106,417,90,0,4.572521448135376,0
tree_d3f2,heavy,medium,p2_c120_mp2,303,10,12,10,2,610,1133,284,148,421,122,0,5.111387014389038,0
tree_d3f2,heavy,medium,p2_c120_h2,101,9,11,11,0,602,1133,263,137,416,117,6,4.688848495483398,0
tree_d3f2,heavy,medium,p2_c40,202,9,10,0,10,508,978,204,129,329,124,0,4.128244161605835,0
tree_d3f2,heavy,medium,p2_c120_h2,42,7,10,8,2,583,1106,255,118,399,120,6,5.282607316970825,0
tree_d3f2,heavy,medium,p2_c40,101,5,7,0,7,425,814,175,80,267,110,0,4.486841440200806,0
tree_d3f2,heavy,medium,p2_c120_h2,404,5,9,9,0,503,931,234,73,333,111,5,4.625521421432495,0
tree_d3f2,heavy,medium,p2_c120_h2,202,7,7,5,2,548,1046,231,124,365,122,6,5.088818073272705,0
tree_d3f2,heavy,medium,p2_c40,42,11,12,0,12,552,1072,219,164,360,133,0,4.942865371704102,0
tree_d3f2,heavy,medium,p2_c40,303,8,9,0,9,495,956,198,111,317,125,0,4.380784273147583,0
tree_d3f2,heavy,medium,p2_c120_h2,303,7,11,9,2,581,1087,268,118,386,130,6,5.112173080444336,0
tree_d3f2,heavy,medium,p2_c40_penalty_off,101,5,7,0,7,425,814,175,80,267,110,0,4.48405385017395,0
tree_d3f2,heavy,medium,p2_c40_penalty_off,42,11,12,0,12,552,1072,219,164,360,133,0,4.889043092727661,0
tree_d3f2,heavy,medium,p2_c40,404,6,10,0,10,466,897,186,93,300,114,0,5.250687837600708,0
tree_d3f2,heavy,medium,p2_c40_penalty_off,202,8,10,0,10,490,936,203,113,314,122,0,5.091814279556274,0
tree_d3f2,heavy,frequent,baseline,404,8,10,8,2,801,1450,385,143,604,100,0,4.419275760650635,0
tree_d3f2,heavy,medium,p2_c40_penalty_off,404,6,10,0,10,466,897,186,93,300,114,0,5.042508125305176,0
tree_d3f2,heavy,medium,p2_c40_penalty_off,303,7,9,0,9,479,924,192,95,302,125,0,5.2925028800964355,0
tree_d3f2,heavy,frequent,p2_c120,101,10,11,9,2,822,1477,408,144,624,99,0,4.497225999832153,0
tree_d3f2,heavy,frequent,baseline,303,12,12,9,3,861,1548,431,166,641,117,0,4.810914993286133,0
tree_d3f2,heavy,frequent,baseline,202,10,11,8,3,825,1510,390,154,602,123,0,4.959113359451294,0
tree_d3f2,heavy,frequent,baseline,101,10,11,9,2,822,1477,408,144,624,99,0,5.153880596160889,0
tree_d3f2,heavy,frequent,baseline,42,12,12,8,4,886,1592,448,191,656,126,0,5.183080434799194,0
tree_d3f2,heavy,frequent,p2_c120,404,8,10,8,2,801,1450,385,143,604,100,0,4.195901155471802,0
tree_d3f2,heavy,frequent,p2_c120,42,12,12,8,4,886,1592,448,191,656,126,0,5.474424362182617,0
tree_d3f2,heavy,frequent,p2_c120,202,10,11,8,3,825,1510,390,154,602,123,0,5.153639554977417,0
tree_d3f2,heavy,frequent,p2_c120_mp2,202,10,11,8,3,828,1513,390,154,602,123,0,3.9393529891967773,0
tree_d3f2,heavy,frequent,p2_c120,303,12,12,9,3,861,1548,431,166,641,117,0,5.153144598007202,0
tree_d3f2,heavy,frequent,p2_c120_h2,202,11,12,10,2,872,1573,435,158,640,124,5,4.09868860244751,0
tree_d3f2,heavy,frequent,p2_c120_mp2,404,8,10,8,2,803,1452,385,143,604,100,0,4.218302488327026,0
tree_d3f2,heavy,frequent,p2_c120_mp2,101,10,11,9,2,824,1481,406,144,624,99,0,4.9869890213012695,0
tree_d3f2,heavy,frequent,p2_c120_mp2,42,12,12,8,4,883,1582,445,184,649,126,0,5.308023452758789,0
tree_d3f2,heavy,frequent,p2_c120_h2,404,7,12,12,0,801,1444,397,113,575,123,6,4.2064526081085205,0
tree_d3f2,heavy,frequent,p2_c120_mp2,303,12,12,9,3,864,1551,431,166,641,117,0,5.191399812698364,0
tree_d3f2,heavy,frequent,p2_c120_h2,42,11,12,9,3,877,1614,402,175,640,128,6,4.896690607070923,0
tree_d3f2,heavy,frequent,p2_c40,101,9,11,0,11,734,1362,326,137,516,126,0,4.707231283187866,0
tree_d3f2,heavy,frequent,p2_c120_h2,101,10,12,9,3,815,1514,365,145,561,148,6,5.194340229034424,0
tree_d3f2,heavy,frequent,p2_c120_h2,303,11,12,9,3,879,1602,419,172,630,140,6,5.22822117805481,0
tree_d3f2,heavy,frequent,p2_c40,42,12,12,0,12,809,1500,364,170,579,134,0,5.355375289916992,0
tree_d3f2,heavy,frequent,p2_c40,202,10,11,0,11,754,1378,358,142,534,127,0,5.186522006988525,0
tree_d3f2,heavy,frequent,p2_c40_penalty_off,101,9,11,0,11,734,1362,326,137,516,126,0,3.998230218887329,0
tree_d3f2,heavy,frequent,p2_c40,303,12,12,0,12,769,1427,342,169,536,137,0,5.253562688827515,0
tree_d3f2,heavy,frequent,p2_c40,404,8,11,0,11,736,1361,329,125,523,122,0,5.235995292663574,0
tree_d3f2,heavy,frequent,p2_c40_penalty_off,202,9,11,0,11,736,1348,345,126,519,125,0,4.4206743240356445,0
tree_d3f2,sparse,medium,baseline,101,4,4,4,0,426,795,188,59,288,91,0,4.282705068588257,0
tree_d3f2,heavy,frequent,p2_c40_penalty_off,42,12,12,0,12,809,1500,364,170,579,134,0,5.215851545333862,0
tree_d3f2,sparse,medium,baseline,42,3,4,4,0,434,793,213,55,298,90,0,4.940388917922974,0
tree_d3f2,heavy,frequent,p2_c40_penalty_off,303,11,12,0,12,753,1384,347,153,521,137,0,5.196178913116455,0
tree_d3f2,heavy,frequent,p2_c40_penalty_off,404,8,11,0,11,736,1361,329,125,523,122,0,5.34374475479126,0
tree_d3f2,sparse,medium,baseline,303,2,3,3,0,400,751,174,38,264,93,0,5.069635629653931,0
tree_d3f2,sparse,medium,baseline,202,4,4,4,0,462,856,213,76,319,95,0,5.078879117965698,0
tree_d3f2,sparse,medium,baseline,404,2,4,4,0,381,708,169,19,252,86,0,5.222743988037109,0
tree_d3f2,sparse,medium,p2_c120,42,3,4,4,0,434,793,213,55,298,90,0,4.987194061279297,0
tree_d3f2,sparse,medium,p2_c120,202,4,4,4,0,462,856,213,76,319,95,0,4.739957332611084,0
tree_d3f2,sparse,medium,p2_c120,303,2,3,3,0,400,751,174,38,264,93,0,4.727148056030273,0
tree_d3f2,sparse,medium,p2_c120,101,4,4,4,0,426,795,188,59,288,91,0,5.235705614089966,0
tree_d3f2,sparse,medium,p2_c120_mp2,101,4,4,4,0,426,795,188,59,288,91,0,4.429757833480835,0
tree_d3f2,sparse,medium,p2_c120,404,2,4,4,0,381,708,169,19,252,86,0,4.691433668136597,0
tree_d3f2,sparse,medium,p2_c120_mp2,303,2,3,3,0,400,751,174,38,264,93,0,4.210965394973755,0
tree_d3f2,sparse,medium,p2_c120_mp2,42,3,4,4,0,434,793,213,55,298,90,0,5.080411195755005,0
tree_d3f2,sparse,medium,p2_c120_mp2,202,4,4,4,0,462,856,213,76,319,95,0,4.866455316543579,0
tree_d3f2,sparse,medium,p2_c120_h2,101,4,4,4,0,474,903,198,76,307,113,6,4.276669979095459,0
tree_d3f2,sparse,medium,p2_c120_mp2,404,2,4,4,0,381,708,169,19,252,86,0,4.9854230880737305,0
tree_d3f2,sparse,medium,p2_c120_h2,42,4,4,4,0,490,916,224,76,323,113,6,5.034303665161133,0
tree_d3f2,sparse,medium,p2_c40,101,4,4,0,4,374,713,151,52,227,103,0,4.225293159484863,0
tree_d3f2,sparse,medium,p2_c40,42,5,5,0,5,417,797,170,65,265,106,0,4.435077428817749,0
tree_d3f2,sparse,medium,p2_c120_h2,202,3,3,3,0,448,847,194,55,288,109,6,5.174506664276123,0
tree_d3f2,sparse,medium,p2_c120_h2,303,3,4,4,0,459,855,211,55,297,110,6,4.971437215805054,0
tree_d3f2,sparse,medium,p2_c40,202,2,3,0,3,375,707,160,32,237,97,0,4.500581979751587,0
tree_d3f2,sparse,medium,p2_c120_h2,404,4,5,5,0,455,853,202,53,292,109,6,5.262857437133789,0
tree_d3f2,sparse,medium,p2_c40,404,2,4,0,4,375,706,160,32,239,94,0,4.9247589111328125,0
tree_d3f2,sparse,medium,p2_c40,303,2,3,0,3,376,723,148,32,234,101,0,5.186844825744629,0
tree_d3f2,sparse,medium,p2_c40_penalty_off,42,5,5,0,5,417,797,170,65,265,106,0,5.177839279174805,0
tree_d3f2,sparse,medium,p2_c40_penalty_off,202,2,3,0,3,375,707,160,32,237,97,0,4.667326927185059,0
tree_d3f2,sparse,medium,p2_c40_penalty_off,101,4,4,0,4,374,713,151,52,227,103,0,4.987084627151489,0
tree_d3f2,sparse,medium,p2_c40_penalty_off,303,2,3,0,3,376,723,148,32,234,101,0,4.994622707366943,0
tree_d3f2,sparse,frequent,baseline,101,4,5,5,0,656,1155,342,53,485,87,0,5.1737587451934814,0
tree_d3f2,sparse,frequent,p2_c120,101,4,5,5,0,656,1155,342,53,485,87,0,4.482462406158447,0
tree_d3f2,sparse,frequent,baseline,42,3,4,4,0,618,1102,303,48,446,90,0,5.268348217010498,0
tree_d3f2,sparse,frequent,baseline,202,5,5,5,0,697,1229,369,78,515,96,0,5.185778617858887,0
tree_d3f2,sparse,frequent,baseline,404,3,3,3,0,656,1176,327,55,485,90,0,4.980621814727783,0
tree_d3f2,sparse,medium,p2_c40_penalty_off,404,2,4,0,4,375,706,160,32,239,94,0,5.555467128753662,0
tree_d3f2,sparse,frequent,baseline,303,4,5,5,0,665,1189,329,69,487,93,0,5.056944847106934,0
tree_d3f2,sparse,frequent,p2_c120,42,3,4,4,0,618,1102,303,48,446,90,0,5.063736438751221,0
tree_d3f2,sparse,frequent,p2_c120_mp2,101,4,5,5,0,656,1155,342,53,485,87,0,4.0752058029174805,0
tree_d3f2,sparse,frequent,p2_c120,303,4,5,5,0,665,1189,329,69,487,93,0,4.766352653503418,0
tree_d3f2,sparse,frequent,p2_c120,404,3,3,3,0,656,1176,327,55,485,90,0,5.055982828140259,0
tree_d3f2,sparse,frequent,p2_c120_mp2,42,3,4,4,0,618,1102,303,48,446,90,0,4.6775758266448975,0
tree_d3f2,sparse,frequent,p2_c120_mp2,202,5,5,5,0,697,1229,369,78,515,96,0,4.515549421310425,0
tree_d3f2,sparse,frequent,p2_c120,202,5,5,5,0,697,1229,369,78,515,96,0,5.313225269317627,0
tree_d3f2,sparse,frequent,p2_c120_mp2,303,4,5,5,0,665,1189,329,69,487,93,0,4.998959064483643,0
tree_d3f2,sparse,frequent,p2_c120_h2,303,5,5,5,0,667,1193,327,69,470,105,6,4.755984544754028,0
tree_d3f2,sparse,frequent,p2_c120_mp2,404,3,3,3,0,656,1176,327,55,485,90,0,5.350345849990845,0
tree_d3f2,sparse,frequent,p2_c40_penalty_off,42,4,5,0,5,607,1103,281,28,421,105,0,3.516508102416992,0
tree_d3f2,sparse,frequent,p2_c120_h2,404,3,4,4,0,651,1192,301,63,442,121,6,4.809377908706665,0
tree_d3f2,sparse,frequent,p2_c120_h2,101,5,5,5,0,706,1270,350,74,500,113,6,5.2146525382995605,0
tree_d3f2,sparse,frequent,p2_c120_h2,42,4,5,5,0,719,1308,340,72,523,105,6,5.225956678390503,0
tree_d3f2,sparse,frequent,p2_c120_h2,202,4,5,5,0,705,1275,345,52,507,108,6,5.353341341018677,0
tree_d3f2,sparse,frequent,p2_c40,42,4,5,0,5,607,1103,281,28,421,105,0,5.072450637817383,0
tree_d3f2,sparse,frequent,p2_c40,101,4,5,0,5,649,1174,316,46,462,106,0,5.043282985687256,0
tree_d3f2,sparse,frequent,p2_c40,303,4,5,0,5,629,1144,295,46,440,108,0,5.022108316421509,0
tree_d3f2,sparse,frequent,p2_c40,202,4,5,0,5,597,1083,275,53,409,107,0,5.361380338668823,0
tree_d3f2,sparse,frequent,p2_c40,404,3,3,0,3,597,1091,271,26,421,98,0,5.365685701370239,0
tree_d3f2,sparse,frequent,p2_c40_penalty_off,303,4,5,0,5,629,1144,295,46,440,108,0,4.486584901809692,0
tree_d3f2,sparse,frequent,p2_c40_penalty_off,101,4,5,0,5,649,1174,316,46,462,106,0,5.282372236251831,0
tree_d3f2,sparse,frequent,p2_c40_penalty_off,404,3,3,0,3,597,1091,271,26,421,98,0,4.940065145492554,0
tree_d3f2,sparse,frequent,p2_c40_penalty_off,202,3,5,0,5,582,1055,267,40,397,105,0,5.198456048965454,0
tree_d3f3,medium,medium,p2_c120,303,1,3,3,0,867,1305,538,42,593,233,0,8.177402019500732,0
tree_d3f3,medium,medium,baseline,42,3,5,5,0,1129,1678,738,130,844,238,0,9.144214391708374,0
tree_d3f3,medium,medium,baseline,303,1,3,3,0,867,1305,538,42,593,233,0,9.395267009735107,0
tree_d3f3,medium,medium,baseline,202,3,4,4,0,995,1478,649,122,713,236,0,9.448480129241943,0
tree_d3f3,medium,medium,p2_c120_mp2,42,3,5,5,0,1129,1678,738,130,844,238,0,8.801637172698975,0
tree_d3f3,medium,medium,p2_c120_mp2,202,3,4,4,0,995,1478,649,122,713,236,0,7.619421005249023,0
tree_d3f3,medium,medium,p2_c120_mp2,303,1,3,3,0,867,1305,538,42,593,233,0,7.641846418380737,0
tree_d3f3,medium,medium,baseline,101,3,3,3,0,869,1344,517,80,588,237,0,10.36420464515686,0
tree_d3f3,medium,medium,p2_c120,42,3,5,5,0,1129,1678,738,130,844,238,0,10.248324871063232,0
tree_d3f3,medium,medium,baseline,404,4,4,4,0,1066,1584,699,131,787,232,0,10.390758991241455,0
tree_d3f3,medium,medium,p2_c120,202,3,4,4,0,995,1478,649,122,713,236,0,9.986439228057861,0
tree_d3f3,medium,medium,p2_c120,101,3,3,3,0,869,1344,517,80,588,237,0,10.3517005443573,0
tree_d3f3,medium,medium,p2_c120,404,4,4,4,0,1066,1584,699,131,787,232,0,10.180648803710938,0
tree_d3f3,medium,medium,p2_c120_mp2,101,3,3,3,0,869,1344,517,80,588,237,0,10.46480655670166,0
tree_d3f3,medium,medium,p2_c120_h2,101,4,4,4,0,994,1552,620,139,684,259,4,9.962144136428833,0
tree_d3f3,medium,medium,p2_c40,42,4,5,0,5,1001,1534,625,160,705,251,0,8.896697044372559,0
tree_d3f3,medium,medium,p2_c120_h2,42,5,6,6,0,1262,1907,823,198,952,253,5,10.122151136398315,0
tree_d3f3,medium,medium,p2_c120_mp2,404,4,4,4,0,1066,1584,699,131,787,232,0,10.22247314453125,0
tree_d3f3,medium,medium,p2_c120_h2,202,4,4,4,0,1059,1597,699,128,755,253,4,10.311436891555786,0
tree_d3f3,medium,medium,p2_c120_h2,303,1,3,3,0,877,1357,535,38,580,251,5,10.265382528305054,0
tree_d3f3,medium,medium,p2_c40,202,2,4,0,4,809,1270,478,82,517,250,0,9.011232137680054,0
tree_d3f3,medium,medium,p2_c40,404,3,4,0,4,916,1409,569,123,627,246,0,8.878848552703857,0
tree_d3f3,medium,medium,p2_c120_h2,404,5,5,5,0,1177,1773,773,214,869,251,6,10.277966260910034,0
tree_d3f3,medium,medium,p2_c40,101,3,3,0,3,816,1297,454,123,529,245,0,9.983912706375122,0
tree_d3f3,medium,medium,p2_c40,303,2,3,0,3,826,1271,498,82,543,242,0,9.910547733306885,0
tree_d3f3,medium,medium,p2_c40_penalty_off,42,4,5,0,5,1001,1534,625,160,705,251,0,10.09267282485962,0
tree_d3f3,medium,medium,p2_c40_penalty_off,202,2,4,0,4,809,1270,478,82,517,250,0,10.164451837539673,0
tree_d3f3,medium,medium,p2_c40_penalty_off,101,3,3,0,3,816,1297,454,123,529,245,0,10.530731678009033,0
tree_d3f3,medium,medium,p2_c40_penalty_off,303,2,3,0,3,826,1271,498,82,543,242,0,10.11342191696167,0
tree_d3f3,medium,frequent,baseline,101,6,6,6,0,1780,2552,1237,235,1457,233,0,9.727231740951538,0
tree_d3f3,medium,frequent,baseline,202,5,5,5,0,1745,2466,1256,210,1418,240,0,9.669070482254028,0
tree_d3f3,medium,medium,p2_c40_penalty_off,404,3,4,0,4,916,1409,569,123,627,246,0,10.202361345291138,0
tree_d3f3,medium,frequent,baseline,404,6,6,6,0,1779,2505,1283,240,1457,232,0,9.960474252700806,0
tree_d3f3,medium,frequent,p2_c120,202,5,5,5,0,1745,2466,1256,210,1418,240,0,9.402164936065674,0
tree_d3f3,medium,frequent,baseline,303,3,6,6,0,1642,2362,1153,130,1317,241,0,10.362223148345947,0
tree_d3f3,medium,frequent,baseline,42,4,6,6,0,1724,2441,1235,168,1404,234,0,10.691025495529175,0
tree_d3f3,medium,frequent,p2_c120,42,4,6,6,0,1724,2441,1235,168,1404,234,0,9.814021348953247,0
tree_d3f3,medium,frequent,p2_c120_mp2,202,5,5,5,0,1745,2466,1256,210,1418,240,0,8.19505524635315,0
tree_d3f3,medium,frequent,p2_c120,101,6,6,6,0,1780,2552,1237,235,1457,233,0,10.143147468566895,0
tree_d3f3,medium,frequent,p2_c120,303,3,6,6,0,1642,2362,1153,130,1317,241,0,9.958562135696411,0
tree_d3f3,medium,frequent,p2_c120,404,6,6,6,0,1779,2505,1283,240,1457,232,0,10.550034999847412,0
tree_d3f3,medium,frequent,p2_c120_mp2,42,4,6,6,0,1724,2441,1235,168,1404,234,0,10.483113527297974,0
tree_d3f3,medium,frequent,p2_c120_mp2,303,3,6,6,0,1642,2362,1153,130,1317,241,0,9.968748331069946,0
tree_d3f3,medium,frequent,p2_c120_mp2,101,6,6,6,0,1780,2552,1237,235,1457,233,0,10.523855686187744,0
tree_d3f3,medium,frequent,p2_c40,101,6,6,0,6,1575,2312,1065,246,1234,257,0,9.01033353805542,0
tree_d3f3,medium,frequent,p2_c120_h2,202,5,5,5,0,1788,2541,1283,206,1447,250,4,10.18056321144104,0
tree_d3f3,medium,frequent,p2_c120_h2,101,5,5,5,0,1773,2590,1236,201,1425,256,5,10.275798320770264,0
tree_d3f3,medium,frequent,p2_c40,202,4,5,0,5,1521,2208,1053,160,1186,254,0,8.908638715744019,0
tree_d3f3,medium,frequent,p2_c40,303,3,6,0,6,1448,2117,988,123,1119,248,0,8.283040523529053,0
tree_d3f3,medium,frequent,p2_c120_mp2,404,6,6,6,0,1779,2505,1283,240,1457,232,0,10.599125623703003,0
tree_d3f3,medium,frequent,p2_c120_h2,42,5,6,6,0,1878,2679,1338,214,1528,257,5,10.644137382507324,0
tree_d3f3,medium,frequent,p2_c120_h2,303,5,6,6,0,1679,2428,1180,201,1337,248,6,10.37878131866455,0
tree_d3f3,medium,frequent,p2_c120_h2,404,6,6,6,0,1811,2585,1304,211,1474,245,3,10.416235446929932,0
tree_d3f3,medium,frequent,p2_c40,42,5,6,0,6,1567,2277,1089,201,1229,255,0,10.77902340888977,0
tree_d3f3,medium,frequent,p2_c40_penalty_off,42,5,6,0,6,1567,2277,1089,201,1229,255,0,9.795496940612793,0
tree_d3f3,medium,frequent,p2_c40,404,5,6,0,6,1526,2209,1064,205,1189,254,0,10.724059581756592,0
tree_d3f3,heavy,medium,baseline,202,5,7,6,1,1121,1675,741,178,825,244,0,8.191223859786987,0
tree_d3f3,medium,frequent,p2_c40_penalty_off,101,6,6,0,6,1575,2312,1065,246,1234,257,0,9.446905851364136,0
tree_d3f3,heavy,medium,baseline,42,7,9,8,1,1329,1964,893,261,1034,238,0,8.922304391860962,0
tree_d3f3,medium,frequent,p2_c40_penalty_off,404,5,6,0,6,1526,2209,1064,205,1189,254,0,9.522369146347046,0
tree_d3f3,medium,frequent,p2_c40_penalty_off,202,4,5,0,5,1521,2208,1053,160,1186,254,0,10.281013250350952,0
tree_d3f3,medium,frequent,p2_c40_penalty_off,303,3,6,0,6,1448,2117,988,123,1119,248,0,10.299279928207397,0
tree_d3f3,heavy,medium,baseline,303,6,8,7,1,1207,1781,829,207,912,241,0,9.452590227127075,0
tree_d3f3,heavy,medium,baseline,404,7,10,9,1,1313,1918,895,289,1018,236,0,10.052935123443604,0
tree_d3f3,heavy,medium,baseline,101,5,7,7,0,1009,1552,623,114,717,241,0,10.470764636993408,0
tree_d3f3,heavy,medium,p2_c120,404,7,10,9,1,1313,1918,895,289,1018,236,0,9.257175207138062,0
tree_d3f3,heavy,medium,p2_c120,202,5,7,6,1,1121,1675,741,178,825,244,0,10.099233388900757,0
tree_d3f3,heavy,medium,p2_c120,42,7,9,8,1,1329,1964,893,261,1034,238,0,10.273905992507935,0
tree_d3f3,heavy,medium,p2_c120,101,5,7,7,0,1009,1552,623,114,717,241,0,10.444742202758789,0
tree_d3f3,heavy,medium,p2_c120,303,6,8,7,1,1207,1781,829,207,912,241,0,10.307995557785034,0
tree_d3f3,heavy,medium,p2_c120_mp2,101,5,7,7,0,1009,1552,623,114,717,241,0,9.959007740020752,0
tree_d3f3,heavy,medium,p2_c120_mp2,42,7,9,8,1,1330,1964,894,261,1034,238,0,10.317130327224731,0
tree_d3f3,heavy,medium,p2_c40,101,5,7,0,7,885,1405,508,178,582,255,0,8.66588807106018,0
tree_d3f3,heavy,medium,p2_c120_mp2,303,6,8,7,1,1208,1782,829,207,912,241,0,9.86169147491455,0
tree_d3f3,heavy,medium,p2_c120_mp2,404,7,10,9,1,1314,1919,895,289,1018,236,0,9.887845993041992,0
tree_d3f3,heavy,medium,p2_c120_h2,202,7,9,8,1,1219,1819,839,239,901,257,4,9.855934381484985,0
tree_d3f3,heavy,medium,p2_c120_mp2,202,5,7,6,1,1122,1674,743,178,825,244,0,10.342029809951782,0
tree_d3f3,heavy,medium,p2_c40,42,7,9,0,9,1121,1736,696,283,804,265,0,9.65831995010376,0
tree_d3f3,heavy,medium,p2_c120_h2,101,6,7,6,1,1133,1760,726,231,800,275,4,10.284244060516357,0
tree_d3f3,heavy,medium,p2_c120_h2,42,9,11,8,3,1426,2175,942,348,1080,277,6,10.348273754119873,0
tree_d3f3,heavy,medium,p2_c120_h2,404,6,9,9,0,1255,1870,839,205,945,249,5,10.226791143417358,0
tree_d3f3,heavy,medium,p2_c120_h2,303,6,9,8,1,1287,1900,884,231,971,255,5,10.551427602767944,0
tree_d3f3,heavy,medium,p2_c40,202,4,7,0,7,879,1392,523,137,570,262,0,9.499765396118164,0
tree_d3f3,heavy,medium,p2_c40,303,6,8,0,8,1048,1612,661,242,738,260,0,9.25056791305542,0
tree_d3f3,heavy,medium,p2_c40,404,6,9,0,9,1027,1597,633,238,716,260,0,9.565592288970947,0
tree_d3f3,heavy,medium,p2_c40_penalty_off,404,6,9,0,9,1027,1597,633,238,716,260,0,8.430262804031372,0
tree_d3f3,heavy,medium,p2_c40_penalty_off,42,7,9,0,9,1121,1736,696,283,804,265,0,9.895224332809448,0
tree_d3f3,heavy,frequent,baseline,42,10,12,10,2,2027,2878,1450,414,1683,242,0,9.15431523323059,0
tree_d3f3,heavy,medium,p2_c40_penalty_off,101,5,7,0,7,885,1405,508,178,582,255,0,10.251173496246338,0
tree_d3f3,heavy,medium,p2_c40_penalty_off,202,4,7,0,7,879,1392,523,137,570,262,0,10.285881042480469,0
tree_d3f3,heavy,frequent,p2_c120,42,10,12,10,2,2027,2878,1450,414,1683,242,0,8.997810125350952,0
tree_d3f3,heavy,medium,p2_c40_penalty_off,303,6,8,0,8,1048,1612,661,242,738,260,0,10.36621880531311,0
tree_d3f3,heavy,frequent,p2_c120,202,8,9,7,2,1944,2769,1391,294,1601,248,0,8.829493045806885,0
tree_d3f3,heavy,frequent,p2_c120,101,10,12,10,2,2016,2884,1419,385,1670,245,0,9.508289337158203,0
tree_d3f3,heavy,frequent,baseline,202,8,9,7,2,1944,2769,1391,294,1601,248,0,10.122113704681396,0
tree_d3f3,heavy,frequent,baseline,101,10,12,10,2,2016,2884,1419,385,1670,245,0,10.626023530960083,0
tree_d3f3,heavy,frequent,baseline,404,9,12,10,2,1864,2653,1336,319,1525,240,0,10.424844026565552,0
tree_d3f3,heavy,frequent,baseline,303,6,12,11,1,1861,2650,1338,207,1521,245,0,10.649885177612305,0
tree_d3f3,heavy,frequent,p2_c120_mp2,404,9,12,10,2,1866,2655,1336,319,1525,240,0,8.976205825805664,0
tree_d3f3,heavy,frequent,p2_c120,303,6,12,11,1,1861,2650,1338,207,1521,245,0,10.421598196029663,0
tree_d3f3,heavy,frequent,p2_c120_mp2,42,10,12,10,2,2029,2880,1450,414,1683,242,0,10.419932126998901,0
tree_d3f3,heavy,frequent,p2_c120,404,9,12,10,2,1864,2653,1336,319,1525,240,0,10.457734107971191,0
tree_d3f3,heavy,frequent,p2_c120_mp2,101,10,12,10,2,2018,2889,1416,385,1670,245,0,10.406474828720093,0
tree_d3f3,heavy,frequent,p2_c120_mp2,202,8,9,7,2,1946,2771,1391,294,1601,248,0,10.426143884658813,0
tree_d3f3,heavy,frequent,p2_c120_mp2,303,6,12,11,1,1862,2651,1338,207,1521,245,0,10.409935712814331,0
tree_d3f3,heavy,frequent,p2_c120_h2,404,9,10,9,1,2015,2852,1469,328,1661,253,3,9.7488694190979,0
tree_d3f3,heavy,frequent,p2_c120_h2,42,9,10,8,2,2049,2943,1462,380,1677,269,5,10.456193208694458,0
tree_d3f3,heavy,frequent,p2_c120_h2,101,9,11,10,1,1971,2856,1391,290,1612,256,5,10.424623250961304,0
tree_d3f3,heavy,frequent,p2_c120_h2,202,9,9,6,3,1928,2748,1389,367,1570,258,4,10.548154830932617,0
tree_d3f3,heavy,frequent,p2_c120_h2,303,10,12,10,2,1870,2722,1319,371,1497,265,6,10.487526893615723,0
tree_d3f3,heavy,frequent,p2_c40,42,10,12,0,12,1758,2612,1182,406,1389,275,0,10.58246660232544,0
tree_d3f3,heavy,frequent,p2_c40,101,10,12,0,12,1736,2592,1155,374,1368,274,0,10.285154581069946,0
tree_d3f3,heavy,frequent,p2_c40,404,8,12,0,12,1622,2376,1118,316,1263,267,0,8.960688591003418,0
tree_d3f3,heavy,frequent,p2_c40_penalty_off,404,8,12,0,12,1622,2376,1118,316,1263,267,0,7.5866382122039795,0
tree_d3f3,heavy,frequent,p2_c40,303,6,12,0,12,1543,2271,1061,242,1192,261,0,10.013468265533447,0
tree_d3f3,heavy,frequent,p2_c40,202,7,9,0,9,1660,2419,1157,244,1306,266,0,10.326287269592285,0
tree_d3f3,heavy,frequent,p2_c40_penalty_off,101,10,12,0,12,1736,2592,1155,374,1368,274,0,9.659238815307617,0
tree_d3f3,heavy,frequent,p2_c40_penalty_off,42,10,12,0,12,1758,2612,1182,406,1389,275,0,9.867573499679565,0
tree_d3f3,heavy,frequent,p2_c40_penalty_off,202,7,9,0,9,1660,2419,1157,244,1306,266,0,10.528645753860474,0
tree_d3f3,heavy,frequent,p2_c40_penalty_off,303,6,12,0,12,1543,2271,1061,242,1192,261,0,10.616443634033203,0
tree_d3f3,sparse,medium,baseline,202,2,3,3,0,930,1410,593,80,651,236,0,9.99737548828125,0
tree_d3f3,sparse,medium,baseline,303,2,2,2,0,957,1427,622,80,682,233,0,9.70779299736023,0
tree_d3f3,sparse,medium,baseline,101,2,3,3,0,745,1187,403,51,466,237,0,10.13613247871399,0
tree_d3f3,sparse,medium,baseline,42,5,5,5,0,1188,1770,781,186,900,238,0,10.632302284240723,0
tree_d3f3,sparse,medium,p2_c120,42,5,5,5,0,1188,1770,781,186,900,238,0,10.088745355606079,0
tree_d3f3,sparse,medium,baseline,404,2,3,3,0,970,1459,619,84,691,236,0,10.353540658950806,0
tree_d3f3,sparse,medium,p2_c120,101,2,3,3,0,745,1187,403,51,466,237,0,10.779855489730835,0
tree_d3f3,sparse,medium,p2_c120,303,2,2,2,0,957,1427,622,80,682,233,0,9.796845436096191,0
tree_d3f3,sparse,medium,p2_c120,404,2,3,3,0,970,1459,619,84,691,236,0,10.685895442962646,0
tree_d3f3,sparse,medium,p2_c120_mp2,101,2,3,3,0,745,1187,403,51,466,237,0,10.699913501739502,0
tree_d3f3,sparse,medium,p2_c120_mp2,404,2,3,3,0,970,1459,619,84,691,236,0,10.515800714492798,0
tree_d3f3,sparse,medium,p2_c120_mp2,303,2,2,2,0,957,1427,622,80,682,233,0,10.752293109893799,0
tree_d3f3,sparse,medium,p2_c120_mp2,202,2,3,3,0,930,1410,593,80,651,236,0,10.900690793991089,0
tree_d3f3,sparse,medium,p2_c120,202,2,3,3,0,930,1410,593,80,651,236,0,11.313828706741333,0
tree_d3f3,sparse,medium,p2_c120_mp2,42,5,5,5,0,1188,1770,781,186,900,238,0,11.14559817314148,0
tree_d3f3,sparse,medium,p2_c120_h2,101,3,3,3,0,990,1564,587,130,686,255,4,10.70182728767395,0
tree_d3f3,sparse,medium,p2_c120_h2,42,4,5,5,0,1236,1857,828,172,925,257,5,11.03640604019165,0
tree_d3f3,sparse,medium,p2_c120_h2,202,4,4,4,0,991,1498,658,88,692,249,4,11.139407634735107,0
tree_d3f3,sparse,medium,p2_c120_h2,303,3,4,4,0,1091,1659,707,130,782,257,6,10.259827852249146,0
tree_d3f3,sparse,medium,p2_c120_h2,404,1,2,2,0,923,1428,562,38,630,247,6,11.419466257095337,0
tree_d3f3,sparse,medium,p2_c40,42,4,4,0,4,966,1503,578,133,672,250,0,10.593618869781494,0
tree_d3f3,sparse,medium,p2_c40,202,2,4,0,4,848,1307,528,82,556,250,0,10.259260416030884,0
tree_d3f3,sparse,medium,p2_c40,303,2,2,0,2,873,1342,532,82,592,241,0,10.23861837387085,0
tree_d3f3,sparse,medium,p2_c40,101,3,3,0,3,698,1141,356,87,411,245,0,11.11069917678833,0
tree_d3f3,sparse,medium,p2_c40_penalty_off,42,4,4,0,4,966,1503,578,133,672,250,0,10.60774302482605,0
tree_d3f3,sparse,medium,p2_c40,404,2,3,0,3,901,1366,576,78,619,241,0,10.837221622467041,0
tree_d3f3,sparse,medium,p2_c40_penalty_off,101,3,3,0,3,698,1141,356,87,411,245,0,10.27395510673523,0
tree_d3f3,sparse,medium,p2_c40_penalty_off,202,2,4,0,4,848,1307,528,82,556,250,0,10.566690683364868,0
tree_d3f3,sparse,medium,p2_c40_penalty_off,303,2,2,0,2,873,1342,532,82,592,241,0,10.508832454681396,0
tree_d3f3,sparse,medium,p2_c40_penalty_off,404,2,3,0,3,901,1366,576,78,619,241,0,10.557067394256592,0
tree_d3f3,sparse,frequent,baseline,303,2,5,5,0,1525,2162,1103,80,1211,233,0,9.72469973564148,0
tree_d3f3,sparse,frequent,baseline,101,4,5,5,0,1504,2150,1057,89,1188,233,0,10.41273832321167,0
tree_d3f3,sparse,frequent,baseline,42,4,5,5,0,1577,2265,1077,167,1258,234,0,10.987106323242188,0
tree_d3f3,sparse,frequent,baseline,202,3,3,3,0,1429,2035,1005,85,1113,236,0,10.645708799362183,0
tree_d3f3,sparse,frequent,baseline,404,3,4,4,0,1397,1982,990,117,1083,232,0,9.998010158538818,0
tree_d3f3,sparse,frequent,p2_c120,42,4,5,5,0,1577,2265,1077,167,1258,234,0,10.136956453323364,0
tree_d3f3,sparse,frequent,p2_c120_mp2,101,4,5,5,0,1504,2150,1057,89,1188,233,0,9.116741180419922,0
tree_d3f3,sparse,frequent,p2_c120,202,3,3,3,0,1429,2035,1005,85,1113,236,0,10.146527290344238,0
tree_d3f3,sparse,frequent,p2_c120,101,4,5,5,0,1504,2150,1057,89,1188,233,0,10.363413572311401,0
tree_d3f3,sparse,frequent,p2_c120_h2,101,4,5,5,0,1540,2260,1073,49,1201,252,5,9.274221420288086,0
tree_d3f3,sparse,frequent,p2_c120,404,3,4,4,0,1397,1982,990,117,1083,232,0,10.448866367340088,0
tree_d3f3,sparse,frequent,p2_c120,303,2,5,5,0,1525,2162,1103,80,1211,233,0,10.621512174606323,0
tree_d3f3,sparse,frequent,p2_c120_mp2,202,3,3,3,0,1429,2035,1005,85,1113,236,0,10.556652784347534,0
tree_d3f3,sparse,frequent,p2_c120_mp2,303,2,5,5,0,1525,2162,1103,80,1211,233,0,10.491666078567505,0
tree_d3f3,sparse,frequent,p2_c120_mp2,42,4,5,5,0,1577,2265,1077,167,1258,234,0,10.822125434875488,0
tree_d3f3,sparse,frequent,p2_c120_h2,42,3,4,4,0,1656,2361,1216,84,1316,253,6,10.100565195083618,0
tree_d3f3,sparse,frequent,p2_c120_mp2,404,3,4,4,0,1397,1982,990,117,1083,232,0,10.613917112350464,0
tree_d3f3,sparse,frequent,p2_c120_h2,303,5,5,5,0,1466,2116,1047,156,1131,243,6,8.238895893096924,0
tree_d3f3,sparse,frequent,p2_c120_h2,202,3,4,4,0,1556,2238,1099,81,1222,248,5,10.548766613006592,0
tree_d3f3,sparse,frequent,p2_c120_h2,404,1,4,4,0,1477,2112,1064,42,1151,245,3,10.336513757705688,0
tree_d3f3,sparse,frequent,p2_c40,42,5,5,0,5,1351,2014,888,111,1015,254,0,10.360388040542603,0
tree_d3f3,sparse,frequent,p2_c40,101,4,5,0,5,1358,1988,918,70,1028,249,0,10.340688228607178,0
tree_d4f2,medium,medium,baseline,101,5,5,5,0,935,1574,453,180,688,196,0,7.34029221534729,0
tree_d4f2,medium,medium,baseline,202,3,4,4,0,790,1361,362,109,552,192,0,6.667712688446045,0
tree_d3f3,sparse,frequent,p2_c40,303,2,5,0,5,1363,1975,955,82,1040,244,0,10.391532897949219,0
tree_d3f3,sparse,frequent,p2_c40,202,2,3,0,3,1439,2079,1003,57,1114,248,0,10.599297523498535,0
tree_d4f2,medium,medium,baseline,42,0,1,1,0,527,893,245,0,310,180,0,8.496756553649902,0
tree_d3f3,sparse,frequent,p2_c40_penalty_off,42,5,5,0,5,1351,2014,888,111,1015,254,0,9.250699043273926,0
tree_d3f3,sparse,frequent,p2_c40,404,1,3,0,3,1337,1917,944,37,1021,240,0,10.46200704574585,0
tree_d3f3,sparse,frequent,p2_c40_penalty_off,202,2,3,0,3,1439,2079,1003,57,1114,248,0,9.77872085571289,0
tree_d3f3,sparse,frequent,p2_c40_penalty_off,303,2,5,0,5,1363,1975,955,82,1040,244,0,9.73392128944397,0
tree_d4f2,medium,medium,baseline,303,2,4,4,0,778,1272,421,66,553,181,0,8.291804075241089,0
tree_d3f3,sparse,frequent,p2_c40_penalty_off,101,4,5,0,5,1358,1988,918,70,1028,249,0,10.289935827255249,0
tree_d4f2,medium,medium,p2_c120,42,0,1,1,0,527,893,245,0,310,180,0,7.3092522621154785,0
tree_d4f2,medium,medium,baseline,404,4,6,6,0,932,1560,458,132,700,182,0,8.332536697387695,0
tree_d4f2,medium,medium,p2_c120,101,5,5,5,0,935,1574,453,180,688,196,0,7.702018737792969,0
tree_d3f3,sparse,frequent,p2_c40_penalty_off,404,1,3,0,3,1337,1917,944,37,1021,240,0,10.382861852645874,0
tree_d4f2,medium,medium,p2_c120_mp2,303,2,4,4,0,778,1272,421,66,553,181,0,7.764955759048462,0
tree_d4f2,medium,medium,p2_c120_mp2,404,4,6,6,0,932,1560,458,132,700,182,0,7.711876630783081,0
tree_d4f2,medium,medium,p2_c120,303,2,4,4,0,778,1272,421,66,553,181,0,8.469510316848755,0
tree_d4f2,medium,medium,p2_c120,404,4,6,6,0,932,1560,458,132,700,182,0,8.375555515289307,0
tree_d4f2,medium,medium,p2_c120,202,3,4,4,0,790,1361,362,109,552,192,0,8.57269811630249,0
tree_d4f2,medium,medium,p2_c120_mp2,101,5,5,5,0,935,1574,453,180,688,196,0,8.236167430877686,0
tree_d4f2,medium,medium,p2_c120_mp2,42,0,1,1,0,527,893,245,0,310,180,0,8.605628252029419,0
tree_d4f2,medium,medium,p2_c120_mp2,202,3,4,4,0,790,1361,362,109,552,192,0,8.511557340621948,0
tree_d4f2,medium,medium,p2_c120_h2,42,4,5,5,0,825,1407,394,109,573,199,5,7.804881811141968,0
tree_d4f2,medium,medium,p2_c120_h2,101,4,5,5,0,869,1456,440,132,622,194,4,7.879711151123047,0
tree_d4f2,medium,medium,p2_c120_h2,202,4,4,4,0,793,1363,369,137,551,192,2,7.469330787658691,0
tree_d4f2,medium,medium,p2_c120_h2,303,3,5,5,0,848,1413,442,109,594,204,3,7.8321075439453125,0
tree_d4f2,medium,medium,p2_c120_h2,404,4,4,4,0,835,1439,381,137,581,201,5,8.114623308181763,0
tree_d4f2,medium,medium,p2_c40,303,3,4,0,4,712,1197,361,93,470,199,0,7.5652875900268555,0
tree_d4f2,medium,medium,p2_c40,42,0,1,0,1,501,858,225,0,279,185,0,8.191369771957397,0
tree_d4f2,medium,medium,p2_c40,101,5,5,0,5,788,1335,375,160,536,206,0,8.128342866897583,0
tree_d4f2,medium,medium,p2_c40,202,2,4,0,4,641,1123,276,64,400,199,0,8.424979448318481,0
tree_d4f2,medium,medium,p2_c40,404,4,6,0,6,772,1345,338,128,517,209,0,8.453970193862915,0
tree_d4f2,medium,medium,p2_c40_penalty_off,101,5,5,0,5,788,1335,375,160,536,206,0,8.287540674209595,0
tree_d4f2,medium,medium,p2_c40_penalty_off,42,0,1,0,1,501,858,225,0,279,185,0,8.516673564910889,0
tree_d4f2,medium,medium,p2_c40_penalty_off,404,4,6,0,6,772,1345,338,128,517,209,0,7.839343070983887,0
tree_d4f2,medium,medium,p2_c40_penalty_off,202,2,4,0,4,641,1123,276,64,400,199,0,8.371700763702393,0
tree_d4f2,medium,medium,p2_c40_penalty_off,303,3,4,0,4,712,1197,361,93,470,199,0,8.3158860206604,0
tree_d4f2,medium,frequent,p2_c120,202,6,6,6,0,1417,2307,758,213,1130,197,0,6.846200466156006,0
tree_d4f2,medium,frequent,baseline,42,6,6,6,0,1411,2270,767,168,1137,185,0,8.794601440429688,0
tree_d4f2,medium,frequent,baseline,101,5,6,6,0,1328,2155,714,172,1049,191,0,8.812783241271973,0
tree_d4f2,medium,frequent,baseline,404,6,6,6,0,1379,2259,720,208,1097,192,0,8.451983451843262,0
tree_d4f2,medium,frequent,baseline,202,6,6,6,0,1417,2307,758,213,1130,197,0,8.6760094165802,0
tree_d4f2,medium,frequent,baseline,303,5,6,6,0,1356,2216,736,170,1067,201,0,8.632270336151123,0
tree_d4f2,medium,frequent,p2_c120,303,5,6,6,0,1356,2216,736,170,1067,201,0,7.515183925628662,0
tree_d4f2,medium,frequent,p2_c120,42,6,6,6,0,1411,2270,767,168,1137,185,0,7.781424522399902,0
tree_d4f2,medium,frequent,p2_c120,101,5,6,6,0,1328,2155,714,172,1049,191,0,8.011750936508179,0
tree_d4f2,medium,frequent,p2_c120,404,6,6,6,0,1379,2259,720,208,1097,192,0,8.22953176498413,0
tree_d4f2,medium,frequent,p2_c120_mp2,202,6,6,6,0,1417,2307,758,213,1130,197,0,8.325499534606934,0
tree_d4f2,medium,frequent,p2_c120_mp2,42,6,6,6,0,1411,2270,767,168,1137,185,0,8.662711381912231,0
tree_d4f2,medium,frequent,p2_c120_mp2,101,5,6,6,0,1328,2155,714,172,1049,191,0,8.705031633377075,0
tree_d4f2,medium,frequent,p2_c120_mp2,303,5,6,6,0,1356,2216,736,170,1067,201,0,8.272116661071777,0
tree_d4f2,medium,frequent,p2_c120_mp2,404,6,6,6,0,1379,2259,720,208,1097,192,0,7.616405010223389,0
tree_d4f2,medium,frequent,p2_c120_h2,42,6,6,6,0,1448,2344,789,173,1162,193,4,7.947985410690308,0
tree_d4f2,medium,frequent,p2_c120_h2,101,6,6,6,0,1360,2230,704,208,1058,207,5,8.147900104522705,0
tree_d4f2,medium,frequent,p2_c120_h2,404,6,6,6,0,1416,2321,741,205,1123,200,3,7.6037609577178955,0
tree_d4f2,medium,frequent,p2_c40,404,5,6,0,6,1175,1934,610,160,883,209,0,6.7837302684783936,0
tree_d4f2,medium,frequent,p2_c120_h2,303,5,6,6,0,1370,2251,724,145,1075,202,6,8.144500732421875,0
tree_d4f2,medium,frequent,p2_c120_h2,202,6,6,6,0,1451,2356,781,198,1154,205,2,8.702744007110596,0
tree_d4f2,medium,frequent,p2_c40,202,5,6,0,6,1198,1957,639,153,906,209,0,7.207375764846802,0
tree_d4f2,medium,frequent,p2_c40,101,6,6,0,6,1172,1964,579,165,877,211,0,8.214982986450195,0
tree_d4f2,medium,frequent,p2_c40,42,6,6,0,6,1276,2081,674,189,982,210,0,8.834808349609375,0
tree_d4f2,medium,frequent,p2_c40,303,3,6,0,6,1131,1855,599,96,847,203,0,8.015089750289917,0
tree_d4f2,medium,frequent,p2_c40_penalty_off,202,5,6,0,6,1198,1957,639,153,906,209,0,7.358179330825806,0
tree_d4f2,heavy,medium,baseline,42,2,4,4,0,682,1132,345,59,458,180,0,7.460892915725708,0
tree_d4f2,medium,frequent,p2_c40_penalty_off,42,6,6,0,6,1276,2081,674,189,982,210,0,8.739893913269043,0
tree_d4f2,medium,frequent,p2_c40_penalty_off,101,6,6,0,6,1172,1964,579,165,877,211,0,8.727275133132935,0
tree_d4f2,medium,frequent,p2_c40_penalty_off,404,5,6,0,6,1175,1934,610,160,883,209,0,7.999377012252808,0
tree_d4f2,medium,frequent,p2_c40_penalty_off,303,3,6,0,6,1131,1855,599,96,847,203,0,8.427802085876465,0
tree_d4f2,heavy,medium,baseline,101,6,8,8,0,939,1572,471,152,684,201,0,8.333292245864868,0
tree_d4f2,heavy,medium,baseline,202,7,8,6,2,960,1660,438,203,697,207,0,8.485339403152466,0
tree_d4f2,heavy,medium,baseline,303,8,9,7,2,1015,1663,574,202,745,211,0,8.572206497192383,0
tree_d4f2,heavy,medium,p2_c120,42,2,4,4,0,682,1132,345,59,458,180,0,8.220687627792358,0
tree_d4f2,heavy,medium,baseline,404,7,12,11,1,1098,1862,527,211,835,202,0,8.608043909072876,0
tree_d4f2,heavy,medium,p2_c120,101,6,8,8,0,939,1572,471,152,684,201,0,8.28133249282837,0
tree_d4f2,heavy,medium,p2_c120,202,7,8,6,2,960,1660,438,203,697,207,0,8.396170139312744,0
tree_d4f2,heavy,medium,p2_c120,303,8,9,7,2,1015,1663,574,202,745,211,0,8.45000958442688,0
tree_d4f2,heavy,medium,p2_c120,404,7,12,11,1,1098,1862,527,211,835,202,0,8.550637245178223,0
tree_d4f2,heavy,medium,p2_c120_mp2,101,6,8,8,0,939,1572,471,152,684,201,0,8.47197937965393,0
tree_d4f2,heavy,medium,p2_c120_mp2,42,2,4,4,0,682,1132,345,59,458,180,0,8.619389295578003,0
tree_d4f2,heavy,medium,p2_c120_mp2,202,7,8,6,2,962,1661,439,203,697,207,0,8.07745909690857,0
tree_d4f2,heavy,medium,p2_c120_mp2,303,8,9,7,2,1048,1721,587,233,776,211,0,7.86601710319519,0
tree_d4f2,heavy,medium,p2_c120_mp2,404,7,12,11,1,1062,1788,518,174,804,197,0,8.42814564704895,0
tree_d4f2,heavy,medium,p2_c120_h2,42,5,8,8,0,925,1577,442,170,667,199,5,8.140661239624023,0
tree_d4f2,heavy,medium,p2_c120_h2,101,7,8,7,1,1020,1718,515,245,745,214,4,8.53260087966919,0
tree_d4f2,heavy,medium,p2_c120_h2,303,8,9,8,1,977,1634,511,210,701,214,3,8.400523662567139,0
tree_d4f2,heavy,medium,p2_c120_h2,202,8,10,8,2,1001,1703,505,228,727,212,2,8.625507831573486,0
tree_d4f2,heavy,medium,p2_c40,42,2,4,0,4,578,992,266,61,338,198,0,7.810051679611206,0
tree_d4f2,heavy,medium,p2_c120_h2,404,6,7,6,1,931,1601,431,201,661,211,5,8.583051681518555,0
tree_d4f2,heavy,medium,p2_c40,202,6,8,0,8,783,1387,332,182,514,219,0,7.802173137664795,0
tree_d4f2,heavy,medium,p2_c40,303,7,8,0,8,821,1397,412,184,550,220,0,8.053160429000854,0
tree_d4f2,heavy,medium,p2_c40,101,6,8,0,8,800,1367,369,162,537,213,0,8.337990522384644,0
tree_d4f2,heavy,medium,p2_c40,404,7,12,0,12,878,1517,405,211,592,231,0,7.301829099655151,0
tree_d4f2,heavy,medium,p2_c40_penalty_off,42,2,4,0,4,578,992,266,61,338,198,0,8.285629749298096,0
tree_d4f2,heavy,medium,p2_c40_penalty_off,202,6,8,0,8,783,1387,332,182,514,219,0,8.019229650497437,0
tree_d4f2,heavy,frequent,baseline,101,11,12,11,1,1512,2486,796,257,1204,206,0,7.153937816619873,0
tree_d4f2,heavy,frequent,baseline,42,9,11,9,2,1544,2491,839,289,1246,198,0,7.433135271072388,0
tree_d4f2,heavy,medium,p2_c40_penalty_off,101,6,8,0,8,800,1367,369,162,537,213,0,8.304879188537598,0
tree_d4f2,heavy,frequent,baseline,202,10,12,11,1,1537,2469,864,264,1234,202,0,7.432012557983398,0
tree_d4f2,heavy,medium,p2_c40_penalty_off,303,7,8,0,8,821,1397,412,184,550,220,0,8.239173173904419,0
tree_d4f2,heavy,medium,p2_c40_penalty_off,404,7,12,0,12,878,1517,405,211,592,231,0,8.627737045288086,0
tree_d4f2,heavy,frequent,baseline,303,10,12,10,2,1577,2567,863,291,1269,206,0,7.9926323890686035,0
tree_d4f2,heavy,frequent,p2_c120,42,9,11,9,2,1544,2491,839,289,1246,198,0,8.064614295959473,0
tree_d4f2,heavy,frequent,baseline,404,8,11,11,0,1451,2350,783,246,1161,192,0,8.725761651992798,0
tree_d4f2,heavy,frequent,p2_c120,101,11,12,11,1,1512,2486,796,257,1204,206,0,7.968946933746338,0
tree_d4f2,heavy,frequent,p2_c120,404,8,11,11,0,1451,2350,783,246,1161,192,0,7.9288177490234375,0
tree_d4f2,heavy,frequent,p2_c120,202,10,12,11,1,1537,2469,864,264,1234,202,0,8.811434268951416,0
tree_d4f2,heavy,frequent,p2_c120_mp2,101,11,12,11,1,1513,2492,791,257,1204,206,0,7.451981544494629,0
tree_d4f2,heavy,frequent,p2_c120,303,10,12,10,2,1577,2567,863,291,1269,206,0,8.745284080505371,0
tree_d4f2,heavy,frequent,p2_c120_mp2,42,9,11,9,2,1546,2493,839,289,1246,198,0,8.756144285202026,0
tree_d4f2,heavy,frequent,p2_c120_mp2,202,10,12,11,1,1538,2470,864,264,1234,202,0,6.941102504730225,0
tree_d4f2,heavy,frequent,p2_c120_mp2,404,8,11,11,0,1451,2350,783,246,1161,192,0,7.478362560272217,0
tree_d4f2,heavy,frequent,p2_c120_h2,101,8,11,9,2,1436,2353,752,243,1112,222,5,7.449787139892578,0
tree_d4f2,heavy,frequent,p2_c120_mp2,303,10,12,10,2,1579,2568,864,291,1269,206,0,8.613985538482666,0
tree_d4f2,heavy,frequent,p2_c120_h2,42,9,12,10,2,1591,2575,869,273,1275,213,4,8.163499593734741,0
tree_d4f2,heavy,frequent,p2_c120_h2,303,10,12,10,2,1596,2599,872,296,1264,224,6,8.257243633270264,0
tree_d4f2,heavy,frequent,p2_c120_h2,202,10,11,9,2,1582,2558,877,294,1265,215,2,8.819363117218018,0
tree_d4f2,heavy,frequent,p2_c40,303,7,12,0,12,1296,2141,678,224,973,232,0,6.854175090789795,0
tree_d4f2,heavy,frequent,p2_c40,42,10,11,0,11,1402,2328,714,317,1077,232,0,8.35586953163147,0
tree_d4f2,heavy,frequent,p2_c40,101,10,12,0,12,1342,2247,675,293,1015,233,0,8.326087951660156,0
tree_d4f2,heavy,frequent,p2_c120_h2,404,9,12,11,1,1495,2442,790,217,1193,200,3,8.814685106277466,0
tree_d4f2,heavy,frequent,p2_c40,202,9,12,0,12,1299,2151,677,264,977,229,0,8.399120330810547,0
tree_d4f2,heavy,frequent,p2_c40_penalty_off,404,7,11,0,11,1191,2000,582,190,882,219,0,7.879363059997559,0
tree_d4f2,heavy,frequent,p2_c40_penalty_off,202,9,12,0,12,1299,2151,677,264,977,229,0,8.267836570739746,0
tree_d4f2,heavy,frequent,p2_c40,404,7,11,0,11,1191,2000,582,190,882,219,0,8.485333919525146,0
tree_d4f2,heavy,frequent,p2_c40_penalty_off,42,10,11,0,11,1402,2328,714,317,1077,232,0,8.602066278457642,0
tree_d4f2,heavy,frequent,p2_c40_penalty_off,101,10,12,0,12,1342,2247,675,293,1015,233,0,8.785024166107178,0
tree_d4f2,heavy,frequent,p2_c40_penalty_off,303,7,12,0,12,1296,2141,678,224,973,232,0,8.75656008720398,0
tree_d4f2,sparse,medium,baseline,101,4,4,4,0,808,1345,407,135,569,191,0,8.221986770629883,0
tree_d4f2,sparse,medium,baseline,42,0,1,1,0,527,891,247,0,310,180,0,8.308597326278687,0
tree_d4f2,sparse,medium,baseline,202,3,3,3,0,721,1240,331,75,490,187,0,8.439106941223145,0
tree_d4f2,sparse,medium,baseline,303,5,5,5,0,963,1622,496,172,709,203,0,8.43320631980896,0
tree_d4f2,sparse,medium,baseline,404,3,4,4,0,786,1338,369,72,554,187,0,8.542529582977295,0
tree_d4f2,sparse,medium,p2_c120_mp2,42,0,1,1,0,527,891,247,0,310,180,0,6.949551582336426,0
tree_d4f2,sparse,medium,p2_c120,42,0,1,1,0,527,891,247,0,310,180,0,8.261889696121216,0
tree_d4f2,sparse,medium,p2_c120,101,4,4,4,0,808,1345,407,135,569,191,0,7.815083026885986,0
tree_d4f2,sparse,medium,p2_c120,202,3,3,3,0,721,1240,331,75,490,187,0,8.511101245880127,0
tree_d4f2,sparse,medium,p2_c120,303,5,5,5,0,963,1622,496,172,709,203,0,8.415924310684204,0
tree_d4f2,sparse,medium,p2_c120,404,3,4,4,0,786,1338,369,72,554,187,0,8.41437315940857,0
tree_d4f2,sparse,medium,p2_c40,42,0,1,0,1,501,858,225,0,279,185,0,6.272742509841919,0
tree_d4f2,sparse,medium,p2_c120_mp2,101,4,4,4,0,808,1345,407,135,569,191,0,8.054466485977173,0
tree_d4f2,sparse,medium,p2_c120_mp2,202,3,3,3,0,721,1240,331,75,490,187,0,8.396528959274292,0
tree_d4f2,sparse,medium,p2_c120_mp2,303,5,5,5,0,963,1622,496,172,709,203,0,8.640834331512451,0
tree_d4f2,sparse,medium,p2_c120_h2,202,3,3,3,0,721,1262,314,104,482,192,2,7.635975122451782,0
tree_d4f2,sparse,medium,p2_c120_mp2,404,3,4,4,0,786,1338,369,72,554,187,0,8.369688272476196,0
tree_d4f2,sparse,medium,p2_c120_h2,42,1,2,2,0,622,1076,282,2,384,194,5,8.15673041343689,0
tree_d4f2,sparse,medium,p2_c120_h2,101,4,4,4,0,805,1369,398,97,560,194,4,8.336246728897095,0
tree_d4f2,sparse,medium,p2_c120_h2,303,2,2,2,0,697,1199,331,69,448,204,3,8.36809229850769,0
tree_d4f2,sparse,medium,p2_c120_h2,404,3,3,3,0,774,1326,363,99,534,191,4,8.401158809661865,0
tree_d4f2,sparse,medium,p2_c40,101,4,4,0,4,753,1287,343,128,508,201,0,8.274709701538086,0
tree_d4f2,sparse,medium,p2_c40,303,5,5,0,5,798,1364,385,160,546,206,0,7.653727769851685,0
tree_d4f2,sparse,medium,p2_c40_penalty_off,42,0,1,0,1,501,858,225,0,279,185,0,7.693406820297241,0
tree_d4f2,sparse,medium,p2_c40,202,2,3,0,3,635,1107,277,64,400,194,0,8.142782211303711,0
tree_d4f2,sparse,medium,p2_c40,404,3,4,0,4,699,1194,331,90,454,202,0,8.04057502746582,0
tree_d4f2,sparse,medium,p2_c40_penalty_off,202,2,3,0,3,635,1107,277,64,400,194,0,7.649014472961426,0
tree_d4f2,sparse,medium,p2_c40_penalty_off,101,4,4,0,4,753,1287,343,128,508,201,0,8.332673072814941,0
tree_d4f2,sparse,medium,p2_c40_penalty_off,404,3,4,0,4,699,1194,331,90,454,202,0,8.04230523109436,0
tree_d4f2,sparse,medium,p2_c40_penalty_off,303,5,5,0,5,798,1364,385,160,546,206,0,8.347443103790283,0
tree_d4f2,sparse,frequent,baseline,101,3,4,4,0,1125,1799,626,70,858,186,0,7.663059949874878,0
tree_d4f2,sparse,frequent,baseline,202,3,5,5,0,1154,1855,649,75,885,187,0,7.380251407623291,0
tree_d4f2,sparse,frequent,p2_c120,42,4,5,5,0,1183,1910,642,93,914,185,0,7.578375816345215,0
tree_d4f2,sparse,frequent,baseline,42,4,5,5,0,1183,1910,642,93,914,185,0,8.354148626327515,0
tree_d4f2,sparse,frequent,baseline,303,2,4,4,0,1101,1786,589,42,836,186,0,8.503798961639404,0
tree_d4f2,sparse,frequent,baseline,404,4,5,5,0,1271,2021,721,141,991,195,0,8.522053956985474,0
tree_d4f2,sparse,frequent,p2_c120,202,3,5,5,0,1154,1855,649,75,885,187,0,8.301102876663208,0
tree_d4f2,sparse,frequent,p2_c120,101,3,4,4,0,1125,1799,626,70,858,186,0,8.422197580337524,0
ring_6,medium,medium,baseline,42,6,6,1,5,147,294,29,37,47,79,0,1.795922040939331,0
ring_6,medium,medium,baseline,101,3,6,5,1,146,275,42,23,81,47,0,1.853161334991455,0
tree_d4f2,sparse,frequent,p2_c120,303,2,4,4,0,1101,1786,589,42,836,186,0,8.589035272598267,0
ring_6,medium,medium,baseline,202,4,6,4,2,128,248,28,23,55,54,0,1.8546879291534424,0
ring_6,medium,medium,baseline,303,5,6,1,5,147,290,30,32,56,71,0,1.8119463920593262,0
ring_6,medium,medium,baseline,404,3,6,6,0,123,226,36,8,72,34,0,1.7905323505401611,0
tree_d4f2,sparse,frequent,p2_c120,404,4,5,5,0,1271,2021,721,141,991,195,0,8.541348457336426,0
ring_6,medium,medium,p2_c120,42,6,6,3,3,163,322,34,49,71,69,0,1.8202435970306396,0
tree_d4f2,sparse,frequent,p2_c120_mp2,42,4,5,5,0,1183,1910,642,93,914,185,0,8.6249361038208,0
ring_6,medium,medium,p2_c120,101,3,6,5,1,146,275,42,23,81,47,0,1.8211092948913574,0
ring_6,medium,medium,p2_c120,202,4,6,5,1,131,246,35,24,66,46,0,1.8489222526550293,0
ring_6,medium,medium,p2_c120,303,4,6,4,2,155,289,45,35,84,51,0,1.8430180549621582,0
tree_d4f2,sparse,frequent,p2_c120_mp2,404,4,5,5,0,1271,2021,721,141,991,195,0,7.913268089294434,0
tree_d4f2,sparse,frequent,p2_c120_mp2,101,3,4,4,0,1125,1799,626,70,858,186,0,8.689170837402344,0
tree_d4f2,sparse,frequent,p2_c120_mp2,303,2,4,4,0,1101,1786,589,42,836,186,0,8.179503440856934,0
tree_d4f2,sparse,frequent,p2_c120_mp2,202,3,5,5,0,1154,1855,649,75,885,187,0,8.386410236358643,0
ring_6,medium,medium,p2_c120,404,3,6,6,0,123,226,36,8,72,34,0,1.728370189666748,0
ring_6,medium,medium,p2_c120_mp2,42,6,6,3,3,166,325,34,49,71,69,0,1.823761224746704,0
tree_d4f2,sparse,frequent,p2_c120_h2,303,4,5,5,0,1194,1986,612,124,901,203,5,7.722654104232788,0
tree_d4f2,sparse,frequent,p2_c120_h2,404,4,4,4,0,1177,1927,609,111,889,201,4,7.684919357299805,0
tree_d4f2,sparse,frequent,p2_c120_h2,42,3,4,4,0,1230,2014,637,99,951,193,4,8.613036155700684,0
tree_d4f2,sparse,frequent,p2_c40,101,3,4,0,4,1059,1733,548,93,779,201,0,7.174457788467407,0
tree_d4f2,sparse,frequent,p2_c120_h2,202,3,5,5,0,1121,1808,617,70,847,190,2,8.236401796340942,0
tree_d4f2,sparse,frequent,p2_c40,404,4,5,0,5,1052,1720,546,81,767,204,0,6.831222772598267,0
ring_6,medium,medium,p2_c120_mp2,101,3,6,5,1,147,276,42,23,81,47,0,1.7969603538513184,0
ring_6,medium,medium,p2_c120_mp2,202,4,6,5,1,132,247,35,24,66,46,0,1.8461573123931885,0
ring_6,medium,medium,p2_c120_mp2,303,4,6,4,2,157,290,46,35,84,51,0,1.870375633239746,0
ring_6,medium,medium,p2_c120_mp2,404,3,6,6,0,123,226,36,8,72,34,0,1.815492868423462,0
ring_6,medium,medium,p2_c120_h2,101,5,6,5,1,156,296,40,19,75,57,4,1.6314647197723389,0
tree_d4f2,sparse,frequent,p2_c120_h2,101,3,4,4,0,1173,1899,638,86,891,195,5,8.748347043991089,0
ring_6,medium,medium,p2_c120_h2,202,2,6,6,0,128,241,32,2,68,42,2,1.7536852359771729,0
ring_6,medium,medium,p2_c120_h2,42,0,6,0,6,102,191,28,0,29,54,5,1.8941504955291748,0
ring_6,medium,medium,p2_c120_h2,303,1,6,5,1,149,272,48,12,74,55,4,1.6770577430725098,0
ring_6,medium,medium,p2_c120_h2,404,4,6,4,2,165,322,37,34,69,72,4,1.7151968479156494,0
ring_6,medium,medium,p2_c40,42,0,6,0,6,90,170,26,0,35,41,0,1.7061400413513184,0
tree_d4f2,sparse,frequent,p2_c40,42,4,5,0,5,1063,1754,540,69,779,203,0,8.393275022506714,0
tree_d4f2,sparse,frequent,p2_c40,303,3,5,0,5,1166,1861,657,68,880,206,0,7.962713241577148,0
ring_6,medium,medium,p2_c40,202,5,6,0,6,134,261,29,34,61,54,0,1.5960805416107178,0
ring_6,medium,medium,p2_c40,101,6,6,0,6,153,291,41,37,74,59,0,1.8069496154785156,0
tree_d4f2,sparse,frequent,p2_c40,202,2,5,0,5,1067,1693,618,48,786,202,0,8.237433910369873,0
ring_6,medium,medium,p2_c40,404,6,6,0,6,146,290,27,40,68,58,0,1.7321357727050781,0
ring_6,medium,medium,p2_c40,303,5,6,0,6,145,272,40,32,71,55,0,1.8409509658813477,0
ring_6,medium,medium,p2_c40_penalty_off,101,5,6,4,2,153,293,39,30,82,51,0,1.681490182876587,0
ring_6,medium,medium,p2_c40_penalty_off,42,4,6,3,3,144,283,31,34,64,60,0,1.822361707687378,0
ring_6,medium,medium,p2_c40_penalty_off,303,5,6,4,2,140,261,38,21,78,43,0,1.5245344638824463,0
ring_6,medium,medium,p2_c40_penalty_off,404,3,6,4,2,135,264,28,24,67,50,0,1.6477124691009521,0
ring_6,medium,medium,p2_c40_penalty_off,202,3,6,3,3,127,236,37,23,59,50,0,1.8285841941833496,0
tree_d4f2,sparse,frequent,p2_c40_penalty_off,42,4,5,0,5,1063,1754,540,69,779,203,0,8.16641092300415,0
ring_6,medium,frequent,baseline,42,6,6,1,5,180,344,48,37,72,79,0,1.8390116691589355,0
ring_6,medium,frequent,baseline,202,4,6,5,1,175,312,62,24,102,46,0,1.6580090522766113,0
tree_d4f2,sparse,frequent,p2_c40_penalty_off,303,3,5,0,5,1166,1861,657,68,880,206,0,7.486572027206421,0
ring_6,medium,frequent,baseline,101,2,6,6,0,171,305,61,2,112,35,0,1.760166883468628,0
tree_d4f2,sparse,frequent,p2_c40_penalty_off,101,3,4,0,4,1059,1733,548,93,779,201,0,8.092564582824707,0
ring_6,medium,frequent,baseline,404,6,6,1,5,195,375,45,37,88,78,0,1.7125239372253418,0
ring_6,medium,frequent,baseline,303,3,6,6,0,160,275,64,13,100,35,0,1.796137809753418,0
ring_6,medium,frequent,p2_c120,42,4,6,5,1,178,315,67,29,104,47,0,1.812570333480835,0
ring_6,medium,frequent,p2_c120,303,3,6,6,0,160,275,64,13,100,35,0,1.74102783203125,0
ring_6,medium,frequent,p2_c120,101,2,6,6,0,171,305,61,2,112,35,0,1.8243889808654785,0
ring_6,medium,frequent,p2_c120,202,4,6,5,1,175,312,62,24,102,46,0,1.8538906574249268,0
ring_6,medium,frequent,p2_c120_mp2,101,2,6,6,0,171,305,61,2,112,35,0,1.4605178833007812,0
ring_6,medium,frequent,p2_c120,404,3,6,5,1,192,350,59,29,115,50,0,1.7725694179534912,0
ring_6,medium,frequent,p2_c120_mp2,42,4,6,5,1,179,316,67,29,104,47,0,1.6676874160766602,0
ring_6,medium,frequent,p2_c120_mp2,303,3,6,6,0,160,275,64,13,100,35,0,1.7592346668243408,0
ring_6,medium,frequent,p2_c120_mp2,202,4,6,5,1,176,313,62,24,102,46,0,1.8496778011322021,0
tree_d4f2,sparse,frequent,p2_c40_penalty_off,404,4,5,0,5,1052,1720,546,81,767,204,0,8.298616886138916,0
ring_6,medium,frequent,p2_c120_mp2,404,3,6,5,1,187,339,57,23,114,46,0,1.7620089054107666,0
tree_d4f2,sparse,frequent,p2_c40_penalty_off,202,2,5,0,5,1067,1693,618,48,786,202,0,8.699113130569458,0
ring_6,medium,frequent,p2_c120_h2,42,0,6,0,6,143,267,40,0,61,56,4,1.7729706764221191,0
ring_6,medium,frequent,p2_c120_h2,101,5,6,5,1,226,425,64,36,126,67,4,1.805434226989746,0
ring_6,medium,frequent,p2_c40,101,6,6,0,6,202,389,50,41,115,59,0,1.4970269203186035,0
ring_6,medium,frequent,p2_c40,42,0,6,0,6,123,225,40,0,60,41,0,1.6620433330535889,0
ring_6,medium,frequent,p2_c120_h2,202,3,6,6,0,153,264,60,8,84,42,2,1.852156400680542,0
ring_6,medium,frequent,p2_c120_h2,303,2,6,5,1,192,341,71,17,100,63,4,1.784578800201416,0
ring_6,medium,frequent,p2_c120_h2,404,5,6,5,1,194,345,64,30,107,55,4,1.7156825065612793,0
ring_6,medium,frequent,p2_c40_penalty_off,101,3,6,4,2,191,347,65,25,118,47,0,1.522043228149414,0
ring_6,medium,frequent,p2_c40,202,5,6,0,6,179,343,43,35,98,54,0,1.7872040271759033,0
ring_6,medium,frequent,p2_c40_penalty_off,42,3,6,3,3,163,297,54,23,88,49,0,1.6643016338348389,0
ring_6,medium,frequent,p2_c40,404,6,6,0,6,195,360,56,39,109,58,0,1.743377923965454,0
ring_6,medium,frequent,p2_c40,303,5,6,0,6,174,330,45,35,92,55,0,1.8275551795959473,0
ring_6,medium,frequent,p2_c40_penalty_off,303,4,6,4,2,165,295,57,21,96,43,0,1.7447590827941895,0
ring_6,heavy,medium,baseline,101,11,12,5,7,202,399,40,50,75,95,0,1.6293413639068604,0
ring_6,medium,frequent,p2_c40_penalty_off,202,5,6,3,3,185,348,50,37,103,54,0,1.8448634147644043,0
ring_6,medium,frequent,p2_c40_penalty_off,404,5,6,3,3,201,377,53,40,110,62,0,1.81196928024292,0
ring_6,heavy,medium,baseline,202,9,12,4,8,186,377,25,48,62,94,0,1.601487159729004,0
ring_6,heavy,medium,baseline,42,8,12,12,0,185,333,56,28,122,35,0,1.783897876739502,0
ring_6,heavy,medium,baseline,404,10,12,1,11,184,374,28,57,40,113,0,1.6504065990447998,0
ring_6,heavy,medium,p2_c120,101,10,12,9,3,215,405,57,56,115,67,0,1.6344332695007324,0
ring_6,heavy,medium,baseline,303,12,12,1,11,213,408,47,71,101,79,0,1.834977626800537,0
ring_6,heavy,medium,p2_c120,42,8,12,12,0,185,333,56,28,122,35,0,1.8246662616729736,0
ring_6,heavy,medium,p2_c120,202,7,12,10,2,193,371,41,47,101,62,0,1.7779808044433594,0
ring_6,heavy,medium,p2_c120,303,4,12,11,1,179,319,58,25,115,39,0,1.6277637481689453,0
ring_6,heavy,medium,p2_c120_mp2,42,8,12,12,0,185,333,56,28,122,35,0,1.661292314529419,0
ring_6,heavy,medium,p2_c120_mp2,303,4,12,11,1,180,320,58,25,115,39,0,1.5524041652679443,0
ring_6,heavy,medium,p2_c120,404,8,12,9,3,195,365,53,53,94,70,0,1.7423954010009766,0
ring_6,heavy,medium,p2_c120_mp2,202,8,12,10,2,202,387,42,53,107,62,0,1.7734248638153076,0
ring_6,heavy,medium,p2_c120_mp2,101,9,12,9,3,211,397,53,50,109,67,0,1.8347249031066895,0
ring_6,heavy,medium,p2_c120_mp2,404,8,12,9,3,198,368,53,53,94,70,0,1.8121988773345947,0
ring_6,heavy,medium,p2_c120_h2,42,0,12,0,12,114,215,28,0,29,60,5,1.7866499423980713,0
ring_6,heavy,medium,p2_c120_h2,101,7,12,11,1,190,348,55,18,98,59,5,1.7839646339416504,0
ring_6,heavy,medium,p2_c120_h2,303,8,12,9,3,228,418,68,58,120,73,4,1.7418551445007324,0
ring_6,heavy,medium,p2_c120_h2,404,8,12,8,4,230,448,44,71,107,86,4,1.8026340007781982,0
ring_6,heavy,medium,p2_c120_h2,202,7,12,11,1,206,378,59,37,112,62,4,1.8338360786437988,0
ring_6,heavy,medium,p2_c40,101,11,12,0,12,215,431,37,76,102,82,0,1.5866832733154297,0
ring_6,heavy,medium,p2_c40,42,0,12,0,12,104,200,24,0,37,47,0,1.6760356426239014,0
ring_6,heavy,medium,p2_c40,303,11,12,0,12,207,398,46,66,94,82,0,1.683847427368164,0
ring_6,heavy,medium,p2_c40,202,11,12,0,12,211,407,48,73,102,78,0,1.7731051445007324,0
ring_6,heavy,medium,p2_c40,404,10,12,0,12,190,369,42,68,83,77,0,1.773566484451294,0
ring_6,heavy,medium,p2_c40_penalty_off,101,9,12,8,4,208,396,51,55,106,70,0,1.6871230602264404,0
ring_6,heavy,frequent,baseline,42,10,12,4,8,235,451,56,58,93,103,0,1.6295599937438965,0
ring_6,heavy,medium,p2_c40_penalty_off,42,10,12,8,4,218,417,51,66,117,68,0,1.7779841423034668,0
ring_6,heavy,medium,p2_c40_penalty_off,202,9,12,8,4,210,407,45,60,104,74,0,1.7372679710388184,0
ring_6,heavy,medium,p2_c40_penalty_off,404,6,12,8,4,170,317,47,35,77,66,0,1.771758794784546,0
ring_6,heavy,medium,p2_c40_penalty_off,303,6,12,9,3,176,313,58,22,104,46,0,1.8572072982788086,0
ring_6,heavy,frequent,baseline,101,11,12,2,10,255,508,48,63,103,112,0,1.7695672512054443,0
ring_6,heavy,frequent,baseline,202,11,12,1,11,257,477,73,73,143,74,0,1.7102978229522705,0
ring_6,heavy,frequent,baseline,303,10,12,4,8,220,409,64,49,82,99,0,1.6704471111297607,0
ring_6,heavy,frequent,baseline,404,10,12,2,10,244,472,55,57,93,112,0,1.8032870292663574,0
ring_6,heavy,frequent,p2_c120,42,7,12,9,3,241,445,70,57,132,71,0,1.8194620609283447,0
ring_6,heavy,frequent,p2_c120,202,10,12,8,4,277,531,63,80,164,70,0,1.651583194732666,0
ring_6,heavy,frequent,p2_c120,101,6,12,9,3,252,471,71,52,151,64,0,1.7969825267791748,0
ring_6,heavy,frequent,p2_c120_mp2,101,8,12,8,4,273,518,67,69,153,76,0,1.5076262950897217,0
ring_6,heavy,frequent,p2_c120,303,5,12,11,1,205,348,84,25,124,47,0,1.6541073322296143,0
ring_6,heavy,frequent,p2_c120,404,8,12,9,3,258,478,72,58,149,70,0,1.6478188037872314,0
ring_6,heavy,frequent,p2_c120_mp2,42,7,12,9,3,244,448,70,57,132,71,0,1.7177891731262207,0
ring_6,heavy,frequent,p2_c120_h2,101,11,12,9,3,283,536,73,66,145,91,4,1.587951898574829,0
ring_6,heavy,frequent,p2_c120_mp2,303,7,12,11,1,215,370,82,32,131,47,0,1.7155592441558838,0
ring_6,heavy,frequent,p2_c120_h2,42,0,12,0,12,155,291,40,0,61,62,4,1.8196370601654053,0
ring_6,heavy,frequent,p2_c120_mp2,202,9,12,8,4,262,485,72,67,143,74,0,1.841374158859253,0
ring_6,heavy,frequent,p2_c120_h2,202,4,12,11,1,219,388,76,24,120,62,4,1.741138219833374,0
ring_6,heavy,frequent,p2_c120_mp2,404,7,12,9,3,254,459,78,53,149,64,0,1.855431318283081,0
ring_6,heavy,frequent,p2_c40,42,0,12,0,12,135,249,40,0,60,47,0,1.5682427883148193,0
ring_6,heavy,frequent,p2_c120_h2,404,7,12,9,3,272,490,88,60,147,80,6,1.8161594867706299,0
ring_6,heavy,frequent,p2_c120_h2,303,11,12,8,4,296,558,79,78,149,99,4,1.862781286239624,0
ring_6,heavy,frequent,p2_c40,202,11,12,0,12,254,482,63,72,137,78,0,1.6265976428985596,0
ring_6,heavy,frequent,p2_c40,101,12,12,0,12,271,512,72,79,148,83,0,1.8116848468780518,0
ring_6,heavy,frequent,p2_c40,303,12,12,0,12,244,449,74,73,121,83,0,1.7119026184082031,0
ring_6,heavy,frequent,p2_c40_penalty_off,404,8,12,8,4,257,472,75,64,151,67,0,1.4766061305999756,0
ring_6,heavy,frequent,p2_c40,404,10,12,0,12,247,458,69,64,132,77,0,1.795485019683838,0
ring_6,heavy,frequent,p2_c40_penalty_off,101,9,12,8,4,259,487,69,55,156,64,0,1.8113303184509277,0
ring_6,heavy,frequent,p2_c40_penalty_off,42,6,12,8,4,207,380,61,36,110,61,0,1.8453681468963623,0
ring_6,heavy,frequent,p2_c40_penalty_off,202,5,12,9,3,220,397,70,29,128,58,0,1.7318370342254639,0
ring_6,sparse,medium,baseline,101,2,5,5,0,123,216,46,7,73,35,0,1.630354642868042,0
ring_6,heavy,frequent,p2_c40_penalty_off,303,9,12,8,4,245,443,80,61,139,67,0,1.832179307937622,0
ring_6,sparse,medium,baseline,202,3,5,3,2,129,250,28,18,62,50,0,1.6233174800872803,0
ring_6,sparse,medium,baseline,42,2,5,4,1,119,219,38,17,56,47,0,1.8295104503631592,0
ring_6,sparse,medium,baseline,303,5,5,1,4,146,296,25,32,56,71,0,1.7803945541381836,0
ring_6,sparse,medium,p2_c120,42,2,5,4,1,119,219,38,17,56,47,0,1.781080961227417,0
ring_6,sparse,medium,baseline,404,2,5,5,0,126,237,34,12,77,34,0,1.7915983200073242,0
ring_6,sparse,medium,p2_c120,101,2,5,5,0,123,216,46,7,73,35,0,1.7576327323913574,0
ring_6,sparse,medium,p2_c120,202,3,5,4,1,142,276,31,29,74,50,0,1.7671945095062256,0
ring_6,sparse,medium,p2_c120,303,4,5,3,2,151,298,32,34,73,59,0,1.8064236640930176,0
ring_6,sparse,medium,p2_c120,404,2,5,5,0,126,237,34,12,77,34,0,1.6734390258789062,0
ring_6,sparse,medium,p2_c120_mp2,42,2,5,4,1,120,218,40,17,56,47,0,1.7869648933410645,0
ring_6,sparse,medium,p2_c120_mp2,404,2,5,5,0,126,237,34,12,77,34,0,1.630133867263794,0
ring_6,sparse,medium,p2_c120_mp2,101,2,5,5,0,123,216,46,7,73,35,0,1.7839596271514893,0
ring_6,sparse,medium,p2_c120_h2,101,2,5,4,1,151,288,40,15,76,55,4,1.6535003185272217,0
ring_6,sparse,medium,p2_c120_mp2,202,3,5,4,1,143,277,31,29,74,50,0,1.8107893466949463,0
ring_6,sparse,medium,p2_c120_mp2,303,4,5,4,1,139,263,37,24,73,47,0,1.8117845058441162,0
ring_6,sparse,medium,p2_c120_h2,202,5,5,3,2,172,347,28,40,74,74,4,1.6521837711334229,0
ring_6,sparse,medium,p2_c120_h2,42,3,5,4,1,155,298,37,29,64,67,6,1.857947587966919,0
ring_6,sparse,medium,p2_c120_h2,303,2,5,5,0,143,265,43,12,73,51,4,1.6722466945648193,0
ring_6,sparse,medium,p2_c40,303,5,5,0,5,133,260,30,35,60,55,0,1.5380115509033203,0
ring_6,sparse,medium,p2_c40,101,5,5,0,5,143,288,25,34,70,55,0,1.696915864944458,0
ring_6,sparse,medium,p2_c40,42,0,5,0,5,87,163,28,0,34,40,0,1.7632737159729004,0
ring_6,sparse,medium,p2_c120_h2,404,2,5,5,0,139,266,32,2,67,51,6,1.861797571182251,0
ring_6,sparse,medium,p2_c40,202,5,5,0,5,126,242,31,33,54,54,0,1.7820923328399658,0
ring_6,sparse,medium,p2_c40,404,5,5,0,5,140,276,29,35,68,54,0,1.7083868980407715,0
ring_6,sparse,medium,p2_c40_penalty_off,202,5,5,0,5,126,242,31,33,54,54,0,1.6375277042388916,0
ring_6,sparse,medium,p2_c40_penalty_off,101,5,5,0,5,137,268,31,33,64,55,0,1.712357759475708,0
ring_6,sparse,medium,p2_c40_penalty_off,42,0,5,0,5,87,163,28,0,34,40,0,1.7626714706420898,0
ring_6,sparse,frequent,baseline,42,5,5,1,4,167,315,45,28,73,67,0,1.7345490455627441,0
ring_6,sparse,medium,p2_c40_penalty_off,303,5,5,0,5,133,260,30,35,60,55,0,1.8691637516021729,0
ring_6,sparse,medium,p2_c40_penalty_off,404,5,5,0,5,140,272,33,35,68,54,0,1.8362555503845215,0
ring_6,sparse,frequent,p2_c120,42,4,5,4,1,162,294,52,19,89,47,0,1.5862321853637695,0
ring_6,sparse,frequent,baseline,404,2,5,5,0,144,248,56,13,82,38,0,1.68953537940979,0
ring_6,sparse,frequent,baseline,101,5,5,2,3,181,334,58,28,91,63,0,1.791520357131958,0
ring_6,sparse,frequent,baseline,303,4,5,2,3,170,313,51,27,81,63,0,1.7274293899536133,0
ring_6,sparse,frequent,p2_c120,101,3,5,4,1,173,308,64,18,101,47,0,1.679966688156128,0
ring_6,sparse,frequent,baseline,202,2,5,5,0,138,233,58,13,76,38,0,1.810011386871338,0
ring_6,sparse,frequent,p2_c120,202,2,5,5,0,138,233,58,13,76,38,0,1.7473225593566895,0
ring_6,sparse,frequent,p2_c120,404,2,5,5,0,144,248,56,13,82,38,0,1.7688515186309814,0
ring_6,sparse,frequent,p2_c120_mp2,42,3,5,4,1,155,276,54,29,77,51,0,1.7467963695526123,0
ring_6,sparse,frequent,p2_c120,303,4,5,3,2,179,330,53,34,93,59,0,1.8063204288482666,0
ring_6,sparse,frequent,p2_c120_mp2,404,2,5,5,0,144,248,56,13,82,38,0,1.682337999343872,0
ring_6,sparse,frequent,p2_c120_mp2,101,4,5,4,1,172,299,68,21,101,44,0,1.801396131515503,0
ring_6,sparse,frequent,p2_c120_h2,42,0,5,0,5,134,248,38,0,54,55,4,1.6971001625061035,0
ring_6,sparse,frequent,p2_c120_h2,303,1,5,5,0,173,295,74,6,94,52,5,1.4717519283294678,0
ring_6,sparse,frequent,p2_c120_mp2,202,2,5,5,0,138,233,58,13,76,38,0,1.81925368309021,0
ring_6,sparse,frequent,p2_c120_mp2,303,2,5,4,1,155,268,57,13,88,42,0,1.9203360080718994,0
ring_6,sparse,frequent,p2_c40,101,3,5,0,5,165,303,51,20,88,53,0,1.448066234588623,0
ring_6,sparse,frequent,p2_c120_h2,202,2,5,5,0,160,279,62,2,83,50,4,1.6855392456054688,0
ring_6,sparse,frequent,p2_c120_h2,101,1,5,4,1,168,299,60,8,87,54,4,1.8756263256072998,0
ring_6,sparse,frequent,p2_c120_h2,404,2,5,5,0,164,288,57,2,89,47,5,1.7619612216949463,0
ring_6,sparse,frequent,p2_c40,42,0,5,0,5,123,224,41,0,62,40,0,1.8321387767791748,0
ring_6,sparse,frequent,p2_c40,303,2,5,0,5,158,296,43,14,83,52,0,1.708265781402588,0
ring_6,sparse,frequent,p2_c40,404,4,5,0,5,154,282,47,22,76,53,0,1.7312140464782715,0
ring_6,sparse,frequent,p2_c40,202,2,5,0,5,135,242,43,7,61,51,0,1.795452356338501,0
ring_6,sparse,frequent,p2_c40_penalty_off,42,0,5,0,5,123,224,41,0,62,40,0,1.8367919921875,0
ring_6,sparse,frequent,p2_c40_penalty_off,202,3,5,0,5,146,257,52,13,70,52,0,1.6943016052246094,0
ring_6,sparse,frequent,p2_c40_penalty_off,101,4,5,0,5,169,318,45,21,90,54,0,1.7815816402435303,0
ring_6,sparse,frequent,p2_c40_penalty_off,404,4,5,0,5,153,279,47,21,75,53,0,1.7459385395050049,0
ring_6,sparse,frequent,p2_c40_penalty_off,303,2,5,0,5,160,300,43,14,85,52,0,1.8684954643249512,0
ring_10,medium,medium,baseline,101,6,6,1,5,234,457,37,66,125,88,0,2.3319122791290283,0
ring_10,medium,medium,p2_c120,42,4,6,6,0,210,372,64,13,135,57,0,2.3041861057281494,0
ring_10,medium,medium,baseline,303,4,6,3,3,225,445,32,39,105,101,0,2.5211100578308105,0
ring_10,medium,medium,baseline,42,4,6,6,0,210,372,64,13,135,57,0,2.60680890083313,0
ring_10,medium,medium,baseline,202,6,6,2,4,229,452,34,47,97,111,0,2.601799726486206,0
ring_10,medium,medium,baseline,404,6,6,2,4,240,476,32,47,107,112,0,2.557435989379883,0
ring_10,medium,medium,p2_c120,101,5,6,4,2,244,479,36,65,134,88,0,2.5890798568725586,0
ring_10,medium,medium,p2_c120,202,4,6,5,1,219,418,42,27,125,75,0,2.5899698734283447,0
ring_10,medium,medium,p2_c120,303,3,6,5,1,236,460,38,43,134,83,0,2.653843879699707,0
ring_10,medium,medium,p2_c120_mp2,303,3,6,5,1,237,461,38,43,134,83,0,2.4581964015960693,0
ring_10,medium,medium,p2_c120_mp2,101,5,6,5,1,210,399,39,26,125,64,0,2.5907812118530273,0
ring_10,medium,medium,p2_c120,404,5,6,4,2,251,491,38,51,136,94,0,2.627512216567993,0
ring_10,medium,medium,p2_c120_mp2,202,4,6,5,1,220,419,42,27,125,75,0,2.579697370529175,0
ring_10,medium,medium,p2_c120_mp2,42,4,6,6,0,210,372,64,13,135,57,0,2.6276304721832275,0
ring_10,medium,medium,p2_c120_h2,101,4,6,5,1,252,489,43,45,137,92,4,2.4241445064544678,0
ring_10,medium,medium,p2_c120_h2,303,6,6,4,2,279,544,47,61,139,113,5,2.3980209827423096,0
ring_10,medium,medium,p2_c120_h2,42,3,6,5,1,223,410,59,26,109,91,5,2.6249306201934814,0
ring_10,medium,medium,p2_c40,303,6,6,0,6,239,466,41,63,124,95,0,2.1506216526031494,0
ring_10,medium,medium,p2_c120_h2,202,4,6,5,1,232,443,45,27,121,88,4,2.634408712387085,0
ring_10,medium,medium,p2_c120_mp2,404,3,6,5,1,229,438,41,26,134,76,0,2.7183568477630615,0
ring_10,medium,medium,p2_c40,42,0,6,0,6,171,312,45,0,77,80,0,2.6054112911224365,0
ring_10,medium,medium,p2_c40,101,6,6,0,6,229,453,33,65,115,94,0,2.628448963165283,0
ring_10,medium,medium,p2_c40,202,6,6,0,6,240,470,39,66,127,93,0,2.61893892288208,0
ring_10,medium,medium,p2_c120_h2,404,4,6,6,0,242,449,56,13,145,74,5,2.730936288833618,0
ring_10,medium,medium,p2_c40_penalty_off,101,3,6,4,2,200,383,37,23,113,70,0,2.2573423385620117,0
ring_10,medium,medium,p2_c40_penalty_off,202,5,6,4,2,239,452,50,50,144,75,0,2.244640827178955,0
ring_10,medium,medium,p2_c40,404,6,6,0,6,250,487,40,64,136,94,0,2.490452527999878,0
ring_10,medium,medium,p2_c40_penalty_off,42,2,6,3,3,197,351,59,13,115,65,0,2.540820360183716,0
ring_10,medium,medium,p2_c40_penalty_off,404,5,6,3,3,259,501,44,63,145,93,0,2.483086347579956,0
ring_10,medium,frequent,baseline,303,5,6,2,4,303,581,59,46,162,113,0,2.370563268661499,0
ring_10,medium,medium,p2_c40_penalty_off,303,6,6,3,3,233,451,42,45,117,95,0,2.6927194595336914,0
ring_10,medium,frequent,baseline,42,5,6,2,4,282,529,64,46,143,111,0,2.56270694732666,0
ring_10,medium,frequent,baseline,101,6,6,1,5,291,557,57,53,138,124,0,2.5334997177124023,0
ring_10,medium,frequent,baseline,202,4,6,6,0,302,559,70,31,219,57,0,2.6651391983032227,0
ring_10,medium,frequent,p2_c120_mp2,42,3,6,5,1,273,490,78,26,171,75,0,2.0054008960723877,0
ring_10,medium,frequent,p2_c120,303,4,6,5,1,295,545,73,27,191,77,0,2.3040871620178223,0
ring_10,medium,frequent,p2_c120,42,3,6,5,1,272,489,78,26,171,75,0,2.543661594390869,0
ring_10,medium,frequent,baseline,404,5,6,2,4,280,528,61,46,140,112,0,2.5562100410461426,0
ring_10,medium,frequent,p2_c120,404,4,6,4,2,291,542,68,50,169,94,0,2.4833264350891113,0
ring_10,medium,frequent,p2_c120_h2,42,5,6,5,1,314,583,76,28,190,91,5,2.2890193462371826,0
ring_10,medium,frequent,p2_c120,202,4,6,6,0,302,559,70,31,219,57,0,2.634073495864868,0
ring_10,medium,frequent,p2_c120,101,6,6,3,3,320,609,65,75,177,112,0,2.645012855529785,0
ring_10,medium,frequent,p2_c120_mp2,202,4,6,6,0,302,559,70,31,219,57,0,2.583512544631958,0
ring_10,medium,frequent,p2_c120_mp2,101,6,6,3,3,323,612,65,75,177,112,0,2.598724842071533,0
ring_10,medium,frequent,p2_c120_mp2,303,4,6,5,1,296,546,73,27,191,77,0,2.58838152885437,0
ring_10,medium,frequent,p2_c120_h2,202,5,6,4,2,325,611,74,55,188,104,4,2.5201756954193115,0
ring_10,medium,frequent,p2_c120_h2,101,5,6,4,2,283,525,70,45,146,104,4,2.5929253101348877,0
ring_10,medium,frequent,p2_c120_mp2,404,4,6,4,2,293,544,68,50,169,94,0,2.7200510501861572,0
ring_10,medium,frequent,p2_c40,202,6,6,0,6,314,601,59,64,193,93,0,2.4420979022979736,0
ring_10,medium,frequent,p2_c40,101,6,6,0,6,300,572,59,66,178,94,0,2.533860206604004,0
ring_10,medium,frequent,p2_c120_h2,303,5,6,6,0,324,601,74,32,217,75,5,2.6594173908233643,0
ring_10,medium,frequent,p2_c40,42,0,6,0,6,225,409,59,0,123,80,0,2.6257641315460205,0
ring_10,medium,frequent,p2_c40,303,6,6,0,6,314,595,67,64,191,95,0,2.6371564865112305,0
ring_10,medium,frequent,p2_c120_h2,404,5,6,4,2,324,614,65,51,180,110,5,2.7450978755950928,0
ring_10,medium,frequent,p2_c40,404,6,6,0,6,292,546,67,64,170,94,0,2.6789181232452393,0
ring_10,medium,frequent,p2_c40_penalty_off,42,2,6,3,3,266,483,72,25,161,80,0,2.7247462272644043,0
ring_10,medium,frequent,p2_c40_penalty_off,303,5,6,4,2,307,568,75,42,209,71,0,2.1938486099243164,0
ring_10,medium,frequent,p2_c40_penalty_off,101,6,6,4,2,298,557,66,48,187,82,0,2.511111259460449,0
ring_10,medium,frequent,p2_c40_penalty_off,404,6,6,3,3,302,570,64,62,172,100,0,2.3527708053588867,0
ring_10,medium,frequent,p2_c40_penalty_off,202,4,6,3,3,302,577,58,43,182,93,0,2.676785469055176,0
ring_10,heavy,medium,baseline,42,10,12,2,10,305,588,57,81,98,176,0,2.62349009513855,0
ring_10,heavy,medium,baseline,404,10,12,4,8,308,605,46,84,117,160,0,2.126892566680908,0
ring_10,heavy,medium,baseline,101,11,12,2,10,326,633,53,110,181,113,0,2.529869794845581,0
ring_10,heavy,medium,baseline,202,10,12,2,10,315,603,59,109,173,111,0,2.559277296066284,0
ring_10,heavy,medium,baseline,303,11,12,3,9,306,611,39,86,105,169,0,2.3153231143951416,0
ring_10,heavy,medium,p2_c120,42,9,12,8,4,348,654,76,101,186,129,0,2.541546106338501,0
ring_10,heavy,medium,p2_c120,303,8,12,10,2,319,597,69,74,200,89,0,2.548163890838623,0
ring_10,heavy,medium,p2_c120,202,8,12,9,3,317,600,63,90,192,93,0,2.608180284500122,0
ring_10,heavy,medium,p2_c120,101,10,12,8,4,346,677,51,107,192,119,0,2.6737866401672363,0
ring_10,heavy,medium,p2_c120_mp2,101,9,12,8,4,331,643,48,89,181,113,0,2.554774522781372,0
ring_10,heavy,medium,p2_c120_mp2,42,10,12,9,3,359,664,84,105,205,117,0,2.6020548343658447,0
ring_10,heavy,medium,p2_c120_mp2,404,10,12,10,2,317,586,71,68,195,88,0,2.3845772743225098,0
ring_10,heavy,medium,p2_c120,404,10,12,10,2,333,618,75,86,213,88,0,2.706578493118286,0
ring_10,heavy,medium,p2_c120_mp2,202,6,12,9,3,297,548,67,65,190,75,0,2.581932306289673,0
ring_10,heavy,medium,p2_c120_h2,42,10,12,9,3,372,690,89,118,212,121,5,2.4356250762939453,0
ring_10,heavy,medium,p2_c120_mp2,303,9,12,10,2,339,641,66,92,210,95,0,2.631605863571167,0
ring_10,heavy,medium,p2_c40,101,10,12,0,12,303,586,53,103,152,121,0,2.3870091438293457,0
ring_10,heavy,medium,p2_c120_h2,101,11,12,10,2,336,653,51,74,189,110,4,2.62058424949646,0
ring_10,heavy,medium,p2_c120_h2,404,11,12,9,3,355,668,74,86,201,116,4,2.5525901317596436,0
ring_10,heavy,medium,p2_c120_h2,202,7,12,11,1,298,552,67,42,190,76,4,2.635638952255249,0
ring_10,heavy,medium,p2_c120_h2,303,11,12,9,3,376,719,70,101,207,129,6,2.71948504447937,0
ring_10,heavy,medium,p2_c40,42,0,12,0,12,213,393,48,0,76,117,0,2.5910534858703613,0
ring_10,heavy,medium,p2_c40,202,11,12,0,12,319,610,61,113,165,123,0,2.616780996322632,0
ring_10,heavy,medium,p2_c40,303,11,12,0,12,331,650,49,119,175,125,0,2.638522148132324,0
ring_10,heavy,medium,p2_c40_penalty_off,101,9,12,7,5,323,625,53,93,172,119,0,2.3475182056427,0
ring_10,heavy,medium,p2_c40,404,10,12,0,12,313,599,58,93,162,121,0,2.6620962619781494,0
ring_10,heavy,medium,p2_c40_penalty_off,303,8,12,8,4,312,590,63,71,181,101,0,2.1958208084106445,0
ring_10,heavy,medium,p2_c40_penalty_off,42,5,12,8,4,295,532,80,46,179,90,0,2.554823160171509,0
ring_10,heavy,medium,p2_c40_penalty_off,404,7,12,8,4,313,590,65,64,186,97,0,2.533651351928711,0
ring_10,heavy,medium,p2_c40_penalty_off,202,10,12,8,4,296,556,64,64,158,106,0,2.640787363052368,0
ring_10,heavy,frequent,baseline,42,11,12,1,11,366,709,64,83,143,183,0,2.5553336143493652,0
ring_10,heavy,frequent,baseline,202,11,12,3,9,374,720,68,85,175,159,0,2.6185452938079834,0
ring_10,heavy,frequent,baseline,101,11,12,4,8,390,727,86,99,244,106,0,2.647606611251831,0
ring_10,heavy,frequent,baseline,303,9,12,4,8,379,729,71,74,180,161,0,2.6106789112091064,0
ring_10,heavy,frequent,baseline,404,9,12,7,5,353,655,81,50,201,114,0,2.464853286743164,0
ring_10,heavy,frequent,p2_c120,303,7,12,9,3,399,745,91,76,248,113,0,2.428234338760376,0
ring_10,heavy,frequent,p2_c120,101,9,12,9,3,383,706,91,75,243,100,0,2.5234763622283936,0
ring_10,heavy,frequent,p2_c120,404,9,12,11,1,362,652,97,41,248,76,0,2.5115087032318115,0
ring_10,heavy,frequent,p2_c120,42,11,12,7,5,431,822,84,126,240,147,0,2.6623048782348633,0
ring_10,heavy,frequent,p2_c120_mp2,101,9,12,9,3,386,709,91,75,243,100,0,2.458895206451416,0
ring_10,heavy,frequent,p2_c120,202,7,12,11,1,362,653,98,50,250,75,0,2.6301512718200684,0
ring_10,heavy,frequent,p2_c120_mp2,202,7,12,11,1,359,646,98,46,247,75,0,2.5459964275360107,0
ring_10,heavy,frequent,p2_c120_mp2,42,8,12,10,2,389,718,90,70,249,99,0,2.729937791824341,0
ring_10,heavy,frequent,p2_c120_mp2,303,9,12,10,2,413,761,99,82,277,95,0,2.5960655212402344,0
ring_10,heavy,frequent,p2_c120_h2,101,8,12,10,2,369,679,90,66,224,103,4,2.4388985633850098,0
ring_10,heavy,frequent,p2_c120_h2,42,7,12,10,2,409,750,104,73,263,103,5,2.6647651195526123,0
ring_10,heavy,frequent,p2_c120_h2,404,8,12,8,4,399,740,92,86,239,116,4,2.498183012008667,0
ring_10,heavy,frequent,p2_c120_h2,202,9,12,9,3,404,761,86,79,241,119,4,2.6306333541870117,0
ring_10,heavy,frequent,p2_c120_mp2,404,9,12,11,1,363,653,97,41,248,76,0,2.7287557125091553,0
ring_10,heavy,frequent,p2_c120_h2,303,8,12,10,2,401,750,85,62,247,111,5,2.654447078704834,0
ring_10,heavy,frequent,p2_c40,42,0,12,0,12,268,495,60,0,123,117,0,2.579374313354492,0
ring_10,heavy,frequent,p2_c40,101,10,12,0,12,382,722,77,105,223,121,0,2.446526288986206,0
ring_10,heavy,frequent,p2_c40,202,10,12,0,12,379,728,67,98,224,117,0,2.3590972423553467,0
ring_10,heavy,frequent,p2_c40_penalty_off,42,8,12,7,5,379,708,83,75,219,121,0,2.4423904418945312,0
ring_10,heavy,frequent,p2_c40,404,10,12,0,12,368,691,80,107,209,121,0,2.5309321880340576,0
ring_10,heavy,frequent,p2_c40,303,11,12,0,12,412,781,85,118,248,125,0,2.6983253955841064,0
ring_10,sparse,medium,baseline,303,3,5,3,2,211,413,33,32,105,89,0,1.8995521068572998,0
ring_10,heavy,frequent,p2_c40_penalty_off,101,11,12,8,4,417,787,85,98,257,118,0,2.545645236968994,0
ring_10,heavy,frequent,p2_c40_penalty_off,303,7,12,8,4,399,745,91,76,248,113,0,2.557208776473999,0
ring_10,heavy,frequent,p2_c40_penalty_off,404,10,12,8,4,371,685,87,64,242,89,0,2.3993797302246094,0
ring_10,heavy,frequent,p2_c40_penalty_off,202,9,12,8,4,382,720,78,65,244,99,0,2.70845103263855,0
ring_10,sparse,medium,baseline,42,4,5,5,0,227,418,57,30,146,63,0,2.5580477714538574,0
ring_10,sparse,medium,baseline,202,3,5,3,2,203,393,36,25,105,81,0,2.4304463863372803,0
ring_10,sparse,medium,baseline,101,5,5,1,4,216,438,22,43,88,109,0,2.5247440338134766,0
ring_10,sparse,medium,p2_c120,42,4,5,5,0,227,418,57,30,146,63,0,2.578317403793335,0
ring_10,sparse,medium,p2_c120,101,4,5,4,1,222,436,32,38,127,76,0,2.567559242248535,0
ring_10,sparse,medium,p2_c120,202,3,5,4,1,207,398,39,25,115,75,0,2.6038849353790283,0
ring_10,sparse,medium,baseline,404,4,5,2,3,224,439,35,42,114,92,0,2.6925954818725586,0
ring_10,sparse,medium,p2_c120,404,5,5,3,2,248,486,39,60,134,94,0,2.542095184326172,0
ring_10,sparse,medium,p2_c120_mp2,101,3,5,4,1,210,412,30,26,116,76,0,2.4795162677764893,0
ring_10,sparse,medium,p2_c120,303,3,5,4,1,218,422,37,35,124,77,0,2.7132718563079834,0
ring_10,sparse,medium,p2_c120_mp2,202,3,5,4,1,206,393,40,23,115,73,0,2.5162770748138428,0
ring_10,sparse,medium,p2_c120_mp2,42,4,5,5,0,227,418,57,30,146,63,0,2.726419687271118,0
ring_10,sparse,medium,p2_c120_h2,404,4,5,3,2,249,467,57,44,133,93,4,2.1587026119232178,0
ring_10,sparse,medium,p2_c120_mp2,303,3,5,4,1,219,423,37,35,124,77,0,2.4126482009887695,0
ring_10,sparse,medium,p2_c120_h2,42,5,5,3,2,238,450,53,51,114,101,3,2.59144926071167,0
ring_10,sparse,medium,p2_c120_mp2,404,3,5,4,1,224,430,41,35,130,76,0,2.621321201324463,0
ring_10,sparse,medium,p2_c120_h2,101,5,5,3,2,239,482,26,51,105,110,4,2.6102633476257324,0
ring_10,sparse,medium,p2_c120_h2,303,4,5,4,1,236,464,35,27,118,95,5,2.516817808151245,0
ring_10,sparse,medium,p2_c120_h2,202,2,5,5,0,216,414,40,11,123,73,5,2.5830726623535156,0
ring_10,sparse,medium,p2_c40,42,0,5,0,5,172,317,43,0,77,82,0,2.522893190383911,0
ring_10,sparse,medium,p2_c40,101,5,5,0,5,221,429,39,52,115,88,0,2.66701078414917,0
ring_10,sparse,medium,p2_c40,202,4,5,0,5,194,365,44,39,91,86,0,2.651904344558716,0
ring_10,sparse,medium,p2_c40,303,5,5,0,5,217,420,38,53,110,89,0,2.6698875427246094,0
ring_10,sparse,medium,p2_c40_penalty_off,404,5,5,0,5,233,462,31,54,127,88,0,2.197016477584839,0
ring_10,sparse,medium,p2_c40,404,5,5,0,5,233,456,36,53,127,88,0,2.4931416511535645,0
ring_10,sparse,medium,p2_c40_penalty_off,202,4,5,0,5,209,406,36,42,106,86,0,2.4178946018218994,0
ring_10,sparse,medium,p2_c40_penalty_off,42,0,5,0,5,172,317,43,0,77,82,0,2.5616955757141113,0
ring_10,sparse,medium,p2_c40_penalty_off,303,5,5,0,5,218,422,39,53,111,89,0,2.4879372119903564,0
ring_10,sparse,medium,p2_c40_penalty_off,101,5,5,0,5,221,432,35,53,115,88,0,2.693124532699585,0
ring_10,sparse,frequent,baseline,42,4,5,5,0,264,472,78,15,181,57,0,2.3729305267333984,0
ring_10,sparse,frequent,baseline,101,3,5,4,1,267,482,79,35,166,76,0,2.624908447265625,0
ring_10,sparse,frequent,p2_c120,101,3,5,4,1,267,482,79,35,166,76,0,2.407327175140381,0
ring_10,sparse,frequent,p2_c120,303,3,5,4,1,266,482,73,23,176,65,0,2.430530309677124,0
ring_10,sparse,frequent,p2_c120,42,4,5,5,0,264,472,78,15,181,57,0,2.6023216247558594,0
ring_10,sparse,frequent,baseline,202,4,5,1,4,264,485,69,35,158,80,0,2.6807162761688232,0
ring_10,sparse,frequent,baseline,404,4,5,5,0,251,438,83,13,168,58,0,2.6359152793884277,0
ring_10,sparse,frequent,baseline,303,3,5,4,1,266,482,73,23,176,65,0,2.71486759185791,0
ring_10,sparse,frequent,p2_c120,202,4,5,4,1,278,501,80,31,183,68,0,2.6019251346588135,0
ring_10,sparse,frequent,p2_c120_mp2,42,4,5,5,0,264,472,78,15,181,57,0,2.5075643062591553,0
ring_10,sparse,frequent,p2_c120_h2,202,3,5,4,1,254,462,73,20,140,85,4,2.2107326984405518,0
ring_10,sparse,frequent,p2_c120,404,4,5,5,0,251,438,83,13,168,58,0,2.6138880252838135,0
ring_10,sparse,frequent,p2_c120_mp2,101,3,5,4,1,267,479,80,34,166,75,0,2.67256760597229,0
ring_10,sparse,frequent,p2_c120_mp2,202,4,5,4,1,270,494,70,32,177,65,0,2.696953773498535,0
ring_10,sparse,frequent,p2_c120_mp2,404,4,5,5,0,251,438,83,13,168,58,0,2.471623659133911,0
ring_10,sparse,frequent,p2_c120_mp2,303,3,5,4,1,267,483,73,23,176,65,0,2.5641419887542725,0
ring_10,sparse,frequent,p2_c120_h2,101,4,5,4,1,269,500,66,27,147,92,4,2.5516700744628906,0
ring_10,sparse,frequent,p2_c120_h2,42,3,5,4,1,281,509,80,34,170,83,3,2.6727254390716553,0
ring_10,sparse,frequent,p2_c120_h2,303,5,5,4,1,320,609,63,47,194,93,5,2.545414447784424,0
ring_10,sparse,frequent,p2_c40,42,0,5,0,5,230,419,61,0,127,82,0,2.377758026123047,0
ring_10,sparse,frequent,p2_c120_h2,404,4,5,4,1,293,524,87,34,183,80,4,2.4890267848968506,0
ring_10,sparse,frequent,p2_c40,404,4,5,0,5,236,423,69,29,125,86,0,2.31852126121521,0
cluster_small,medium,medium,baseline,42,6,6,2,4,155,383,8,33,63,71,0,1.7060678005218506,0
cluster_small,medium,medium,p2_c120,42,6,6,4,2,162,392,12,36,81,59,0,1.4930903911590576,0
cluster_small,medium,medium,baseline,101,6,6,2,4,152,371,11,33,60,71,0,1.5817170143127441,0
ring_10,sparse,frequent,p2_c40,101,5,5,0,5,251,472,57,46,137,88,0,2.628580093383789,0
ring_10,sparse,frequent,p2_c40,202,3,5,0,5,266,492,66,23,160,82,0,2.680145263671875,0
ring_10,sparse,frequent,p2_c40_penalty_off,42,0,5,0,5,239,437,61,0,137,81,0,2.538912534713745,0
cluster_small,medium,medium,baseline,202,6,6,1,5,153,384,4,37,54,78,0,1.7229647636413574,0
ring_10,sparse,frequent,p2_c40,303,4,5,0,5,281,534,57,33,169,87,0,2.6987178325653076,0
cluster_small,medium,medium,baseline,303,0,6,6,0,118,278,13,0,69,35,0,1.8274970054626465,0
cluster_small,medium,medium,p2_c120,101,6,6,4,2,159,380,15,36,78,59,0,1.7424125671386719,0
cluster_small,medium,medium,baseline,404,6,6,1,5,152,378,7,37,54,77,0,1.8330390453338623,0
ring_10,sparse,frequent,p2_c40_penalty_off,101,5,5,0,5,251,459,68,43,137,88,0,2.618659257888794,0
cluster_small,medium,medium,p2_c120,202,6,6,4,2,158,383,10,36,78,58,0,1.6599531173706055,0
ring_10,sparse,frequent,p2_c40_penalty_off,202,3,5,0,5,270,506,61,33,161,85,0,2.5543246269226074,0
ring_10,sparse,frequent,p2_c40_penalty_off,303,3,5,0,5,272,512,59,31,162,86,0,2.6816470623016357,0
cluster_small,medium,medium,p2_c120,303,0,6,6,0,118,278,13,0,69,35,0,1.7363603115081787,0
cluster_small,medium,medium,p2_c120_mp2,42,6,6,4,2,164,394,12,36,81,59,0,1.7096147537231445,0
cluster_small,medium,medium,p2_c120_mp2,202,6,6,4,2,160,383,12,36,78,58,0,1.686281442642212,0
cluster_small,medium,medium,p2_c120,404,6,6,4,2,157,379,11,36,78,57,0,1.8479633331298828,0
cluster_small,medium,medium,p2_c120_mp2,303,0,6,6,0,118,278,13,0,69,35,0,1.6484811305999756,0
cluster_small,medium,medium,p2_c120_mp2,101,6,6,4,2,172,413,13,47,84,63,0,1.811133861541748,0
cluster_small,medium,medium,p2_c120_mp2,404,6,6,4,2,159,381,11,36,78,57,0,1.6682226657867432,0
ring_10,sparse,frequent,p2_c40_penalty_off,404,3,5,0,5,245,438,73,32,137,84,0,2.7109532356262207,0
cluster_small,medium,medium,p2_c120_h2,42,6,6,4,2,173,414,17,36,81,67,3,1.7578845024108887,0
cluster_small,medium,medium,p2_c120_h2,101,6,6,5,1,161,377,20,32,78,59,2,1.4753284454345703,0
cluster_small,medium,medium,p2_c120_h2,202,6,6,4,2,168,404,15,36,78,66,2,1.8607985973358154,0
cluster_small,medium,medium,p2_c120_h2,303,6,6,4,2,165,390,19,32,78,63,2,1.8416671752929688,0
cluster_small,medium,medium,p2_c120_h2,404,6,6,4,2,166,395,16,37,75,66,3,1.8003332614898682,0
cluster_small,medium,medium,p2_c40,202,6,6,0,6,157,386,7,42,78,59,0,1.661879062652588,0
cluster_small,medium,medium,p2_c40,101,6,6,0,6,157,378,15,42,78,59,0,1.7194790840148926,0
cluster_small,medium,frequent,baseline,202,6,6,2,4,192,458,18,33,93,70,0,1.3975908756256104,0
cluster_small,medium,medium,p2_c40,42,6,6,0,6,160,395,7,42,81,59,0,1.7984826564788818,0
cluster_small,medium,frequent,baseline,101,6,6,1,5,207,504,14,37,99,79,0,1.5216772556304932,0
cluster_small,medium,medium,p2_c40,303,0,6,0,6,112,270,9,0,33,65,0,1.8044815063476562,0
cluster_small,medium,medium,p2_c40_penalty_off,42,6,6,3,3,162,395,9,38,81,59,0,1.7625718116760254,0
cluster_small,medium,medium,p2_c40_penalty_off,101,6,6,3,3,154,361,19,33,84,49,0,1.7551255226135254,0
cluster_small,medium,frequent,p2_c120,42,6,6,5,1,194,441,29,28,123,41,0,1.4225547313690186,0
cluster_small,medium,medium,p2_c40,404,6,6,0,6,156,381,9,42,78,58,0,1.842728614807129,0
cluster_small,medium,medium,p2_c40_penalty_off,404,6,6,4,2,148,350,15,27,78,49,0,1.6991071701049805,0
cluster_small,medium,medium,p2_c40_penalty_off,202,6,6,3,3,173,429,5,53,84,66,0,1.8062455654144287,0
cluster_small,medium,frequent,baseline,42,6,6,3,3,195,447,28,33,117,49,0,1.8096823692321777,0
cluster_small,medium,frequent,baseline,303,6,6,1,5,187,443,20,33,83,75,0,1.778261661529541,0
cluster_small,medium,medium,p2_c40_penalty_off,303,0,6,4,2,116,276,11,0,57,45,0,1.8480925559997559,0
cluster_small,medium,frequent,p2_c120,303,6,6,3,3,209,497,20,51,107,71,0,1.5899763107299805,0
cluster_small,medium,frequent,baseline,404,6,6,1,5,208,502,17,37,102,77,0,1.793285846710205,0
cluster_small,medium,frequent,p2_c120,202,6,6,4,2,199,467,22,36,111,58,0,1.7625458240509033,0
cluster_small,medium,frequent,p2_c120,404,6,6,4,2,213,502,22,36,126,57,0,1.7371487617492676,0
cluster_small,medium,frequent,p2_c120,101,6,6,5,1,210,495,20,32,129,51,0,1.8314568996429443,0
cluster_small,medium,frequent,p2_c120_mp2,101,6,6,5,1,211,496,20,32,129,51,0,1.7088940143585205,0
cluster_small,medium,frequent,p2_c120_mp2,42,6,6,5,1,195,442,29,28,123,41,0,1.8483846187591553,0
cluster_small,medium,frequent,p2_c120_mp2,404,6,6,4,2,215,505,21,36,126,57,0,1.6760478019714355,0
cluster_small,medium,frequent,p2_c120_mp2,202,6,6,4,2,201,469,22,36,111,58,0,1.8213753700256348,0
cluster_small,medium,frequent,p2_c120_mp2,303,6,6,3,3,212,500,20,51,107,71,0,1.867729663848877,0
cluster_small,medium,frequent,p2_c40,42,6,6,0,6,199,471,21,42,111,60,0,1.511723518371582,0
cluster_small,medium,frequent,p2_c120_h2,42,6,6,4,2,215,509,21,32,120,63,2,1.8281855583190918,0
cluster_small,medium,frequent,p2_c120_h2,202,6,6,4,2,200,471,20,36,102,66,2,1.7640430927276611,0
cluster_small,medium,frequent,p2_c120_h2,101,6,6,5,1,209,486,26,24,123,55,2,1.8363053798675537,0
cluster_small,medium,frequent,p2_c40,202,6,6,0,6,198,473,16,42,111,59,0,1.614300012588501,0
cluster_small,medium,frequent,p2_c120_h2,404,6,6,5,1,215,502,26,32,126,57,2,1.8201472759246826,0
cluster_small,medium,frequent,p2_c120_h2,303,6,6,5,1,214,496,28,32,120,61,3,1.8784961700439453,0
cluster_small,medium,frequent,p2_c40_penalty_off,404,6,6,3,3,206,485,22,31,120,57,0,1.5929129123687744,0
cluster_small,medium,frequent,p2_c40,404,6,6,0,6,212,504,20,42,126,58,0,1.7116317749023438,0
cluster_small,heavy,medium,baseline,202,11,12,3,9,207,515,9,61,65,110,0,1.5054988861083984,0
cluster_small,medium,frequent,p2_c40,101,6,6,0,6,211,507,16,42,123,60,0,1.849757194519043,0
cluster_small,medium,frequent,p2_c40,303,6,6,0,6,189,443,21,36,101,60,0,1.8344459533691406,0
cluster_small,medium,frequent,p2_c40_penalty_off,202,6,6,3,3,192,451,21,31,105,58,0,1.7574450969696045,0
cluster_small,medium,frequent,p2_c40_penalty_off,42,6,6,3,3,204,484,20,42,111,63,0,1.82130765914917,0
cluster_small,medium,frequent,p2_c40_penalty_off,101,6,6,3,3,227,548,16,53,129,67,0,1.8233144283294678,0
cluster_small,heavy,medium,baseline,101,11,12,4,8,201,487,18,54,66,103,0,1.634589433670044,0
cluster_small,medium,frequent,p2_c40_penalty_off,303,6,6,4,2,187,431,24,27,107,51,0,1.8708219528198242,0
cluster_small,heavy,medium,baseline,42,12,12,4,8,204,497,15,57,68,103,0,1.7752649784088135,0
cluster_small,heavy,medium,baseline,303,11,12,3,9,192,463,18,50,57,103,0,1.7912704944610596,0
cluster_small,heavy,medium,p2_c120,303,11,12,9,3,206,472,31,52,105,67,0,1.5902135372161865,0
cluster_small,heavy,medium,p2_c120,42,12,12,8,4,225,533,22,70,110,79,0,1.68052077293396,0
cluster_small,heavy,medium,p2_c120,202,11,12,8,4,230,554,17,74,113,82,0,1.634207010269165,0
cluster_small,heavy,medium,baseline,404,8,12,2,10,182,447,11,47,57,96,0,1.7946484088897705,0
cluster_small,heavy,medium,p2_c120,101,11,12,10,2,211,483,32,52,114,63,0,1.7648591995239258,0
cluster_small,heavy,medium,p2_c120_mp2,42,12,12,8,4,225,523,24,66,110,75,0,1.7442822456359863,0
cluster_small,heavy,medium,p2_c120,404,9,12,10,2,190,440,23,39,102,57,0,1.8038074970245361,0
cluster_small,heavy,medium,p2_c120_mp2,101,11,12,10,2,213,485,32,52,114,63,0,1.8058645725250244,0
cluster_small,heavy,medium,p2_c120_mp2,202,11,12,8,4,234,557,18,74,113,82,0,1.819521427154541,0
cluster_small,heavy,medium,p2_c120_mp2,303,11,12,8,4,234,548,25,78,111,83,0,1.8216869831085205,0
cluster_small,heavy,medium,p2_c120_h2,202,12,12,9,3,229,545,19,57,114,78,2,1.6128637790679932,0
cluster_small,heavy,medium,p2_c120_mp2,404,9,12,10,2,192,442,23,39,102,57,0,1.840764045715332,0
cluster_small,heavy,medium,p2_c120_h2,42,12,12,8,4,247,591,22,72,117,91,3,1.8402149677276611,0
cluster_small,heavy,medium,p2_c120_h2,101,10,12,8,4,225,533,23,69,105,84,2,1.857123851776123,0
cluster_small,heavy,medium,p2_c40_penalty_off,42,11,12,7,5,235,567,18,80,111,88,0,1.5978751182556152,0
cluster_small,heavy,medium,p2_c40,404,9,12,0,12,198,472,20,63,96,73,0,1.6815831661224365,0
cluster_small,heavy,medium,p2_c40_penalty_off,202,11,12,7,5,228,551,16,74,108,85,0,1.6317150592803955,0
cluster_small,heavy,medium,p2_c40,202,11,12,0,12,219,540,7,77,105,83,0,1.750830888748169,0
cluster_small,heavy,medium,p2_c40,303,0,12,0,12,145,352,9,0,30,95,0,1.7692148685455322,0
cluster_small,heavy,medium,p2_c120_h2,404,11,12,10,2,199,441,37,38,108,55,3,1.8763351440429688,0
cluster_small,heavy,medium,p2_c120_h2,303,12,12,8,4,237,569,18,75,108,91,2,1.8934049606323242,0
cluster_small,heavy,medium,p2_c40,42,11,12,0,12,218,533,13,77,105,82,0,1.828380823135376,0
cluster_small,heavy,medium,p2_c40,101,10,12,0,12,205,491,19,67,99,76,0,1.8456313610076904,0
cluster_small,heavy,frequent,baseline,202,12,12,3,9,250,601,23,62,99,110,0,1.4230382442474365,0
cluster_small,heavy,medium,p2_c40_penalty_off,303,0,12,9,3,154,367,12,0,84,50,0,1.757988691329956,0
cluster_small,heavy,medium,p2_c40_penalty_off,404,10,12,8,4,197,454,25,46,110,55,0,1.6668694019317627,0
cluster_small,heavy,frequent,baseline,42,12,12,3,9,254,615,20,59,102,111,0,1.6632020473480225,0
cluster_small,heavy,frequent,baseline,404,9,12,2,10,242,577,24,48,108,96,0,1.5003652572631836,0
cluster_small,heavy,medium,p2_c40_penalty_off,101,11,12,9,3,211,483,32,52,114,63,0,1.838423490524292,0
cluster_small,heavy,frequent,p2_c120,42,12,12,9,3,275,647,27,68,156,75,0,1.5802597999572754,0
cluster_small,heavy,frequent,baseline,101,11,12,3,9,266,640,21,59,105,121,0,1.8044557571411133,0
cluster_small,heavy,frequent,baseline,303,12,12,2,10,253,589,31,70,134,78,0,1.767470121383667,0
cluster_small,heavy,frequent,p2_c120,101,11,12,8,4,288,680,29,79,159,85,0,1.7698547840118408,0
cluster_small,heavy,frequent,p2_c120,404,10,12,8,4,275,639,35,67,156,77,0,1.578702449798584,0
cluster_small,heavy,frequent,p2_c120,202,12,12,9,3,260,597,35,60,147,70,0,1.8513288497924805,0
cluster_small,heavy,frequent,p2_c120,303,12,12,8,4,275,634,38,80,152,78,0,1.8007047176361084,0
cluster_small,heavy,frequent,p2_c120_mp2,42,12,12,9,3,274,636,29,64,156,71,0,1.8183157444000244,0
cluster_small,heavy,frequent,p2_c40,404,9,12,0,12,254,597,29,63,144,73,0,1.2780156135559082,0
cluster_small,heavy,frequent,p2_c120_mp2,202,12,12,9,3,263,598,37,60,147,70,0,1.750603437423706,0
cluster_small,heavy,frequent,p2_c120_mp2,101,11,12,8,4,296,698,27,83,159,89,0,1.8079230785369873,0
cluster_small,heavy,frequent,p2_c40_penalty_off,404,9,12,8,4,268,627,29,67,158,69,0,1.4879112243652344,0
cluster_small,heavy,frequent,p2_c120_mp2,303,12,12,8,4,279,638,38,80,152,78,0,1.870142936706543,0
cluster_small,heavy,frequent,p2_c120_mp2,404,10,12,8,4,279,643,35,67,156,77,0,1.8573484420776367,0
cluster_small,heavy,frequent,p2_c120_h2,42,12,12,9,3,288,680,28,68,159,83,2,1.8429090976715088,0
cluster_small,heavy,frequent,p2_c120_h2,303,11,12,9,3,275,637,36,58,149,81,3,1.7783992290496826,0
cluster_small,heavy,frequent,p2_c40,42,12,12,0,12,272,651,23,84,147,85,0,1.764753818511963,0
cluster_small,heavy,frequent,p2_c120_h2,101,11,12,9,3,283,665,29,68,153,85,2,1.8791072368621826,0
cluster_small,heavy,frequent,p2_c120_h2,404,9,12,9,3,266,621,30,50,155,69,2,1.8194644451141357,0
cluster_small,sparse,medium,baseline,303,3,5,4,1,130,314,8,18,66,47,0,1.4036822319030762,0
cluster_small,heavy,frequent,p2_c120_h2,202,12,12,9,3,267,619,33,63,144,78,2,1.8614084720611572,0
cluster_small,heavy,frequent,p2_c40,101,10,12,0,12,260,620,22,67,144,78,0,1.8593037128448486,0
cluster_small,heavy,frequent,p2_c40,202,12,12,0,12,268,645,18,84,144,84,0,1.8492212295532227,0
cluster_small,heavy,frequent,p2_c40,303,12,12,0,12,253,597,25,72,128,85,0,1.8667540550231934,0
cluster_small,heavy,frequent,p2_c40_penalty_off,42,12,12,8,4,279,653,31,74,156,79,0,1.8539719581604004,0
cluster_small,heavy,frequent,p2_c40_penalty_off,202,12,12,8,4,261,608,30,63,144,74,0,1.7930724620819092,0
cluster_small,sparse,medium,baseline,42,5,5,2,3,142,349,8,28,60,63,0,1.7835917472839355,0
cluster_small,heavy,frequent,p2_c40_penalty_off,101,11,12,7,5,288,680,29,79,159,85,0,1.8755769729614258,0
cluster_small,heavy,frequent,p2_c40_penalty_off,303,12,12,7,5,279,650,34,86,152,82,0,1.8598828315734863,0
cluster_small,sparse,medium,baseline,202,5,5,2,3,144,352,10,28,63,62,0,1.646383285522461,0
cluster_small,sparse,medium,baseline,101,5,5,2,3,142,343,13,28,60,63,0,1.8264970779418945,0
cluster_small,sparse,medium,baseline,404,5,5,1,4,145,361,6,32,57,69,0,1.5789268016815186,0
cluster_small,sparse,medium,p2_c120,42,5,5,4,1,138,326,15,20,72,47,0,1.751603126525879,0
cluster_small,sparse,medium,p2_c120,101,5,5,3,2,151,362,15,35,72,59,0,1.740398645401001,0
cluster_small,sparse,medium,p2_c120,202,5,5,3,2,153,373,10,35,75,58,0,1.8320348262786865,0
cluster_small,sparse,medium,p2_c120,303,3,5,4,1,130,314,8,18,66,47,0,1.6376123428344727,0
cluster_small,sparse,medium,p2_c120,404,5,5,4,1,139,330,13,20,75,45,0,1.6842067241668701,0
cluster_small,sparse,medium,p2_c120_mp2,101,5,5,3,2,153,366,13,35,72,59,0,1.7298178672790527,0
cluster_small,sparse,medium,p2_c120_mp2,404,5,5,3,2,148,352,14,35,69,57,0,1.5205535888671875,0
cluster_small,sparse,medium,p2_c120_mp2,42,5,5,4,1,139,327,15,20,72,47,0,1.8529362678527832,0
cluster_small,sparse,medium,p2_c120_mp2,202,5,5,3,2,155,375,10,35,75,58,0,1.7422854900360107,0
cluster_small,sparse,medium,p2_c120_mp2,303,3,5,4,1,131,315,8,18,66,47,0,1.7988073825836182,0
cluster_small,sparse,medium,p2_c120_h2,202,5,5,3,2,157,382,11,35,69,66,2,1.752314567565918,0
cluster_small,sparse,medium,p2_c40_penalty_off,101,5,5,0,5,139,337,10,32,66,55,0,1.6209356784820557,0
cluster_small,sparse,medium,p2_c40_penalty_off,42,5,5,0,5,145,356,8,35,72,55,0,1.6326284408569336,0
cluster_small,sparse,medium,p2_c120_h2,42,5,5,3,2,176,428,14,46,81,71,3,1.8574862480163574,0
cluster_small,sparse,medium,p2_c40,42,5,5,0,5,145,356,8,35,72,55,0,1.7606000900268555,0
cluster_small,sparse,medium,p2_c120_h2,101,5,5,4,1,157,377,12,35,75,60,2,1.8429017066955566,0
cluster_small,sparse,medium,p2_c120_h2,303,0,5,5,0,121,290,10,0,63,43,2,1.806361436843872,0
cluster_small,sparse,medium,p2_c120_h2,404,5,5,3,2,162,393,10,35,72,66,4,1.800663709640503,0
cluster_small,sparse,medium,p2_c40,101,5,5,0,5,140,340,9,32,66,56,0,1.7998690605163574,0
cluster_small,sparse,medium,p2_c40,404,5,5,0,5,143,351,7,35,72,53,0,1.7494981288909912,0
cluster_small,sparse,medium,p2_c40,202,5,5,0,5,138,328,13,28,65,55,0,1.8137502670288086,0
cluster_small,sparse,frequent,baseline,101,4,5,1,4,176,415,20,24,87,63,0,1.6089115142822266,0
cluster_small,sparse,medium,p2_c40,303,0,5,0,5,103,249,9,0,33,57,0,1.8332462310791016,0
cluster_small,sparse,medium,p2_c40_penalty_off,202,5,5,0,5,139,335,11,30,67,54,0,1.7896490097045898,0
cluster_small,sparse,medium,p2_c40_penalty_off,303,0,5,0,5,102,247,9,0,33,56,0,1.8086769580841064,0
cluster_small,sparse,medium,p2_c40_penalty_off,404,5,5,0,5,143,351,7,35,72,53,0,1.8073737621307373,0
cluster_small,sparse,frequent,baseline,202,4,5,2,3,169,392,22,25,84,59,0,1.7607240676879883,0
cluster_small,sparse,frequent,baseline,42,3,5,1,4,164,384,21,22,78,61,0,1.8285133838653564,0
cluster_small,sparse,frequent,baseline,303,3,5,2,3,165,377,26,23,78,62,0,1.514594554901123,0
cluster_small,sparse,frequent,baseline,404,5,5,4,1,183,426,21,23,111,45,0,1.790403127670288,0
cluster_small,sparse,frequent,p2_c120,42,4,5,3,2,177,407,25,32,93,57,0,1.7747855186462402,0
cluster_small,sparse,frequent,p2_c120,101,4,5,3,2,192,449,23,42,105,59,0,1.8289413452148438,0
cluster_small,sparse,frequent,p2_c120,202,4,5,4,1,177,407,24,29,105,45,0,1.7460148334503174,0
cluster_small,sparse,frequent,p2_c120_mp2,202,5,5,3,2,185,428,22,33,99,56,0,1.4193480014801025,0
cluster_small,sparse,frequent,p2_c120_mp2,42,4,5,4,1,182,418,25,26,108,46,0,1.6352434158325195,0
cluster_small,sparse,frequent,p2_c120,303,3,5,3,2,172,394,26,30,90,56,0,1.7898099422454834,0
cluster_small,sparse,frequent,p2_c120,404,5,5,4,1,183,426,21,23,111,45,0,1.7886829376220703,0
cluster_small,sparse,frequent,p2_c120_mp2,101,4,5,3,2,185,425,24,32,99,57,0,1.6319940090179443,0
cluster_small,sparse,frequent,p2_c120_h2,101,5,5,4,1,205,478,25,32,114,61,2,1.6005966663360596,0
cluster_small,sparse,frequent,p2_c120_mp2,404,5,5,4,1,184,427,21,23,111,45,0,1.661736249923706,0
cluster_small,sparse,frequent,p2_c120_mp2,303,3,5,3,2,174,394,28,30,90,56,0,1.7021219730377197,0
cluster_small,sparse,frequent,p2_c40_penalty_off,303,2,5,0,5,156,358,22,14,75,58,0,1.5144152641296387,0
cluster_small,sparse,frequent,p2_c120_h2,42,4,5,4,1,191,433,33,28,110,52,2,1.8173637390136719,0
cluster_small,sparse,frequent,p2_c120_h2,202,3,5,3,2,184,428,23,25,98,58,2,1.8023533821105957,0
cluster_small,sparse,frequent,p2_c40,101,4,5,0,5,175,405,25,18,95,55,0,1.756528615951538,0
cluster_small,sparse,frequent,p2_c120_h2,404,4,5,4,1,189,443,19,26,108,52,2,1.8044962882995605,0
cluster_small,sparse,frequent,p2_c40,202,3,5,0,5,164,387,16,21,87,53,0,1.788320779800415,0
cluster_small,sparse,frequent,p2_c40,42,4,5,0,5,166,385,23,16,87,54,0,1.8677737712860107,0
cluster_small,sparse,frequent,p2_c120_h2,303,3,5,4,1,175,396,28,18,95,52,3,1.88448166847229,0
cluster_small,sparse,frequent,p2_c40,303,2,5,0,5,156,358,22,14,75,58,0,1.803844928741455,0
cluster_small,sparse,frequent,p2_c40_penalty_off,42,4,5,0,5,166,385,23,16,87,54,0,1.7842929363250732,0
cluster_small,sparse,frequent,p2_c40,404,2,5,0,5,157,370,16,14,84,50,0,1.8140668869018555,0
cluster_small,sparse,frequent,p2_c40_penalty_off,202,3,5,0,5,163,385,16,21,87,52,0,1.7741460800170898,0
cluster_small,sparse,frequent,p2_c40_penalty_off,101,4,5,0,5,174,403,25,18,95,54,0,1.8194313049316406,0
cluster_small,sparse,frequent,p2_c40_penalty_off,404,2,5,0,5,157,370,16,14,84,50,0,1.7668309211730957,0
cluster_big,medium,medium,baseline,42,0,6,6,0,182,732,19,0,110,58,0,2.6746466159820557,0
cluster_big,medium,medium,baseline,101,6,6,6,0,215,825,44,22,135,59,0,2.6999011039733887,0
cluster_big,medium,medium,baseline,404,6,6,1,5,202,821,20,41,80,101,0,2.2603814601898193,0
cluster_big,medium,medium,baseline,202,6,6,3,3,211,840,29,33,104,85,0,2.4844257831573486,0
cluster_big,medium,medium,baseline,303,0,6,6,0,178,714,22,0,105,59,0,2.6606838703155518,0
cluster_big,medium,medium,p2_c120,42,0,6,6,0,182,732,19,0,110,58,0,2.5949904918670654,0
cluster_big,medium,medium,p2_c120_h2,404,6,6,6,0,212,811,44,6,120,68,4,1.9197218418121338,0
cluster_big,medium,medium,p2_c120,202,6,6,5,1,215,843,34,25,124,69,0,2.4888243675231934,0
cluster_big,medium,medium,p2_c120_mp2,202,6,6,5,1,216,844,34,25,124,69,0,2.25248122215271,0
cluster_big,medium,medium,p2_c120,101,6,6,6,0,215,825,44,22,135,59,0,2.653017997741699,0
cluster_big,medium,medium,p2_c120_mp2,42,0,6,6,0,182,732,19,0,110,58,0,2.52897572517395,0
cluster_big,medium,medium,p2_c120,303,0,6,6,0,178,714,22,0,105,59,0,2.663433790206909,0
cluster_big,medium,medium,p2_c120,404,6,6,5,1,223,880,32,38,130,71,0,2.7512047290802,0
cluster_big,medium,medium,p2_c120_h2,303,0,6,6,0,185,745,18,0,105,64,2,2.3555636405944824,0
cluster_big,medium,medium,p2_c120_mp2,303,0,6,6,0,178,714,22,0,105,59,0,2.610360860824585,0
cluster_big,medium,medium,p2_c120_h2,42,5,6,6,0,202,794,28,5,115,66,2,2.5405633449554443,0
cluster_big,medium,medium,p2_c120_mp2,101,6,6,6,0,215,825,44,22,135,59,0,2.7579879760742188,0
cluster_big,medium,medium,p2_c120_h2,202,6,6,5,1,226,897,27,25,125,77,3,2.59183931350708,0
cluster_big,medium,medium,p2_c120_h2,101,6,6,5,1,222,888,23,25,120,79,2,2.6778900623321533,0
cluster_big,medium,medium,p2_c120_mp2,404,6,6,5,1,224,881,32,38,130,71,0,2.7534914016723633,0
cluster_big,medium,medium,p2_c40,42,0,6,0,6,147,602,11,0,50,83,0,2.609921455383301,0
cluster_big,medium,medium,p2_c40,303,0,6,0,6,148,605,13,0,50,84,0,2.6469178199768066,0
cluster_big,medium,medium,p2_c40,404,6,6,0,6,223,908,16,66,120,83,0,2.686445474624634,0
cluster_big,medium,medium,p2_c40_penalty_off,101,6,6,4,2,221,874,33,40,125,75,0,2.640397071838379,0
cluster_big,medium,medium,p2_c40,202,1,6,0,6,166,667,19,11,74,76,0,2.7194573879241943,0
cluster_big,medium,medium,p2_c40,101,6,6,0,6,223,888,34,66,120,83,0,2.7389209270477295,0
cluster_big,medium,medium,p2_c40_penalty_off,202,4,6,3,3,199,790,27,23,104,75,0,2.63720703125,0
cluster_big,medium,medium,p2_c40_penalty_off,42,0,6,4,2,170,693,12,0,90,66,0,2.7589733600616455,0
cluster_big,medium,medium,p2_c40_penalty_off,303,0,6,4,2,171,693,17,0,90,67,0,2.3648037910461426,0
cluster_big,medium,frequent,baseline,101,6,6,4,2,271,1058,41,37,175,67,0,2.4404428005218506,0
cluster_big,medium,medium,p2_c40_penalty_off,404,6,6,3,3,220,874,27,47,130,69,0,2.615595579147339,0
cluster_big,medium,frequent,baseline,42,5,6,6,0,250,957,47,5,164,58,0,2.5457634925842285,0
cluster_big,medium,frequent,baseline,202,6,6,1,5,287,1143,33,68,180,78,0,2.6008405685424805,0
cluster_big,medium,frequent,p2_c120,303,5,6,5,1,271,1067,33,26,180,63,0,2.152466058731079,0
cluster_big,medium,frequent,baseline,303,5,6,5,1,271,1067,33,26,180,63,0,2.4676427841186523,0
cluster_big,medium,frequent,p2_c120,42,5,6,6,0,250,957,47,5,164,58,0,2.635960817337036,0
cluster_big,medium,frequent,baseline,404,6,6,5,1,275,1059,52,27,185,61,0,2.718646287918091,0
cluster_big,medium,frequent,p2_c120,202,6,6,4,2,284,1121,36,47,180,74,0,2.5749096870422363,0
cluster_big,medium,frequent,p2_c120,101,6,6,5,1,267,1035,44,27,175,63,0,2.7299888134002686,0
cluster_big,medium,frequent,p2_c120,404,6,6,5,1,275,1059,52,27,185,61,0,2.76841139793396,0
cluster_big,medium,frequent,p2_c40,202,6,6,0,6,280,1125,25,66,170,82,0,2.2632551193237305,0
cluster_big,medium,frequent,p2_c120_mp2,42,5,6,6,0,250,957,47,5,164,58,0,2.7455575466156006,0
cluster_big,medium,frequent,p2_c120_mp2,202,6,6,4,2,286,1123,36,47,180,74,0,2.67330265045166,0
cluster_big,medium,frequent,p2_c120_mp2,101,6,6,5,1,268,1036,44,27,175,63,0,2.7552742958068848,0
cluster_big,medium,frequent,p2_c120_mp2,404,6,6,5,1,276,1060,52,27,185,61,0,2.666651487350464,0
cluster_big,medium,frequent,p2_c120_h2,101,6,6,5,1,282,1090,51,27,180,71,2,2.5694596767425537,0
cluster_big,medium,frequent,p2_c120_mp2,303,5,6,5,1,272,1068,33,26,180,63,0,2.725966691970825,0
cluster_big,medium,frequent,p2_c120_h2,404,6,6,6,0,278,1069,53,6,175,71,4,2.527398109436035,0
cluster_big,medium,frequent,p2_c120_h2,202,6,6,5,1,273,1070,37,25,165,77,2,2.676908016204834,0
cluster_big,medium,frequent,p2_c120_h2,42,6,6,4,2,293,1155,38,46,175,85,3,2.79695200920105,0
cluster_big,medium,frequent,p2_c120_h2,303,6,6,5,1,287,1115,46,27,185,71,2,2.7589058876037598,0
cluster_big,medium,frequent,p2_c40,101,6,6,0,6,276,1103,31,66,165,83,0,2.6552155017852783,0
cluster_big,medium,frequent,p2_c40_penalty_off,42,6,6,4,2,288,1127,46,50,179,78,0,2.5773098468780518,0
cluster_big,medium,frequent,p2_c40,42,6,6,0,6,271,1071,36,56,159,83,0,2.725175380706787,0
cluster_big,medium,frequent,p2_c40,303,6,6,0,6,287,1154,28,66,175,84,0,2.7084858417510986,0
cluster_big,medium,frequent,p2_c40,404,6,6,0,6,285,1131,39,66,175,82,0,2.8381989002227783,0
cluster_big,medium,frequent,p2_c40_penalty_off,101,6,6,3,3,273,1083,32,45,165,79,0,2.5101518630981445,0
cluster_big,medium,frequent,p2_c40_penalty_off,202,6,6,4,2,274,1069,40,37,180,65,0,2.582162380218506,0
cluster_big,medium,frequent,p2_c40_penalty_off,303,6,6,3,3,275,1086,33,37,175,71,0,2.651376962661743,0
cluster_big,medium,frequent,p2_c40_penalty_off,404,5,6,4,2,262,1016,47,25,170,65,0,2.7600598335266113,0
cluster_big,heavy,medium,baseline,42,11,12,4,8,302,1194,43,102,180,90,0,2.4108126163482666,0
cluster_big,heavy,medium,baseline,202,12,12,4,8,273,1090,35,59,114,125,0,2.2883174419403076,0
cluster_big,heavy,medium,baseline,101,9,12,8,4,270,1041,49,60,165,75,0,2.4506733417510986,0
cluster_big,heavy,medium,baseline,303,10,12,2,10,238,964,22,57,75,132,0,2.6290581226348877,0
cluster_big,heavy,medium,baseline,404,11,12,2,10,250,1010,24,62,85,133,0,2.6012330055236816,0
cluster_big,heavy,medium,p2_c120,42,10,12,11,1,268,1027,49,31,175,62,0,2.609260082244873,0
cluster_big,heavy,medium,p2_c120,404,11,12,11,1,266,1018,48,30,165,69,0,2.261101484298706,0
cluster_big,heavy,medium,p2_c120,101,9,12,11,1,258,970,60,30,165,63,0,2.6263222694396973,0
cluster_big,heavy,medium,p2_c120_mp2,42,10,12,11,1,269,1027,50,31,175,62,0,2.4004435539245605,0
cluster_big,heavy,medium,p2_c120,303,11,12,11,1,268,1027,51,30,165,71,0,2.4466755390167236,0
cluster_big,heavy,medium,p2_c120,202,12,12,8,4,322,1266,50,84,184,101,0,2.6880407333374023,0
cluster_big,heavy,medium,p2_c120_h2,42,11,12,11,1,295,1135,51,43,190,70,2,2.4889872074127197,0
cluster_big,heavy,medium,p2_c120_mp2,101,9,12,11,1,259,971,60,30,165,63,0,2.6678569316864014,0
cluster_big,heavy,medium,p2_c120_h2,101,9,12,10,2,290,1145,35,58,165,91,2,2.4757657051086426,0
cluster_big,heavy,medium,p2_c120_mp2,202,12,12,8,4,333,1299,46,91,194,97,0,2.663339376449585,0
cluster_big,heavy,medium,p2_c120_mp2,303,11,12,10,2,294,1140,46,60,175,83,0,2.675745964050293,0
cluster_big,heavy,medium,p2_c120_mp2,404,11,12,11,1,267,1010,55,30,165,69,0,2.680577039718628,0
cluster_big,heavy,medium,p2_c120_h2,202,12,12,9,3,323,1266,42,73,200,85,3,2.674093008041382,0
cluster_big,heavy,medium,p2_c120_h2,404,10,12,10,2,276,1058,47,40,160,80,4,2.6624977588653564,0
cluster_big,heavy,medium,p2_c40,42,11,12,0,12,288,1169,20,111,150,107,0,2.674475908279419,0
cluster_big,heavy,medium,p2_c40,101,9,12,0,12,271,1079,34,94,145,97,0,2.6702122688293457,0
cluster_big,heavy,medium,p2_c120_h2,303,11,12,10,2,290,1112,56,51,175,80,2,2.784708261489868,0
cluster_big,heavy,medium,p2_c40,303,0,12,0,12,185,755,14,0,50,115,0,2.5445621013641357,0
cluster_big,heavy,medium,p2_c40,202,2,12,0,12,192,765,23,17,74,95,0,2.723295211791992,0
cluster_big,heavy,medium,p2_c40,404,11,12,0,12,303,1218,29,116,160,112,0,2.4034152030944824,0
cluster_big,heavy,medium,p2_c40_penalty_off,42,11,12,8,4,261,1023,33,38,140,89,0,2.473623275756836,0
cluster_big,heavy,medium,p2_c40_penalty_off,303,0,12,9,3,230,927,22,0,140,70,0,2.374318838119507,0
cluster_big,heavy,medium,p2_c40_penalty_off,101,9,12,9,3,262,987,63,40,165,67,0,2.5551910400390625,0
cluster_big,heavy,frequent,baseline,42,12,12,3,9,331,1307,47,59,159,130,0,2.4075586795806885,0
cluster_big,heavy,medium,p2_c40_penalty_off,202,11,12,8,4,292,1134,49,60,169,88,0,2.692197799682617,0
cluster_big,heavy,medium,p2_c40_penalty_off,404,11,12,8,4,290,1125,49,65,170,86,0,2.701396942138672,0
cluster_big,heavy,frequent,baseline,303,12,12,11,1,354,1343,74,33,250,63,0,2.2738640308380127,0
cluster_big,heavy,frequent,p2_c120,42,11,12,11,1,345,1312,71,30,234,70,0,2.482107639312744,0
cluster_big,heavy,frequent,baseline,202,12,12,1,11,320,1299,24,71,130,149,0,2.63287353515625,0
cluster_big,heavy,frequent,baseline,404,11,12,3,9,364,1429,53,102,235,89,0,2.6502621173858643,0
cluster_big,heavy,frequent,baseline,101,10,12,4,8,306,1217,36,57,140,127,0,2.747373104095459,0
cluster_big,heavy,frequent,p2_c120,101,10,12,10,2,333,1288,54,48,210,83,0,2.6708574295043945,0
cluster_big,heavy,frequent,p2_c120,303,12,12,11,1,354,1343,74,33,250,63,0,2.516251802444458,0
cluster_big,heavy,frequent,p2_c120_mp2,42,11,12,11,1,346,1313,71,30,234,70,0,2.4575741291046143,0
cluster_big,heavy,frequent,p2_c120,202,12,12,9,3,358,1394,51,61,230,85,0,2.755354881286621,0
cluster_big,heavy,frequent,p2_c120,404,11,12,10,2,347,1317,70,43,245,61,0,2.5491175651550293,0
cluster_big,heavy,frequent,p2_c120_mp2,404,11,12,10,2,349,1321,68,43,245,61,0,2.6284444332122803,0
cluster_big,heavy,frequent,p2_c120_mp2,101,10,12,10,2,335,1290,54,48,210,83,0,2.713284969329834,0
cluster_big,heavy,frequent,p2_c120_h2,303,12,12,9,3,380,1483,56,71,240,95,2,2.3693838119506836,0
cluster_big,heavy,frequent,p2_c120_mp2,202,12,12,9,3,380,1485,48,80,240,93,0,2.732173204421997,0
cluster_big,heavy,frequent,p2_c120_mp2,303,12,12,11,1,355,1344,74,33,250,63,0,2.7708945274353027,0
cluster_big,heavy,frequent,p2_c40,42,12,12,0,12,373,1482,47,122,224,108,0,2.439750909805298,0
cluster_big,heavy,frequent,p2_c120_h2,101,9,12,11,1,337,1277,70,41,225,71,2,2.5640687942504883,0
cluster_big,heavy,frequent,p2_c120_h2,42,12,12,9,3,390,1502,72,81,230,111,5,2.6435036659240723,0
cluster_big,heavy,frequent,p2_c40,101,9,12,0,12,329,1298,45,94,195,97,0,2.4822494983673096,0
cluster_big,heavy,frequent,p2_c120_h2,202,12,12,10,2,376,1444,63,65,240,88,5,2.6841812133789062,0
cluster_big,heavy,frequent,p2_c120_h2,404,11,12,10,2,361,1386,69,45,225,91,4,2.7092740535736084,0
cluster_big,heavy,frequent,p2_c40,202,12,12,0,12,367,1473,33,122,220,107,0,2.680563449859619,0
cluster_big,heavy,frequent,p2_c40,404,11,12,0,12,372,1465,58,121,230,103,0,2.201589822769165,0
cluster_big,heavy,frequent,p2_c40_penalty_off,101,10,12,8,4,346,1353,50,67,210,95,0,2.294891834259033,0
cluster_big,heavy,frequent,p2_c40,303,11,12,0,12,375,1514,30,121,230,106,0,2.773289680480957,0
cluster_big,heavy,frequent,p2_c40_penalty_off,303,11,12,8,4,354,1373,56,54,239,74,0,2.2828528881073,0
cluster_big,heavy,frequent,p2_c40_penalty_off,42,12,12,8,4,341,1310,66,49,209,90,0,2.7159910202026367,0
cluster_big,heavy,frequent,p2_c40_penalty_off,202,12,12,8,4,349,1360,50,63,215,92,0,2.5348048210144043,0
cluster_big,sparse,medium,baseline,42,0,5,5,0,171,695,13,0,100,58,0,2.293797254562378,0
cluster_big,heavy,frequent,p2_c40_penalty_off,404,11,12,8,4,359,1381,66,73,245,73,0,2.638953685760498,0
cluster_big,sparse,medium,baseline,101,5,5,5,0,198,772,33,16,120,59,0,2.6509132385253906,0
cluster_big,sparse,medium,baseline,202,3,5,5,0,183,718,30,3,110,57,0,2.6353907585144043,0
cluster_big,sparse,medium,baseline,303,0,4,4,0,161,645,21,0,90,59,0,2.6506011486053467,0
cluster_big,sparse,medium,p2_c120,101,5,5,5,0,198,772,33,16,120,59,0,2.519353151321411,0
cluster_big,sparse,medium,p2_c120,202,3,5,5,0,183,718,30,3,110,57,0,2.5559685230255127,0
cluster_big,sparse,medium,p2_c120,42,0,5,5,0,171,695,13,0,100,58,0,2.61161732673645,0
cluster_big,sparse,medium,baseline,404,3,5,4,1,201,801,28,22,115,69,0,2.6631975173950195,0
cluster_big,sparse,medium,p2_c120_h2,101,5,5,4,1,207,817,30,26,115,71,2,2.2219226360321045,0
cluster_big,sparse,medium,p2_c120,303,0,4,4,0,161,645,21,0,90,59,0,2.6717610359191895,0
cluster_big,sparse,medium,p2_c120_mp2,101,5,5,5,0,198,772,33,16,120,59,0,2.522359848022461,0
cluster_big,sparse,medium,p2_c120_mp2,404,3,5,4,1,202,800,30,22,115,69,0,2.464722156524658,0
cluster_big,sparse,medium,p2_c120_mp2,42,0,5,5,0,171,695,13,0,100,58,0,2.6205809116363525,0
cluster_big,sparse,medium,p2_c120,404,3,5,4,1,201,801,28,22,115,69,0,2.639099359512329,0
cluster_big,sparse,medium,p2_c120_mp2,202,3,5,5,0,183,718,30,3,110,57,0,2.6361284255981445,0
cluster_big,sparse,medium,p2_c120_h2,42,0,5,5,0,176,704,22,0,95,66,2,2.653139114379883,0
cluster_big,sparse,medium,p2_c40,101,5,5,0,5,203,829,15,50,105,80,0,2.137622833251953,0
cluster_big,sparse,medium,p2_c120_mp2,303,0,4,4,0,161,645,21,0,90,59,0,2.7187604904174805,0
cluster_big,sparse,medium,p2_c120_h2,202,0,5,5,0,186,754,14,0,105,65,3,2.7322280406951904,0
cluster_big,sparse,medium,p2_c120_h2,303,0,4,4,0,174,689,26,0,90,68,4,2.644679546356201,0
cluster_big,sparse,medium,p2_c120_h2,404,0,5,5,0,189,755,23,0,100,71,5,2.6071717739105225,0
cluster_big,sparse,medium,p2_c40,42,0,5,0,5,151,621,9,0,55,83,0,2.552539348602295,0
cluster_big,sparse,medium,p2_c40,202,0,5,0,5,141,577,8,0,55,73,0,2.300835371017456,0
cluster_big,sparse,medium,p2_c40,404,0,5,0,5,147,595,16,0,55,79,0,2.586686849594116,0
cluster_big,sparse,medium,p2_c40,303,0,4,0,4,136,554,12,0,45,79,0,2.7080190181732178,0
cluster_big,sparse,medium,p2_c40_penalty_off,42,0,5,0,5,151,620,10,0,55,83,0,2.6647629737854004,0
cluster_big,sparse,medium,p2_c40_penalty_off,303,0,4,0,4,136,554,12,0,45,79,0,2.2974588871002197,0
cluster_big,sparse,medium,p2_c40_penalty_off,101,5,5,0,5,202,824,16,50,105,79,0,2.7472383975982666,0
cluster_big,sparse,medium,p2_c40_penalty_off,202,0,5,0,5,140,572,8,0,55,72,0,2.621586561203003,0
cluster_big,sparse,frequent,p2_c120,101,5,5,5,0,245,929,57,10,160,59,0,2.0932881832122803,0
cluster_big,sparse,medium,p2_c40_penalty_off,404,0,5,0,5,147,595,16,0,55,79,0,2.742536783218384,0
cluster_big,sparse,frequent,baseline,202,3,5,5,0,231,878,48,3,149,57,0,2.540755033493042,0
cluster_big,sparse,frequent,baseline,101,5,5,5,0,245,929,57,10,160,59,0,2.654099702835083,0
cluster_big,sparse,frequent,baseline,42,5,5,3,2,253,982,46,34,143,81,0,2.746446132659912,0
cluster_big,sparse,frequent,baseline,404,4,5,4,1,247,963,37,30,160,61,0,2.566422939300537,0
cluster_big,sparse,frequent,p2_c120,42,4,5,4,1,248,960,45,29,148,72,0,2.642625570297241,0
cluster_big,sparse,frequent,baseline,303,4,5,5,0,244,952,37,4,160,59,0,2.6687309741973877,0
cluster_big,sparse,frequent,p2_c120,202,3,5,5,0,231,878,48,3,149,57,0,2.535959005355835,0
cluster_big,sparse,frequent,p2_c120_mp2,303,4,5,5,0,244,952,37,4,160,59,0,2.407731294631958,0
cluster_big,sparse,frequent,p2_c120,303,4,5,5,0,244,952,37,4,160,59,0,2.6859371662139893,0
cluster_big,sparse,frequent,p2_c120,404,4,5,4,1,247,963,37,30,160,61,0,2.681732416152954,0
cluster_big,sparse,frequent,p2_c120_mp2,101,5,5,5,0,245,929,57,10,160,59,0,2.6584630012512207,0
cluster_big,sparse,frequent,p2_c120_mp2,202,3,5,5,0,231,878,48,3,149,57,0,2.662046194076538,0
cluster_big,sparse,frequent,p2_c120_h2,202,4,5,5,0,237,919,36,4,145,65,2,2.388422727584839,0
cluster_big,sparse,frequent,p2_c120_mp2,42,4,5,4,1,249,961,45,29,148,72,0,2.765127182006836,0
cluster_big,sparse,frequent,p2_c120_h2,42,4,5,4,1,253,972,51,30,155,70,2,2.6824564933776855,0
cluster_big,sparse,frequent,p2_c120_h2,101,5,5,5,0,245,936,50,5,150,67,2,2.6308162212371826,0
cluster_big,sparse,frequent,p2_c40,42,2,5,0,5,218,850,38,22,119,75,0,2.3669493198394775,0
cluster_big,sparse,frequent,p2_c120_h2,303,4,5,5,0,244,950,37,14,150,67,2,2.6433780193328857,0
cluster_big,sparse,frequent,p2_c120_mp2,404,4,5,4,1,248,962,37,30,160,61,0,2.832345724105835,0
cluster_big,sparse,frequent,p2_c120_h2,404,5,5,4,1,263,1008,55,26,155,78,3,2.7037339210510254,0
cluster_big,sparse,frequent,p2_c40,101,2,5,0,5,220,865,33,22,120,77,0,2.4735934734344482,0
cluster_big,sparse,frequent,p2_c40,202,2,5,0,5,216,855,25,12,120,73,0,2.563858985900879,0
cluster_big,sparse,frequent,p2_c40,303,2,5,0,5,220,879,21,22,120,77,0,2.745143413543701,0
cluster_big,sparse,frequent,p2_c40,404,3,5,0,5,225,879,37,18,125,76,0,2.6866023540496826,0
cluster_big,sparse,frequent,p2_c40_penalty_off,42,2,5,0,5,217,847,37,22,119,74,0,2.7066023349761963,0
cluster_big,sparse,frequent,p2_c40_penalty_off,101,2,5,0,5,219,862,32,22,120,76,0,2.6218624114990234,0
cluster_big,sparse,frequent,p2_c40_penalty_off,404,3,5,0,5,234,921,35,28,135,75,0,2.2969937324523926,0
cluster_big,sparse,frequent,p2_c40_penalty_off,202,2,5,0,5,225,894,26,22,130,72,0,2.6047956943511963,0
cluster_big,sparse,frequent,p2_c40_penalty_off,303,2,5,0,5,219,874,22,22,120,76,0,2.8152151107788086,0
chain6_spurs,medium,medium,p2_c120,404,,,0,0,200,320,69,0,87,105,0,3.010206937789917,0
chain6_spurs,medium,medium,baseline,42,,,0,0,186,302,64,0,75,103,0,4.203185081481934,0
chain6_spurs,medium,medium,baseline,303,0,6,6,0,300,440,145,0,180,106,0,4.051975250244141,0
chain6_spurs,medium,medium,baseline,101,,,0,0,178,299,50,0,66,104,0,4.26925802230835,0
chain6_spurs,medium,medium,p2_c120_mp2,202,0,6,6,0,306,446,148,0,186,106,0,3.763193130493164,0
chain6_spurs,medium,medium,baseline,202,0,6,6,0,306,446,148,0,186,106,0,4.351923227310181,0
chain6_spurs,medium,medium,p2_c120,42,,,0,0,186,302,64,0,75,103,0,4.263484477996826,0
chain6_spurs,medium,medium,p2_c120,202,0,6,6,0,306,446,148,0,186,106,0,4.071318626403809,0
chain6_spurs,medium,medium,baseline,404,,,0,0,200,320,69,0,87,105,0,4.396597385406494,0
chain6_spurs,medium,medium,p2_c120,101,,,0,0,178,299,50,0,66,104,0,4.280255556106567,0
chain6_spurs,medium,medium,p2_c120_h2,42,,,0,0,186,302,64,0,75,103,0,3.944167375564575,0
chain6_spurs,medium,medium,p2_c120,303,0,6,6,0,300,440,145,0,180,106,0,4.288359880447388,0
chain6_spurs,medium,medium,p2_c120_mp2,303,0,6,6,0,300,440,145,0,180,106,0,4.043557405471802,0
chain6_spurs,medium,medium,p2_c120_mp2,101,,,0,0,178,299,50,0,66,104,0,4.249451398849487,0
chain6_spurs,medium,medium,p2_c120_mp2,42,,,0,0,186,302,64,0,75,103,0,4.25593900680542,0
chain6_spurs,medium,medium,p2_c120_h2,202,0,6,6,0,313,468,148,0,186,111,2,4.0330970287323,0
chain6_spurs,medium,medium,p2_c120_mp2,404,,,0,0,200,320,69,0,87,105,0,4.216663599014282,0
chain6_spurs,medium,medium,p2_c40,202,0,6,0,6,234,456,66,0,78,142,0,3.279637575149536,0
chain6_spurs,medium,medium,p2_c120_h2,101,,,0,0,178,299,50,0,66,104,0,4.370724439620972,0
chain6_spurs,medium,medium,p2_c120_h2,303,0,6,6,0,304,461,140,0,177,111,2,4.421500205993652,0
chain6_spurs,medium,medium,p2_c40,42,,,0,0,186,302,64,0,75,103,0,3.8605191707611084,0
chain6_spurs,medium,medium,p2_c120_h2,404,,,0,0,200,320,69,0,87,105,0,4.350192546844482,0
chain6_spurs,medium,medium,p2_c40,101,,,0,0,178,299,50,0,66,104,0,3.947477102279663,0
chain6_spurs,medium,medium,p2_c40_penalty_off,101,,,0,0,178,299,50,0,66,104,0,4.014102458953857,0
chain6_spurs,medium,medium,p2_c40_penalty_off,42,,,0,0,186,302,64,0,75,103,0,4.0413219928741455,0
chain6_spurs,medium,medium,p2_c40,303,0,6,0,6,228,451,62,0,72,142,0,4.349494457244873,0
chain6_spurs,medium,medium,p2_c40,404,,,0,0,200,320,69,0,87,105,0,4.2611083984375,0
chain6_spurs,medium,medium,p2_c40_penalty_off,202,0,6,4,2,282,449,121,0,150,118,0,4.19018030166626,0
chain6_spurs,medium,medium,p2_c40_penalty_off,404,,,0,0,200,320,69,0,87,105,0,3.2665531635284424,0
chain6_spurs,medium,medium,p2_c40_penalty_off,303,0,6,4,2,276,443,118,0,144,118,0,4.338874816894531,0
chain6_spurs,medium,frequent,p2_c120,303,,,0,0,266,397,118,0,144,106,0,3.3131868839263916,0
chain6_spurs,medium,frequent,baseline,42,5,6,6,0,409,566,227,5,279,103,0,3.956263542175293,0
chain6_spurs,medium,frequent,baseline,101,6,6,6,0,396,554,211,6,264,104,0,4.020317792892456,0
chain6_spurs,medium,frequent,p2_c120_mp2,101,6,6,6,0,396,554,211,6,264,104,0,3.5809171199798584,0
chain6_spurs,medium,frequent,p2_c120_mp2,303,,,0,0,266,397,118,0,144,106,0,3.5379443168640137,0
chain6_spurs,medium,frequent,baseline,202,6,6,6,0,410,567,221,9,276,106,0,4.334006309509277,0
chain6_spurs,medium,frequent,p2_c120,42,5,6,6,0,409,566,227,5,279,103,0,4.199802875518799,0
chain6_spurs,medium,frequent,baseline,303,,,0,0,266,397,118,0,144,106,0,4.367240905761719,0
chain6_spurs,medium,frequent,p2_c120,202,6,6,6,0,410,567,221,9,276,106,0,4.1032326221466064,0
chain6_spurs,medium,frequent,baseline,404,6,6,5,1,425,625,229,37,273,123,0,4.380919456481934,0
chain6_spurs,medium,frequent,p2_c120,101,6,6,6,0,396,554,211,6,264,104,0,4.292491436004639,0
chain6_spurs,medium,frequent,p2_c120_mp2,42,5,6,6,0,409,566,227,5,279,103,0,4.303822994232178,0
chain6_spurs,medium,frequent,p2_c120_mp2,202,6,6,6,0,410,567,221,9,276,106,0,4.284311771392822,0
chain6_spurs,medium,frequent,p2_c120_mp2,404,6,6,5,1,426,626,229,37,273,123,0,4.1960530281066895,0
chain6_spurs,medium,frequent,p2_c120,404,6,6,5,1,425,625,229,37,273,123,0,4.424929857254028,0
chain6_spurs,medium,frequent,p2_c120_h2,42,5,6,5,1,419,597,239,25,273,116,2,4.302107334136963,0
chain6_spurs,medium,frequent,p2_c120_h2,101,5,6,6,0,414,591,219,5,276,109,2,4.465383052825928,0
chain6_spurs,medium,frequent,p2_c120_h2,202,6,6,6,0,454,638,248,9,312,112,2,4.255430221557617,0
chain6_spurs,medium,frequent,p2_c40,42,0,6,0,6,336,544,158,0,186,128,0,4.263488054275513,0
chain6_spurs,medium,frequent,p2_c120_h2,404,6,6,5,1,453,681,243,37,291,131,2,4.28322958946228,0
chain6_spurs,medium,frequent,p2_c120_h2,303,,,0,0,266,397,118,0,144,106,0,4.672513246536255,0
chain6_spurs,medium,frequent,p2_c40,404,6,6,0,6,442,698,227,114,273,141,0,3.7953734397888184,0
chain6_spurs,medium,frequent,p2_c40,101,6,6,0,6,438,697,218,114,264,146,0,3.9175264835357666,0
chain6_spurs,medium,frequent,p2_c40,202,6,6,0,6,443,720,206,114,273,142,0,4.298766851425171,0
chain6_spurs,medium,frequent,p2_c40,303,,,0,0,266,397,118,0,144,106,0,4.387646198272705,0
chain6_spurs,medium,frequent,p2_c40_penalty_off,42,4,6,4,2,393,562,212,4,258,109,0,4.188906908035278,0
chain6_spurs,medium,frequent,p2_c40_penalty_off,101,4,6,4,2,393,581,202,40,249,118,0,4.097461938858032,0
chain6_spurs,medium,frequent,p2_c40_penalty_off,202,6,6,3,3,444,665,226,79,291,124,0,4.107714653015137,0
chain6_spurs,heavy,medium,baseline,101,,,0,0,178,299,50,0,66,104,0,3.73478102684021,0
chain6_spurs,heavy,medium,p2_c120,42,,,0,0,186,302,64,0,75,103,0,3.502978801727295,0
chain6_spurs,medium,frequent,p2_c40_penalty_off,303,,,0,0,266,397,118,0,144,106,0,4.377855539321899,0
chain6_spurs,heavy,medium,baseline,202,0,11,11,0,401,572,207,0,276,106,0,4.029074192047119,0
chain6_spurs,heavy,medium,baseline,42,,,0,0,186,302,64,0,75,103,0,4.145414590835571,0
chain6_spurs,medium,frequent,p2_c40_penalty_off,404,6,6,3,3,443,649,241,79,291,123,0,4.45030665397644,0
chain6_spurs,heavy,medium,p2_c120_mp2,42,,,0,0,186,302,64,0,75,103,0,3.7396767139434814,0
chain6_spurs,heavy,medium,baseline,303,0,12,12,0,411,575,226,0,285,106,0,4.27802586555481,0
chain6_spurs,heavy,medium,baseline,404,,,0,0,200,320,69,0,87,105,0,4.330188512802124,0
chain6_spurs,heavy,medium,p2_c120,202,0,11,11,0,401,572,207,0,276,106,0,4.2745678424835205,0
chain6_spurs,heavy,medium,p2_c120,303,0,12,12,0,411,575,226,0,285,106,0,4.274287939071655,0
chain6_spurs,heavy,medium,p2_c120,404,,,0,0,200,320,69,0,87,105,0,4.087421178817749,0
chain6_spurs,heavy,medium,p2_c120_mp2,101,,,0,0,178,299,50,0,66,104,0,4.254669427871704,0
chain6_spurs,heavy,medium,p2_c120_mp2,202,0,11,11,0,401,572,207,0,276,106,0,4.239720821380615,0
chain6_spurs,heavy,medium,p2_c120,101,,,0,0,178,299,50,0,66,104,0,4.8286004066467285,0
chain6_spurs,heavy,medium,p2_c120_mp2,303,0,12,12,0,411,575,226,0,285,106,0,4.330784559249878,0
chain6_spurs,heavy,medium,p2_c40,42,,,0,0,186,302,64,0,75,103,0,3.627427339553833,0
chain6_spurs,heavy,medium,p2_c120_h2,42,,,0,0,186,302,64,0,75,103,0,4.233875751495361,0
chain6_spurs,heavy,medium,p2_c120_h2,404,,,0,0,200,320,69,0,87,105,0,3.799051523208618,0
chain6_spurs,heavy,medium,p2_c120_mp2,404,,,0,0,200,320,69,0,87,105,0,4.403229236602783,0
chain6_spurs,heavy,medium,p2_c120_h2,101,,,0,0,178,299,50,0,66,104,0,4.263948678970337,0
chain6_spurs,heavy,medium,p2_c120_h2,202,0,11,11,0,397,583,201,0,261,114,3,4.2850964069366455,0
chain6_spurs,heavy,medium,p2_c120_h2,303,0,12,12,0,421,592,237,0,288,111,2,4.2336766719818115,0
chain6_spurs,heavy,medium,p2_c40,202,0,11,0,11,263,552,71,0,78,166,0,4.204639911651611,0
chain6_spurs,heavy,medium,p2_c40,101,,,0,0,178,299,50,0,66,104,0,4.333599328994751,0
chain6_spurs,heavy,medium,p2_c40,404,,,0,0,200,320,69,0,87,105,0,3.4221129417419434,0
chain6_spurs,heavy,medium,p2_c40,303,0,12,0,12,273,601,68,0,75,178,0,4.382384300231934,0
chain6_spurs,heavy,medium,p2_c40_penalty_off,101,,,0,0,178,299,50,0,66,104,0,3.68778657913208,0
chain6_spurs,heavy,medium,p2_c40_penalty_off,42,,,0,0,186,302,64,0,75,103,0,4.050678968429565,0
chain6_spurs,heavy,medium,p2_c40_penalty_off,303,0,12,9,3,381,587,190,0,237,124,0,4.047821521759033,0
chain6_spurs,heavy,medium,p2_c40_penalty_off,404,,,0,0,200,320,69,0,87,105,0,4.042542219161987,0
chain6_spurs,heavy,frequent,p2_c120,101,10,12,11,1,525,713,310,47,375,111,0,3.455315351486206,0
chain6_spurs,heavy,medium,p2_c40_penalty_off,202,0,11,8,3,365,565,178,0,222,124,0,4.337892770767212,0
chain6_spurs,heavy,frequent,baseline,101,10,12,10,2,532,737,311,65,375,118,0,4.077070951461792,0
chain6_spurs,heavy,frequent,baseline,42,11,12,8,4,543,774,318,60,378,125,0,4.2837135791778564,0
chain6_spurs,heavy,frequent,baseline,202,11,12,1,11,582,960,288,195,372,170,0,4.118041038513184,0
chain6_spurs,heavy,frequent,p2_c120,202,10,12,11,1,529,715,312,47,378,112,0,3.7927162647247314,0
chain6_spurs,heavy,frequent,p2_c120,42,11,12,11,1,548,739,331,33,399,109,0,4.165266990661621,0
chain6_spurs,heavy,frequent,baseline,303,,,0,0,266,397,118,0,144,106,0,4.314267158508301,0
chain6_spurs,heavy,frequent,baseline,404,10,12,7,5,524,761,297,101,354,131,0,4.273772478103638,0
chain6_spurs,heavy,frequent,p2_c120_mp2,303,,,0,0,266,397,118,0,144,106,0,3.7454419136047363,0
chain6_spurs,heavy,frequent,p2_c120,404,10,12,11,1,510,688,302,47,360,111,0,4.277109384536743,0
chain6_spurs,heavy,frequent,p2_c120_h2,42,12,12,11,1,559,768,337,49,399,117,2,3.633057117462158,0
chain6_spurs,heavy,frequent,p2_c120,303,,,0,0,266,397,118,0,144,106,0,4.3447041511535645,0
chain6_spurs,heavy,frequent,p2_c120_mp2,42,11,12,11,1,550,736,333,30,402,107,0,4.283427000045776,0
chain6_spurs,heavy,frequent,p2_c120_mp2,202,11,12,11,1,522,710,301,39,369,112,0,4.1738622188568115,0
chain6_spurs,heavy,frequent,p2_c120_mp2,101,10,12,11,1,526,714,310,47,375,111,0,4.406538486480713,0
chain6_spurs,heavy,frequent,p2_c120_mp2,404,10,12,11,1,511,689,302,47,360,111,0,4.2755749225616455,0
chain6_spurs,heavy,frequent,p2_c120_h2,303,,,0,0,266,397,118,0,144,106,0,4.078810453414917,0
chain6_spurs,heavy,frequent,p2_c120_h2,101,11,12,11,1,567,772,341,67,408,116,2,4.260578632354736,0
chain6_spurs,heavy,frequent,p2_c120_h2,202,11,12,11,1,577,798,334,48,417,118,2,4.543313503265381,0
chain6_spurs,heavy,frequent,p2_c120_h2,404,10,12,12,0,529,720,310,29,375,113,2,4.1482672691345215,0
chain6_spurs,heavy,frequent,p2_c40,101,9,12,0,12,528,857,274,171,318,173,0,4.402771472930908,0
chain6_spurs,heavy,frequent,p2_c40,42,0,12,0,12,376,688,156,0,186,162,0,4.591149806976318,0
chain6_spurs,heavy,frequent,p2_c40,202,11,12,0,12,539,915,254,179,327,173,0,4.624088525772095,0
chain6_spurs,heavy,frequent,p2_c40,404,9,12,0,12,517,847,261,156,318,162,0,4.297985553741455,0
chain6_spurs,heavy,frequent,p2_c40,303,,,0,0,266,397,118,0,144,106,0,4.6745078563690186,0
chain6_spurs,heavy,frequent,p2_c40_penalty_off,101,9,12,8,4,545,792,305,100,375,132,0,4.373711585998535,0
chain6_spurs,heavy,frequent,p2_c40_penalty_off,42,9,12,8,4,522,786,288,40,348,136,0,4.468516111373901,0
chain6_spurs,sparse,medium,baseline,101,,,0,0,178,299,50,0,66,104,0,4.10162091255188,0
chain6_spurs,heavy,frequent,p2_c40_penalty_off,303,,,0,0,266,397,118,0,144,106,0,4.534733533859253,0
chain6_spurs,heavy,frequent,p2_c40_penalty_off,404,9,12,9,3,497,677,294,46,345,114,0,4.504528284072876,0
chain6_spurs,sparse,medium,baseline,42,,,0,0,186,302,64,0,75,103,0,4.4294373989105225,0
chain6_spurs,heavy,frequent,p2_c40_penalty_off,202,11,12,9,3,535,765,298,65,372,124,0,4.623249530792236,0
chain6_spurs,sparse,medium,baseline,202,0,3,3,0,240,361,104,0,123,106,0,4.593777418136597,0
chain6_spurs,sparse,medium,baseline,404,,,0,0,200,320,69,0,87,105,0,4.479806661605835,0
chain6_spurs,sparse,medium,p2_c120,42,,,0,0,186,302,64,0,75,103,0,4.5793702602386475,0
chain6_spurs,sparse,medium,baseline,303,0,4,4,0,262,392,119,0,144,106,0,4.678374290466309,0
chain6_spurs,sparse,medium,p2_c120,404,,,0,0,200,320,69,0,87,105,0,4.508913993835449,0
chain6_spurs,sparse,medium,p2_c120,303,0,4,4,0,262,392,119,0,144,106,0,4.658544301986694,0
chain6_spurs,sparse,medium,p2_c120,101,,,0,0,178,299,50,0,66,104,0,4.74958062171936,0
chain6_spurs,sparse,medium,p2_c120_mp2,101,,,0,0,178,299,50,0,66,104,0,4.45720911026001,0
chain6_spurs,sparse,medium,p2_c120,202,0,3,3,0,240,361,104,0,123,106,0,4.830424070358276,0
chain6_spurs,sparse,medium,p2_c120_mp2,202,0,3,3,0,240,361,104,0,123,106,0,4.546009540557861,0
chain6_spurs,sparse,medium,p2_c120_mp2,42,,,0,0,186,302,64,0,75,103,0,5.00800085067749,0
chain6_spurs,sparse,medium,p2_c120_mp2,303,0,4,4,0,262,392,119,0,144,106,0,4.783358573913574,0
chain6_spurs,sparse,medium,p2_c120_mp2,404,,,0,0,200,320,69,0,87,105,0,4.983581781387329,0
chain6_spurs,sparse,medium,p2_c120_h2,101,,,0,0,178,299,50,0,66,104,0,4.656071901321411,0
chain6_spurs,sparse,medium,p2_c120_h2,202,0,3,3,0,260,407,111,0,132,114,3,4.481341600418091,0
chain6_spurs,sparse,medium,p2_c120_h2,42,,,0,0,186,302,64,0,75,103,0,5.168247699737549,0
chain6_spurs,sparse,medium,p2_c120_h2,404,,,0,0,200,320,69,0,87,105,0,4.826800107955933,0
chain6_spurs,sparse,medium,p2_c120_h2,303,0,4,4,0,273,426,120,0,144,114,3,5.0079474449157715,0
chain6_spurs,sparse,medium,p2_c40,42,,,0,0,186,302,64,0,75,103,0,4.317557096481323,0
chain6_spurs,sparse,medium,p2_c40,101,,,0,0,178,299,50,0,66,104,0,4.397204160690308,0
chain6_spurs,sparse,medium,p2_c40,202,0,3,0,3,213,381,66,0,78,124,0,4.347677946090698,0
chain6_spurs,sparse,medium,p2_c40,404,,,0,0,200,320,69,0,87,105,0,4.504220724105835,0
chain6_spurs,sparse,medium,p2_c40_penalty_off,101,,,0,0,178,299,50,0,66,104,0,4.3634889125823975,0
chain6_spurs,sparse,medium,p2_c40,303,0,4,0,4,216,399,66,0,75,129,0,4.70056939125061,0
chain6_spurs,sparse,medium,p2_c40_penalty_off,404,,,0,0,200,320,69,0,87,105,0,4.454447269439697,0
chain6_spurs,sparse,medium,p2_c40_penalty_off,42,,,0,0,186,302,64,0,75,103,0,4.779196262359619,0
chain6_spurs,sparse,frequent,baseline,42,4,5,5,0,413,560,243,13,285,103,0,4.425622940063477,0
chain6_spurs,sparse,medium,p2_c40_penalty_off,202,0,3,0,3,213,381,66,0,78,124,0,4.816112041473389,0
chain6_spurs,sparse,medium,p2_c40_penalty_off,303,0,4,0,4,216,399,66,0,75,129,0,4.822869777679443,0
chain6_spurs,sparse,frequent,baseline,202,3,4,4,0,363,511,188,6,234,106,0,4.478055477142334,0
chain6_spurs,sparse,frequent,p2_c120,42,4,5,5,0,413,560,243,13,285,103,0,4.014750003814697,0
chain6_spurs,sparse,frequent,baseline,303,,,0,0,266,397,118,0,144,106,0,4.531717777252197,0
chain6_spurs,sparse,frequent,baseline,404,1,4,4,0,321,451,167,1,195,105,0,4.202485084533691,0
chain6_spurs,sparse,frequent,baseline,101,0,5,5,0,338,482,174,0,213,104,0,4.728000164031982,0
chain6_spurs,sparse,frequent,p2_c120,202,3,4,4,0,363,511,188,6,234,106,0,4.105255603790283,0
chain6_spurs,sparse,frequent,p2_c120,303,,,0,0,266,397,118,0,144,106,0,4.2114691734313965,0
chain6_spurs,sparse,frequent,p2_c120,101,0,5,5,0,338,482,174,0,213,104,0,4.404590845108032,0
chain6_spurs,sparse,frequent,p2_c120,404,1,4,4,0,321,451,167,1,195,105,0,4.365578889846802,0
chain6_spurs,sparse,frequent,p2_c120_mp2,101,0,5,5,0,338,482,174,0,213,104,0,4.220609188079834,0
chain6_spurs,sparse,frequent,p2_c120_mp2,42,4,5,5,0,413,560,243,13,285,103,0,4.469005107879639,0
chain6_spurs,sparse,frequent,p2_c120_mp2,202,3,4,4,0,363,511,188,6,234,106,0,4.067454099655151,0
chain6_spurs,sparse,frequent,p2_c120_mp2,303,,,0,0,266,397,118,0,144,106,0,3.9671318531036377,0
chain6_spurs,sparse,frequent,p2_c120_h2,42,4,5,5,0,375,526,215,4,237,111,2,3.9545223712921143,0
chain6_spurs,sparse,frequent,p2_c120_h2,101,0,5,5,0,333,494,160,0,201,109,2,3.3957369327545166,0
chain6_spurs,sparse,frequent,p2_c120_mp2,404,1,4,4,0,321,451,167,1,195,105,0,4.255844831466675,0
chain6_spurs,sparse,frequent,p2_c120_h2,202,3,4,4,0,383,553,196,9,246,112,2,3.6338062286376953,0
chain6_spurs,sparse,frequent,p2_c120_h2,303,,,0,0,266,397,118,0,144,106,0,3.5846588611602783,0
chain6_spurs,sparse,frequent,p2_c120_h2,404,2,4,4,0,341,500,171,2,204,113,2,3.365241289138794,0
chain6_spurs,sparse,frequent,p2_c40,42,0,5,0,5,289,474,133,0,141,127,0,3.658365488052368,0
chain6_spurs,sparse,frequent,p2_c40,101,2,5,0,5,341,556,154,38,183,135,0,3.399258613586426,0
chain6_spurs,sparse,frequent,p2_c40_penalty_off,303,,,0,0,266,397,118,0,144,106,0,2.9219372272491455,0
chain6_spurs,sparse,frequent,p2_c40,202,3,4,0,4,361,566,173,39,210,128,0,3.4626004695892334,0
chain6_spurs,sparse,frequent,p2_c40,303,,,0,0,266,397,118,0,144,106,0,3.5267233848571777,0
chain6_spurs,sparse,frequent,p2_c40,404,2,4,0,4,312,487,146,29,168,122,0,3.4429173469543457,0
chain6_spurs,sparse,frequent,p2_c40_penalty_off,42,0,5,0,5,289,474,133,0,141,127,0,3.3295376300811768,0
chain6_spurs,sparse,frequent,p2_c40_penalty_off,101,2,5,0,5,341,556,154,38,183,135,0,3.18345308303833,0
chain6_spurs,sparse,frequent,p2_c40_penalty_off,404,2,4,0,4,312,487,146,29,168,122,0,2.9106247425079346,0
chain6_spurs,sparse,frequent,p2_c40_penalty_off,202,3,4,0,4,361,566,173,39,210,128,0,3.3286001682281494,0
