topology,workload,advert,feature,seed,delivered,sent,alice_flood,alice_direct,radio_tx,radio_rx,collisions,ackpath_tx,total_flood_tx,total_direct_tx,probes_fired,wall_s,rc
chain_6,medium,medium,baseline,101,6,6,1,5,100,218,13,22,34,45,0,0.911942720413208,0
chain_6,medium,medium,baseline,909,6,6,2,4,88,173,29,20,26,41,0,0.9091544151306152,0
chain_6,medium,medium,baseline,303,6,6,2,4,92,184,28,20,30,41,0,0.9342889785766602,0
chain_6,medium,medium,p2_c120,303,6,6,4,2,102,196,36,27,44,35,0,1.2609031200408936,0
chain_6,medium,medium,baseline,202,6,6,1,5,101,217,17,22,35,45,0,1.334604024887085,0
chain_6,medium,medium,baseline,1111,6,6,1,5,94,198,20,22,28,45,0,1.3426814079284668,0
chain_6,medium,medium,baseline,1010,6,6,1,5,97,193,26,29,42,34,0,1.347259521484375,0
chain_6,medium,medium,baseline,1818,6,6,2,4,102,197,34,24,49,32,0,1.3424158096313477,0
chain_6,medium,medium,baseline,606,6,6,1,5,93,174,36,28,39,33,0,1.3532633781433105,0
chain_6,medium,medium,baseline,808,6,6,1,5,94,200,17,23,27,46,0,1.3520679473876953,0
chain_6,medium,medium,baseline,1212,6,6,2,4,92,185,26,20,29,42,0,1.3578345775604248,0
chain_6,medium,medium,baseline,1717,5,6,1,5,89,185,18,19,28,41,0,1.3581488132476807,0
chain_6,medium,medium,baseline,404,6,6,1,5,95,203,15,22,29,45,0,1.369234323501587,0
chain_6,medium,medium,baseline,1313,6,6,2,4,101,189,38,26,50,30,0,1.3710052967071533,0
chain_6,medium,medium,p2_c120,202,6,6,4,2,113,232,24,28,55,35,0,1.343949794769287,0
chain_6,medium,medium,baseline,1616,5,6,1,5,90,185,22,20,29,41,0,1.3766131401062012,0
chain_6,medium,medium,baseline,1515,6,6,1,5,93,192,23,22,26,46,0,1.377260684967041,0
chain_6,medium,medium,baseline,707,6,6,1,5,95,200,20,22,28,46,0,1.3812315464019775,0
chain_6,medium,medium,p2_c120,42,6,6,4,2,94,176,33,23,41,31,0,1.3490915298461914,0
chain_6,medium,medium,baseline,42,6,6,1,5,94,180,32,28,40,33,0,1.3980515003204346,0
chain_6,medium,medium,baseline,1414,6,6,1,5,96,196,26,21,30,45,0,1.3932690620422363,0
chain_6,medium,medium,p2_c120,606,6,6,4,2,94,175,34,24,41,31,0,1.3746016025543213,0
chain_6,medium,medium,p2_c120,404,6,6,4,2,105,211,25,28,47,35,0,1.376847267150879,0
chain_6,medium,medium,baseline,1919,5,6,1,5,94,194,20,19,31,42,0,1.395319938659668,0
chain_6,medium,medium,p2_c120,505,6,6,4,2,93,167,39,22,45,26,0,1.39701247215271,0
chain_6,medium,medium,p2_c120,101,6,6,4,2,110,224,27,28,50,37,0,1.4064528942108154,0
chain_6,medium,medium,p2_c120,707,6,6,5,1,96,186,29,15,45,30,0,1.403177261352539,0
chain_6,medium,medium,baseline,505,6,6,2,4,92,173,34,24,41,30,0,1.4597642421722412,0
chain_6,medium,medium,p2_c120,808,6,6,3,3,103,201,34,30,40,40,0,1.1475844383239746,0
chain_6,medium,medium,p2_c120,909,6,6,4,2,98,180,44,28,38,37,0,1.1726915836334229,0
chain_6,medium,medium,p2_c120,1010,6,6,3,3,101,193,34,31,44,34,0,1.192613124847412,0
chain_6,medium,medium,p2_c120,1515,6,6,4,2,99,188,37,24,41,36,0,1.0392341613769531,0
chain_6,medium,medium,p2_c120_mp2,1515,6,6,4,2,100,187,38,23,40,36,0,0.9604246616363525,0
chain_6,medium,medium,p2_c120,1717,5,6,4,2,100,195,30,26,45,33,0,1.2363033294677734,0
chain_6,medium,medium,p2_c120_mp2,101,6,6,4,2,113,231,24,29,51,37,0,1.2547595500946045,0
chain_6,medium,medium,p2_c120,1111,6,6,4,2,98,192,29,21,43,33,0,1.3617651462554932,0
chain_6,medium,medium,p2_c120,1212,6,6,4,2,102,195,38,28,41,38,0,1.3321506977081299,0
chain_6,medium,medium,p2_c120,1313,6,6,4,2,106,197,42,29,51,32,0,1.3738665580749512,0
chain_6,medium,medium,p2_c120_mp2,42,6,6,3,3,101,189,36,30,38,37,0,1.3676676750183105,0
chain_6,medium,medium,p2_c120,1616,5,6,4,2,100,195,34,28,42,36,0,1.3835582733154297,0
chain_6,medium,medium,p2_c120_mp2,808,6,6,3,3,107,213,29,31,39,42,0,1.3425633907318115,0
chain_6,medium,medium,p2_c120,1818,6,6,5,1,102,189,39,19,52,28,0,1.3793895244598389,0
chain_6,medium,medium,p2_c120,1414,6,6,3,3,107,210,35,29,44,40,0,1.3963191509246826,0
chain_6,medium,medium,p2_c120,1919,5,6,4,2,98,192,27,20,43,33,0,1.3822290897369385,0
chain_6,medium,medium,p2_c120_mp2,202,6,6,4,2,114,229,27,27,54,35,0,1.3743669986724854,0
chain_6,medium,medium,p2_c120_mp2,1010,6,6,4,2,98,185,31,23,42,32,0,1.3529138565063477,0
chain_6,medium,medium,p2_c120_mp2,303,6,6,4,2,108,216,28,30,46,37,0,1.3858380317687988,0
chain_6,medium,medium,p2_c120_mp2,1212,6,6,4,2,104,197,38,28,41,38,0,1.3385488986968994,0
chain_6,medium,medium,p2_c120_mp2,606,6,6,4,2,96,177,34,24,41,31,0,1.3957493305206299,0
chain_6,medium,medium,p2_c120_mp2,707,6,6,5,1,97,186,30,15,45,30,0,1.3889610767364502,0
chain_6,medium,medium,p2_c120_mp2,404,6,6,4,2,107,209,31,28,45,37,0,1.4071276187896729,0
chain_6,medium,medium,p2_c120_mp2,505,6,6,5,1,95,173,36,21,46,26,0,1.4253747463226318,0
chain_6,medium,medium,p2_c120_mp2,909,6,6,4,2,100,182,44,28,38,37,0,1.4042561054229736,0
chain_6,medium,medium,p2_c120_mp2,1111,6,6,4,2,100,194,29,21,43,33,0,1.407163381576538,0
chain_6,medium,medium,p2_c120_mp2,1313,6,6,5,1,94,167,38,12,48,24,0,1.392465591430664,0
chain_6,medium,medium,p2_c120_mp2,1414,6,6,3,3,112,221,32,30,45,41,0,1.41402268409729,0
chain_6,medium,medium,p2_c120_mp2,1717,5,6,4,2,102,196,31,26,45,33,0,1.1713566780090332,0
chain_6,medium,medium,p2_c120_mp2,1818,6,6,5,1,103,190,39,19,52,28,0,1.2386364936828613,0
chain_6,medium,medium,p2_c120_mp2,1616,5,6,4,2,103,202,31,29,43,36,0,1.4155616760253906,0
chain_6,medium,medium,p2_c120_mp2,1919,5,6,4,2,100,194,27,20,43,33,0,1.2566730976104736,0
chain_6,medium,medium,p2_c120_mp3,42,6,6,3,3,103,189,35,29,39,35,0,1.369429111480713,0
chain_6,medium,medium,p2_c120_mp3,202,6,6,4,2,111,222,25,22,50,35,0,1.2207002639770508,0
chain_6,medium,medium,p2_c120_mp3,1818,6,6,5,1,104,189,41,19,52,28,0,1.0900843143463135,0
chain_6,medium,medium,p2_c120_mp3,1010,6,6,4,2,107,208,27,30,46,34,0,1.1349589824676514,0
chain_6,medium,medium,p2_c120_mp3,404,6,6,4,2,104,203,26,22,43,35,0,1.3252875804901123,0
chain_6,medium,medium,p2_c120_mp3,101,6,6,4,2,113,223,28,27,51,35,0,1.4088618755340576,0
chain_6,medium,medium,p2_c120_mp3,1111,6,6,4,2,102,196,29,21,43,33,0,1.2713632583618164,0
chain_6,medium,medium,p2_c120_mp3,303,6,6,4,2,109,213,31,29,45,37,0,1.3696718215942383,0
chain_6,medium,medium,p2_c120_h2,101,6,6,4,2,114,229,29,28,51,38,2,1.2005257606506348,0
chain_6,medium,medium,p2_c120_mp3,909,6,6,4,2,98,178,39,23,37,35,0,1.3326447010040283,0
chain_6,medium,medium,p2_c120_mp3,1919,5,6,4,2,104,204,25,22,43,35,0,1.2873101234436035,0
chain_6,medium,medium,p2_c120_mp3,606,6,6,4,2,103,187,39,30,43,33,0,1.3590214252471924,0
chain_6,medium,medium,p2_c120_mp3,505,6,6,4,2,98,174,38,23,46,26,0,1.387810230255127,0
chain_6,medium,medium,p2_c120_mp3,1414,6,6,3,3,115,223,33,30,45,41,0,1.3432233333587646,0
chain_6,medium,medium,p2_c120_mp3,707,6,6,5,1,98,187,30,15,45,30,0,1.3853819370269775,0
chain_6,medium,medium,p2_c120_mp3,1313,6,6,5,1,95,168,38,12,48,24,0,1.3669674396514893,0
chain_6,medium,medium,p2_c120_mp3,808,6,6,4,2,107,203,34,28,44,36,0,1.4158194065093994,0
chain_6,medium,medium,p2_c120_mp3,1212,6,6,4,2,106,199,38,28,41,38,0,1.4039053916931152,0
chain_6,medium,medium,p2_c120_mp3,1515,6,6,4,2,103,191,38,24,41,36,0,1.388984203338623,0
chain_6,medium,medium,p2_c120_mp3,1717,5,6,4,2,103,193,34,25,44,33,0,1.3926138877868652,0
chain_6,medium,medium,p2_c120_h2,42,6,6,4,2,105,209,30,23,44,38,1,1.412820816040039,0
chain_6,medium,medium,p2_c120_mp3,1616,5,6,4,2,105,204,31,29,43,36,0,1.4530901908874512,0
chain_6,medium,medium,p2_c120_h2,202,6,6,4,2,102,195,35,22,45,34,1,1.3993010520935059,0
chain_6,medium,medium,p2_c120_h2,303,6,6,4,2,105,196,43,29,45,36,1,1.4181828498840332,0
chain_6,medium,medium,p2_c120_h2,505,6,6,3,3,115,229,34,32,45,44,3,1.0849816799163818,0
chain_6,medium,medium,p2_c120_h2,404,6,6,4,2,107,210,32,30,41,41,2,1.383364200592041,0
chain_6,medium,medium,p2_c120_h2,606,6,6,4,2,102,196,36,29,38,40,1,1.340137004852295,0
chain_6,medium,medium,p2_c120_h2,1010,6,6,4,2,108,218,25,30,47,37,1,1.076324224472046,0
chain_6,medium,medium,p2_c120_h2,707,6,6,3,3,107,212,32,31,42,41,1,1.4116895198822021,0
chain_6,medium,medium,p2_c40,42,6,6,0,6,91,178,29,26,36,35,0,0.9540901184082031,0
chain_6,medium,medium,p2_c120_h2,808,6,6,3,3,104,203,36,31,35,45,1,1.3817636966705322,0
chain_6,medium,medium,p2_c120_h2,909,6,6,4,2,104,200,38,29,40,40,1,1.3776185512542725,0
chain_6,medium,medium,p2_c120_h2,1616,5,6,4,2,104,199,38,21,42,38,3,1.2090933322906494,0
chain_6,medium,medium,p2_c120_h2,1111,6,6,4,2,108,209,34,30,52,32,1,1.3993291854858398,0
chain_6,medium,medium,p2_c40,202,6,6,0,6,105,221,20,28,50,35,0,1.1859204769134521,0
chain_6,medium,medium,p2_c120_h2,1717,5,6,3,3,105,209,30,26,44,38,1,1.235938549041748,0
chain_6,medium,medium,p2_c120_h2,1313,6,6,4,2,106,201,38,26,47,35,1,1.3408691883087158,0
chain_6,medium,medium,p2_c120_h2,1212,6,6,4,2,114,225,33,30,52,38,1,1.3901405334472656,0
chain_6,medium,medium,p2_c120_h2,1515,6,6,4,2,103,199,33,23,45,35,1,1.3711509704589844,0
chain_6,medium,medium,p2_c40,606,6,6,0,6,91,176,31,27,36,35,0,1.2460715770721436,0
chain_6,medium,medium,p2_c120_h2,1414,6,6,4,2,106,208,32,27,43,39,1,1.4548060894012451,0
chain_6,medium,medium,p2_c40,101,6,6,0,6,104,219,17,28,49,35,0,1.390185832977295,0
chain_6,medium,medium,p2_c120_h2,1818,6,6,5,1,107,207,35,20,49,35,1,1.4116370677947998,0
chain_6,medium,medium,p2_c120_h2,1919,5,6,4,2,104,204,30,20,45,36,1,1.4235825538635254,0
chain_6,medium,medium,p2_c40,404,6,6,0,6,99,206,19,28,44,35,0,1.3673267364501953,0
chain_6,medium,medium,p2_c40,303,6,6,0,6,92,180,31,22,37,35,0,1.409846305847168,0
chain_6,medium,medium,p2_c40,707,6,6,0,6,98,198,27,27,42,36,0,1.379650592803955,0
chain_6,medium,medium,p2_c40,808,6,6,0,6,96,193,27,26,40,36,0,1.3486366271972656,0
chain_6,medium,medium,p2_c40,505,6,6,0,6,94,192,22,29,40,34,0,1.4227046966552734,0
chain_6,medium,medium,p2_c40,909,5,6,0,6,88,172,29,24,35,34,0,1.3799364566802979,0
chain_6,medium,medium,p2_c40,1010,6,6,0,6,96,200,18,29,40,36,0,1.3803236484527588,0
chain_6,medium,medium,p2_c40,1111,6,6,0,6,98,202,23,27,43,35,0,1.3880634307861328,0
chain_6,medium,medium,p2_c40,1212,6,6,0,6,96,193,27,27,40,36,0,1.2909448146820068,0
chain_6,medium,medium,p2_c40,1313,6,6,0,6,100,201,27,28,46,34,0,1.383237361907959,0
chain_6,medium,medium,p2_c40,1515,6,6,0,6,93,181,32,23,37,36,0,1.2262942790985107,0
chain_6,medium,medium,p2_c40,1414,6,6,0,6,102,209,25,28,46,36,0,1.3996927738189697,0
chain_6,medium,medium,p2_c40,1717,5,6,0,6,92,190,18,24,40,33,0,1.382293462753296,0
chain_6,medium,medium,p2_c40_penalty_off,42,6,6,3,3,99,190,36,31,37,39,0,1.205207109451294,0
chain_6,medium,medium,p2_c40,1616,5,6,0,6,91,177,31,22,39,33,0,1.397733211517334,0
chain_6,medium,medium,p2_c40_penalty_off,202,6,6,3,3,111,221,35,31,49,39,0,1.1919753551483154,0
chain_6,medium,medium,p2_c40,1919,5,6,0,6,98,200,21,24,44,34,0,1.2989857196807861,0
chain_6,medium,medium,p2_c40_penalty_off,101,6,6,3,3,112,233,22,32,52,37,0,1.2828795909881592,0
chain_6,medium,medium,p2_c40,1818,6,6,0,6,101,204,28,27,45,36,0,1.4109182357788086,0
chain_6,medium,medium,p2_c40_penalty_off,303,6,6,3,3,102,200,32,27,42,37,0,1.340982437133789,0
chain_6,medium,medium,p2_c40_penalty_off,404,6,6,3,3,102,207,24,27,43,37,0,1.3844013214111328,0
chain_6,medium,medium,p2_c40_penalty_off,606,6,6,3,3,95,182,33,27,36,37,0,1.3784708976745605,0
chain_6,medium,medium,p2_c40_penalty_off,505,6,6,3,3,96,187,31,26,38,36,0,1.4011518955230713,0
chain_6,medium,medium,p2_c40_penalty_off,707,6,6,3,3,98,188,32,22,47,30,0,1.3785135746002197,0
chain_6,medium,medium,p2_c40_penalty_off,808,6,6,3,3,97,193,26,21,42,34,0,1.3170936107635498,0
chain_6,medium,medium,p2_c40_penalty_off,909,5,6,3,3,90,170,35,21,33,36,0,1.3159499168395996,0
chain_6,medium,medium,p2_c40_penalty_off,1414,6,6,3,3,105,207,32,28,49,34,0,1.2831127643585205,0
chain_6,medium,medium,p2_c40_penalty_off,1212,6,6,3,3,100,199,29,26,40,38,0,1.3816261291503906,0
chain_6,medium,medium,p2_c40_penalty_off,1010,6,6,3,3,100,207,19,28,40,38,0,1.4383141994476318,0
chain_6,medium,medium,p2_c40_penalty_off,1111,6,6,3,3,106,204,36,32,52,31,0,1.429107904434204,0
chain_6,medium,medium,p2_c40_penalty_off,1515,6,6,3,3,107,216,29,33,44,40,0,1.3710556030273438,0
chain_6,medium,medium,p2_c40_penalty_off,1313,6,6,4,2,93,173,33,14,47,26,0,1.4110064506530762,0
chain_6,medium,medium,p2_c40_penalty_off,1616,5,6,4,2,97,188,32,22,44,32,0,1.4267151355743408,0
chain_6,medium,medium,p2_c40_penalty_off,1818,6,6,3,3,111,218,35,33,52,36,0,1.394538402557373,0
chain_6,medium,medium,p2_c40_penalty_off,1717,5,6,3,3,95,191,25,25,37,37,0,1.4841361045837402,0
chain_6,medium,medium,p2_c40_penalty_off,1919,6,6,3,3,111,221,29,33,52,35,0,1.4634499549865723,0
chain_6,medium,frequent,baseline,42,6,6,1,5,111,211,39,22,37,45,0,1.4349331855773926,0
chain_6,medium,frequent,baseline,101,6,6,1,5,134,270,37,22,60,45,0,1.4223179817199707,0
chain_6,medium,frequent,baseline,202,6,6,1,5,123,238,40,22,49,45,0,1.460822343826294,0
chain_6,medium,frequent,baseline,404,6,6,1,5,124,251,30,22,50,45,0,1.2171437740325928,0
chain_6,medium,frequent,baseline,303,6,6,2,4,124,239,42,20,54,41,0,1.451305627822876,0
chain_6,medium,frequent,baseline,606,6,6,1,5,117,224,42,22,43,45,0,1.301567554473877,0
chain_6,medium,frequent,baseline,505,6,6,1,5,117,227,38,22,44,44,0,1.4617257118225098,0
chain_6,medium,frequent,baseline,808,6,6,1,5,123,244,36,22,48,46,0,1.4526145458221436,0
chain_6,medium,frequent,baseline,1818,6,6,1,5,133,274,29,22,58,46,0,1.1738905906677246,0
chain_6,medium,frequent,baseline,1111,6,6,3,3,117,220,41,18,51,37,0,1.3958656787872314,0
chain_6,medium,frequent,baseline,909,5,6,3,3,111,206,43,18,46,37,0,1.5101227760314941,0
chain_6,medium,frequent,baseline,1010,6,6,1,5,114,225,31,22,39,46,0,1.5195600986480713,0
chain_6,medium,frequent,baseline,707,6,6,3,3,128,247,41,18,61,38,0,1.6437571048736572,0
chain_6,medium,frequent,baseline,1212,6,6,1,5,125,249,36,23,50,46,0,1.4545748233795166,0
chain_6,medium,frequent,baseline,1414,6,6,1,5,135,262,41,31,72,34,0,1.3982107639312744,0
chain_6,medium,frequent,baseline,1313,6,6,1,5,123,239,40,22,50,44,0,1.4178194999694824,0
chain_6,medium,frequent,p2_c120,404,6,6,4,2,136,266,39,29,68,37,0,1.3826706409454346,0
chain_6,medium,frequent,baseline,1717,5,6,1,5,121,239,34,19,52,41,0,1.579699993133545,0
chain_6,medium,frequent,baseline,1616,5,6,2,4,119,219,49,18,54,37,0,1.6098625659942627,0
chain_6,medium,frequent,p2_c120,202,6,6,4,2,133,244,54,28,65,37,0,1.454056978225708,0
chain_6,medium,frequent,p2_c120,303,6,6,4,2,130,245,47,22,65,35,0,1.467956304550171,0
chain_6,medium,frequent,baseline,1515,6,6,1,5,113,216,39,22,38,46,0,1.72409987449646,0
chain_6,medium,frequent,p2_c120,606,6,6,4,2,122,221,52,22,57,35,0,1.448828935623169,0
chain_6,medium,frequent,p2_c120,101,6,6,4,2,146,286,45,29,78,37,0,1.680640697479248,0
chain_6,medium,frequent,p2_c120,808,6,6,4,2,133,251,47,27,66,36,0,1.5349657535552979,0
chain_6,medium,frequent,p2_c120,42,6,6,3,3,122,226,48,31,50,41,0,1.772193431854248,0
chain_6,medium,frequent,p2_c120,505,6,6,5,1,117,211,46,14,60,28,0,1.7538151741027832,0
chain_6,medium,frequent,p2_c120,707,6,6,4,2,133,252,47,22,67,36,0,1.695113182067871,0
chain_6,medium,frequent,baseline,1919,5,6,2,4,118,223,39,17,51,38,0,1.926940679550171,0
chain_6,medium,frequent,p2_c120,1111,6,6,4,2,122,227,43,21,59,33,0,1.2868316173553467,0
chain_6,medium,frequent,p2_c120,909,5,6,4,2,117,216,46,22,53,35,0,1.524751901626587,0
chain_6,medium,frequent,p2_c120,1313,6,6,3,3,133,249,50,29,64,38,0,1.3078558444976807,0
chain_6,medium,frequent,p2_c120,1010,6,6,4,2,121,220,46,25,56,34,0,1.4541692733764648,0
chain_6,medium,frequent,p2_c120,1212,6,6,4,2,135,255,50,29,66,38,0,1.555147409439087,0
chain_6,medium,frequent,p2_c120,1919,5,6,4,2,125,235,40,20,63,32,0,1.3389272689819336,0
chain_6,medium,frequent,p2_c120,1616,5,6,4,2,129,229,61,26,66,33,0,1.4605257511138916,0
chain_6,medium,frequent,p2_c120,1818,6,6,3,3,142,281,40,29,71,40,0,1.4233036041259766,0
chain_6,medium,frequent,p2_c120,1515,6,6,4,2,118,207,56,23,52,36,0,1.5338523387908936,0
chain_6,medium,frequent,p2_c120_mp2,42,6,6,3,3,125,229,48,31,50,41,0,1.4297313690185547,0
chain_6,medium,frequent,p2_c120,1414,6,6,3,3,139,260,52,33,73,35,0,1.7822742462158203,0
chain_6,medium,frequent,p2_c120,1717,5,6,3,3,129,243,44,25,66,33,0,1.6579291820526123,0
chain_6,medium,frequent,p2_c120_mp2,202,6,6,4,2,136,253,47,28,68,35,0,1.5658459663391113,0
chain_6,medium,frequent,p2_c120_mp2,101,6,6,4,2,148,288,45,29,78,37,0,1.5830931663513184,0
chain_6,medium,frequent,p2_c120_mp2,303,6,6,4,2,132,247,47,22,65,35,0,1.6071393489837646,0
chain_6,medium,frequent,p2_c120_mp2,606,6,6,4,2,124,223,52,22,57,35,0,1.4062974452972412,0
chain_6,medium,frequent,p2_c120_mp2,505,6,6,5,1,118,212,46,14,60,28,0,1.4472355842590332,0
chain_6,medium,frequent,p2_c120_mp2,404,6,6,4,2,131,252,36,21,66,33,0,1.5237252712249756,0
chain_6,medium,frequent,p2_c120_mp2,707,6,6,4,2,135,254,47,22,67,36,0,1.587808609008789,0
chain_6,medium,frequent,p2_c120_mp2,1010,6,6,4,2,124,225,47,26,55,36,0,1.474799394607544,0
chain_6,medium,frequent,p2_c120_mp2,909,5,6,4,2,119,218,46,22,53,35,0,1.5928611755371094,0
chain_6,medium,frequent,p2_c120_mp2,808,6,6,4,2,136,256,48,28,65,38,0,1.686565637588501,0
chain_6,medium,frequent,p2_c120_mp2,1212,6,6,4,2,138,262,47,30,67,38,0,1.4316718578338623,0
chain_6,medium,frequent,p2_c120_mp2,1313,6,6,3,3,136,254,48,29,64,38,0,1.4843111038208008,0
chain_6,medium,frequent,p2_c120_mp2,1616,5,6,4,2,132,236,58,27,67,33,0,1.4831171035766602,0
chain_6,medium,frequent,p2_c120_mp2,1414,6,6,3,3,142,261,54,33,73,35,0,1.617445945739746,0
chain_6,medium,frequent,p2_c120_mp2,1717,5,6,3,3,132,245,45,25,66,33,0,1.4420056343078613,0
chain_6,medium,frequent,p2_c120_mp2,1515,6,6,4,2,121,214,53,24,53,36,0,1.628100872039795,0
chain_6,medium,frequent,p2_c120_mp2,1111,6,6,4,2,124,229,43,21,59,33,0,1.8724820613861084,0
chain_6,medium,frequent,p2_c120_mp2,1818,6,6,3,3,146,287,41,30,70,42,0,1.546398401260376,0
chain_6,medium,frequent,p2_c120_mp2,1919,6,6,4,2,131,250,37,23,63,35,0,1.5392606258392334,0
chain_6,medium,frequent,p2_c120_mp3,101,6,6,4,2,150,289,46,29,78,37,0,1.522454023361206,0
chain_6,medium,frequent,p2_c120_mp3,42,6,6,3,3,129,237,45,32,51,41,0,1.6714658737182617,0
chain_6,medium,frequent,p2_c120_mp3,303,6,6,5,1,126,230,47,14,66,29,0,1.4306156635284424,0
chain_6,medium,frequent,p2_c120_mp3,404,6,6,4,2,139,267,38,28,69,35,0,1.4256460666656494,0
chain_6,medium,frequent,p2_c120_mp3,909,5,6,4,2,122,219,49,23,54,35,0,1.3906588554382324,0
chain_6,medium,frequent,p2_c120_mp3,505,6,6,5,1,119,213,46,14,60,28,0,1.6357693672180176,0
chain_6,medium,frequent,p2_c120_mp3,202,6,6,4,2,138,255,47,28,68,35,0,1.7180416584014893,0
chain_6,medium,frequent,p2_c120_mp3,1111,6,6,4,2,127,234,44,22,58,35,0,1.412752628326416,0
chain_6,medium,frequent,p2_c120_mp3,1010,6,6,4,2,125,224,46,25,56,34,0,1.4540956020355225,0
chain_6,medium,frequent,p2_c120_mp3,808,6,6,4,2,137,256,46,27,66,36,0,1.5227835178375244,0
chain_6,medium,frequent,p2_c120_mp3,606,6,6,4,2,126,225,52,22,57,35,0,1.6654658317565918,0
chain_6,medium,frequent,p2_c120_mp3,1313,6,6,4,2,139,259,48,29,68,36,0,1.4387271404266357,0
chain_6,medium,frequent,p2_c120_mp3,707,6,6,4,2,137,256,47,22,67,36,0,1.7220182418823242,0
chain_6,medium,frequent,p2_c120_mp3,1414,6,6,3,3,145,264,54,33,73,35,0,1.5059397220611572,0
chain_6,medium,frequent,p2_c120_mp3,1212,6,6,4,2,135,255,43,24,65,36,0,1.6815168857574463,0
chain_6,medium,frequent,p2_c120_mp3,1919,6,6,4,2,132,247,40,22,62,35,0,1.482530117034912,0
chain_6,medium,frequent,p2_c120_mp3,1616,6,6,4,2,138,250,56,30,67,36,0,1.6461906433105469,0
chain_6,medium,frequent,p2_c120_mp3,1818,6,6,3,3,148,287,40,29,71,40,0,1.5639684200286865,0
chain_6,medium,frequent,p2_c120_h2,42,6,6,3,3,138,267,46,32,62,44,1,1.4749424457550049,0
chain_6,medium,frequent,p2_c120_mp3,1515,6,6,4,2,122,211,56,23,52,36,0,1.6865291595458984,0
chain_6,medium,frequent,p2_c120_mp3,1717,5,6,3,3,136,250,47,26,65,35,0,1.7018003463745117,0
chain_6,medium,frequent,p2_c120_h2,101,6,6,4,2,136,264,43,23,67,38,1,1.5272998809814453,0
chain_6,medium,frequent,p2_c120_h2,303,6,6,5,1,128,235,51,20,63,34,1,1.469881534576416,0
chain_6,medium,frequent,p2_c120_h2,202,6,6,3,3,131,244,52,29,57,42,1,1.550605297088623,0
chain_6,medium,frequent,p2_c120_h2,404,6,6,4,2,134,265,34,23,65,38,1,1.623774528503418,0
chain_6,medium,frequent,p2_c120_h2,606,6,6,3,3,132,243,54,32,60,40,1,1.5828571319580078,0
chain_6,medium,frequent,p2_c120_h2,505,6,6,4,2,131,236,57,30,63,36,1,1.6038870811462402,0
chain_6,medium,frequent,p2_c120_h2,707,6,6,3,3,128,238,52,31,51,45,1,1.6159610748291016,0
chain_6,medium,frequent,p2_c120_h2,808,6,6,4,2,137,261,49,29,64,41,1,1.5240955352783203,0
chain_6,medium,frequent,p2_c120_h2,1010,6,6,4,2,129,234,53,22,63,35,1,1.6811139583587646,0
chain_6,medium,frequent,p2_c120_h2,1212,6,6,4,2,133,247,51,27,62,39,1,1.4550745487213135,0
chain_6,medium,frequent,p2_c120_h2,909,6,6,3,3,125,232,51,30,49,44,1,1.8311846256256104,0
chain_6,medium,frequent,p2_c120_h2,1313,6,6,4,2,131,237,52,32,67,32,1,1.4751203060150146,0
chain_6,medium,frequent,p2_c120_h2,1616,5,6,4,2,139,263,50,20,75,34,1,1.4072580337524414,0
chain_6,medium,frequent,p2_c120_h2,1717,5,6,3,3,137,259,47,26,67,38,2,1.4627714157104492,0
chain_6,medium,frequent,p2_c120_h2,1111,6,6,3,3,129,236,53,30,59,38,1,1.8106021881103516,0
chain_6,medium,frequent,p2_c120_h2,1414,6,6,4,2,132,246,49,28,61,39,1,1.6692712306976318,0
chain_6,medium,frequent,p2_c120_h2,1919,6,6,4,2,148,281,50,27,76,38,2,1.5643634796142578,0
chain_6,medium,frequent,p2_c120_h2,1515,6,6,4,2,129,238,48,23,63,35,1,1.6628680229187012,0
chain_6,medium,frequent,p2_c40,101,6,6,0,6,138,274,40,27,75,35,0,1.4908149242401123,0
chain_6,medium,frequent,p2_c40,202,6,6,0,6,125,234,47,26,62,35,0,1.4287655353546143,0
chain_6,medium,frequent,p2_c40,42,6,6,0,6,113,205,48,25,50,35,0,1.5107738971710205,0
chain_6,medium,frequent,p2_c120_h2,1818,6,6,4,2,136,255,52,28,63,41,1,1.8002095222473145,0
chain_6,medium,frequent,p2_c40,707,6,6,0,6,130,248,47,26,66,36,0,1.4862396717071533,0
chain_6,medium,frequent,p2_c40,303,6,6,0,6,125,238,44,23,62,35,0,1.5420451164245605,0
chain_6,medium,frequent,p2_c40,404,6,6,0,6,128,255,33,28,65,35,0,1.528383493423462,0
chain_6,medium,frequent,p2_c40,505,6,6,0,6,120,227,43,26,58,34,0,1.5407297611236572,0
chain_6,medium,frequent,p2_c40,606,6,6,0,6,121,223,50,27,58,35,0,1.5598580837249756,0
chain_6,medium,frequent,p2_c40,1010,6,6,0,6,118,227,36,28,54,36,0,1.4117565155029297,0
chain_6,medium,frequent,p2_c40,808,6,6,0,6,126,243,42,26,62,36,0,1.5388202667236328,0
chain_6,medium,frequent,p2_c40,1111,6,6,0,6,122,235,39,28,59,35,0,1.5642461776733398,0
chain_6,medium,frequent,p2_c40,909,6,6,0,6,118,217,49,27,55,35,0,1.7256889343261719,0
chain_6,medium,frequent,p2_c40,1313,6,6,0,6,127,239,47,27,65,34,0,1.5290095806121826,0
chain_6,medium,frequent,p2_c40,1414,6,6,0,6,133,262,38,30,69,36,0,1.5971713066101074,0
chain_6,medium,frequent,p2_c40,1616,5,6,0,6,121,223,49,22,61,33,0,1.5139386653900146,0
chain_6,medium,frequent,p2_c40,1515,6,6,0,6,118,222,42,28,54,36,0,1.5589938163757324,0
chain_6,medium,frequent,p2_c40,1212,6,6,0,6,130,256,38,29,66,36,0,1.7855777740478516,0
chain_6,medium,frequent,p2_c40,1717,5,6,0,6,122,234,40,21,62,33,0,1.296877145767212,0
chain_6,medium,frequent,p2_c40,1818,6,6,0,6,136,275,33,27,72,36,0,1.4089477062225342,0
chain_6,medium,frequent,p2_c40,1919,5,6,0,6,120,227,40,22,58,34,0,1.409909725189209,0
chain_6,medium,frequent,p2_c40_penalty_off,202,6,6,3,3,125,229,49,20,63,33,0,1.4243402481079102,0
chain_6,medium,frequent,p2_c40_penalty_off,42,6,6,3,3,117,211,50,25,50,37,0,1.4933242797851562,0
chain_6,medium,frequent,p2_c40_penalty_off,101,6,6,3,3,141,275,45,26,74,37,0,1.5232231616973877,0
chain_6,medium,frequent,p2_c40_penalty_off,404,6,6,3,3,133,266,32,27,66,37,0,1.3725824356079102,0
chain_6,medium,frequent,p2_c40_penalty_off,303,6,6,4,2,123,228,45,14,63,31,0,1.499194860458374,0
chain_6,medium,frequent,p2_c40_penalty_off,505,6,6,3,3,120,219,48,20,59,32,0,1.4350800514221191,0
chain_6,medium,frequent,p2_c40_penalty_off,808,6,6,3,3,130,248,45,26,62,38,0,1.4017651081085205,0
chain_6,medium,frequent,p2_c40_penalty_off,909,6,6,3,3,123,226,48,27,60,33,0,1.3964507579803467,0
chain_6,medium,frequent,p2_c40_penalty_off,707,6,6,3,3,134,252,49,26,70,34,0,1.422534465789795,0
chain_6,medium,frequent,p2_c40_penalty_off,1111,6,6,4,2,127,241,41,25,64,33,0,1.2283143997192383,0
chain_6,medium,frequent,p2_c40_penalty_off,606,6,6,3,3,129,233,59,32,59,39,0,1.5528483390808105,0
chain_6,medium,frequent,p2_c40_penalty_off,1313,6,6,3,3,135,251,52,32,68,36,0,1.3032598495483398,0
chain_6,medium,frequent,p2_c40_penalty_off,1010,6,6,3,3,120,224,43,26,52,38,0,1.487919807434082,0
chain_6,medium,frequent,p2_c40_penalty_off,1212,6,6,3,3,131,247,49,26,63,38,0,1.3958332538604736,0
chain_6,medium,frequent,p2_c40_penalty_off,1414,6,6,3,3,135,256,46,27,71,34,0,1.4400441646575928,0
chain_6,medium,frequent,p2_c40_penalty_off,1515,6,6,4,2,111,193,50,13,55,28,0,1.4222605228424072,0
chain_6,medium,frequent,p2_c40_penalty_off,1616,5,6,4,2,126,224,56,23,69,28,0,1.3879382610321045,0
chain_6,medium,frequent,p2_c40_penalty_off,1717,5,6,3,3,128,240,44,25,70,29,0,1.3392915725708008,0
chain_6,medium,frequent,p2_c40_penalty_off,1919,5,6,3,3,125,232,45,24,62,33,0,1.313110113143921,0
chain_6,medium,frequent,p2_c40_penalty_off,1818,6,6,3,3,139,273,42,26,71,38,0,1.402860164642334,0
chain_6,heavy,medium,baseline,404,11,12,1,11,127,271,21,37,29,66,0,1.133190631866455,0
chain_6,heavy,medium,baseline,42,12,12,4,8,141,277,37,47,69,39,0,1.3732757568359375,0
chain_6,heavy,medium,baseline,101,11,12,2,10,132,281,23,36,38,62,0,1.364680528640747,0
chain_6,heavy,medium,baseline,505,12,12,1,11,124,263,24,40,23,68,0,1.2381043434143066,0
chain_6,heavy,medium,baseline,202,12,12,1,11,144,282,46,53,66,45,0,1.3870465755462646,0
chain_6,heavy,medium,baseline,303,12,12,1,11,132,285,22,40,30,69,0,1.3944315910339355,0
chain_6,heavy,medium,baseline,606,11,11,1,10,130,252,42,50,56,43,0,1.1947028636932373,0
chain_6,heavy,medium,baseline,707,12,12,1,11,124,260,26,38,23,68,0,1.283869743347168,0
chain_6,heavy,medium,baseline,909,11,11,1,10,118,247,27,37,22,65,0,1.3593738079071045,0
chain_6,heavy,medium,baseline,1010,12,12,4,8,126,257,28,34,35,58,0,1.3483021259307861,0
chain_6,heavy,medium,baseline,808,12,12,1,11,139,272,43,54,60,46,0,1.3861322402954102,0
chain_6,heavy,medium,baseline,1414,12,12,1,11,144,288,39,55,65,46,0,1.211310625076294,0
chain_6,heavy,medium,baseline,1515,12,12,1,11,128,275,21,40,25,70,0,1.2380383014678955,0
chain_6,heavy,medium,baseline,1212,12,12,3,9,127,259,31,35,34,60,0,1.3271958827972412,0
chain_6,heavy,medium,baseline,1111,12,12,1,11,129,276,23,40,27,69,0,1.3695037364959717,0
chain_6,heavy,medium,baseline,1313,12,12,1,11,126,263,28,40,25,68,0,1.3382351398468018,0
chain_6,heavy,medium,baseline,1616,12,12,1,11,122,257,24,39,22,67,0,1.3109478950500488,0
chain_6,heavy,medium,baseline,1717,12,12,1,11,138,269,43,53,60,45,0,1.3199412822723389,0
chain_6,heavy,medium,baseline,1818,12,12,1,11,147,298,35,57,68,46,0,1.3768491744995117,0
chain_6,heavy,medium,p2_c120,42,12,12,8,4,144,269,50,44,67,41,0,1.2843432426452637,0
chain_6,heavy,medium,p2_c120,101,11,12,8,4,149,293,40,41,72,42,0,1.2590465545654297,0
chain_6,heavy,medium,p2_c120,505,12,12,6,6,149,289,49,59,57,54,0,1.1835241317749023,0
chain_6,heavy,medium,baseline,1919,11,12,2,10,132,276,26,36,37,62,0,1.4030134677886963,0
chain_6,heavy,medium,p2_c120,202,12,12,7,5,153,296,50,52,67,49,0,1.3258893489837646,0
chain_6,heavy,medium,p2_c120,303,12,12,8,4,152,296,47,50,68,47,0,1.3605141639709473,0
chain_6,heavy,medium,p2_c120,404,11,12,8,4,147,282,48,49,64,47,0,1.3919413089752197,0
chain_6,heavy,medium,p2_c120,606,11,11,6,5,140,272,44,53,56,49,0,1.3242242336273193,0
chain_6,heavy,medium,p2_c120,1010,12,12,8,4,139,260,48,42,59,44,0,1.2151103019714355,0
chain_6,heavy,medium,p2_c120,1111,12,12,7,5,151,298,45,53,61,53,0,1.176910161972046,0
chain_6,heavy,medium,p2_c120,808,12,12,7,5,153,297,49,60,63,52,0,1.3080823421478271,0
chain_6,heavy,medium,p2_c120,909,11,11,6,5,140,270,50,52,52,53,0,1.3232953548431396,0
chain_6,heavy,medium,p2_c120,707,12,12,7,5,152,293,52,58,60,54,0,1.434046983718872,0
chain_6,heavy,medium,p2_c120,1515,12,12,8,4,148,285,45,50,65,46,0,1.191230297088623,0
chain_6,heavy,medium,p2_c120,1212,12,12,8,4,151,292,50,52,64,50,0,1.3978681564331055,0
chain_6,heavy,medium,p2_c120,1414,12,12,7,5,153,292,48,56,73,42,0,1.3871910572052002,0
chain_6,heavy,medium,p2_c120,1313,12,12,7,5,151,285,59,59,59,54,0,1.421067476272583,0
chain_6,heavy,medium,p2_c120,1919,11,12,9,3,150,295,40,43,71,43,0,1.2823915481567383,0
chain_6,heavy,medium,p2_c120,1616,12,12,7,5,153,306,39,60,63,52,0,1.3435852527618408,0
chain_6,heavy,medium,p2_c120_mp2,42,12,12,8,4,155,295,47,52,69,45,0,1.298783540725708,0
chain_6,heavy,medium,p2_c120_mp2,404,11,12,8,4,152,290,46,49,65,47,0,1.2477331161499023,0
chain_6,heavy,medium,p2_c120,1717,12,12,7,5,145,275,49,52,61,47,0,1.4018373489379883,0
chain_6,heavy,medium,p2_c120,1818,12,12,7,5,158,312,44,59,70,50,0,1.3991365432739258,0
chain_6,heavy,medium,p2_c120_mp2,101,11,12,8,4,156,302,42,46,74,42,0,1.365321159362793,0
chain_6,heavy,medium,p2_c120_mp2,202,12,12,8,4,148,269,56,42,67,41,0,1.4081580638885498,0
chain_6,heavy,medium,p2_c120_mp2,303,12,12,8,4,156,294,55,50,66,49,0,1.3687400817871094,0
chain_6,heavy,medium,p2_c120_mp2,707,12,12,6,6,158,305,46,59,58,56,0,1.251624584197998,0
chain_6,heavy,medium,p2_c120_mp2,505,12,12,6,6,156,298,50,60,56,56,0,1.3878402709960938,0
chain_6,heavy,medium,p2_c120_mp2,606,11,11,6,5,145,277,44,53,56,49,0,1.3521082401275635,0
chain_6,heavy,medium,p2_c120_mp2,808,12,12,7,5,159,293,58,61,68,48,0,1.3869616985321045,0
chain_6,heavy,medium,p2_c120_mp2,1111,12,12,6,6,160,312,42,57,63,53,0,1.2671518325805664,0
chain_6,heavy,medium,p2_c120_mp2,909,10,11,6,5,142,267,50,50,53,50,0,1.406092643737793,0
chain_6,heavy,medium,p2_c120_mp2,1010,12,12,8,4,144,267,49,43,58,46,0,1.4086158275604248,0
chain_6,heavy,medium,p2_c120_mp2,1313,12,12,7,5,149,277,51,50,59,48,0,1.3010663986206055,0
chain_6,heavy,medium,p2_c120_mp2,1212,12,12,7,5,158,311,42,55,62,54,0,1.357067584991455,0
chain_6,heavy,medium,p2_c120_mp2,1414,12,12,6,6,161,304,52,60,67,50,0,1.2238600254058838,0
chain_6,heavy,medium,p2_c120_mp2,1515,12,12,8,4,152,289,45,49,65,46,0,1.3739373683929443,0
chain_6,heavy,medium,p2_c120_mp2,1616,12,12,7,5,149,284,42,50,60,47,0,1.374986171722412,0
chain_6,heavy,medium,p2_c120_mp2,1919,12,12,8,4,157,307,40,45,69,47,0,1.3662264347076416,0
chain_6,heavy,medium,p2_c120_mp2,1717,12,12,8,4,143,264,49,44,60,43,0,1.3985481262207031,0
chain_6,heavy,medium,p2_c120_mp2,1818,12,12,7,5,163,316,45,59,70,50,0,1.3768205642700195,0
chain_6,heavy,medium,p2_c120_mp3,101,12,12,7,5,167,324,42,54,69,51,0,1.271012306213379,0
chain_6,heavy,medium,p2_c120_mp3,42,12,12,8,4,153,282,49,45,66,43,0,1.3631699085235596,0
chain_6,heavy,medium,p2_c120_mp3,808,12,12,7,5,163,308,48,59,63,52,0,1.0288584232330322,0
chain_6,heavy,medium,p2_c120_mp3,202,12,12,6,6,168,309,56,59,69,49,0,1.3572158813476562,0
chain_6,heavy,medium,p2_c120_mp3,303,12,12,7,5,162,308,45,50,66,49,0,1.3683445453643799,0
chain_6,heavy,medium,p2_c120_mp3,404,11,12,7,5,157,296,48,51,58,53,0,1.3462951183319092,0
chain_6,heavy,medium,p2_c120_mp3,606,11,11,6,5,154,283,52,58,59,49,0,1.3315587043762207,0
chain_6,heavy,medium,p2_c120_mp3,1010,12,12,8,4,155,287,51,50,61,49,0,1.2674636840820312,0
chain_6,heavy,medium,p2_c120_mp3,505,12,12,6,6,164,314,46,61,56,58,0,1.4105169773101807,0
chain_6,heavy,medium,p2_c120_mp3,1212,12,12,8,4,159,299,51,52,64,50,0,1.26680588722229,0
chain_6,heavy,medium,p2_c120_mp3,909,10,11,6,5,143,257,55,47,51,48,0,1.4128546714782715,0
chain_6,heavy,medium,p2_c120_mp3,707,11,12,7,5,159,295,54,56,59,53,0,1.4249179363250732,0
chain_6,heavy,medium,p2_c120_mp3,1111,12,12,7,5,161,305,48,53,61,53,0,1.4291856288909912,0
chain_6,heavy,medium,p2_c120_mp3,1313,12,12,8,4,145,259,51,40,61,40,0,1.3573639392852783,0
chain_6,heavy,medium,p2_c120_mp3,1414,12,12,7,5,168,324,43,60,69,51,0,1.3889122009277344,0
chain_6,heavy,medium,p2_c120_mp3,1616,12,12,8,4,154,286,51,52,61,48,0,1.3205509185791016,0
chain_6,heavy,medium,p2_c120_mp3,1515,12,12,8,4,156,290,49,49,65,46,0,1.3891136646270752,0
chain_6,heavy,medium,p2_c120_mp3,1717,12,12,8,4,147,268,49,44,60,43,0,1.3765614032745361,0
chain_6,heavy,medium,p2_c120_mp3,1919,12,12,8,4,161,311,40,45,69,47,0,1.342137098312378,0
chain_6,heavy,medium,p2_c120_h2,42,12,12,8,4,154,293,54,49,66,50,1,1.314173698425293,0
chain_6,heavy,medium,p2_c120_mp3,1818,12,12,7,5,168,315,49,59,74,46,0,1.4083831310272217,0
chain_6,heavy,medium,p2_c120_h2,202,12,12,7,5,156,310,44,51,64,54,1,1.3215217590332031,0
chain_6,heavy,medium,p2_c120_h2,101,10,12,7,5,155,307,44,49,67,51,2,1.382582187652588,0
chain_6,heavy,medium,p2_c120_h2,303,12,12,8,4,148,283,48,50,62,48,1,1.2551295757293701,0
chain_6,heavy,medium,p2_c120_h2,707,12,12,8,4,143,267,53,44,59,47,1,1.2978320121765137,0
chain_6,heavy,medium,p2_c120_h2,606,11,11,8,3,136,252,51,41,57,44,1,1.345407485961914,0
chain_6,heavy,medium,p2_c120_h2,505,12,12,8,4,156,291,56,51,72,44,3,1.3899474143981934,0
chain_6,heavy,medium,p2_c120_h2,404,11,12,7,5,151,296,44,54,60,53,2,1.4155232906341553,0
chain_6,heavy,medium,p2_c120_h2,1010,12,12,8,4,153,290,56,50,63,52,1,1.2682170867919922,0
chain_6,heavy,medium,p2_c120_h2,909,11,11,6,5,141,266,50,49,59,46,1,1.3730204105377197,0
chain_6,heavy,medium,p2_c120_h2,808,12,12,7,5,155,300,54,58,57,59,1,1.4092261791229248,0
chain_6,heavy,medium,p2_c120_h2,1111,12,12,7,5,157,314,42,53,65,54,1,1.388308048248291,0
chain_6,heavy,medium,p2_c120_h2,1212,12,12,9,3,149,277,53,43,71,41,1,1.413297176361084,0
chain_6,heavy,medium,p2_c120_h2,1717,12,12,8,4,146,282,45,43,61,48,1,1.1348624229431152,0
chain_6,heavy,medium,p2_c120_h2,1313,12,12,7,5,158,302,52,58,72,47,1,1.307788372039795,0
chain_6,heavy,medium,p2_c120_h2,1616,12,12,7,5,156,306,47,55,60,56,3,1.2815170288085938,0
chain_6,heavy,medium,p2_c120_h2,1414,12,12,8,4,155,305,43,51,68,49,1,1.3736779689788818,0
chain_6,heavy,medium,p2_c120_h2,1515,12,12,8,4,152,295,45,49,65,49,1,1.396831750869751,0
chain_6,heavy,medium,p2_c40,404,11,12,0,12,139,285,30,51,62,46,0,1.1409728527069092,0
chain_6,heavy,medium,p2_c120_h2,1919,11,12,7,5,162,311,52,56,72,51,1,1.4187676906585693,0
chain_6,heavy,medium,p2_c120_h2,1818,12,12,10,2,146,274,48,34,71,39,1,1.45151948928833,0
chain_6,heavy,medium,p2_c40,101,10,12,0,12,139,288,29,45,64,45,0,1.3954241275787354,0
chain_6,heavy,medium,p2_c40,42,12,12,0,12,140,284,35,54,61,47,0,1.4109816551208496,0
chain_6,heavy,medium,p2_c40,202,12,12,0,12,148,302,37,54,69,47,0,1.343498945236206,0
chain_6,heavy,medium,p2_c40,505,12,12,0,12,139,283,33,56,61,46,0,1.2484259605407715,0
chain_6,heavy,medium,p2_c40,303,12,12,0,12,142,283,42,53,63,47,0,1.3723609447479248,0
chain_6,heavy,medium,p2_c40,909,11,11,0,11,129,258,35,49,54,45,0,1.201977014541626,0
chain_6,heavy,medium,p2_c40,707,12,12,0,12,139,279,38,54,59,48,0,1.3266117572784424,0
chain_6,heavy,medium,p2_c40,606,11,11,0,11,128,254,37,49,53,45,0,1.3450331687927246,0
chain_6,heavy,medium,p2_c40,808,12,12,0,12,136,268,42,52,56,48,0,1.4251601696014404,0
chain_6,heavy,medium,p2_c40,1010,12,12,0,12,143,292,34,53,63,48,0,1.353175163269043,0
chain_6,heavy,medium,p2_c40,1111,12,12,0,12,139,279,38,54,60,47,0,1.3101701736450195,0
chain_6,heavy,medium,p2_c40,1212,12,12,0,12,136,262,49,46,56,48,0,1.378453016281128,0
chain_6,heavy,medium,p2_c40,1313,12,12,0,12,136,257,51,51,58,46,0,1.3488974571228027,0
chain_6,heavy,medium,p2_c40,1515,12,12,0,12,147,294,42,55,67,48,0,1.324608564376831,0
chain_6,heavy,medium,p2_c40,1414,12,12,0,12,137,269,44,49,57,48,0,1.35221529006958,0
chain_6,heavy,medium,p2_c40,1717,12,12,0,12,137,271,40,53,58,47,0,1.3203392028808594,0
chain_6,heavy,medium,p2_c40,1616,12,12,0,12,132,261,39,49,54,46,0,1.4111530780792236,0
chain_6,heavy,medium,p2_c40,1818,12,12,0,12,139,275,43,51,59,48,0,1.4047973155975342,0
chain_6,heavy,medium,p2_c40,1919,11,12,0,12,140,280,37,48,62,46,0,1.3304154872894287,0
chain_6,heavy,medium,p2_c40_penalty_off,202,12,12,6,6,160,319,45,58,72,51,0,1.2546703815460205,0
chain_6,heavy,medium,p2_c40_penalty_off,303,12,12,6,6,154,297,54,59,63,53,0,1.210472583770752,0
chain_6,heavy,medium,p2_c40_penalty_off,42,12,12,6,6,149,291,47,56,59,53,0,1.3654253482818604,0
chain_6,heavy,medium,p2_c40_penalty_off,101,10,12,7,5,151,300,42,48,69,47,0,1.3554902076721191,0
chain_6,heavy,medium,p2_c40_penalty_off,404,11,12,7,5,148,285,49,51,64,48,0,1.186086893081665,0
chain_6,heavy,medium,p2_c40_penalty_off,606,11,11,6,5,136,267,38,48,55,47,0,1.2630133628845215,0
chain_6,heavy,medium,p2_c40_penalty_off,505,12,12,7,5,147,280,52,54,61,49,0,1.3693435192108154,0
chain_6,heavy,medium,p2_c40_penalty_off,707,12,12,6,6,157,318,37,61,65,54,0,1.3580353260040283,0
chain_6,heavy,medium,p2_c40_penalty_off,808,12,12,8,4,144,280,42,47,62,46,0,1.3568167686462402,0
chain_6,heavy,medium,p2_c40_penalty_off,909,10,11,7,4,130,239,54,43,54,43,0,1.3523035049438477,0
chain_6,heavy,medium,p2_c40_penalty_off,1111,12,12,7,5,148,285,51,54,60,51,0,1.3376312255859375,0
chain_6,heavy,medium,p2_c40_penalty_off,1313,12,12,6,6,146,272,57,54,59,50,0,1.3085474967956543,0
chain_6,heavy,medium,p2_c40_penalty_off,1010,12,12,7,5,147,283,45,47,67,44,0,1.4144716262817383,0
chain_6,heavy,medium,p2_c40_penalty_off,1414,12,12,6,6,148,292,44,53,57,54,0,1.324953556060791,0
chain_6,heavy,medium,p2_c40_penalty_off,1212,12,12,7,5,152,293,53,53,63,52,0,1.4339723587036133,0
chain_6,heavy,medium,p2_c40_penalty_off,1515,12,12,7,5,152,300,42,48,68,48,0,1.370711088180542,0
chain_6,heavy,frequent,baseline,303,12,12,1,11,179,335,70,53,93,45,0,0.9581916332244873,0
chain_6,heavy,medium,p2_c40_penalty_off,1616,12,12,7,5,138,262,49,45,54,48,0,1.4239201545715332,0
chain_6,heavy,medium,p2_c40_penalty_off,1818,12,12,6,6,155,307,43,59,65,52,0,1.327303171157837,0
chain_6,heavy,medium,p2_c40_penalty_off,1717,12,12,8,4,137,256,45,40,64,38,0,1.4135429859161377,0
chain_6,heavy,medium,p2_c40_penalty_off,1919,11,12,7,5,141,271,41,37,64,42,0,1.4253244400024414,0
chain_6,heavy,frequent,baseline,101,11,12,1,11,164,337,39,37,58,66,0,1.2727694511413574,0
chain_6,heavy,frequent,baseline,42,12,12,1,11,149,298,40,40,39,69,0,1.292731761932373,0
chain_6,heavy,frequent,baseline,202,12,12,1,11,159,321,42,40,49,69,0,1.3583004474639893,0
chain_6,heavy,frequent,baseline,505,12,12,3,9,161,300,57,48,80,40,0,1.2581613063812256,0
chain_6,heavy,frequent,baseline,404,11,12,1,11,159,328,35,37,53,66,0,1.361250877380371,0
chain_6,heavy,frequent,baseline,707,12,12,1,11,161,329,39,39,52,68,0,1.3342289924621582,0
chain_6,heavy,frequent,baseline,606,12,12,2,10,150,299,41,39,44,65,0,1.3537189960479736,0
chain_6,heavy,frequent,baseline,909,12,12,3,9,151,294,47,36,49,61,0,1.3348486423492432,0
chain_6,heavy,frequent,baseline,1111,12,12,1,11,156,319,38,41,46,69,0,1.3145532608032227,0
chain_6,heavy,frequent,baseline,808,12,12,2,10,162,334,35,38,55,66,0,1.3788833618164062,0
chain_6,heavy,frequent,baseline,1010,12,12,1,11,164,313,53,54,77,46,0,1.360001802444458,0
chain_6,heavy,frequent,baseline,1212,12,12,2,10,161,323,45,39,54,66,0,1.3926467895507812,0
chain_6,heavy,frequent,baseline,1414,12,12,2,10,166,337,42,38,59,66,0,1.2140936851501465,0
chain_6,heavy,frequent,baseline,1313,12,12,1,11,174,322,69,53,89,44,0,1.3199939727783203,0
chain_6,heavy,frequent,baseline,1515,12,12,1,11,149,300,39,40,38,70,0,1.3380389213562012,0
chain_6,heavy,frequent,baseline,1616,12,12,1,11,154,306,45,39,46,67,0,1.3944945335388184,0
chain_6,heavy,frequent,p2_c120,303,12,12,8,4,185,341,72,48,97,43,0,1.1903822422027588,0
chain_6,heavy,frequent,baseline,1919,11,12,1,11,156,317,36,37,49,66,0,1.3456757068634033,0
chain_6,heavy,frequent,baseline,1818,12,12,2,10,181,357,50,51,96,44,0,1.4183108806610107,0
chain_6,heavy,frequent,p2_c120,101,11,12,7,5,190,369,62,57,92,53,0,1.314896583557129,0
chain_6,heavy,frequent,baseline,1717,12,12,1,11,166,348,32,40,56,69,0,1.4262189865112305,0
chain_6,heavy,frequent,p2_c120,202,12,12,6,6,185,356,60,60,84,55,0,1.2936465740203857,0
chain_6,heavy,frequent,p2_c120,42,12,12,7,5,176,331,62,59,77,53,0,1.3702008724212646,0
chain_6,heavy,frequent,p2_c120,404,11,12,7,5,187,367,57,58,87,55,0,1.2108173370361328,0
chain_6,heavy,frequent,p2_c120,707,12,12,7,5,187,357,64,57,89,52,0,1.2710943222045898,0
chain_6,heavy,frequent,p2_c120,606,12,12,8,4,172,319,65,52,78,49,0,1.371417760848999,0
chain_6,heavy,frequent,p2_c120,505,12,12,7,5,172,323,60,54,79,48,0,1.4389688968658447,0
chain_6,heavy,frequent,p2_c120,1010,12,12,6,6,176,339,52,60,78,52,0,1.3758723735809326,0
chain_6,heavy,frequent,p2_c120,808,12,12,7,5,184,360,55,53,85,54,0,1.410900592803955,0
chain_6,heavy,frequent,p2_c120,909,11,12,8,4,169,309,66,46,81,44,0,1.40087890625,0
chain_6,heavy,frequent,p2_c120,1414,12,12,7,5,186,352,69,52,87,54,0,1.0939581394195557,0
chain_6,heavy,frequent,p2_c120,1111,12,12,6,6,184,361,55,62,81,57,0,1.3930919170379639,0
chain_6,heavy,frequent,p2_c120,1212,12,12,8,4,180,335,69,49,87,48,0,1.3042511940002441,0
chain_6,heavy,frequent,p2_c120,1313,12,12,6,6,189,361,65,62,89,54,0,1.394857406616211,0
chain_6,heavy,frequent,p2_c120,1919,12,12,7,5,183,358,51,53,84,53,0,1.2527587413787842,0
chain_6,heavy,frequent,p2_c120_mp2,101,11,12,7,5,188,358,60,50,88,51,0,1.2254548072814941,0
chain_6,heavy,frequent,p2_c120,1515,12,12,7,5,170,319,60,52,73,52,0,1.3968183994293213,0
chain_6,heavy,frequent,p2_c120_mp2,42,12,12,7,5,181,334,66,59,75,55,0,1.2677016258239746,0
chain_6,heavy,frequent,p2_c120,1616,12,12,7,5,182,340,71,59,82,54,0,1.368532419204712,0
chain_6,heavy,frequent,p2_c120,1717,12,12,6,6,193,378,60,62,89,58,0,1.4512808322906494,0
chain_6,heavy,frequent,p2_c120,1818,12,12,8,4,192,379,50,52,101,46,0,1.4359736442565918,0
chain_6,heavy,frequent,p2_c120_mp2,202,12,12,7,5,186,345,64,53,85,51,0,1.385530710220337,0
chain_6,heavy,frequent,p2_c120_mp2,505,12,12,7,5,178,335,53,54,82,46,0,1.2973482608795166,0
chain_6,heavy,frequent,p2_c120_mp2,303,12,12,8,4,190,351,68,49,98,43,0,1.4299232959747314,0
chain_6,heavy,frequent,p2_c120_mp2,707,12,12,7,5,193,367,61,57,90,52,0,1.2967326641082764,0
chain_6,heavy,frequent,p2_c120_mp2,404,11,12,7,5,183,353,53,52,81,53,0,1.378598690032959,0
chain_6,heavy,frequent,p2_c120_mp2,606,12,12,8,4,175,319,65,51,79,47,0,1.3626410961151123,0
chain_6,heavy,frequent,p2_c120_mp2,1313,12,12,6,6,199,381,59,64,93,54,0,1.151365041732788,0
chain_6,heavy,frequent,p2_c120_mp2,1111,12,12,7,5,183,334,69,59,81,51,0,1.3884615898132324,0
chain_6,heavy,frequent,p2_c120_mp2,909,11,12,8,4,169,311,61,44,75,47,0,1.4101948738098145,0
chain_6,heavy,frequent,p2_c120_mp2,1212,12,12,7,5,187,352,63,52,85,52,0,1.4042010307312012,0
chain_6,heavy,frequent,p2_c120_mp2,1010,12,12,6,6,183,346,57,62,75,56,0,1.4287288188934326,0
chain_6,heavy,frequent,p2_c120_mp2,808,12,12,7,5,189,365,55,53,85,54,0,1.4412312507629395,0
chain_6,heavy,frequent,p2_c120_mp2,1515,12,12,8,4,166,293,68,43,74,44,0,1.3464233875274658,0
chain_6,heavy,frequent,p2_c120_mp2,1414,12,12,7,5,198,375,66,58,93,54,0,1.454392433166504,0
chain_6,heavy,frequent,p2_c120_mp3,101,11,12,7,5,201,378,66,57,93,53,0,1.1227545738220215,0
chain_6,heavy,frequent,p2_c120_mp2,1818,12,12,7,5,197,386,50,55,97,50,0,1.3641870021820068,0
chain_6,heavy,frequent,p2_c120_mp2,1919,11,12,8,4,183,339,65,49,85,49,0,1.3480796813964844,0
chain_6,heavy,frequent,p2_c120_mp2,1616,12,12,7,5,181,331,68,52,81,50,0,1.3906495571136475,0
chain_6,heavy,frequent,p2_c120_mp3,303,12,12,6,6,199,368,66,60,88,53,0,1.087660312652588,0
chain_6,heavy,frequent,p2_c120_mp3,42,12,12,7,5,184,337,59,59,75,53,0,1.288175106048584,0
chain_6,heavy,frequent,p2_c120_mp2,1717,12,12,6,6,193,368,59,59,86,55,0,1.441021203994751,0
chain_6,heavy,frequent,p2_c120_mp3,606,12,12,7,5,181,330,64,54,73,53,0,1.2451279163360596,0
chain_6,heavy,frequent,p2_c120_mp3,202,12,12,7,5,190,349,63,52,84,51,0,1.3904149532318115,0
chain_6,heavy,frequent,p2_c120_mp3,505,12,12,8,4,176,308,71,49,81,42,0,1.3062150478363037,0
chain_6,heavy,frequent,p2_c120_mp3,404,11,12,7,5,190,366,49,54,83,53,0,1.3141489028930664,0
chain_6,heavy,frequent,p2_c120_mp3,707,12,12,7,5,197,365,66,57,89,52,0,1.401493787765503,0
chain_6,heavy,frequent,p2_c120_mp3,808,12,12,8,4,186,351,53,44,88,46,0,1.425678014755249,0
chain_6,heavy,frequent,p2_c120_mp3,909,11,12,8,4,176,309,70,45,82,42,0,1.4083919525146484,0
chain_6,heavy,frequent,p2_c120_mp3,1010,12,12,6,6,190,357,54,63,76,56,0,1.3402974605560303,0
chain_6,heavy,frequent,p2_c120_mp3,1616,12,12,7,5,184,328,72,53,79,50,0,1.068958044052124,0
chain_6,heavy,frequent,p2_c120_mp3,1818,12,12,7,5,202,392,49,55,97,50,0,1.2131938934326172,0
chain_6,heavy,frequent,p2_c120_mp3,1414,12,12,7,5,202,375,69,57,92,54,0,1.3289201259613037,0
chain_6,heavy,frequent,p2_c120_mp3,1313,12,12,7,5,201,370,66,60,97,48,0,1.381101131439209,0
chain_6,heavy,frequent,p2_c120_mp3,1212,12,12,8,4,192,360,62,53,89,50,0,1.4099388122558594,0
chain_6,heavy,frequent,p2_c120_mp3,1515,12,12,8,4,179,316,74,52,76,50,0,1.3572940826416016,0
chain_6,heavy,frequent,p2_c120_mp3,1111,12,12,8,4,181,327,67,51,80,48,0,1.4238643646240234,0
chain_6,heavy,frequent,p2_c120_h2,42,12,12,7,5,180,339,66,51,80,54,1,1.2938547134399414,0
chain_6,heavy,frequent,p2_c120_mp3,1919,11,12,8,4,187,342,66,49,85,49,0,1.3373100757598877,0
chain_6,heavy,frequent,p2_c120_mp3,1717,12,12,7,5,200,376,63,59,89,55,0,1.3663277626037598,0
chain_6,heavy,frequent,p2_c120_h2,101,11,12,8,4,181,334,73,48,88,48,1,1.3733339309692383,0
chain_6,heavy,frequent,p2_c120_h2,202,12,12,7,5,176,324,73,52,74,56,1,1.3581516742706299,0
chain_6,heavy,frequent,p2_c120_h2,404,11,12,7,5,192,380,53,60,92,54,1,1.326827049255371,0
chain_6,heavy,frequent,p2_c120_h2,303,12,12,7,5,181,338,67,54,87,48,1,1.4466512203216553,0
chain_6,heavy,frequent,p2_c120_h2,1111,12,12,8,4,182,346,63,52,84,52,1,1.131572961807251,0
chain_6,heavy,frequent,p2_c120_h2,909,12,12,7,5,176,331,61,56,77,52,1,1.3632783889770508,0
chain_6,heavy,frequent,p2_c120_h2,505,12,12,8,4,166,304,63,44,76,45,1,1.3900582790374756,0
chain_6,heavy,frequent,p2_c120_h2,707,12,12,6,6,181,342,65,56,77,57,1,1.3954098224639893,0
chain_6,heavy,frequent,p2_c120_h2,606,12,12,7,5,176,334,62,54,74,56,1,1.4373033046722412,0
chain_6,heavy,frequent,p2_c120_h2,1010,12,12,7,5,180,341,63,52,79,55,1,1.394660234451294,0
chain_6,heavy,frequent,p2_c120_h2,808,12,12,8,4,177,333,64,44,81,51,1,1.4695079326629639,0
chain_6,heavy,frequent,p2_c120_h2,1313,12,12,7,5,178,325,73,56,78,53,1,1.4194614887237549,0
chain_6,heavy,frequent,p2_c120_h2,1212,12,12,8,4,180,338,63,46,88,47,1,1.4424121379852295,0
chain_6,heavy,frequent,p2_c120_h2,1414,12,12,6,6,185,358,59,60,78,60,1,1.4316868782043457,0
chain_6,heavy,frequent,p2_c120_h2,1515,12,12,6,6,192,381,53,61,84,61,1,1.3438384532928467,0
chain_6,heavy,frequent,p2_c120_h2,1717,12,12,7,5,191,366,63,53,90,54,2,1.2296936511993408,0
chain_6,heavy,frequent,p2_c120_h2,1616,12,12,7,5,198,381,69,60,95,56,1,1.2715849876403809,0
chain_6,heavy,frequent,p2_c40,42,12,12,0,12,160,303,56,53,73,47,0,1.109708547592163,0
chain_6,heavy,frequent,p2_c120_h2,1919,11,12,8,4,190,364,58,43,97,47,2,1.339036226272583,0
chain_6,heavy,frequent,p2_c120_h2,1818,12,12,7,5,188,360,65,54,85,57,1,1.3549761772155762,0
chain_6,heavy,frequent,p2_c40,101,11,12,0,12,173,334,59,48,88,46,0,1.3334259986877441,0
chain_6,heavy,frequent,p2_c40,404,11,12,0,12,168,327,53,47,83,46,0,1.291231632232666,0
chain_6,heavy,frequent,p2_c40,202,12,12,0,12,173,329,62,53,86,47,0,1.3238372802734375,0
chain_6,heavy,frequent,p2_c40,909,12,12,0,12,153,281,63,48,66,47,0,1.182509183883667,0
chain_6,heavy,frequent,p2_c40,303,12,12,0,12,178,342,62,53,91,47,0,1.3818635940551758,0
chain_6,heavy,frequent,p2_c40,808,12,12,0,12,175,350,46,55,87,48,0,1.305497646331787,0
chain_6,heavy,frequent,p2_c40,606,12,12,0,12,164,313,57,55,77,47,0,1.3731334209442139,0
chain_6,heavy,frequent,p2_c40,505,12,12,0,12,165,322,49,55,79,46,0,1.433579683303833,0
chain_6,heavy,frequent,p2_c40,707,12,12,0,12,172,335,54,50,84,48,0,1.401780128479004,0
chain_6,heavy,frequent,p2_c40,1010,12,12,0,12,161,312,49,53,73,48,0,1.3832423686981201,0
chain_6,heavy,frequent,p2_c40,1111,12,12,0,12,164,311,60,52,77,47,0,1.3668794631958008,0
chain_6,heavy,frequent,p2_c40,1616,12,12,0,12,173,347,42,56,87,46,0,1.2615959644317627,0
chain_6,heavy,frequent,p2_c40,1414,12,12,0,12,176,337,63,51,88,48,0,1.3057799339294434,0
chain_6,heavy,frequent,p2_c40,1212,12,12,0,12,169,326,56,49,81,48,0,1.4394347667694092,0
chain_6,heavy,frequent,p2_c40,1313,12,12,0,12,171,325,61,54,85,46,0,1.4173054695129395,0
chain_6,heavy,frequent,p2_c40,1515,12,12,0,12,164,317,50,56,76,48,0,1.3940763473510742,0
chain_6,heavy,frequent,p2_c40,1818,12,12,0,12,182,370,42,54,94,48,0,1.3772914409637451,0
chain_6,heavy,frequent,p2_c40,1717,12,12,0,12,179,353,52,55,92,47,0,1.4390666484832764,0
chain_6,heavy,frequent,p2_c40,1919,11,12,0,12,168,326,50,50,82,46,0,1.4076588153839111,0
chain_6,heavy,frequent,p2_c40_penalty_off,42,12,12,7,5,165,306,57,47,76,45,0,1.2327072620391846,0
chain_6,heavy,frequent,p2_c40_penalty_off,505,12,12,6,6,172,328,57,55,75,52,0,1.1564056873321533,0
chain_6,heavy,frequent,p2_c40_penalty_off,404,11,12,7,5,171,318,62,44,84,44,0,1.196033000946045,0
chain_6,heavy,frequent,p2_c40_penalty_off,101,11,12,8,4,174,315,71,37,97,35,0,1.3063690662384033,0
chain_6,heavy,frequent,p2_c40_penalty_off,202,12,12,7,5,177,336,59,48,84,49,0,1.412931203842163,0
chain_6,heavy,frequent,p2_c40_penalty_off,303,12,12,7,5,178,336,62,47,87,47,0,1.4003770351409912,0
chain_6,heavy,frequent,p2_c40_penalty_off,808,12,12,6,6,188,356,70,61,86,56,0,1.2290194034576416,0
chain_6,heavy,frequent,p2_c40_penalty_off,707,12,12,7,5,180,341,64,48,86,50,0,1.3626682758331299,0
chain_6,heavy,frequent,p2_c40_penalty_off,606,12,12,6,6,176,325,68,54,83,48,0,1.3850066661834717,0
chain_6,heavy,frequent,p2_c40_penalty_off,1212,12,12,8,4,176,341,50,41,89,44,0,1.1777324676513672,0
chain_6,heavy,frequent,p2_c40_penalty_off,1313,12,12,6,6,182,331,74,57,93,44,0,1.1363177299499512,0
chain_6,heavy,frequent,p2_c40_penalty_off,909,11,12,6,6,165,307,64,54,68,53,0,1.4238686561584473,0
chain_6,heavy,frequent,p2_c40_penalty_off,1111,12,12,6,6,175,335,58,54,77,53,0,1.3957772254943848,0
chain_6,heavy,frequent,p2_c40_penalty_off,1010,12,12,7,5,170,318,58,52,77,48,0,1.4223146438598633,0
chain_6,heavy,frequent,p2_c40_penalty_off,1515,12,12,7,5,166,314,54,46,75,48,0,1.3230018615722656,0
chain_6,heavy,frequent,p2_c40_penalty_off,1616,12,12,6,6,183,349,62,58,88,50,0,1.3626973628997803,0
chain_6,heavy,frequent,p2_c40_penalty_off,1414,12,12,6,6,189,361,65,54,91,53,0,1.4489080905914307,0
chain_6,heavy,frequent,p2_c40_penalty_off,1717,12,12,6,6,191,369,59,59,99,47,0,1.3853201866149902,0
chain_6,heavy,frequent,p2_c40_penalty_off,1919,11,12,7,5,180,344,59,54,84,51,0,1.3866355419158936,0
chain_6,heavy,frequent,p2_c40_penalty_off,1818,12,12,6,6,194,380,60,61,92,56,0,1.4674267768859863,0
chain_15,medium,medium,baseline,1515,5,6,2,4,339,643,15,84,127,192,0,2.1535379886627197,0
chain_15,medium,medium,baseline,101,6,6,2,4,324,614,13,75,123,180,0,2.749978542327881,0
chain_15,medium,medium,baseline,1818,6,6,1,5,339,644,11,87,174,143,0,2.1918280124664307,0
chain_15,medium,medium,baseline,1616,,,0,0,132,246,10,0,48,76,0,2.579129457473755,0
chain_15,medium,medium,baseline,42,5,6,1,5,308,586,10,84,92,196,0,3.3137669563293457,0
chain_15,medium,medium,baseline,707,5,6,1,5,319,608,10,84,99,200,0,3.100128412246704,0
chain_15,medium,medium,baseline,202,6,6,1,5,324,619,8,98,85,218,0,3.274775505065918,0
chain_15,medium,medium,baseline,909,5,6,1,5,323,614,12,84,102,201,0,3.0623857975006104,0
chain_15,medium,medium,baseline,303,6,6,2,4,328,623,12,85,120,187,0,3.3046252727508545,0
chain_15,medium,medium,baseline,404,5,6,2,4,327,621,13,80,130,177,0,3.3140268325805664,0
chain_15,medium,medium,baseline,505,5,6,1,5,321,614,8,84,102,199,0,3.2601380348205566,0
chain_15,medium,medium,baseline,1313,5,6,1,5,343,659,7,84,130,193,0,2.9791197776794434,0
chain_15,medium,medium,baseline,1212,5,6,2,4,326,618,14,74,177,129,0,2.998894691467285,0
chain_15,medium,medium,baseline,606,6,6,1,5,335,619,30,98,95,219,0,3.2677204608917236,0
chain_15,medium,medium,baseline,1010,4,6,1,5,299,567,12,70,101,179,0,3.2146878242492676,0
chain_15,medium,medium,baseline,1111,6,6,1,5,350,674,5,98,112,217,0,3.2238194942474365,0
chain_15,medium,medium,baseline,808,5,6,1,5,312,588,16,84,92,200,0,3.311908721923828,0
chain_15,medium,medium,baseline,1414,6,6,1,5,349,668,9,95,112,216,0,3.3199503421783447,0
chain_15,medium,medium,baseline,1717,5,6,1,5,309,588,10,76,155,134,0,3.1558971405029297,0
chain_15,medium,medium,p2_c120,303,6,6,4,2,363,693,10,120,172,168,0,2.933389186859131,0
chain_15,medium,medium,p2_c120,101,6,6,4,2,330,623,15,81,167,141,0,3.1291661262512207,0
chain_15,medium,medium,baseline,1919,6,6,1,5,331,632,7,86,102,207,0,3.3192176818847656,0
chain_15,medium,medium,p2_c120,42,6,6,3,3,358,685,8,126,144,191,0,3.3231074810028076,0
chain_15,medium,medium,p2_c120,202,6,6,3,3,352,673,8,126,137,192,0,3.309237003326416,0
chain_15,medium,medium,p2_c120,606,6,6,3,3,358,659,34,121,147,188,0,2.9809765815734863,0
chain_15,medium,medium,p2_c120,505,6,6,3,3,370,707,10,126,154,193,0,3.2303452491760254,0
chain_15,medium,medium,p2_c120,404,5,6,4,2,341,648,13,94,166,154,0,3.3062586784362793,0
chain_15,medium,medium,p2_c120,707,5,6,4,2,334,630,16,99,164,148,0,3.3459339141845703,0
chain_15,medium,medium,p2_c120,909,5,6,3,3,351,668,12,112,154,175,0,3.1184449195861816,0
chain_15,medium,medium,p2_c120,1010,5,6,4,2,346,660,10,112,157,167,0,3.0454282760620117,0
chain_15,medium,medium,p2_c120,808,6,6,3,3,361,685,14,126,144,194,0,3.1962392330169678,0
chain_15,medium,medium,p2_c120,1717,5,6,3,3,337,642,10,104,155,160,0,2.547576665878296,0
chain_15,medium,medium,p2_c120_mp2,707,5,6,4,2,334,630,16,99,164,148,0,2.4090676307678223,0
chain_15,medium,medium,p2_c120,1919,4,6,4,2,313,595,9,84,138,154,0,2.9987447261810303,0
chain_15,medium,medium,p2_c120_mp2,505,6,6,3,3,370,707,10,126,154,193,0,2.6676197052001953,0
chain_15,medium,medium,p2_c120,1111,6,6,4,2,364,690,15,112,188,153,0,3.285992383956909,0
chain_15,medium,medium,p2_c120_mp2,606,6,6,3,3,361,661,35,121,147,188,0,2.6940481662750244,0
chain_15,medium,medium,p2_c120_mp2,202,6,6,3,3,352,673,8,126,137,192,0,3.033370018005371,0
chain_15,medium,medium,p2_c120,1515,5,6,4,2,345,648,21,90,171,153,0,3.272502899169922,0
chain_15,medium,medium,p2_c120,1414,6,6,3,3,377,722,9,123,164,190,0,3.2757465839385986,0
chain_15,medium,medium,p2_c120,1212,5,6,4,2,340,645,14,88,182,137,0,3.327099561691284,0
chain_15,medium,medium,p2_c120,1313,6,6,3,3,396,763,6,126,182,191,0,3.347736120223999,0
chain_15,medium,medium,p2_c120_mp2,303,6,6,4,2,363,693,10,120,172,168,0,3.1099538803100586,0
chain_15,medium,medium,p2_c120_mp2,101,6,6,4,2,330,623,15,81,167,141,0,3.2002363204956055,0
chain_15,medium,medium,p2_c120_mp2,42,6,6,3,3,361,687,9,126,144,191,0,3.2436633110046387,0
chain_15,medium,medium,p2_c120,1818,6,6,3,3,364,688,15,112,187,153,0,3.326662302017212,0
chain_15,medium,medium,p2_c120,1616,,,0,0,132,246,10,0,48,76,0,3.4037060737609863,0
chain_15,medium,medium,p2_c120_mp2,404,5,6,4,2,341,648,13,94,166,154,0,3.304220199584961,0
chain_15,medium,medium,p2_c120_mp2,1010,5,6,4,2,348,662,10,112,157,167,0,3.0946171283721924,0
chain_15,medium,medium,p2_c120_mp2,1414,6,6,3,3,377,722,9,123,164,190,0,3.0046629905700684,0
chain_15,medium,medium,p2_c120_mp2,808,6,6,3,3,361,685,14,126,144,194,0,3.3189868927001953,0
chain_15,medium,medium,p2_c120_mp2,1212,5,6,4,2,340,645,14,88,182,137,0,3.0875566005706787,0
chain_15,medium,medium,p2_c120_mp2,1111,6,6,4,2,369,704,9,115,188,156,0,3.2804760932922363,0
chain_15,medium,medium,p2_c120_mp2,909,5,6,3,3,351,668,12,112,154,175,0,3.316277265548706,0
chain_15,medium,medium,p2_c120_mp2,1313,6,6,3,3,396,763,6,126,182,191,0,3.254087209701538,0
chain_15,medium,medium,p2_c120_mp2,1515,5,6,4,2,345,648,21,90,171,153,0,3.336869239807129,0
chain_15,medium,medium,p2_c120_mp3,42,5,6,3,3,343,648,10,112,144,171,0,2.613389730453491,0
chain_15,medium,medium,p2_c120_mp2,1717,5,6,3,3,337,642,10,104,155,160,0,3.0382726192474365,0
chain_15,medium,medium,p2_c120_mp2,1616,,,0,0,132,246,10,0,48,76,0,3.196730375289917,0
chain_15,medium,medium,p2_c120_mp3,1515,5,6,4,2,345,648,21,90,171,153,0,2.38765811920166,0
chain_15,medium,medium,p2_c120_mp2,1919,4,6,4,2,313,595,9,84,138,154,0,3.311992645263672,0
chain_15,medium,medium,p2_c120_mp2,1818,6,6,3,3,364,688,15,112,187,153,0,3.3657643795013428,0
chain_15,medium,medium,p2_c120_mp3,707,5,6,4,2,334,630,16,99,164,148,0,3.0569796562194824,0
chain_15,medium,medium,p2_c120_mp3,101,6,6,4,2,330,623,15,81,167,141,0,3.208866596221924,0
chain_15,medium,medium,p2_c120_mp3,303,6,6,4,2,363,693,10,120,172,168,0,3.2338364124298096,0
chain_15,medium,medium,p2_c120_mp3,505,6,6,3,3,370,707,10,126,154,193,0,3.2063987255096436,0
chain_15,medium,medium,p2_c120_mp3,202,6,6,3,3,352,673,8,126,137,192,0,3.256417989730835,0
chain_15,medium,medium,p2_c120_mp3,404,5,6,4,2,341,648,13,94,166,154,0,3.25785756111145,0
chain_15,medium,medium,p2_c120_mp3,909,5,6,3,3,351,668,12,112,154,175,0,3.1366279125213623,0
chain_15,medium,medium,p2_c120_mp3,606,6,6,3,3,369,677,32,126,147,193,0,3.227586030960083,0
chain_15,medium,medium,p2_c120_mp3,1717,5,6,3,3,337,642,10,104,155,160,0,2.527857542037964,0
chain_15,medium,medium,p2_c120_mp3,808,6,6,3,3,361,685,14,126,144,194,0,3.256307363510132,0
chain_15,medium,medium,p2_c120_mp3,1111,6,6,4,2,365,692,11,109,188,150,0,3.268986463546753,0
chain_15,medium,medium,p2_c120_mp3,1212,5,6,4,2,340,645,14,88,182,137,0,3.2954001426696777,0
chain_15,medium,medium,p2_c120_mp3,1010,6,6,3,3,375,713,8,126,153,193,0,3.330371379852295,0
chain_15,medium,medium,p2_c120_mp3,1313,6,6,3,3,396,763,6,126,182,191,0,3.348698854446411,0
chain_15,medium,medium,p2_c120_mp3,1414,6,6,3,3,377,722,9,123,164,190,0,3.360431671142578,0
chain_15,medium,medium,p2_c120_mp3,1818,6,6,3,3,364,688,15,112,187,153,0,3.145392894744873,0
chain_15,medium,medium,p2_c120_mp3,1616,,,0,0,132,246,10,0,48,76,0,3.3133857250213623,0
chain_15,medium,medium,p2_c120_h2,202,6,6,3,3,362,691,8,126,137,200,2,3.0987539291381836,0
chain_15,medium,medium,p2_c120_mp3,1919,4,6,4,2,313,595,9,84,138,154,0,3.2885138988494873,0
chain_15,medium,medium,p2_c120_h2,101,6,6,4,2,374,710,13,115,175,174,2,3.1736841201782227,0
chain_15,medium,medium,p2_c120_h2,42,4,6,4,2,311,583,17,78,149,140,2,3.294778823852539,0
chain_15,medium,medium,p2_c120_h2,303,6,6,4,2,373,709,12,120,172,176,2,3.230668544769287,0
chain_15,medium,medium,p2_c120_h2,505,6,6,3,3,376,713,14,122,154,197,2,3.0004372596740723,0
chain_15,medium,medium,p2_c120_h2,606,6,6,3,3,379,694,35,114,161,189,6,2.880147933959961,0
chain_15,medium,medium,p2_c120_h2,404,5,6,3,3,366,696,12,112,157,185,2,3.1243135929107666,0
chain_15,medium,medium,p2_c120_h2,808,6,6,3,3,371,699,18,126,144,202,2,3.028542995452881,0
chain_15,medium,medium,p2_c120_h2,1717,5,6,3,3,348,660,12,105,155,169,2,2.5431392192840576,0
chain_15,medium,medium,p2_c40,101,6,6,4,2,330,623,15,81,167,141,0,2.505549669265747,0
chain_15,medium,medium,p2_c120_h2,909,5,6,4,2,357,680,10,112,159,174,2,3.1915276050567627,0
chain_15,medium,medium,p2_c120_h2,707,5,6,4,2,346,658,10,112,147,175,2,3.3046929836273193,0
chain_15,medium,medium,p2_c120_h2,1313,5,6,4,2,353,675,7,112,156,173,2,3.1008214950561523,0
chain_15,medium,medium,p2_c120_h2,1515,5,6,3,3,367,693,17,99,184,159,2,3.069261312484741,0
chain_15,medium,medium,p2_c120_h2,1111,6,6,3,3,386,729,14,126,158,199,6,3.3033154010772705,0
chain_15,medium,medium,p2_c120_h2,1010,6,6,3,3,379,725,8,126,153,201,2,3.3501501083374023,0
chain_15,medium,medium,p2_c120_h2,1414,6,6,3,3,366,690,17,116,150,191,2,3.290006399154663,0
chain_15,medium,medium,p2_c120_h2,1616,,,0,0,132,246,10,0,48,76,0,3.229844093322754,0
chain_15,medium,medium,p2_c120_h2,1212,5,6,3,3,344,647,17,89,163,157,2,3.409291982650757,0
chain_15,medium,medium,p2_c40,42,0,6,0,6,184,346,8,0,66,104,0,3.197258949279785,0
chain_15,medium,medium,p2_c40,202,6,6,3,3,352,673,8,126,137,192,0,3.163645029067993,0
chain_15,medium,medium,p2_c120_h2,1818,6,6,4,2,373,705,14,111,180,167,2,3.378380537033081,0
chain_15,medium,medium,p2_c40,404,5,6,4,2,341,648,13,94,166,154,0,3.057206392288208,0
chain_15,medium,medium,p2_c120_h2,1919,6,6,4,2,324,599,22,69,172,126,2,3.384472608566284,0
chain_15,medium,medium,p2_c40,303,6,6,4,2,363,693,10,120,172,168,0,3.313586950302124,0
chain_15,medium,medium,p2_c40,606,0,6,0,6,165,286,30,0,69,82,0,2.9849770069122314,0
chain_15,medium,medium,p2_c40,1010,0,6,0,6,183,344,8,0,75,94,0,2.8371877670288086,0
chain_15,medium,medium,p2_c40,505,6,6,3,3,370,707,10,126,154,193,0,3.257263422012329,0
chain_15,medium,medium,p2_c40,909,5,6,3,3,351,668,12,112,154,175,0,3.1759002208709717,0
chain_15,medium,medium,p2_c40,707,5,6,4,2,334,630,16,99,164,148,0,3.279506206512451,0
chain_15,medium,medium,p2_c40,808,6,6,3,3,361,685,14,126,144,194,0,3.366673469543457,0
chain_15,medium,medium,p2_c40,1111,0,6,0,6,180,341,5,0,86,80,0,3.359907627105713,0
chain_15,medium,medium,p2_c40,1313,6,6,3,3,396,763,6,126,182,191,0,3.1234028339385986,0
chain_15,medium,medium,p2_c40,1414,6,6,3,3,377,722,9,123,164,190,0,3.1806931495666504,0
chain_15,medium,medium,p2_c40,1515,5,6,4,2,345,648,21,90,171,153,0,3.021000623703003,0
chain_15,medium,medium,p2_c40,1212,5,6,4,2,340,645,14,88,182,137,0,3.4324331283569336,0
chain_15,medium,medium,p2_c40,1616,,,0,0,132,246,10,0,48,76,0,3.206045150756836,0
chain_15,medium,medium,p2_c40_penalty_off,1010,4,6,3,3,322,613,10,98,153,148,0,2.4218802452087402,0
chain_15,medium,medium,p2_c40,1717,5,6,3,3,337,642,10,104,155,160,0,3.256514549255371,0
chain_15,medium,medium,p2_c40,1818,6,6,3,3,364,688,15,112,187,153,0,3.3211309909820557,0
chain_15,medium,medium,p2_c40_penalty_off,101,6,6,4,2,330,623,15,81,167,141,0,2.996868371963501,0
chain_15,medium,medium,p2_c40,1919,4,6,4,2,313,595,9,84,138,154,0,3.34761643409729,0
chain_15,medium,medium,p2_c40_penalty_off,606,5,6,3,3,324,593,33,99,147,155,0,2.8775582313537598,0
chain_15,medium,medium,p2_c40_penalty_off,202,6,6,3,3,352,673,8,126,137,192,0,3.1305410861968994,0
chain_15,medium,medium,p2_c40_penalty_off,42,2,6,3,3,237,444,13,36,118,102,0,3.276484251022339,0
chain_15,medium,medium,p2_c40_penalty_off,707,5,6,4,2,334,630,16,99,164,148,0,3.1046690940856934,0
chain_15,medium,medium,p2_c40_penalty_off,404,5,6,4,2,341,648,13,94,166,154,0,3.2376034259796143,0
chain_15,medium,medium,p2_c40_penalty_off,808,6,6,3,3,361,685,14,126,144,194,0,3.110741376876831,0
chain_15,medium,medium,p2_c40_penalty_off,303,6,6,4,2,363,693,10,120,172,168,0,3.272042989730835,0
chain_15,medium,medium,p2_c40_penalty_off,1313,6,6,3,3,396,763,6,126,182,191,0,2.7369797229766846,0
chain_15,medium,medium,p2_c40_penalty_off,505,6,6,3,3,370,707,10,126,154,193,0,3.31080961227417,0
chain_15,medium,medium,p2_c40_penalty_off,1111,5,6,3,3,343,658,6,103,164,157,0,3.2214889526367188,0
chain_15,medium,medium,p2_c40_penalty_off,909,5,6,3,3,351,668,12,112,154,175,0,3.2720947265625,0
chain_15,medium,medium,p2_c40_penalty_off,1212,5,6,4,2,340,645,14,88,182,137,0,3.261228561401367,0
chain_15,medium,medium,p2_c40_penalty_off,1414,6,6,3,3,377,722,9,123,164,190,0,3.2080326080322266,0
chain_15,medium,medium,p2_c40_penalty_off,1515,5,6,4,2,345,648,21,90,171,153,0,3.2718143463134766,0
chain_15,medium,medium,p2_c40_penalty_off,1616,,,0,0,132,246,10,0,48,76,0,3.164987802505493,0
chain_15,medium,medium,p2_c40_penalty_off,1717,5,6,3,3,337,642,10,104,155,160,0,3.3554368019104004,0
chain_15,medium,medium,p2_c40_penalty_off,1818,6,6,3,3,364,688,15,112,187,153,0,3.3238422870635986,0
chain_15,medium,medium,p2_c40_penalty_off,1919,4,6,4,2,313,595,9,84,138,154,0,3.349839210510254,0
chain_15,medium,frequent,baseline,202,6,6,1,5,419,788,21,98,172,218,0,2.9715576171875,0
chain_15,medium,frequent,baseline,101,6,6,2,4,414,774,25,87,193,192,0,3.1628763675689697,0
chain_15,medium,frequent,baseline,42,5,6,1,5,389,725,25,71,218,143,0,3.3378899097442627,0
chain_15,medium,frequent,baseline,1717,5,6,1,5,375,702,20,84,153,194,0,2.2109344005584717,0
chain_15,medium,frequent,baseline,1111,6,6,1,5,430,816,15,89,193,208,0,2.540783405303955,0
chain_15,medium,frequent,baseline,404,6,6,1,5,420,794,17,86,184,207,0,3.0721242427825928,0
chain_15,medium,frequent,baseline,303,5,6,1,5,393,741,17,77,171,194,0,3.3239529132843018,0
chain_15,medium,frequent,baseline,606,6,6,1,5,417,767,38,98,169,219,0,2.9959909915924072,0
chain_15,medium,frequent,baseline,505,6,6,1,5,437,826,19,98,189,219,0,3.1978979110717773,0
chain_15,medium,frequent,baseline,909,5,6,1,5,435,822,20,84,206,201,0,2.9985971450805664,0
chain_15,medium,frequent,baseline,1010,6,6,1,5,405,766,15,98,157,219,0,2.9343156814575195,0
chain_15,medium,frequent,baseline,707,5,6,1,5,421,802,12,84,193,200,0,3.247035264968872,0
chain_15,medium,frequent,baseline,808,4,6,1,5,407,762,25,70,196,184,0,3.2739927768707275,0
chain_15,medium,frequent,baseline,1212,5,6,2,4,425,796,26,80,223,174,0,3.169618844985962,0
chain_15,medium,frequent,baseline,1515,6,6,1,5,413,778,19,85,244,140,0,3.048708438873291,0
chain_15,medium,frequent,baseline,1414,6,6,1,5,426,805,18,95,181,216,0,3.195220947265625,0
chain_15,medium,frequent,baseline,1313,4,6,1,5,368,687,22,70,170,171,0,3.23895263671875,0
chain_15,medium,frequent,p2_c120,101,6,6,4,2,442,830,23,115,245,166,0,2.873262882232666,0
chain_15,medium,frequent,baseline,1616,5,6,1,5,358,668,20,84,136,194,0,3.306820869445801,0
chain_15,medium,frequent,baseline,1818,6,6,1,5,383,711,24,87,210,143,0,3.2707154750823975,0
chain_15,medium,frequent,baseline,1919,5,6,1,5,348,641,25,59,150,169,0,3.1783440113067627,0
chain_15,medium,frequent,p2_c120,42,5,6,3,3,428,801,25,110,229,169,0,3.268179178237915,0
chain_15,medium,frequent,p2_c120,202,6,6,3,3,447,842,21,126,224,192,0,3.1518802642822266,0
chain_15,medium,frequent,p2_c120,303,5,6,4,2,428,811,15,112,230,168,0,3.0950162410736084,0
chain_15,medium,frequent,p2_c120,404,5,6,3,3,431,809,23,100,236,165,0,3.096480131149292,0
chain_15,medium,frequent,p2_c120,505,6,6,3,3,465,877,22,126,241,193,0,3.1252880096435547,0
chain_15,medium,frequent,p2_c120,606,6,6,3,3,428,783,42,109,221,176,0,3.345827102661133,0
chain_15,medium,frequent,p2_c120,707,6,6,3,3,469,896,11,126,245,193,0,3.079897165298462,0
chain_15,medium,frequent,p2_c120,1212,6,6,4,2,475,895,24,122,275,169,0,2.8576841354370117,0
chain_15,medium,frequent,p2_c120,1818,6,6,3,3,408,757,26,112,223,153,0,2.5716657638549805,0
chain_15,medium,frequent,p2_c120,1010,6,6,3,3,433,817,18,126,209,193,0,3.174675941467285,0
chain_15,medium,frequent,p2_c120,808,5,6,4,2,446,837,25,106,254,162,0,3.2958948612213135,0
chain_15,medium,frequent,p2_c120,909,5,6,3,3,463,874,22,112,258,175,0,3.292546272277832,0
chain_15,medium,frequent,p2_c120,1313,4,6,4,2,396,741,22,98,224,143,0,3.249701738357544,0
chain_15,medium,frequent,p2_c120,1111,6,6,3,3,467,890,13,126,245,191,0,3.3852005004882812,0
chain_15,medium,frequent,p2_c120_mp2,42,5,6,3,3,431,804,25,110,229,169,0,2.842148542404175,0
chain_15,medium,frequent,p2_c120,1414,6,6,3,3,457,867,16,126,233,193,0,3.2741317749023438,0
chain_15,medium,frequent,p2_c120,1515,6,6,3,3,431,808,23,103,257,143,0,3.2877750396728516,0
chain_15,medium,frequent,p2_c120_mp2,202,6,6,3,3,447,842,21,126,224,192,0,2.7751920223236084,0
chain_15,medium,frequent,p2_c120,1616,5,6,4,2,386,722,20,112,189,167,0,3.3032987117767334,0
chain_15,medium,frequent,p2_c120,1919,6,6,4,2,405,750,27,104,219,154,0,3.110140323638916,0
chain_15,medium,frequent,p2_c120,1717,5,6,3,3,396,739,23,105,205,161,0,3.4059336185455322,0
chain_15,medium,frequent,p2_c120_mp2,404,5,6,3,3,431,809,23,100,236,165,0,3.0195624828338623,0
chain_15,medium,frequent,p2_c120_mp2,101,6,6,4,2,442,830,23,115,245,166,0,3.2666289806365967,0
chain_15,medium,frequent,p2_c120_mp2,303,5,6,4,2,428,811,15,112,230,168,0,3.2083683013916016,0
chain_15,medium,frequent,p2_c120_mp2,606,6,6,3,3,431,786,42,109,221,176,0,3.1203489303588867,0
chain_15,medium,frequent,p2_c120_mp2,909,5,6,3,3,463,874,22,112,258,175,0,3.0844175815582275,0
chain_15,medium,frequent,p2_c120_mp2,505,6,6,3,3,465,877,22,126,241,193,0,3.3163630962371826,0
chain_15,medium,frequent,p2_c120_mp2,707,6,6,3,3,469,896,11,126,245,193,0,3.3495635986328125,0
chain_15,medium,frequent,p2_c120_mp2,1212,6,6,4,2,475,895,24,122,275,169,0,2.8670928478240967,0
chain_15,medium,frequent,p2_c120_mp2,808,5,6,4,2,446,837,25,106,254,162,0,3.3804757595062256,0
chain_15,medium,frequent,p2_c120_mp2,1111,6,6,3,3,462,875,15,118,245,183,0,3.0389866828918457,0
chain_15,medium,frequent,p2_c120_mp2,1010,6,6,3,3,436,819,19,126,209,193,0,3.249645233154297,0
chain_15,medium,frequent,p2_c120_mp2,1313,4,6,4,2,396,741,22,98,224,143,0,3.1298141479492188,0
chain_15,medium,frequent,p2_c120_mp2,1414,6,6,3,3,457,867,16,126,233,193,0,3.302077531814575,0
chain_15,medium,frequent,p2_c120_mp2,1515,6,6,3,3,431,808,23,103,257,143,0,3.2843196392059326,0
chain_15,medium,frequent,p2_c120_mp2,1616,5,6,4,2,386,722,20,112,189,167,0,3.1738429069519043,0
chain_15,medium,frequent,p2_c120_mp2,1818,6,6,3,3,408,757,26,112,223,153,0,3.108858585357666,0
chain_15,medium,frequent,p2_c120_mp2,1919,6,6,4,2,405,750,27,104,219,154,0,3.112731456756592,0
chain_15,medium,frequent,p2_c120_mp2,1717,5,6,3,3,396,739,23,105,205,161,0,3.303678035736084,0
chain_15,medium,frequent,p2_c120_mp3,101,6,6,4,2,442,830,23,115,245,166,0,2.9866154193878174,0
chain_15,medium,frequent,p2_c120_mp3,303,5,6,4,2,428,811,15,112,230,168,0,3.075803279876709,0
chain_15,medium,frequent,p2_c120_mp3,42,5,6,3,3,434,807,25,110,229,169,0,3.3482534885406494,0
chain_15,medium,frequent,p2_c120_mp3,202,6,6,3,3,447,842,21,126,224,192,0,3.1823267936706543,0
chain_15,medium,frequent,p2_c120_mp3,707,6,6,3,3,469,896,11,126,245,193,0,3.1749649047851562,0
chain_15,medium,frequent,p2_c120_mp3,404,5,6,3,3,431,809,23,100,236,165,0,3.3393008708953857,0
chain_15,medium,frequent,p2_c120_mp3,808,5,6,4,2,446,837,25,106,254,162,0,3.14251971244812,0
chain_15,medium,frequent,p2_c120_mp3,1515,6,6,3,3,431,808,23,103,257,143,0,2.4702963829040527,0
chain_15,medium,frequent,p2_c120_mp3,505,6,6,3,3,465,877,22,126,241,193,0,3.312486171722412,0
chain_15,medium,frequent,p2_c120_mp3,606,6,6,3,3,451,827,38,126,221,193,0,3.384564161300659,0
chain_15,medium,frequent,p2_c120_mp3,1010,5,6,4,2,414,777,17,112,213,167,0,3.0536723136901855,0
chain_15,medium,frequent,p2_c120_mp3,909,5,6,3,3,463,874,22,112,258,175,0,3.2623472213745117,0
chain_15,medium,frequent,p2_c120_mp3,1313,4,6,4,2,396,741,22,98,224,143,0,2.8754751682281494,0
chain_15,medium,frequent,p2_c120_mp3,1212,6,6,4,2,475,895,24,122,275,169,0,3.003840208053589,0
chain_15,medium,frequent,p2_c120_mp3,1414,6,6,3,3,457,867,16,126,233,193,0,3.0439910888671875,0
chain_15,medium,frequent,p2_c120_mp3,1111,6,6,3,3,465,878,15,118,245,183,0,3.371880292892456,0
chain_15,medium,frequent,p2_c120_mp3,1616,5,6,4,2,386,722,20,112,189,167,0,3.1677894592285156,0
chain_15,medium,frequent,p2_c120_mp3,1717,5,6,3,3,396,739,23,105,205,161,0,3.141678810119629,0
chain_15,medium,frequent,p2_c120_mp3,1818,6,6,3,3,408,757,26,112,223,153,0,3.379923105239868,0
chain_15,medium,frequent,p2_c120_mp3,1919,6,6,4,2,405,750,27,104,219,154,0,3.3113949298858643,0
chain_15,medium,frequent,p2_c120_h2,42,4,6,4,2,416,776,26,59,265,121,2,3.2852113246917725,0
chain_15,medium,frequent,p2_c120_h2,101,6,6,4,2,444,837,19,97,251,161,2,3.2891244888305664,0
chain_15,medium,frequent,p2_c120_h2,202,6,6,3,3,457,858,23,126,224,200,2,3.3281543254852295,0
chain_15,medium,frequent,p2_c120_h2,606,6,6,3,3,449,810,51,126,212,200,6,2.869981050491333,0
chain_15,medium,frequent,p2_c120_h2,303,5,6,4,2,431,808,22,112,223,176,2,3.3723483085632324,0
chain_15,medium,frequent,p2_c120_h2,505,5,6,4,2,408,761,24,91,215,162,2,3.300921678543091,0
chain_15,medium,frequent,p2_c120_h2,404,5,6,3,3,456,857,22,100,250,173,3,3.4172427654266357,0
chain_15,medium,frequent,p2_c120_h2,1414,6,6,3,3,474,897,18,126,240,201,2,2.7803103923797607,0
chain_15,medium,frequent,p2_c120_h2,707,5,6,4,2,452,855,15,112,245,175,2,3.378897190093994,0
chain_15,medium,frequent,p2_c120_h2,808,4,6,4,2,445,834,25,98,258,156,2,3.3240673542022705,0
chain_15,medium,frequent,p2_c120_h2,1313,5,6,3,3,441,834,16,104,240,169,2,2.875478982925415,0
chain_15,medium,frequent,p2_c120_h2,1010,6,6,3,3,461,864,25,126,227,201,2,3.190126895904541,0
chain_15,medium,frequent,p2_c120_h2,909,5,6,4,2,399,746,21,85,207,161,2,3.428387403488159,0
chain_15,medium,frequent,p2_c120_h2,1717,5,6,3,3,421,782,28,97,241,148,2,3.0638785362243652,0
chain_15,medium,frequent,p2_c120_h2,1515,6,6,3,3,432,809,21,113,221,177,3,3.20912504196167,0
chain_15,medium,frequent,p2_c120_h2,1616,5,6,4,2,408,761,23,112,201,175,2,3.197777509689331,0
chain_15,medium,frequent,p2_c120_h2,1111,6,6,3,3,471,893,12,116,245,189,6,3.460188627243042,0
chain_15,medium,frequent,p2_c40,42,0,6,0,6,277,511,21,0,151,104,0,3.0199098587036133,0
chain_15,medium,frequent,p2_c120_h2,1919,5,6,3,3,395,736,20,90,234,128,2,3.037628412246704,0
chain_15,medium,frequent,p2_c120_h2,1818,6,6,4,2,443,828,23,117,236,173,2,3.091548204421997,0
chain_15,medium,frequent,p2_c120_h2,1212,6,6,4,2,473,895,18,122,263,177,2,3.384857177734375,0
chain_15,medium,frequent,p2_c40,101,6,6,4,2,442,830,23,115,245,166,0,3.1575682163238525,0
chain_15,medium,frequent,p2_c40,202,6,6,3,3,447,842,21,126,224,192,0,3.1597487926483154,0
chain_15,medium,frequent,p2_c40,707,6,6,3,3,469,896,11,126,245,193,0,2.764190673828125,0
chain_15,medium,frequent,p2_c40,303,5,6,4,2,428,811,15,112,230,168,0,3.3835036754608154,0
chain_15,medium,frequent,p2_c40,404,5,6,3,3,431,809,23,100,236,165,0,3.2873737812042236,0
chain_15,medium,frequent,p2_c40,505,6,6,3,3,465,877,22,126,241,193,0,3.3294029235839844,0
chain_15,medium,frequent,p2_c40,606,0,6,0,6,247,436,36,0,143,82,0,3.3175899982452393,0
chain_15,medium,frequent,p2_c40,808,5,6,4,2,446,837,25,106,254,162,0,3.2226274013519287,0
chain_15,medium,frequent,p2_c40,909,5,6,3,3,463,874,22,112,258,175,0,3.0974552631378174,0
chain_15,medium,frequent,p2_c40,1010,0,6,0,6,247,457,15,0,131,94,0,3.0257833003997803,0
chain_15,medium,frequent,p2_c40,1313,4,6,4,2,396,741,22,98,224,143,0,2.868469715118408,0
chain_15,medium,frequent,p2_c40,1414,6,6,3,3,457,867,16,126,233,193,0,2.8075411319732666,0
chain_15,medium,frequent,p2_c40,1111,0,6,0,6,269,503,13,0,167,80,0,3.383465051651001,0
chain_15,medium,frequent,p2_c40,1212,6,6,4,2,475,895,24,122,275,169,0,3.3609230518341064,0
chain_15,medium,frequent,p2_c40_penalty_off,606,5,6,3,3,395,721,40,88,211,155,0,2.4522249698638916,0
chain_15,medium,frequent,p2_c40,1616,5,6,4,2,386,722,20,112,189,167,0,3.0217199325561523,0
chain_15,medium,frequent,p2_c40,1919,6,6,4,2,405,750,27,104,219,154,0,3.0204195976257324,0
chain_15,medium,frequent,p2_c40,1515,6,6,3,3,431,808,23,103,257,143,0,3.2537808418273926,0
chain_15,medium,frequent,p2_c40,1818,6,6,3,3,408,757,26,112,223,153,0,3.2859020233154297,0
chain_15,medium,frequent,p2_c40,1717,5,6,3,3,396,739,23,105,205,161,0,3.3102059364318848,0
chain_15,medium,frequent,p2_c40_penalty_off,101,6,6,4,2,442,830,23,115,245,166,0,3.0530850887298584,0
chain_15,medium,frequent,p2_c40_penalty_off,707,6,6,3,3,469,896,11,126,245,193,0,3.0125553607940674,0
chain_15,medium,frequent,p2_c40_penalty_off,42,5,6,3,3,429,806,22,112,229,170,0,3.267374038696289,0
chain_15,medium,frequent,p2_c40_penalty_off,808,5,6,4,2,446,837,25,106,254,162,0,3.0349228382110596,0
chain_15,medium,frequent,p2_c40_penalty_off,303,5,6,4,2,428,811,15,112,230,168,0,3.197005033493042,0
chain_15,medium,frequent,p2_c40_penalty_off,202,6,6,3,3,447,842,21,126,224,192,0,3.203378915786743,0
chain_15,medium,frequent,p2_c40_penalty_off,404,5,6,3,3,431,809,23,100,236,165,0,3.2645442485809326,0
chain_15,medium,frequent,p2_c40_penalty_off,909,5,6,3,3,463,874,22,112,258,175,0,3.1491353511810303,0
chain_15,medium,frequent,p2_c40_penalty_off,505,6,6,3,3,465,877,22,126,241,193,0,3.3887276649475098,0
chain_15,medium,frequent,p2_c40_penalty_off,1010,3,6,3,3,326,607,19,48,179,121,0,3.244135618209839,0
chain_15,medium,frequent,p2_c40_penalty_off,1212,6,6,4,2,475,895,24,122,275,169,0,3.1605050563812256,0
chain_15,medium,frequent,p2_c40_penalty_off,1313,4,6,4,2,396,741,22,98,224,143,0,3.1234242916107178,0
chain_15,medium,frequent,p2_c40_penalty_off,1111,5,6,3,3,419,787,21,90,262,127,0,3.390962600708008,0
chain_15,medium,frequent,p2_c40_penalty_off,1616,5,6,4,2,386,722,20,112,189,167,0,2.8598198890686035,0
chain_15,medium,frequent,p2_c40_penalty_off,1414,6,6,3,3,457,867,16,126,233,193,0,3.299534559249878,0
chain_15,medium,frequent,p2_c40_penalty_off,1515,6,6,3,3,431,808,23,103,257,143,0,3.3503174781799316,0
chain_15,medium,frequent,p2_c40_penalty_off,1717,5,6,3,3,396,739,23,105,205,161,0,3.223832845687866,0
chain_15,medium,frequent,p2_c40_penalty_off,1818,6,6,3,3,408,757,26,112,223,153,0,3.2052829265594482,0
chain_15,heavy,medium,baseline,101,10,12,2,10,434,816,21,139,95,308,0,2.7010414600372314,0
chain_15,medium,frequent,p2_c40_penalty_off,1919,6,6,4,2,405,750,27,104,219,154,0,3.2280337810516357,0
chain_15,heavy,medium,baseline,42,11,12,4,8,468,889,15,158,141,295,0,3.2386629581451416,0
chain_15,heavy,medium,baseline,404,8,12,2,10,408,764,23,116,122,257,0,2.930353879928589,0
chain_15,heavy,medium,baseline,202,9,10,2,8,413,783,14,143,111,273,0,3.237497091293335,0
chain_15,heavy,medium,baseline,303,8,10,1,9,399,753,18,119,100,272,0,3.3204448223114014,0
chain_15,heavy,medium,baseline,606,0,12,12,0,286,514,38,0,190,76,0,3.0403788089752197,0
chain_15,heavy,medium,baseline,505,12,12,2,10,506,963,16,176,137,336,0,3.2103512287139893,0
chain_15,heavy,medium,baseline,1313,9,12,3,9,419,788,18,113,217,172,0,2.8296959400177,0
chain_15,heavy,medium,baseline,707,9,12,2,10,432,819,15,140,99,303,0,3.227084159851074,0
chain_15,heavy,medium,baseline,808,9,10,1,9,425,806,16,140,105,292,0,3.2471299171447754,0
chain_15,heavy,medium,baseline,1010,9,12,4,8,424,798,20,132,123,271,0,3.226170063018799,0
chain_15,heavy,medium,baseline,1717,10,12,3,9,454,863,14,144,109,314,0,2.9830174446105957,0
chain_15,heavy,medium,baseline,1515,10,12,2,10,438,822,23,133,106,301,0,3.1736791133880615,0
chain_15,heavy,medium,baseline,909,9,12,3,9,434,823,15,138,129,275,0,3.5612285137176514,0
chain_15,heavy,medium,baseline,1616,,,0,0,132,246,10,0,48,76,0,3.2383828163146973,0
chain_15,heavy,medium,baseline,1414,10,12,2,10,432,815,18,129,199,202,0,3.4711246490478516,0
chain_15,heavy,medium,baseline,1212,9,12,3,9,454,861,17,138,137,287,0,3.539788007736206,0
chain_15,heavy,medium,baseline,1111,12,12,2,10,497,945,15,173,256,207,0,3.5639593601226807,0
chain_15,heavy,medium,baseline,1818,9,12,2,10,437,826,16,118,122,284,0,3.2010550498962402,0
chain_15,heavy,medium,baseline,1919,10,12,2,10,449,852,11,140,124,293,0,3.143202304840088,0
chain_15,heavy,medium,p2_c120,42,11,12,4,8,468,889,15,158,141,295,0,3.234739065170288,0
chain_15,heavy,medium,p2_c120,202,9,10,2,8,413,783,14,143,111,273,0,3.1661460399627686,0
chain_15,heavy,medium,p2_c120,101,10,12,2,10,434,816,21,139,95,308,0,3.212049961090088,0
chain_15,heavy,medium,p2_c120,303,8,10,1,9,399,753,18,119,100,272,0,3.3241593837738037,0
chain_15,heavy,medium,p2_c120,404,8,12,2,10,408,764,23,116,122,257,0,3.324187755584717,0
chain_15,heavy,medium,p2_c120,707,9,12,2,10,432,819,15,140,99,303,0,2.9271552562713623,0
chain_15,heavy,medium,p2_c120,505,12,12,2,10,506,963,16,176,137,336,0,3.650731325149536,0
chain_15,heavy,medium,p2_c120,606,0,12,12,0,286,514,38,0,190,76,0,3.383486270904541,0
chain_15,heavy,medium,p2_c120,909,9,12,3,9,434,823,15,138,129,275,0,3.1926262378692627,0
chain_15,heavy,medium,p2_c120,1010,9,12,4,8,424,798,20,132,123,271,0,3.4777653217315674,0
chain_15,heavy,medium,p2_c120,1313,9,12,3,9,419,788,18,113,217,172,0,3.212183713912964,0
chain_15,heavy,medium,p2_c120,808,9,10,1,9,425,806,16,140,105,292,0,3.674309492111206,0
chain_15,heavy,medium,p2_c120,1212,9,12,3,9,454,861,17,138,137,287,0,3.468669891357422,0
chain_15,heavy,medium,p2_c120,1111,12,12,2,10,497,945,15,173,256,207,0,3.671175718307495,0
chain_15,heavy,medium,p2_c120,1414,10,12,2,10,432,815,18,129,199,202,0,3.6439926624298096,0
chain_15,heavy,medium,p2_c120,1515,10,12,2,10,438,822,23,133,106,301,0,3.5936615467071533,0
chain_15,heavy,medium,p2_c120,1616,,,0,0,132,246,10,0,48,76,0,3.492178440093994,0
chain_15,heavy,medium,p2_c120_mp2,101,10,12,2,10,434,816,21,139,95,308,0,3.1134579181671143,0
chain_15,heavy,medium,p2_c120,1818,9,12,2,10,437,826,16,118,122,284,0,3.5606889724731445,0
chain_15,heavy,medium,p2_c120,1919,10,12,2,10,449,852,11,140,124,293,0,3.573805332183838,0
chain_15,heavy,medium,p2_c120,1717,10,12,3,9,454,863,14,144,109,314,0,3.7912869453430176,0
chain_15,heavy,medium,p2_c120_mp2,42,9,12,8,4,465,866,26,175,245,182,0,3.685356616973877,0
chain_15,heavy,medium,p2_c120_mp2,505,12,12,2,10,506,963,16,176,137,336,0,3.539771795272827,0
chain_15,heavy,medium,p2_c120_mp2,404,8,12,2,10,408,764,23,116,122,257,0,3.5557098388671875,0
chain_15,heavy,medium,p2_c120_mp2,202,9,10,2,8,413,783,14,143,111,273,0,3.728471279144287,0
chain_15,heavy,medium,p2_c120_mp2,606,0,12,12,0,286,514,38,0,190,76,0,3.567958354949951,0
chain_15,heavy,medium,p2_c120_mp2,707,9,12,2,10,432,819,15,140,99,303,0,3.509932041168213,0
chain_15,heavy,medium,p2_c120_mp2,303,8,10,1,9,399,753,18,119,100,272,0,3.921609878540039,0
chain_15,heavy,medium,p2_c120_mp2,909,9,12,3,9,434,823,15,138,129,275,0,3.5496199131011963,0
chain_15,heavy,medium,p2_c120_mp2,1010,7,12,8,4,429,791,31,149,227,166,0,3.570929765701294,0
chain_15,heavy,medium,p2_c120_mp2,808,9,10,1,9,425,806,16,140,105,292,0,3.6587846279144287,0
chain_15,heavy,medium,p2_c120_mp2,1111,10,12,8,4,501,940,22,193,257,204,0,3.4726357460021973,0
chain_15,heavy,medium,p2_c120_mp2,1212,9,12,3,9,454,861,17,138,137,287,0,3.5235917568206787,0
chain_15,heavy,medium,p2_c120_mp2,1313,9,12,3,9,419,788,18,113,217,172,0,3.3772528171539307,0
chain_15,heavy,medium,p2_c120_mp2,1515,10,12,2,10,438,822,23,133,106,301,0,3.767198324203491,0
chain_15,heavy,medium,p2_c120_mp2,1414,10,12,2,10,432,815,18,129,199,202,0,3.9208569526672363,0
chain_15,heavy,medium,p2_c120_mp3,42,8,12,8,4,444,823,25,158,224,180,0,3.217641830444336,0
chain_15,heavy,medium,p2_c120_mp3,101,10,12,2,10,434,816,21,139,95,308,0,3.3512985706329346,0
chain_15,heavy,medium,p2_c120_mp2,1616,,,0,0,132,246,10,0,48,76,0,4.028177261352539,0
chain_15,heavy,medium,p2_c120_mp3,202,9,10,2,8,413,783,14,143,111,273,0,3.274718761444092,0
chain_15,heavy,medium,p2_c120_mp2,1818,9,12,2,10,437,826,16,118,122,284,0,3.8430395126342773,0
chain_15,heavy,medium,p2_c120_mp2,1919,10,12,2,10,449,852,11,140,124,293,0,3.702226400375366,0
chain_15,heavy,medium,p2_c120_mp2,1717,10,12,3,9,454,863,14,144,109,314,0,3.8924548625946045,0
chain_15,heavy,medium,p2_c120_mp3,404,8,12,2,10,408,764,23,116,122,257,0,3.4120712280273438,0
chain_15,heavy,medium,p2_c120_mp3,505,12,12,2,10,506,963,16,176,137,336,0,3.3838460445404053,0
chain_15,heavy,medium,p2_c120_mp3,303,8,10,1,9,399,753,18,119,100,272,0,3.600248098373413,0
chain_15,heavy,medium,p2_c120_mp3,606,0,12,12,0,286,514,38,0,190,76,0,3.439505100250244,0
chain_15,heavy,medium,p2_c120_mp3,707,9,12,2,10,432,819,15,140,99,303,0,3.367934465408325,0
chain_15,heavy,medium,p2_c120_mp3,1212,9,12,3,9,454,861,17,138,137,287,0,3.2508561611175537,0
chain_15,heavy,medium,p2_c120_mp3,1515,10,12,2,10,438,822,23,133,106,301,0,3.16276478767395,0
chain_15,heavy,medium,p2_c120_mp3,1313,9,12,3,9,419,788,18,113,217,172,0,3.312438488006592,0
chain_15,heavy,medium,p2_c120_mp3,1010,7,12,9,3,399,732,29,126,226,136,0,3.554518699645996,0
chain_15,heavy,medium,p2_c120_mp3,1111,10,12,7,5,531,995,21,207,254,231,0,3.57354474067688,0
chain_15,heavy,medium,p2_c120_mp3,909,9,12,3,9,434,823,15,138,129,275,0,3.7425124645233154,0
chain_15,heavy,medium,p2_c120_mp3,808,9,10,1,9,425,806,16,140,105,292,0,3.9464688301086426,0
chain_15,heavy,medium,p2_c120_mp3,1818,9,12,2,10,437,826,16,118,122,284,0,3.069061756134033,0
chain_15,heavy,medium,p2_c120_mp3,1616,,,0,0,132,246,10,0,48,76,0,3.389291763305664,0
chain_15,heavy,medium,p2_c120_mp3,1414,10,12,2,10,432,815,18,129,199,202,0,3.7559380531311035,0
chain_15,heavy,medium,p2_c120_mp3,1717,10,12,3,9,454,863,14,144,109,314,0,3.552971601486206,0
chain_15,heavy,medium,p2_c120_mp3,1919,10,12,2,10,449,852,11,140,124,293,0,3.5201528072357178,0
chain_15,heavy,medium,p2_c120_h2,101,10,12,2,10,435,820,17,129,96,306,2,3.2244584560394287,0
chain_15,heavy,medium,p2_c120_h2,42,11,12,2,10,466,879,19,140,121,311,2,3.7749059200286865,0
chain_15,heavy,medium,p2_c120_h2,303,9,10,1,9,413,776,20,110,175,208,2,3.111158847808838,0
chain_15,heavy,medium,p2_c120_h2,202,10,10,1,9,436,829,12,144,200,205,2,3.4831812381744385,0
chain_15,heavy,medium,p2_c120_h2,404,8,12,3,9,413,771,24,121,116,266,2,3.4563488960266113,0
chain_15,heavy,medium,p2_c120_h2,1414,9,12,2,10,431,814,16,132,98,301,2,2.6817140579223633,0
chain_15,heavy,medium,p2_c120_h2,606,10,12,3,9,469,859,41,148,147,284,6,3.2492403984069824,0
chain_15,heavy,medium,p2_c120_h2,909,10,12,2,10,456,863,16,139,218,205,2,3.1185500621795654,0
chain_15,heavy,medium,p2_c120_h2,707,11,12,2,10,499,948,16,165,124,341,2,3.2314577102661133,0
chain_15,heavy,medium,p2_c120_h2,505,10,12,2,10,447,840,21,122,194,220,2,3.316070556640625,0
chain_15,heavy,medium,p2_c120_h2,808,8,10,1,9,408,769,18,126,92,287,2,3.1947243213653564,0
chain_15,heavy,medium,p2_c120_h2,1010,11,12,3,9,481,910,18,160,116,331,2,3.2122013568878174,0
chain_15,heavy,medium,p2_c120_h2,1313,11,12,4,8,469,887,16,159,132,302,2,2.9559860229492188,0
chain_15,heavy,medium,p2_c120_h2,1212,9,12,2,10,431,811,19,131,96,303,2,3.2025492191314697,0
chain_15,heavy,medium,p2_c120_h2,1111,11,12,3,9,487,917,19,167,133,316,6,3.2927277088165283,0
chain_15,heavy,medium,p2_c120_h2,1818,10,12,3,9,445,833,22,123,207,204,2,2.741673231124878,0
chain_15,heavy,medium,p2_c120_h2,1515,10,12,2,10,448,842,21,133,106,309,2,3.2819225788116455,0
chain_15,heavy,medium,p2_c40,42,0,12,0,12,222,414,10,0,68,134,0,2.996901035308838,0
chain_15,heavy,medium,p2_c120_h2,1717,12,12,2,10,498,940,21,168,112,351,2,3.1347970962524414,0
chain_15,heavy,medium,p2_c120_h2,1616,,,0,0,132,246,10,0,48,76,0,3.2747530937194824,0
chain_15,heavy,medium,p2_c120_h2,1919,10,12,2,10,449,844,18,146,127,287,2,3.1353964805603027,0
chain_15,heavy,medium,p2_c40,101,10,12,2,10,434,816,21,139,95,308,0,3.1415905952453613,0
chain_15,heavy,medium,p2_c40,303,8,10,1,9,399,753,18,119,100,272,0,3.213716745376587,0
chain_15,heavy,medium,p2_c40,202,9,10,2,8,413,783,14,143,111,273,0,3.3114562034606934,0
chain_15,heavy,medium,p2_c40,707,9,12,2,10,432,819,15,140,99,303,0,2.896644115447998,0
chain_15,heavy,medium,p2_c40,404,8,12,2,10,408,764,23,116,122,257,0,3.318493127822876,0
chain_15,heavy,medium,p2_c40,505,12,12,2,10,506,963,16,176,137,336,0,3.2653462886810303,0
chain_15,heavy,medium,p2_c40,606,0,12,0,12,175,298,32,0,68,87,0,3.2439494132995605,0
chain_15,heavy,medium,p2_c40,808,9,10,1,9,425,806,16,140,105,292,0,3.140179395675659,0
chain_15,heavy,medium,p2_c40,1010,0,12,0,12,207,386,8,0,75,112,0,3.1578588485717773,0
chain_15,heavy,medium,p2_c40,909,9,12,3,9,434,823,15,138,129,275,0,3.238659381866455,0
chain_15,heavy,medium,p2_c40,1717,10,12,3,9,454,863,14,144,109,314,0,2.5926496982574463,0
chain_15,heavy,medium,p2_c40,1515,10,12,2,10,438,822,23,133,106,301,0,2.855168342590332,0
chain_15,heavy,medium,p2_c40,1111,0,12,0,12,192,359,5,0,86,86,0,3.3650319576263428,0
chain_15,heavy,medium,p2_c40_penalty_off,42,11,12,1,11,467,891,11,157,94,341,0,2.8031601905822754,0
chain_15,heavy,medium,p2_c40,1818,9,12,2,10,437,826,16,118,122,284,0,2.881920099258423,0
chain_15,heavy,medium,p2_c40,1313,9,12,3,9,419,788,18,113,217,172,0,3.1371099948883057,0
chain_15,heavy,medium,p2_c40,1212,9,12,3,9,454,861,17,138,137,287,0,3.323551893234253,0
chain_15,heavy,medium,p2_c40,1414,10,12,2,10,432,815,18,129,199,202,0,3.2870306968688965,0
chain_15,heavy,medium,p2_c40_penalty_off,101,10,12,2,10,434,816,21,139,95,308,0,3.043370485305786,0
chain_15,heavy,medium,p2_c40,1616,,,0,0,132,246,10,0,48,76,0,3.331864356994629,0
chain_15,heavy,medium,p2_c40_penalty_off,202,9,10,2,8,413,783,14,143,111,273,0,3.0289340019226074,0
chain_15,heavy,medium,p2_c40,1919,10,12,2,10,449,852,11,140,124,293,0,3.3450698852539062,0
chain_15,heavy,medium,p2_c40_penalty_off,303,8,10,1,9,399,753,18,119,100,272,0,3.086064338684082,0
chain_15,heavy,medium,p2_c40_penalty_off,404,8,12,2,10,408,764,23,116,122,257,0,3.0818426609039307,0
chain_15,heavy,medium,p2_c40_penalty_off,707,9,12,2,10,432,819,15,140,99,303,0,3.102572441101074,0
chain_15,heavy,medium,p2_c40_penalty_off,606,9,12,2,10,420,775,35,138,94,296,0,3.1757709980010986,0
chain_15,heavy,medium,p2_c40_penalty_off,1111,9,12,3,9,435,830,10,130,228,177,0,2.890998601913452,0
chain_15,heavy,medium,p2_c40_penalty_off,1313,9,12,3,9,419,788,18,113,217,172,0,2.7202186584472656,0
chain_15,heavy,medium,p2_c40_penalty_off,505,12,12,2,10,506,963,16,176,137,336,0,3.351825714111328,0
chain_15,heavy,medium,p2_c40_penalty_off,808,9,10,1,9,425,806,16,140,105,292,0,3.27150821685791,0
chain_15,heavy,medium,p2_c40_penalty_off,909,9,12,3,9,434,823,15,138,129,275,0,3.2133920192718506,0
chain_15,heavy,medium,p2_c40_penalty_off,1010,10,12,1,11,453,861,14,145,218,204,0,3.2876007556915283,0
chain_15,heavy,medium,p2_c40_penalty_off,1212,9,12,3,9,454,861,17,138,137,287,0,3.2502918243408203,0
chain_15,heavy,medium,p2_c40_penalty_off,1616,,,0,0,132,246,10,0,48,76,0,2.928973436355591,0
chain_15,heavy,medium,p2_c40_penalty_off,1414,10,12,2,10,432,815,18,129,199,202,0,3.3754358291625977,0
chain_15,heavy,medium,p2_c40_penalty_off,1515,10,12,2,10,438,822,23,133,106,301,0,3.3222053050994873,0
chain_15,heavy,medium,p2_c40_penalty_off,1818,9,12,2,10,437,826,16,118,122,284,0,3.0854263305664062,0
chain_15,heavy,medium,p2_c40_penalty_off,1717,10,12,3,9,454,863,14,144,109,314,0,3.190760374069214,0
chain_15,heavy,medium,p2_c40_penalty_off,1919,10,12,2,10,449,852,11,140,124,293,0,3.1274542808532715,0
chain_15,heavy,frequent,baseline,42,10,12,5,7,501,930,33,127,222,240,0,3.1387319564819336,0
chain_15,heavy,frequent,baseline,101,10,12,3,9,532,992,33,129,301,192,0,3.0955395698547363,0
chain_15,heavy,frequent,baseline,303,11,12,3,9,532,999,25,143,294,198,0,3.181244134902954,0
chain_15,heavy,frequent,baseline,202,8,12,4,8,495,923,30,126,188,270,0,3.2502615451812744,0
chain_15,heavy,frequent,baseline,404,8,12,2,10,486,905,30,108,267,182,0,3.2065625190734863,0
chain_15,heavy,frequent,baseline,606,11,12,1,11,547,1011,43,168,155,352,0,3.0470359325408936,0
chain_15,heavy,frequent,baseline,707,10,12,3,9,553,1054,13,154,204,310,0,3.095005989074707,0
chain_15,heavy,frequent,baseline,505,7,12,2,10,475,885,29,112,175,264,0,3.1966726779937744,0
chain_15,heavy,frequent,baseline,808,10,12,3,9,565,1069,20,142,234,292,0,3.175776720046997,0
chain_15,heavy,frequent,baseline,1818,8,12,4,8,469,865,34,113,181,250,0,2.3284811973571777,0
chain_15,heavy,frequent,baseline,909,10,12,4,8,552,1039,25,149,254,258,0,3.2091541290283203,0
chain_15,heavy,frequent,baseline,1010,11,12,1,11,538,1011,25,156,284,214,0,3.266940116882324,0
chain_15,heavy,frequent,baseline,1212,9,12,4,8,507,941,35,119,225,244,0,3.171888828277588,0
chain_15,heavy,frequent,baseline,1111,10,12,3,9,554,1044,25,146,326,189,0,3.2913904190063477,0
chain_15,heavy,frequent,baseline,1313,9,12,1,11,518,976,22,140,157,323,0,3.2426273822784424,0
chain_15,heavy,frequent,baseline,1919,9,12,2,10,473,880,26,130,245,189,0,3.028528928756714,0
chain_15,heavy,frequent,baseline,1414,9,12,1,11,508,954,24,129,176,294,0,3.224102020263672,0
chain_15,heavy,frequent,baseline,1616,10,12,4,8,490,911,30,137,165,286,0,3.1489124298095703,0
chain_15,heavy,frequent,baseline,1515,11,12,2,10,557,1047,26,158,205,311,0,3.2876384258270264,0
chain_15,heavy,frequent,baseline,1717,11,12,1,11,536,1008,24,148,285,211,0,3.369600534439087,0
chain_15,heavy,frequent,p2_c120,42,10,12,5,7,501,930,33,127,222,240,0,3.3599724769592285,0
chain_15,heavy,frequent,p2_c120,101,10,12,3,9,532,992,33,129,301,192,0,3.154524564743042,0
chain_15,heavy,frequent,p2_c120,202,8,12,4,8,495,923,30,126,188,270,0,3.2468509674072266,0
chain_15,heavy,frequent,p2_c120,303,11,12,3,9,532,999,25,143,294,198,0,3.0623245239257812,0
chain_15,heavy,frequent,p2_c120,404,8,12,2,10,486,905,30,108,267,182,0,3.319138526916504,0
chain_15,heavy,frequent,p2_c120,606,11,12,1,11,547,1011,43,168,155,352,0,2.9557034969329834,0
chain_15,heavy,frequent,p2_c120,909,10,12,4,8,552,1039,25,149,254,258,0,2.6584718227386475,0
chain_15,heavy,frequent,p2_c120,505,7,12,2,10,475,885,29,112,175,264,0,3.253026008605957,0
chain_15,heavy,frequent,p2_c120,707,10,12,3,9,553,1054,13,154,204,310,0,3.240313768386841,0
chain_15,heavy,frequent,p2_c120,808,10,12,3,9,565,1069,20,142,234,292,0,3.0660533905029297,0
chain_15,heavy,frequent,p2_c120,1616,10,12,4,8,490,911,30,137,165,286,0,2.7570741176605225,0
chain_15,heavy,frequent,p2_c120,1010,11,12,1,11,538,1011,25,156,284,214,0,3.292738199234009,0
chain_15,heavy,frequent,p2_c120,1414,9,12,1,11,508,954,24,129,176,294,0,3.1270453929901123,0
chain_15,heavy,frequent,p2_c120,1111,10,12,3,9,554,1044,25,146,326,189,0,3.3981900215148926,0
chain_15,heavy,frequent,p2_c120,1212,9,12,4,8,507,941,35,119,225,244,0,3.279614210128784,0
chain_15,heavy,frequent,p2_c120,1313,9,12,1,11,518,976,22,140,157,323,0,3.3199193477630615,0
chain_15,heavy,frequent,p2_c120,1717,11,12,1,11,536,1008,24,148,285,211,0,3.157580614089966,0
chain_15,heavy,frequent,p2_c120,1515,11,12,2,10,557,1047,26,158,205,311,0,3.277507781982422,0
chain_15,heavy,frequent,p2_c120,1818,8,12,4,8,469,865,34,113,181,250,0,3.2417173385620117,0
chain_15,heavy,frequent,p2_c120_mp2,404,8,12,2,10,486,905,30,108,267,182,0,2.6965692043304443,0
chain_15,heavy,frequent,p2_c120_mp2,42,8,12,9,3,492,903,38,136,317,132,0,3.201180934906006,0
chain_15,heavy,frequent,p2_c120,1919,9,12,2,10,473,880,26,130,245,189,0,3.3717572689056396,0
chain_15,heavy,frequent,p2_c120_mp2,101,10,12,3,9,532,992,33,129,301,192,0,3.231691837310791,0
chain_15,heavy,frequent,p2_c120_mp2,303,11,12,3,9,532,999,25,143,294,198,0,3.010043144226074,0
chain_15,heavy,frequent,p2_c120_mp2,202,8,12,4,8,495,923,30,126,188,270,0,3.140937328338623,0
chain_15,heavy,frequent,p2_c120_mp2,606,6,12,7,5,472,846,54,153,284,144,0,3.15924334526062,0
chain_15,heavy,frequent,p2_c120_mp2,707,10,12,3,9,553,1054,13,154,204,310,0,3.1184909343719482,0
chain_15,heavy,frequent,p2_c120_mp2,505,7,12,2,10,475,885,29,112,175,264,0,3.3539702892303467,0
chain_15,heavy,frequent,p2_c120_mp2,1010,7,12,8,4,490,904,32,158,298,148,0,3.0529158115386963,0
chain_15,heavy,frequent,p2_c120_mp2,909,10,12,4,8,552,1039,25,149,254,258,0,3.3009212017059326,0
chain_15,heavy,frequent,p2_c120_mp2,808,10,12,3,9,565,1069,20,142,234,292,0,3.330958843231201,0
chain_15,heavy,frequent,p2_c120_mp2,1414,9,12,1,11,508,954,24,129,176,294,0,2.675060987472534,0
chain_15,heavy,frequent,p2_c120_mp2,1111,7,12,7,5,535,992,33,160,339,151,0,3.3956458568573,0
chain_15,heavy,frequent,p2_c120_mp2,1212,9,12,4,8,507,941,35,119,225,244,0,3.255511999130249,0
chain_15,heavy,frequent,p2_c120_mp2,1515,11,12,2,10,557,1047,26,158,205,311,0,2.857713222503662,0
chain_15,heavy,frequent,p2_c120_mp2,1313,9,12,1,11,518,976,22,140,157,323,0,3.2300472259521484,0
chain_15,heavy,frequent,p2_c120_mp2,1616,10,12,4,8,490,911,30,137,165,286,0,3.109663724899292,0
chain_15,heavy,frequent,p2_c120_mp2,1818,8,12,4,8,469,865,34,113,181,250,0,2.859508514404297,0
chain_15,heavy,frequent,p2_c120_mp2,1717,11,12,1,11,536,1008,24,148,285,211,0,3.1553282737731934,0
chain_15,heavy,frequent,p2_c120_mp3,101,10,12,3,9,532,992,33,129,301,192,0,2.8489742279052734,0
chain_15,heavy,frequent,p2_c120_mp2,1919,9,12,2,10,473,880,26,130,245,189,0,3.068415641784668,0
chain_15,heavy,frequent,p2_c120_mp3,505,7,12,2,10,475,885,29,112,175,264,0,2.926305055618286,0
chain_15,heavy,frequent,p2_c120_mp3,303,11,12,3,9,532,999,25,143,294,198,0,3.1107332706451416,0
chain_15,heavy,frequent,p2_c120_mp3,42,7,12,9,3,489,891,42,131,311,133,0,3.3108913898468018,0
chain_15,heavy,frequent,p2_c120_mp3,202,8,12,4,8,495,923,30,126,188,270,0,3.3112080097198486,0
chain_15,heavy,frequent,p2_c120_mp3,404,8,12,2,10,486,905,30,108,267,182,0,3.3632352352142334,0
chain_15,heavy,frequent,p2_c120_mp3,909,10,12,4,8,552,1039,25,149,254,258,0,2.9787001609802246,0
chain_15,heavy,frequent,p2_c120_mp3,606,8,12,7,5,531,959,52,178,284,196,0,3.292987108230591,0
chain_15,heavy,frequent,p2_c120_mp3,707,10,12,3,9,553,1054,13,154,204,310,0,3.2984516620635986,0
chain_15,heavy,frequent,p2_c120_mp3,808,10,12,3,9,565,1069,20,142,234,292,0,3.267465591430664,0
chain_15,heavy,frequent,p2_c120_mp3,1111,7,12,8,4,525,969,34,137,325,153,0,3.159438371658325,0
chain_15,heavy,frequent,p2_c120_mp3,1010,8,12,7,5,532,978,35,172,312,169,0,3.2771527767181396,0
chain_15,heavy,frequent,p2_c120_mp3,1515,11,12,2,10,557,1047,26,158,205,311,0,3.006448984146118,0
chain_15,heavy,frequent,p2_c120_mp3,1212,9,12,4,8,507,941,35,119,225,244,0,3.3215043544769287,0
chain_15,heavy,frequent,p2_c120_mp3,1313,9,12,1,11,518,976,22,140,157,323,0,3.2886526584625244,0
chain_15,heavy,frequent,p2_c120_mp3,1414,9,12,1,11,508,954,24,129,176,294,0,3.391627073287964,0
chain_15,heavy,frequent,p2_c120_mp3,1616,10,12,4,8,490,911,30,137,165,286,0,3.3401029109954834,0
chain_15,heavy,frequent,p2_c120_mp3,1818,8,12,4,8,469,865,34,113,181,250,0,3.2627060413360596,0
chain_15,heavy,frequent,p2_c120_mp3,1717,11,12,1,11,536,1008,24,148,285,211,0,3.3398358821868896,0
chain_15,heavy,frequent,p2_c120_h2,42,10,12,2,10,570,1072,27,131,226,303,2,3.1029601097106934,0
chain_15,heavy,frequent,p2_c120_mp3,1919,9,12,2,10,473,880,26,130,245,189,0,3.2382171154022217,0
chain_15,heavy,frequent,p2_c120_h2,101,11,12,2,10,548,1027,27,135,200,306,2,3.1275360584259033,0
chain_15,heavy,frequent,p2_c120_h2,202,10,12,4,8,511,951,30,132,294,176,2,3.2404472827911377,0
chain_15,heavy,frequent,p2_c120_h2,303,10,12,2,10,542,1018,25,136,278,223,2,3.2266440391540527,0
chain_15,heavy,frequent,p2_c120_h2,404,8,12,1,11,513,956,30,120,271,202,3,3.3763506412506104,0
chain_15,heavy,frequent,p2_c120_h2,505,8,12,1,11,488,910,27,126,152,297,2,3.3968279361724854,0
chain_15,heavy,frequent,p2_c120_h2,606,9,12,4,8,528,956,56,132,292,192,6,3.3085317611694336,0
chain_15,heavy,frequent,p2_c120_h2,707,12,12,2,10,575,1082,25,161,317,215,2,3.2030725479125977,0
chain_15,heavy,frequent,p2_c120_h2,808,10,12,1,11,569,1071,26,147,196,332,2,3.2928028106689453,0
chain_15,heavy,frequent,p2_c120_h2,909,9,12,2,10,507,948,26,119,274,193,2,3.1230361461639404,0
chain_15,heavy,frequent,p2_c120_h2,1919,9,12,1,11,480,893,25,128,142,297,2,2.431198835372925,0
chain_15,heavy,frequent,p2_c120_h2,1313,10,12,3,9,557,1049,24,137,321,195,2,2.8850767612457275,0
chain_15,heavy,frequent,p2_c120_h2,1010,11,12,3,9,564,1054,31,167,213,308,2,3.3010897636413574,0
chain_15,heavy,frequent,p2_c120_h2,1212,8,12,3,9,519,971,27,127,210,269,2,3.1831440925598145,0
chain_15,heavy,frequent,p2_c120_h2,1111,9,12,2,10,518,967,25,128,179,295,6,3.330172538757324,0
chain_15,heavy,frequent,p2_c120_h2,1717,10,12,1,11,528,986,29,139,273,214,2,2.874796152114868,0
chain_15,heavy,frequent,p2_c120_h2,1515,10,12,2,10,527,982,30,130,273,212,3,3.1894681453704834,0
chain_15,heavy,frequent,p2_c120_h2,1414,9,12,1,11,538,1014,22,134,274,224,2,3.330589771270752,0
chain_15,heavy,frequent,p2_c120_h2,1818,10,12,1,11,539,1011,24,154,161,336,2,3.1069886684417725,0
chain_15,heavy,frequent,p2_c120_h2,1616,11,12,2,10,531,990,30,157,156,333,2,3.388230323791504,0
chain_15,heavy,frequent,p2_c40,101,10,12,3,9,532,992,33,129,301,192,0,3.278329610824585,0
chain_15,heavy,frequent,p2_c40,42,0,12,0,12,301,551,23,0,142,131,0,3.2911665439605713,0
chain_15,heavy,frequent,p2_c40,303,11,12,3,9,532,999,25,143,294,198,0,2.997734308242798,0
chain_15,heavy,frequent,p2_c40,202,8,12,4,8,495,923,30,126,188,270,0,3.212639808654785,0
chain_15,heavy,frequent,p2_c40,404,8,12,2,10,486,905,30,108,267,182,0,2.861065626144409,0
chain_15,heavy,frequent,p2_c40,606,0,12,0,12,245,424,38,0,129,88,0,3.094348669052124,0
chain_15,heavy,frequent,p2_c40,505,7,12,2,10,475,885,29,112,175,264,0,3.216923952102661,0
chain_15,heavy,frequent,p2_c40,707,10,12,3,9,553,1054,13,154,204,310,0,3.3076157569885254,0
chain_15,heavy,frequent,p2_c40,909,10,12,4,8,552,1039,25,149,254,258,0,3.1579179763793945,0
chain_15,heavy,frequent,p2_c40,808,10,12,3,9,565,1069,20,142,234,292,0,3.411376476287842,0
chain_15,heavy,frequent,p2_c40,1111,0,12,0,12,281,521,13,0,167,86,0,3.1380436420440674,0
chain_15,heavy,frequent,p2_c40,1010,0,12,0,12,271,499,15,0,131,112,0,3.350353479385376,0
chain_15,heavy,frequent,p2_c40,1515,11,12,2,10,557,1047,26,158,205,311,0,2.9717795848846436,0
chain_15,heavy,frequent,p2_c40,1414,9,12,1,11,508,954,24,129,176,294,0,3.1065292358398438,0
chain_15,heavy,frequent,p2_c40,1616,10,12,4,8,490,911,30,137,165,286,0,2.860661506652832,0
chain_15,heavy,frequent,p2_c40,1313,9,12,1,11,518,976,22,140,157,323,0,3.121389627456665,0
chain_15,heavy,frequent,p2_c40,1212,9,12,4,8,507,941,35,119,225,244,0,3.2850756645202637,0
chain_15,heavy,frequent,p2_c40,1919,9,12,2,10,473,880,26,130,245,189,0,2.9637506008148193,0
chain_15,heavy,frequent,p2_c40_penalty_off,404,8,12,2,10,486,905,30,108,267,182,0,2.6262776851654053,0
chain_15,heavy,frequent,p2_c40,1717,11,12,1,11,536,1008,24,148,285,211,0,3.3498361110687256,0
chain_15,heavy,frequent,p2_c40,1818,8,12,4,8,469,865,34,113,181,250,0,3.3316538333892822,0
chain_15,heavy,frequent,p2_c40_penalty_off,202,8,12,4,8,495,923,30,126,188,270,0,3.1397616863250732,0
chain_15,heavy,frequent,p2_c40_penalty_off,303,11,12,3,9,532,999,25,143,294,198,0,3.145799398422241,0
chain_15,heavy,frequent,p2_c40_penalty_off,101,10,12,3,9,532,992,33,129,301,192,0,3.3440606594085693,0
chain_15,heavy,frequent,p2_c40_penalty_off,42,10,12,1,11,518,971,26,148,160,319,0,3.3738481998443604,0
chain_15,heavy,frequent,p2_c40_penalty_off,505,7,12,2,10,475,885,29,112,175,264,0,3.3066277503967285,0
chain_15,heavy,frequent,p2_c40_penalty_off,606,9,12,2,10,495,910,42,140,159,298,0,3.220465660095215,0
chain_15,heavy,frequent,p2_c40_penalty_off,808,10,12,3,9,565,1069,20,142,234,292,0,2.8890089988708496,0
chain_15,heavy,frequent,p2_c40_penalty_off,707,10,12,3,9,553,1054,13,154,204,310,0,3.234717607498169,0
chain_15,heavy,frequent,p2_c40_penalty_off,1010,10,12,2,10,518,968,28,158,171,307,0,2.968484401702881,0
chain_15,heavy,frequent,p2_c40_penalty_off,909,10,12,4,8,552,1039,25,149,254,258,0,3.1676955223083496,0
chain_15,heavy,frequent,p2_c40_penalty_off,1111,9,12,2,10,520,979,23,118,299,183,0,3.254544734954834,0
chain_15,heavy,frequent,p2_c40_penalty_off,1212,9,12,4,8,507,941,35,119,225,244,0,3.3076999187469482,0
chain_15,heavy,frequent,p2_c40_penalty_off,1313,9,12,1,11,518,976,22,140,157,323,0,3.266817569732666,0
chain_15,heavy,frequent,p2_c40_penalty_off,1515,11,12,2,10,557,1047,26,158,205,311,0,3.0851972103118896,0
chain_15,heavy,frequent,p2_c40_penalty_off,1414,9,12,1,11,508,954,24,129,176,294,0,3.316701889038086,0
chain_15,heavy,frequent,p2_c40_penalty_off,1717,11,12,1,11,536,1008,24,148,285,211,0,2.939379930496216,0
chain_15,heavy,frequent,p2_c40_penalty_off,1818,8,12,4,8,469,865,34,113,181,250,0,2.9697213172912598,0
chain_15,heavy,frequent,p2_c40_penalty_off,1616,10,12,4,8,490,911,30,137,165,286,0,3.355818033218384,0
grid_3x3,medium,medium,baseline,404,4,4,3,1,196,685,170,21,110,61,0,2.4125022888183594,0
grid_3x3,medium,medium,baseline,101,4,4,3,1,210,702,217,20,123,62,0,2.7395260334014893,0
grid_3x3,medium,medium,baseline,202,4,4,4,0,213,742,195,14,137,50,0,2.770261764526367,0
grid_3x3,medium,medium,baseline,42,4,4,3,1,190,677,148,23,108,56,0,2.8516054153442383,0
grid_3x3,medium,medium,baseline,303,6,6,6,0,230,777,223,16,147,53,0,2.851419448852539,0
chain_15,heavy,frequent,p2_c40_penalty_off,1919,9,12,2,10,473,880,26,130,245,189,0,3.3572418689727783,0
grid_3x3,medium,medium,baseline,606,6,6,5,1,238,754,289,25,153,55,0,2.6016721725463867,0
grid_3x3,medium,medium,baseline,505,6,6,4,2,230,782,223,41,136,64,0,2.6641225814819336,0
grid_3x3,medium,medium,baseline,808,6,6,5,1,225,770,204,22,134,61,0,2.7464582920074463,0
grid_3x3,medium,medium,baseline,707,4,4,3,1,219,742,226,33,128,65,0,2.8585567474365234,0
grid_3x3,medium,medium,baseline,1010,6,6,6,0,221,696,255,30,133,57,0,2.7089924812316895,0
grid_3x3,medium,medium,baseline,909,5,6,5,1,230,748,246,31,137,62,0,2.8380126953125,0
grid_3x3,medium,medium,baseline,1212,4,4,4,0,192,619,217,4,114,54,0,2.7732396125793457,0
grid_3x3,medium,medium,baseline,1414,4,4,4,0,207,693,219,4,128,53,0,2.54463791847229,0
grid_3x3,medium,medium,baseline,1111,4,4,3,1,225,743,254,23,145,55,0,2.9111990928649902,0
grid_3x3,medium,medium,baseline,1313,3,4,2,2,190,650,171,33,100,65,0,2.8717408180236816,0
grid_3x3,medium,medium,baseline,1616,4,4,4,0,194,660,189,4,118,52,0,2.787313222885132,0
grid_3x3,medium,medium,baseline,1515,4,4,2,2,226,791,203,36,127,71,0,2.8692541122436523,0
grid_3x3,medium,medium,baseline,1717,4,4,3,1,207,700,208,23,126,56,0,2.834294319152832,0
grid_3x3,medium,medium,baseline,1818,5,6,6,0,208,684,214,18,124,55,0,2.82491135597229,0
grid_3x3,medium,medium,p2_c120,42,4,4,3,1,190,677,148,23,108,56,0,2.7410237789154053,0
grid_3x3,medium,medium,baseline,1919,5,6,6,0,217,723,223,5,135,53,0,2.9207828044891357,0
grid_3x3,medium,medium,p2_c120,101,4,4,3,1,210,702,217,20,123,62,0,2.5763731002807617,0
grid_3x3,medium,medium,p2_c120,404,4,4,3,1,196,685,170,21,110,61,0,2.555504560470581,0
grid_3x3,medium,medium,p2_c120,606,6,6,5,1,238,754,289,25,153,55,0,2.423920154571533,0
grid_3x3,medium,medium,p2_c120,1111,4,4,3,1,225,743,254,23,145,55,0,2.223017692565918,0
grid_3x3,medium,medium,p2_c120,202,4,4,4,0,213,742,195,14,137,50,0,2.897695302963257,0
grid_3x3,medium,medium,p2_c120,303,6,6,6,0,230,777,223,16,147,53,0,2.9517641067504883,0
grid_3x3,medium,medium,p2_c120,505,6,6,4,2,230,782,223,41,136,64,0,2.8072361946105957,0
grid_3x3,medium,medium,p2_c120,707,4,4,3,1,219,742,226,33,128,65,0,2.943981409072876,0
grid_3x3,medium,medium,p2_c120,1010,6,6,6,0,221,696,255,30,133,57,0,2.688516616821289,0
grid_3x3,medium,medium,p2_c120,808,6,6,5,1,225,770,204,22,134,61,0,2.7928295135498047,0
grid_3x3,medium,medium,p2_c120,909,5,6,5,1,230,748,246,31,137,62,0,2.790419340133667,0
grid_3x3,medium,medium,p2_c120,1414,4,4,4,0,207,693,219,4,128,53,0,2.8748221397399902,0
grid_3x3,medium,medium,p2_c120,1212,4,4,4,0,192,619,217,4,114,54,0,2.927103281021118,0
grid_3x3,medium,medium,p2_c120,1313,3,4,2,2,190,650,171,33,100,65,0,2.9466347694396973,0
grid_3x3,medium,medium,p2_c120,1717,4,4,3,1,207,700,208,23,126,56,0,2.426193952560425,0
grid_3x3,medium,medium,p2_c120,1515,4,4,2,2,226,791,203,36,127,71,0,2.9484059810638428,0
grid_3x3,medium,medium,p2_c120,1919,5,6,6,0,217,723,223,5,135,53,0,2.676408052444458,0
grid_3x3,medium,medium,p2_c120,1616,4,4,4,0,194,660,189,4,118,52,0,2.963869094848633,0
grid_3x3,medium,medium,p2_c120,1818,5,6,6,0,208,684,214,18,124,55,0,2.9313502311706543,0
grid_3x3,medium,medium,p2_c120_mp2,42,4,4,3,1,191,678,148,23,108,56,0,2.842867136001587,0
grid_3x3,medium,medium,p2_c120_mp2,101,4,4,3,1,211,703,217,20,123,62,0,2.7694568634033203,0
grid_3x3,medium,medium,p2_c120_mp2,202,4,4,4,0,213,742,195,14,137,50,0,2.8009092807769775,0
grid_3x3,medium,medium,p2_c120_mp2,303,6,6,6,0,230,777,223,16,147,53,0,2.8982627391815186,0
grid_3x3,medium,medium,p2_c120_mp2,404,4,4,3,1,197,686,170,21,110,61,0,2.8922886848449707,0
grid_3x3,medium,medium,p2_c120_mp2,606,6,6,5,1,239,755,289,25,153,55,0,2.6690938472747803,0
grid_3x3,medium,medium,p2_c120_mp2,505,6,6,4,2,232,783,224,41,136,64,0,2.854771137237549,0
grid_3x3,medium,medium,p2_c120_mp2,909,5,6,5,1,231,749,246,31,137,62,0,2.681844472885132,0
grid_3x3,medium,medium,p2_c120_mp2,1010,6,6,6,0,221,696,255,30,133,57,0,2.592425584793091,0
grid_3x3,medium,medium,p2_c120_mp2,707,4,4,3,1,217,731,225,30,128,62,0,2.8953583240509033,0
grid_3x3,medium,medium,p2_c120_mp2,808,6,6,5,1,226,771,204,22,134,61,0,2.9112284183502197,0
grid_3x3,medium,medium,p2_c120_mp2,1313,3,4,2,2,192,652,171,33,100,65,0,2.5816750526428223,0
grid_3x3,medium,medium,p2_c120_mp2,1919,5,6,6,0,217,723,223,5,135,53,0,2.262880325317383,0
grid_3x3,medium,medium,p2_c120_mp2,1111,4,4,3,1,226,744,254,23,145,55,0,2.987990379333496,0
grid_3x3,medium,medium,p2_c120_mp2,1212,4,4,4,0,192,619,217,4,114,54,0,2.9510397911071777,0
grid_3x3,medium,medium,p2_c120_mp2,1414,4,4,4,0,207,693,219,4,128,53,0,2.894709348678589,0
grid_3x3,medium,medium,p2_c120_mp2,1818,5,6,6,0,208,684,214,18,124,55,0,2.6267454624176025,0
grid_3x3,medium,medium,p2_c120_mp2,1515,4,4,2,2,228,793,203,36,127,71,0,2.9646670818328857,0
grid_3x3,medium,medium,p2_c120_mp2,1616,4,4,4,0,194,660,189,4,118,52,0,2.7543070316314697,0
grid_3x3,medium,medium,p2_c120_mp2,1717,4,4,3,1,208,705,204,23,126,56,0,2.941763401031494,0
grid_3x3,medium,medium,p2_c120_mp3,202,4,4,4,0,213,742,195,14,137,50,0,2.7119085788726807,0
grid_3x3,medium,medium,p2_c120_mp3,42,4,4,3,1,192,677,150,23,108,56,0,2.818474054336548,0
grid_3x3,medium,medium,p2_c120_mp3,101,4,4,3,1,212,704,217,20,123,62,0,2.86103892326355,0
grid_3x3,medium,medium,p2_c120_mp3,303,6,6,6,0,230,777,223,16,147,53,0,2.968919277191162,0
grid_3x3,medium,medium,p2_c120_mp3,606,6,6,5,1,240,756,289,25,153,55,0,2.696221113204956,0
grid_3x3,medium,medium,p2_c120_mp3,505,6,6,4,2,234,785,224,41,136,64,0,2.7919726371765137,0
grid_3x3,medium,medium,p2_c120_mp3,404,4,4,3,1,198,687,170,21,110,61,0,2.8280484676361084,0
grid_3x3,medium,medium,p2_c120_mp3,909,5,6,5,1,232,750,246,31,137,62,0,2.583324670791626,0
grid_3x3,medium,medium,p2_c120_mp3,707,4,4,3,1,221,744,226,33,128,65,0,2.7269015312194824,0
grid_3x3,medium,medium,p2_c120_mp3,808,6,6,5,1,227,770,206,22,134,61,0,2.7658913135528564,0
grid_3x3,medium,medium,p2_c120_mp3,1313,4,4,2,2,199,671,173,35,100,69,0,2.587466239929199,0
grid_3x3,medium,medium,p2_c120_mp3,1010,6,6,6,0,221,696,255,30,133,57,0,2.916109323501587,0
grid_3x3,medium,medium,p2_c120_mp3,1111,4,4,3,1,227,743,256,23,145,55,0,2.7640504837036133,0
grid_3x3,medium,medium,p2_c120_mp3,1414,4,4,4,0,207,693,219,4,128,53,0,2.6973319053649902,0
grid_3x3,medium,medium,p2_c120_mp3,1212,4,4,4,0,192,619,217,4,114,54,0,3.1748201847076416,0
grid_3x3,medium,medium,p2_c120_mp3,1717,4,4,3,1,209,703,207,23,126,56,0,2.700516700744629,0
grid_3x3,medium,medium,p2_c120_mp3,1818,5,6,6,0,208,684,214,18,124,55,0,2.739370346069336,0
grid_3x3,medium,medium,p2_c120_mp3,1515,4,4,2,2,230,795,203,36,127,71,0,2.905972480773926,0
grid_3x3,medium,medium,p2_c120_mp3,1616,4,4,4,0,194,660,189,4,118,52,0,2.8576605319976807,0
grid_3x3,medium,medium,p2_c120_h2,101,4,4,4,0,217,721,212,4,113,73,6,2.4319007396698,0
grid_3x3,medium,medium,p2_c120_mp3,1919,5,6,6,0,217,723,223,5,135,53,0,2.912036895751953,0
grid_3x3,medium,medium,p2_c120_h2,42,4,4,2,2,215,763,149,30,103,81,4,2.9077401161193848,0
grid_3x3,medium,medium,p2_c120_h2,404,3,4,4,0,180,603,155,3,91,59,6,2.6606123447418213,0
grid_3x3,medium,medium,p2_c120_h2,202,4,4,4,0,234,795,213,17,134,67,6,2.858191728591919,0
grid_3x3,medium,medium,p2_c120_h2,505,6,6,5,1,253,895,204,25,144,74,6,2.789031505584717,0
grid_3x3,medium,medium,p2_c120_h2,303,6,6,4,2,295,988,295,57,179,76,6,2.946665048599243,0
grid_3x3,medium,medium,p2_c120_h2,606,4,4,2,2,234,797,208,39,117,85,6,2.951216220855713,0
grid_3x3,medium,medium,p2_c120_h2,1010,6,6,5,1,250,853,224,22,129,86,6,2.531782865524292,0
grid_3x3,medium,medium,p2_c120_h2,909,5,6,6,0,244,848,199,18,134,75,6,2.752321481704712,0
grid_3x3,medium,medium,p2_c120_h2,707,6,6,6,0,244,826,232,6,138,72,6,2.9291911125183105,0
grid_3x3,medium,medium,p2_c120_h2,1111,4,4,4,0,237,778,246,17,126,79,6,2.726841688156128,0
grid_3x3,medium,medium,p2_c120_h2,808,4,4,3,1,235,847,165,33,118,84,6,3.003725528717041,0
grid_3x3,medium,medium,p2_c120_h2,1515,4,4,3,1,252,865,223,37,144,74,6,2.66886568069458,0
grid_3x3,medium,medium,p2_c120_h2,1212,4,4,3,1,223,745,218,23,119,73,6,2.720137357711792,0
grid_3x3,medium,medium,p2_c120_h2,1313,3,6,3,3,215,742,175,16,108,75,6,2.753795623779297,0
grid_3x3,medium,medium,p2_c120_h2,1616,4,4,3,1,250,875,216,22,135,84,6,2.796224355697632,0
grid_3x3,medium,medium,p2_c120_h2,1414,4,4,4,0,229,739,249,4,128,69,6,2.9355545043945312,0
grid_3x3,medium,medium,p2_c120_h2,1717,4,4,2,2,240,800,231,42,132,76,5,2.8932693004608154,0
grid_3x3,medium,medium,p2_c120_h2,1818,5,6,5,1,264,874,261,23,145,83,6,2.638335704803467,0
grid_3x3,medium,medium,p2_c120_h2,1919,5,6,5,1,256,879,216,21,136,84,6,2.5623936653137207,0
grid_3x3,medium,medium,p2_c40,101,4,4,0,4,214,739,205,40,123,67,0,2.79132080078125,0
grid_3x3,medium,medium,p2_c40,42,4,4,0,4,180,651,124,31,90,65,0,2.8794362545013428,0
grid_3x3,medium,medium,p2_c40,202,4,4,0,4,215,767,177,40,128,62,0,2.782008647918701,0
grid_3x3,medium,medium,p2_c40,505,6,6,0,6,225,809,179,60,127,70,0,2.6872944831848145,0
grid_3x3,medium,medium,p2_c40,707,4,4,0,4,208,718,207,40,119,65,0,2.6712355613708496,0
grid_3x3,medium,medium,p2_c40,606,6,6,0,6,245,816,260,60,144,72,0,2.718909978866577,0
grid_3x3,medium,medium,p2_c40,303,4,6,0,6,208,713,183,31,111,70,0,2.8767623901367188,0
grid_3x3,medium,medium,p2_c40,404,4,4,0,4,197,687,173,40,110,63,0,2.893009901046753,0
grid_3x3,medium,medium,p2_c40,808,6,6,0,6,233,821,197,60,134,70,0,2.745922327041626,0
grid_3x3,medium,medium,p2_c40,1010,6,6,0,6,217,703,229,60,115,73,0,2.577096462249756,0
grid_3x3,medium,medium,p2_c40,909,5,6,0,6,227,775,211,50,128,70,0,2.908820390701294,0
grid_3x3,medium,medium,p2_c40,1111,4,4,0,4,224,751,240,40,136,64,0,2.912705421447754,0
grid_3x3,medium,medium,p2_c40,1515,2,4,0,4,196,695,164,20,109,63,0,2.661074161529541,0
grid_3x3,medium,medium,p2_c40,1212,4,4,0,4,206,708,188,40,114,68,0,2.8765101432800293,0
grid_3x3,medium,medium,p2_c40,1717,4,4,0,4,206,719,184,40,117,65,0,2.5373904705047607,0
grid_3x3,medium,medium,p2_c40,1414,4,4,0,4,219,747,217,40,128,65,0,2.7535159587860107,0
grid_3x3,medium,medium,p2_c40,1313,1,4,0,4,153,520,136,10,73,59,0,2.884176254272461,0
grid_3x3,medium,medium,p2_c40,1616,3,4,0,4,194,684,163,30,109,62,0,2.855639696121216,0
grid_3x3,medium,medium,p2_c40_penalty_off,101,4,4,0,4,214,726,215,40,123,67,0,2.625039577484131,0
grid_3x3,medium,medium,p2_c40,1919,5,6,0,6,234,826,201,50,135,70,0,2.867758274078369,0
grid_3x3,medium,medium,p2_c40,1818,4,6,0,6,203,690,186,40,106,70,0,2.90756893157959,0
grid_3x3,medium,medium,p2_c40_penalty_off,202,4,4,0,4,215,767,177,40,128,62,0,2.6869852542877197,0
grid_3x3,medium,medium,p2_c40_penalty_off,42,4,4,0,4,180,651,124,31,90,65,0,2.759383201599121,0
grid_3x3,medium,medium,p2_c40_penalty_off,505,6,6,0,6,225,817,177,60,127,70,0,2.4242794513702393,0
grid_3x3,medium,medium,p2_c40_penalty_off,303,4,6,0,6,207,713,178,31,111,69,0,2.859168529510498,0
grid_3x3,medium,medium,p2_c40_penalty_off,404,4,4,0,4,197,687,173,40,110,63,0,2.886249303817749,0
grid_3x3,medium,medium,p2_c40_penalty_off,707,4,4,0,4,208,717,205,40,119,65,0,2.647874593734741,0
grid_3x3,medium,medium,p2_c40_penalty_off,606,6,6,0,6,245,816,260,60,144,72,0,2.9595375061035156,0
grid_3x3,medium,medium,p2_c40_penalty_off,808,6,6,0,6,233,821,197,60,134,70,0,2.676196575164795,0
grid_3x3,medium,medium,p2_c40_penalty_off,909,5,6,0,6,227,775,211,50,128,70,0,2.9395334720611572,0
grid_3x3,medium,medium,p2_c40_penalty_off,1010,6,6,0,6,217,703,229,60,115,73,0,2.950542449951172,0
grid_3x3,medium,medium,p2_c40_penalty_off,1212,4,4,0,4,206,708,188,40,114,68,0,2.885751247406006,0
grid_3x3,medium,medium,p2_c40_penalty_off,1616,3,4,0,4,194,684,163,30,109,62,0,2.5504541397094727,0
grid_3x3,medium,medium,p2_c40_penalty_off,1313,1,4,0,4,153,520,136,10,73,59,0,2.87937331199646,0
grid_3x3,medium,medium,p2_c40_penalty_off,1111,4,4,0,4,224,751,240,40,136,64,0,2.948575496673584,0
grid_3x3,medium,medium,p2_c40_penalty_off,1515,2,4,0,4,196,695,164,20,109,63,0,2.8199164867401123,0
grid_3x3,medium,medium,p2_c40_penalty_off,1414,4,4,0,4,219,747,217,40,128,65,0,2.9323740005493164,0
grid_3x3,medium,medium,p2_c40_penalty_off,1717,4,4,0,4,206,713,190,40,117,65,0,2.762566328048706,0
grid_3x3,medium,medium,p2_c40_penalty_off,1818,3,6,0,6,181,611,162,21,88,67,0,2.8841960430145264,0
grid_3x3,medium,frequent,baseline,101,6,6,6,0,327,1025,390,6,228,52,0,2.7825405597686768,0
grid_3x3,medium,medium,p2_c40_penalty_off,1919,5,6,0,6,234,826,201,50,135,70,0,2.962385654449463,0
grid_3x3,medium,frequent,baseline,202,6,6,5,1,321,1010,366,25,220,54,0,2.879744291305542,0
grid_3x3,medium,frequent,baseline,42,6,6,6,0,334,1094,353,19,232,56,0,2.954270124435425,0
grid_3x3,medium,frequent,baseline,404,6,6,6,0,311,974,368,7,216,51,0,2.8866448402404785,0
grid_3x3,medium,frequent,baseline,303,6,6,5,1,344,1065,425,25,240,56,0,2.9062418937683105,0
grid_3x3,medium,frequent,baseline,707,6,6,6,0,309,987,339,16,211,53,0,2.597018241882324,0
grid_3x3,medium,frequent,baseline,1111,4,4,3,1,300,926,372,23,204,55,0,2.4823334217071533,0
grid_3x3,medium,frequent,baseline,808,6,6,5,1,323,1039,353,26,220,57,0,2.599266529083252,0
grid_3x3,medium,frequent,baseline,1414,6,6,6,0,329,1024,390,19,227,56,0,2.2548489570617676,0
grid_3x3,medium,frequent,baseline,606,6,6,5,1,291,881,355,22,184,61,0,2.7929484844207764,0
grid_3x3,medium,frequent,baseline,505,6,6,6,0,300,911,374,6,204,51,0,2.934504985809326,0
grid_3x3,medium,frequent,baseline,909,5,6,4,2,339,1076,387,40,225,65,0,2.8141238689422607,0
grid_3x3,medium,frequent,baseline,1010,6,6,5,1,345,1091,392,32,234,62,0,2.8606343269348145,0
grid_3x3,medium,frequent,baseline,1212,6,6,5,1,343,1115,379,22,234,63,0,2.8559041023254395,0
grid_3x3,medium,frequent,baseline,1313,6,6,6,0,320,999,372,30,218,55,0,2.8614511489868164,0
grid_3x3,medium,frequent,baseline,1515,5,6,4,2,340,1085,392,31,230,63,0,2.8990671634674072,0
grid_3x3,medium,frequent,baseline,1616,6,6,5,1,353,1107,422,45,242,64,0,2.9054272174835205,0
grid_3x3,medium,frequent,p2_c120,303,6,6,5,1,344,1065,425,25,240,56,0,2.462855339050293,0
grid_3x3,medium,frequent,baseline,1717,6,6,6,0,321,1026,357,19,219,56,0,2.9416861534118652,0
grid_3x3,medium,frequent,p2_c120,202,6,6,5,1,321,1010,366,25,220,54,0,2.6332762241363525,0
grid_3x3,medium,frequent,p2_c120,101,6,6,6,0,327,1025,390,6,228,52,0,2.8420004844665527,0
grid_3x3,medium,frequent,baseline,1818,5,6,5,1,316,1031,328,37,213,58,0,2.9354312419891357,0
grid_3x3,medium,frequent,p2_c120,42,6,6,6,0,334,1094,353,19,232,56,0,2.9651973247528076,0
grid_3x3,medium,frequent,baseline,1919,5,6,5,1,321,1014,371,18,219,56,0,2.9887325763702393,0
grid_3x3,medium,frequent,p2_c120,404,6,6,6,0,311,974,368,7,216,51,0,2.989799737930298,0
grid_3x3,medium,frequent,p2_c120,1212,6,6,5,1,343,1115,379,22,234,63,0,2.2516913414001465,0
grid_3x3,medium,frequent,p2_c120,505,6,6,6,0,300,911,374,6,204,51,0,2.9357869625091553,0
grid_3x3,medium,frequent,p2_c120,707,6,6,6,0,309,987,339,16,211,53,0,2.570582389831543,0
grid_3x3,medium,frequent,p2_c120,606,6,6,5,1,291,881,355,22,184,61,0,2.9803435802459717,0
grid_3x3,medium,frequent,p2_c120,1010,6,6,5,1,345,1091,392,32,234,62,0,2.7130684852600098,0
grid_3x3,medium,frequent,p2_c120,1111,4,4,3,1,300,926,372,23,204,55,0,2.9345993995666504,0
grid_3x3,medium,frequent,p2_c120,1818,5,6,5,1,316,1031,328,37,213,58,0,2.604438304901123,0
grid_3x3,medium,frequent,p2_c120,808,6,6,5,1,323,1039,353,26,220,57,0,2.989431142807007,0
grid_3x3,medium,frequent,p2_c120,909,5,6,4,2,339,1076,387,40,225,65,0,3.0083343982696533,0
grid_3x3,medium,frequent,p2_c120,1313,6,6,6,0,320,999,372,30,218,55,0,2.931509017944336,0
grid_3x3,medium,frequent,p2_c120,1515,5,6,4,2,340,1085,392,31,230,63,0,2.9464941024780273,0
grid_3x3,medium,frequent,p2_c120_mp2,42,6,6,6,0,334,1094,353,19,232,56,0,2.6386802196502686,0
grid_3x3,medium,frequent,p2_c120,1717,6,6,6,0,321,1026,357,19,219,56,0,2.8651158809661865,0
grid_3x3,medium,frequent,p2_c120,1616,6,6,5,1,353,1107,422,45,242,64,0,2.9318647384643555,0
grid_3x3,medium,frequent,p2_c120,1414,6,6,6,0,329,1024,390,19,227,56,0,3.052205801010132,0
grid_3x3,medium,frequent,p2_c120,1919,5,6,5,1,321,1014,371,18,219,56,0,2.8741087913513184,0
grid_3x3,medium,frequent,p2_c120_mp2,101,6,6,6,0,327,1025,390,6,228,52,0,2.926804542541504,0
grid_3x3,medium,frequent,p2_c120_mp2,202,6,6,5,1,322,1011,366,25,220,54,0,2.9035298824310303,0
grid_3x3,medium,frequent,p2_c120_mp2,303,6,6,5,1,345,1066,425,25,240,56,0,3.0003645420074463,0
grid_3x3,medium,frequent,p2_c120_mp2,404,6,6,6,0,311,974,368,7,216,51,0,3.006410837173462,0
grid_3x3,medium,frequent,p2_c120_mp2,707,6,6,6,0,309,987,339,16,211,53,0,2.6811623573303223,0
grid_3x3,medium,frequent,p2_c120_mp2,606,6,6,5,1,292,882,355,22,184,61,0,2.9064202308654785,0
grid_3x3,medium,frequent,p2_c120_mp2,505,6,6,6,0,300,911,374,6,204,51,0,2.936284065246582,0
grid_3x3,medium,frequent,p2_c120_mp2,808,6,6,5,1,324,1040,353,26,220,57,0,2.675912618637085,0
grid_3x3,medium,frequent,p2_c120_mp2,1111,4,4,3,1,301,924,375,23,204,55,0,2.714077949523926,0
grid_3x3,medium,frequent,p2_c120_mp2,909,5,6,4,2,341,1079,386,40,225,65,0,2.863002300262451,0
grid_3x3,medium,frequent,p2_c120_mp2,1010,6,6,5,1,346,1085,399,32,234,62,0,2.884620428085327,0
grid_3x3,medium,frequent,p2_c120_mp2,1919,5,6,5,1,322,1014,372,18,219,56,0,2.2146897315979004,0
grid_3x3,medium,frequent,p2_c120_mp2,1212,6,6,5,1,344,1116,379,22,234,63,0,3.0141713619232178,0
grid_3x3,medium,frequent,p2_c120_mp2,1515,5,6,4,2,342,1087,392,31,230,63,0,2.7906272411346436,0
grid_3x3,medium,frequent,p2_c120_mp2,1414,6,6,6,0,329,1024,390,19,227,56,0,2.968890428543091,0
grid_3x3,medium,frequent,p2_c120_mp2,1313,6,6,6,0,320,999,372,30,218,55,0,3.014979362487793,0
grid_3x3,medium,frequent,p2_c120_mp3,101,6,6,6,0,327,1025,390,6,228,52,0,2.499566078186035,0
grid_3x3,medium,frequent,p2_c120_mp2,1717,6,6,6,0,321,1026,357,19,219,56,0,2.805453062057495,0
grid_3x3,medium,frequent,p2_c120_mp2,1616,6,6,5,1,354,1108,422,45,242,64,0,2.9698503017425537,0
grid_3x3,medium,frequent,p2_c120_mp3,303,6,6,5,1,346,1074,418,25,240,56,0,2.5451648235321045,0
grid_3x3,medium,frequent,p2_c120_mp3,42,6,6,6,0,334,1094,353,19,232,56,0,2.90946626663208,0
grid_3x3,medium,frequent,p2_c120_mp2,1818,5,6,5,1,314,1022,327,34,213,55,0,2.9956140518188477,0
grid_3x3,medium,frequent,p2_c120_mp3,202,6,6,5,1,323,1012,366,25,220,54,0,2.8773698806762695,0
grid_3x3,medium,frequent,p2_c120_mp3,404,6,6,6,0,311,974,368,7,216,51,0,2.919182777404785,0
grid_3x3,medium,frequent,p2_c120_mp3,505,6,6,6,0,300,911,374,6,204,51,0,2.9067585468292236,0
grid_3x3,medium,frequent,p2_c120_mp3,606,6,6,5,1,293,883,355,22,184,61,0,2.8587050437927246,0
grid_3x3,medium,frequent,p2_c120_mp3,909,5,6,4,2,343,1080,387,40,225,65,0,2.351229429244995,0
grid_3x3,medium,frequent,p2_c120_mp3,707,6,6,6,0,309,987,339,16,211,53,0,3.013817548751831,0
grid_3x3,medium,frequent,p2_c120_mp3,808,6,6,5,1,325,1041,353,26,220,57,0,3.0147864818573,0
grid_3x3,medium,frequent,p2_c120_mp3,1010,6,6,5,1,347,1086,399,32,234,62,0,2.8514866828918457,0
grid_3x3,medium,frequent,p2_c120_mp3,1212,6,6,5,1,345,1113,383,22,234,63,0,2.8687148094177246,0
grid_3x3,medium,frequent,p2_c120_mp3,1111,4,4,3,1,302,929,371,23,204,55,0,3.0207014083862305,0
grid_3x3,medium,frequent,p2_c120_mp3,1313,6,6,6,0,320,999,372,30,218,55,0,2.8566460609436035,0
grid_3x3,medium,frequent,p2_c120_mp3,1515,6,6,4,2,356,1137,401,41,239,65,0,2.821077585220337,0
grid_3x3,medium,frequent,p2_c120_mp3,1414,6,6,6,0,329,1024,390,19,227,56,0,2.83707332611084,0
grid_3x3,medium,frequent,p2_c120_mp3,1616,6,6,5,1,355,1112,419,45,242,64,0,2.8314669132232666,0
grid_3x3,medium,frequent,p2_c120_mp3,1818,5,6,5,1,315,1022,328,34,213,55,0,2.8256776332855225,0
grid_3x3,medium,frequent,p2_c120_mp3,1919,5,6,5,1,323,1014,373,18,219,56,0,2.7622742652893066,0
grid_3x3,medium,frequent,p2_c120_mp3,1717,6,6,6,0,321,1026,357,19,219,56,0,2.949326276779175,0
grid_3x3,medium,frequent,p2_c120_h2,101,6,6,4,2,360,1169,376,45,226,81,6,2.703380823135376,0
grid_3x3,medium,frequent,p2_c120_h2,303,6,6,5,1,400,1296,432,49,265,80,6,2.794036626815796,0
grid_3x3,medium,frequent,p2_c120_h2,42,6,6,5,1,346,1134,334,16,216,75,6,2.954103946685791,0
grid_3x3,medium,frequent,p2_c120_h2,202,6,6,3,3,421,1359,462,57,268,97,6,2.925787925720215,0
grid_3x3,medium,frequent,p2_c120_h2,404,6,6,5,1,357,1128,402,34,240,65,6,2.996746301651001,0
grid_3x3,medium,frequent,p2_c120_h2,606,6,6,5,1,336,1045,385,23,196,87,6,2.791008472442627,0
grid_3x3,medium,frequent,p2_c120_h2,505,6,6,4,2,371,1183,404,41,232,86,6,2.8891401290893555,0
grid_3x3,medium,frequent,p2_c120_h2,1414,6,6,4,2,375,1248,366,42,236,87,6,2.379277467727661,0
grid_3x3,medium,frequent,p2_c120_h2,707,4,4,2,2,303,1004,298,39,175,81,4,2.866933822631836,0
grid_3x3,medium,frequent,p2_c120_h2,808,6,6,6,0,344,1108,353,19,215,77,5,2.8530726432800293,0
grid_3x3,medium,frequent,p2_c120_h2,1313,3,6,3,3,324,1076,300,26,198,77,5,2.5468719005584717,0
grid_3x3,medium,frequent,p2_c120_h2,1111,6,6,6,0,386,1214,469,6,260,76,6,2.713655710220337,0
grid_3x3,medium,frequent,p2_c120_h2,909,5,6,6,0,344,1052,409,15,227,65,6,2.864497184753418,0
grid_3x3,medium,frequent,p2_c120_h2,1010,4,4,4,0,296,924,324,4,172,77,6,2.942207098007202,0
grid_3x3,medium,frequent,p2_c120_h2,1515,3,4,3,1,313,1033,307,22,191,76,6,2.9492948055267334,0
grid_3x3,medium,frequent,p2_c120_h2,1212,4,4,3,1,324,1059,330,23,196,81,6,3.0025267601013184,0
grid_3x3,medium,frequent,p2_c120_h2,1616,6,6,6,0,360,1195,345,19,234,74,6,2.8837194442749023,0
grid_3x3,medium,frequent,p2_c120_h2,1717,6,6,6,0,336,1117,321,6,213,74,5,3.036789655685425,0
grid_3x3,medium,frequent,p2_c120_h2,1818,5,6,6,0,373,1193,413,18,250,72,6,2.9755260944366455,0
grid_3x3,medium,frequent,p2_c120_h2,1919,5,6,5,1,340,1097,339,21,205,83,6,2.571631669998169,0
grid_3x3,medium,frequent,p2_c40,202,6,6,0,6,328,1053,353,60,211,71,0,2.632946014404297,0
grid_3x3,medium,frequent,p2_c40,101,6,6,0,6,347,1137,375,60,228,72,0,2.827190399169922,0
grid_3x3,medium,frequent,p2_c40,606,6,6,0,6,301,953,328,60,184,72,0,2.4280779361724854,0
grid_3x3,medium,frequent,p2_c40,42,6,6,0,6,341,1151,329,60,223,73,0,2.9761910438537598,0
grid_3x3,medium,frequent,p2_c40,404,4,6,0,6,304,981,327,40,197,65,0,2.8547282218933105,0
grid_3x3,medium,frequent,p2_c40,505,6,6,0,6,320,1031,342,60,204,71,0,2.637563705444336,0
grid_3x3,medium,frequent,p2_c40,303,5,6,0,6,339,1096,371,50,222,71,0,2.9671149253845215,0
grid_3x3,medium,frequent,p2_c40,707,6,6,0,6,319,1057,318,60,202,73,0,2.7420616149902344,0
grid_3x3,medium,frequent,p2_c40,1010,6,6,0,6,345,1111,381,60,225,73,0,2.7417678833007812,0
grid_3x3,medium,frequent,p2_c40,808,6,6,0,6,329,1090,333,60,211,73,0,3.0303688049316406,0
grid_3x3,medium,frequent,p2_c40,1313,3,6,0,6,270,877,266,21,164,64,0,2.645400047302246,0
grid_3x3,medium,frequent,p2_c40,1414,4,6,0,6,311,995,339,40,200,68,0,2.582545280456543,0
grid_3x3,medium,frequent,p2_c40,909,5,6,0,6,333,1063,372,50,216,70,0,2.9521963596343994,0
grid_3x3,medium,frequent,p2_c40,1111,4,4,0,4,299,933,359,40,195,64,0,2.92026686668396,0
grid_3x3,medium,frequent,p2_c40,1515,3,6,0,6,313,1030,329,30,203,67,0,2.7058050632476807,0
grid_3x3,medium,frequent,p2_c40,1212,6,6,0,6,353,1160,376,60,234,74,0,3.063971996307373,0
grid_3x3,medium,frequent,p2_c40,1616,5,6,0,6,328,1073,352,50,215,70,0,2.9366934299468994,0
grid_3x3,medium,frequent,p2_c40_penalty_off,42,6,6,0,6,341,1145,332,60,223,73,0,2.7710399627685547,0
grid_3x3,medium,frequent,p2_c40,1818,3,6,0,6,277,910,276,21,168,68,0,2.8725199699401855,0
grid_3x3,medium,frequent,p2_c40,1717,6,6,0,6,328,1081,336,60,210,73,0,2.964127779006958,0
grid_3x3,medium,frequent,p2_c40,1919,5,6,0,6,325,1083,322,50,210,70,0,3.025327682495117,0
grid_3x3,medium,frequent,p2_c40_penalty_off,101,6,6,0,6,347,1137,378,60,228,72,0,2.939037322998047,0
grid_3x3,medium,frequent,p2_c40_penalty_off,303,4,6,0,6,327,1051,359,40,213,69,0,2.7778468132019043,0
grid_3x3,medium,frequent,p2_c40_penalty_off,202,6,6,0,6,328,1057,346,60,211,71,0,2.88381290435791,0
grid_3x3,medium,frequent,p2_c40_penalty_off,404,4,6,0,6,304,981,327,40,197,65,0,2.9313549995422363,0
grid_3x3,medium,frequent,p2_c40_penalty_off,505,6,6,0,6,320,1031,342,60,204,71,0,2.8742918968200684,0
grid_3x3,medium,frequent,p2_c40_penalty_off,606,6,6,0,6,301,953,328,60,184,72,0,2.8021817207336426,0
grid_3x3,medium,frequent,p2_c40_penalty_off,707,6,6,0,6,319,1057,312,60,202,73,0,3.0275535583496094,0
grid_3x3,medium,frequent,p2_c40_penalty_off,1212,6,6,0,6,353,1160,376,60,234,74,0,2.5301690101623535,0
grid_3x3,medium,frequent,p2_c40_penalty_off,1010,6,6,0,6,345,1111,381,60,225,73,0,2.7079827785491943,0
grid_3x3,medium,frequent,p2_c40_penalty_off,808,6,6,0,6,329,1086,343,60,211,73,0,2.9490575790405273,0
grid_3x3,medium,frequent,p2_c40_penalty_off,1111,4,4,0,4,299,933,359,40,195,64,0,2.722248077392578,0
grid_3x3,medium,frequent,p2_c40_penalty_off,909,5,6,0,6,333,1063,372,50,216,70,0,2.914191961288452,0
grid_3x3,medium,frequent,p2_c40_penalty_off,1313,3,6,0,6,270,877,266,21,164,64,0,2.8882999420166016,0
grid_3x3,medium,frequent,p2_c40_penalty_off,1515,3,6,0,6,313,1030,329,30,203,67,0,2.785794734954834,0
grid_3x3,medium,frequent,p2_c40_penalty_off,1414,4,6,0,6,311,999,338,40,200,68,0,2.954402446746826,0
grid_3x3,medium,frequent,p2_c40_penalty_off,1919,5,6,0,6,325,1076,326,50,210,70,0,2.6842265129089355,0
grid_3x3,heavy,medium,baseline,303,12,12,8,4,329,1119,313,72,206,79,0,2.403904676437378,0
grid_3x3,heavy,medium,baseline,101,7,8,7,1,246,829,242,24,150,64,0,2.757307529449463,0
grid_3x3,heavy,medium,baseline,42,8,8,6,2,237,821,200,40,131,71,0,2.8129658699035645,0
grid_3x3,medium,frequent,p2_c40_penalty_off,1717,6,6,0,6,328,1081,336,60,210,73,0,2.9011714458465576,0
grid_3x3,medium,frequent,p2_c40_penalty_off,1616,5,6,0,6,328,1060,359,50,215,70,0,3.044534206390381,0
grid_3x3,heavy,medium,baseline,202,12,12,11,1,319,1052,334,38,217,59,0,2.715242385864258,0
grid_3x3,medium,frequent,p2_c40_penalty_off,1818,3,6,0,6,276,897,281,21,168,67,0,3.033252477645874,0
grid_3x3,heavy,medium,baseline,404,6,8,5,3,237,823,207,43,146,60,0,2.53024959564209,0
grid_3x3,heavy,medium,baseline,707,12,12,4,8,320,1090,290,101,182,94,0,2.571181535720825,0
grid_3x3,heavy,medium,baseline,909,8,8,5,3,266,872,287,45,165,65,0,2.395291805267334,0
grid_3x3,heavy,medium,baseline,606,8,8,5,3,260,841,288,45,162,64,0,2.760474920272827,0
grid_3x3,heavy,medium,baseline,808,12,12,7,5,315,1097,265,76,187,85,0,2.602003812789917,0
grid_3x3,heavy,medium,baseline,505,12,12,8,4,293,994,269,65,181,70,0,2.8883771896362305,0
grid_3x3,heavy,medium,baseline,1010,12,12,5,7,307,981,331,89,168,94,0,2.879110097885132,0
grid_3x3,heavy,medium,baseline,1111,11,12,9,3,298,939,337,53,183,73,0,2.903041362762451,0
grid_3x3,heavy,medium,baseline,1313,8,8,3,5,224,728,215,57,111,79,0,2.622957468032837,0
grid_3x3,heavy,medium,baseline,1212,8,8,4,4,255,852,251,55,146,75,0,2.913144588470459,0
grid_3x3,heavy,medium,baseline,1414,8,8,5,3,259,854,258,43,146,77,0,2.910290479660034,0
grid_3x3,heavy,medium,baseline,1515,12,12,10,2,330,1090,345,60,216,69,0,2.830775022506714,0
grid_3x3,heavy,medium,baseline,1818,11,12,6,6,287,949,277,62,161,84,0,2.82340669631958,0
grid_3x3,heavy,medium,p2_c120,42,8,8,7,1,240,827,209,37,140,65,0,2.727809190750122,0
grid_3x3,heavy,medium,baseline,1616,7,8,3,5,253,899,204,55,144,76,0,2.954435348510742,0
grid_3x3,heavy,medium,baseline,1717,8,8,5,3,239,813,222,45,144,62,0,2.9566633701324463,0
grid_3x3,heavy,medium,p2_c120,101,7,8,7,1,246,829,242,24,150,64,0,2.649912118911743,0
grid_3x3,heavy,medium,baseline,1919,11,12,5,7,334,1145,310,99,212,78,0,2.8997318744659424,0
grid_3x3,heavy,medium,p2_c120,303,12,12,10,2,325,1070,343,57,215,66,0,2.6439478397369385,0
grid_3x3,heavy,medium,p2_c120,202,12,12,11,1,319,1052,334,38,217,59,0,2.730807065963745,0
grid_3x3,heavy,medium,p2_c120,707,12,12,8,4,327,1108,306,85,200,82,0,2.6410653591156006,0
grid_3x3,heavy,medium,p2_c120,808,12,12,9,3,315,1088,276,64,196,76,0,2.7106194496154785,0
grid_3x3,heavy,medium,p2_c120,404,6,8,7,1,231,791,213,25,146,54,0,2.9064743518829346,0
grid_3x3,heavy,medium,p2_c120,505,12,12,10,2,287,944,287,47,181,64,0,2.8785319328308105,0
grid_3x3,heavy,medium,p2_c120,1212,8,8,6,2,255,839,266,43,155,66,0,2.637970447540283,0
grid_3x3,heavy,medium,p2_c120,1111,11,12,10,2,294,953,312,43,183,70,0,2.7387804985046387,0
grid_3x3,heavy,medium,p2_c120,1010,12,12,10,2,319,981,387,71,204,69,0,2.8081674575805664,0
grid_3x3,heavy,medium,p2_c120,606,8,8,7,1,262,831,307,37,171,56,0,2.9661848545074463,0
grid_3x3,heavy,medium,p2_c120,1313,8,8,5,3,249,813,254,71,138,75,0,2.6661486625671387,0
grid_3x3,heavy,medium,p2_c120,909,8,8,7,1,258,842,275,27,165,57,0,2.9312829971313477,0
grid_3x3,heavy,medium,p2_c120,1717,8,8,7,1,233,774,235,27,144,56,0,2.4769067764282227,0
grid_3x3,heavy,medium,p2_c120,1414,8,8,6,2,273,899,283,51,164,72,0,2.9855422973632812,0
grid_3x3,heavy,medium,p2_c120,1515,12,12,10,2,330,1090,345,60,216,69,0,2.95880389213562,0
grid_3x3,heavy,medium,p2_c120,1616,7,8,6,2,256,863,246,42,162,60,0,2.957312822341919,0
grid_3x3,heavy,medium,p2_c120_mp2,42,8,8,7,1,241,828,209,37,140,65,0,2.580335855484009,0
grid_3x3,heavy,medium,p2_c120,1818,11,12,9,3,295,961,302,60,179,73,0,2.9503684043884277,0
grid_3x3,heavy,medium,p2_c120,1919,11,12,7,5,346,1162,344,101,230,70,0,2.920830011367798,0
grid_3x3,heavy,medium,p2_c120_mp2,101,7,8,7,1,247,830,242,24,150,64,0,2.9656474590301514,0
grid_3x3,heavy,medium,p2_c120_mp2,909,8,8,7,1,259,843,275,27,165,57,0,2.314253807067871,0
grid_3x3,heavy,medium,p2_c120_mp2,202,12,12,11,1,320,1054,333,38,217,59,0,2.899995803833008,0
grid_3x3,heavy,medium,p2_c120_mp2,606,8,8,7,1,253,816,278,27,162,56,0,2.6862733364105225,0
grid_3x3,heavy,medium,p2_c120_mp2,1010,12,12,10,2,311,951,377,61,195,69,0,2.5807559490203857,0
grid_3x3,heavy,medium,p2_c120_mp2,303,12,12,10,2,330,1098,333,60,215,69,0,2.956943988800049,0
grid_3x3,heavy,medium,p2_c120_mp2,404,6,8,6,2,246,840,227,44,155,57,0,2.9015707969665527,0
grid_3x3,heavy,medium,p2_c120_mp2,505,12,12,10,2,289,946,287,47,181,64,0,2.9273226261138916,0
grid_3x3,heavy,medium,p2_c120_mp2,707,12,12,9,3,318,1016,346,68,200,71,0,2.948620080947876,0
grid_3x3,heavy,medium,p2_c120_mp2,808,12,12,9,3,316,1089,274,63,196,74,0,2.9091765880584717,0
grid_3x3,heavy,medium,p2_c120_mp2,1111,11,12,10,2,296,953,314,43,183,70,0,2.915259599685669,0
grid_3x3,heavy,medium,p2_c120_mp2,1616,8,8,7,1,252,857,238,28,162,56,0,2.4457058906555176,0
grid_3x3,heavy,medium,p2_c120_mp2,1313,8,8,5,3,252,815,255,71,138,75,0,2.6264238357543945,0
grid_3x3,heavy,medium,p2_c120_mp2,1212,8,8,6,2,257,839,268,43,155,66,0,2.902789354324341,0
grid_3x3,heavy,medium,p2_c120_mp2,1414,8,8,6,2,275,901,283,51,164,72,0,2.8631772994995117,0
grid_3x3,heavy,medium,p2_c120_mp2,1515,12,12,10,2,332,1092,345,60,216,69,0,2.8174686431884766,0
grid_3x3,heavy,medium,p2_c120_mp3,202,12,12,11,1,321,1055,333,38,217,59,0,2.708200454711914,0
grid_3x3,heavy,medium,p2_c120_mp2,1818,11,12,10,2,316,1033,321,73,197,73,0,2.868396043777466,0
grid_3x3,heavy,medium,p2_c120_mp2,1717,8,8,7,1,234,775,235,27,144,56,0,2.8847782611846924,0
grid_3x3,heavy,medium,p2_c120_mp3,42,8,8,7,1,239,808,214,34,140,62,0,2.855839729309082,0
grid_3x3,heavy,medium,p2_c120_mp2,1919,11,12,9,3,335,1121,322,81,221,66,0,2.8925554752349854,0
grid_3x3,heavy,medium,p2_c120_mp3,101,7,8,7,1,248,831,242,24,150,64,0,2.84264874458313,0
grid_3x3,heavy,medium,p2_c120_mp3,404,6,8,5,3,261,900,221,61,155,67,0,2.4415066242218018,0
grid_3x3,heavy,medium,p2_c120_mp3,303,12,12,10,2,332,1093,335,60,215,69,0,2.74534273147583,0
grid_3x3,heavy,medium,p2_c120_mp3,505,12,12,10,2,301,996,293,57,190,64,0,2.7924625873565674,0
grid_3x3,heavy,medium,p2_c120_mp3,606,8,8,7,1,268,866,292,41,171,60,0,2.6861181259155273,0
grid_3x3,heavy,medium,p2_c120_mp3,808,11,12,10,2,311,1046,288,53,205,60,0,2.5758917331695557,0
grid_3x3,heavy,medium,p2_c120_mp3,707,12,12,8,4,349,1109,376,100,218,77,0,2.925816297531128,0
grid_3x3,heavy,medium,p2_c120_mp3,1010,12,12,10,2,310,940,374,58,195,66,0,2.5640275478363037,0
grid_3x3,heavy,medium,p2_c120_mp3,909,8,8,6,2,275,887,292,46,174,60,0,2.9153480529785156,0
grid_3x3,heavy,medium,p2_c120_mp3,1515,12,12,10,2,321,1031,347,47,207,66,0,2.5743513107299805,0
grid_3x3,heavy,medium,p2_c120_mp3,1111,11,12,10,2,298,954,315,43,183,70,0,2.986926794052124,0
grid_3x3,heavy,medium,p2_c120_mp3,1717,8,8,6,2,247,842,214,43,144,65,0,2.597014904022217,0
grid_3x3,heavy,medium,p2_c120_mp3,1313,8,8,5,3,252,802,255,68,138,72,0,2.9547388553619385,0
grid_3x3,heavy,medium,p2_c120_mp3,1212,8,8,6,2,272,890,277,56,164,69,0,3.0092403888702393,0
grid_3x3,heavy,medium,p2_c120_mp3,1818,11,12,10,2,318,1037,319,73,197,73,0,2.738630533218384,0
grid_3x3,heavy,medium,p2_c120_mp3,1414,8,8,7,1,277,900,295,47,173,65,0,2.9288673400878906,0
grid_3x3,heavy,medium,p2_c120_mp3,1616,8,8,5,3,280,947,257,63,171,68,0,2.8452680110931396,0
grid_3x3,heavy,medium,p2_c120_h2,42,8,8,6,2,288,990,244,57,162,84,6,2.639972686767578,0
grid_3x3,heavy,medium,p2_c120_mp3,1919,11,12,8,4,353,1165,347,94,230,69,0,2.8410980701446533,0
grid_3x3,heavy,medium,p2_c120_h2,101,7,8,6,2,295,983,289,59,167,87,6,2.9494855403900146,0
grid_3x3,heavy,medium,p2_c120_h2,202,8,8,6,2,292,980,276,44,171,79,6,2.7609071731567383,0
grid_3x3,heavy,medium,p2_c120_h2,303,8,8,7,1,290,926,316,34,170,78,6,2.7713382244110107,0
grid_3x3,heavy,medium,p2_c120_h2,606,7,8,6,2,244,815,217,36,127,80,4,2.635629653930664,0
grid_3x3,heavy,medium,p2_c120_h2,505,11,12,8,4,349,1211,291,85,200,100,6,2.7627992630004883,0
grid_3x3,heavy,medium,p2_c120_h2,404,7,8,7,1,246,826,222,26,136,72,5,2.9025726318359375,0
grid_3x3,heavy,medium,p2_c120_h2,909,11,12,8,4,336,1159,283,80,189,97,6,2.910317897796631,0
grid_3x3,heavy,medium,p2_c120_h2,707,8,8,6,2,275,936,251,45,146,89,6,2.986708641052246,0
grid_3x3,heavy,medium,p2_c120_h2,1212,12,12,9,3,341,1107,357,66,208,84,6,2.649172067642212,0
grid_3x3,heavy,medium,p2_c120_h2,1010,11,11,9,2,329,1141,280,57,192,90,6,2.9202284812927246,0
grid_3x3,heavy,medium,p2_c120_h2,808,12,12,9,3,369,1211,373,99,226,90,6,2.9963338375091553,0
grid_3x3,heavy,medium,p2_c120_h2,1111,10,12,9,3,333,1094,343,55,188,97,6,3.115272283554077,0
grid_3x3,heavy,medium,p2_c120_h2,1414,8,8,5,3,292,981,267,57,156,93,6,2.6559064388275146,0
grid_3x3,heavy,medium,p2_c120_h2,1515,8,8,7,1,285,941,281,40,170,73,6,2.485969305038452,0
grid_3x3,heavy,medium,p2_c120_h2,1313,8,12,7,5,279,929,251,34,155,79,6,2.871976613998413,0
grid_3x3,heavy,medium,p2_c120_h2,1717,11,12,11,1,307,969,332,21,186,74,6,2.5697262287139893,0
grid_3x3,heavy,medium,p2_c120_h2,1616,7,8,6,2,276,914,268,31,156,80,6,2.930436611175537,0
grid_3x3,heavy,medium,p2_c120_h2,1818,10,12,10,2,333,1028,383,62,200,83,6,2.8989827632904053,0
grid_3x3,heavy,medium,p2_c40,606,7,8,0,8,256,884,230,70,144,80,0,2.349097728729248,0
grid_3x3,heavy,medium,p2_c40,101,6,8,0,8,247,840,239,60,141,76,0,2.7187604904174805,0
grid_3x3,heavy,medium,p2_c40,42,7,8,0,8,238,868,170,70,126,80,0,2.8763585090637207,0
grid_3x3,heavy,medium,p2_c120_h2,1919,10,12,9,3,323,1093,270,61,180,94,6,2.938366174697876,0
grid_3x3,heavy,medium,p2_c40,1010,12,12,0,12,314,1055,294,120,179,94,0,2.239738702774048,0
grid_3x3,heavy,medium,p2_c40,505,11,12,0,12,301,1079,234,101,172,90,0,2.911303758621216,0
grid_3x3,heavy,medium,p2_c40,202,7,8,0,8,253,888,212,70,145,76,0,2.959204912185669,0
grid_3x3,heavy,medium,p2_c40,303,5,12,0,12,244,857,189,50,125,85,0,2.9548392295837402,0
grid_3x3,heavy,medium,p2_c40,404,6,8,0,8,220,768,177,60,119,71,0,2.9646317958831787,0
grid_3x3,heavy,medium,p2_c40,707,7,8,0,8,244,854,211,70,137,76,0,2.747335195541382,0
grid_3x3,heavy,medium,p2_c40,808,12,12,0,12,317,1112,267,111,186,90,0,2.808302879333496,0
grid_3x3,heavy,medium,p2_c40,909,8,8,0,8,265,927,226,71,144,86,0,2.758012294769287,0
grid_3x3,heavy,medium,p2_c40,1212,11,12,0,12,305,1077,250,110,173,93,0,2.6571130752563477,0
grid_3x3,heavy,medium,p2_c40,1313,8,12,0,12,264,934,194,80,145,83,0,2.67189359664917,0
grid_3x3,heavy,medium,p2_c40,1111,8,8,0,8,271,904,277,80,163,76,0,2.8282811641693115,0
grid_3x3,heavy,medium,p2_c40,1818,9,12,0,12,285,988,244,90,159,87,0,2.5805296897888184,0
grid_3x3,heavy,medium,p2_c40,1414,7,8,0,8,257,870,245,61,148,76,0,3.0174427032470703,0
grid_3x3,heavy,medium,p2_c40,1717,7,8,0,8,235,825,201,70,129,75,0,2.7710912227630615,0
grid_3x3,heavy,medium,p2_c40,1616,9,12,0,12,286,1012,229,90,164,85,0,2.8831100463867188,0
grid_3x3,heavy,medium,p2_c40,1919,8,8,0,8,273,943,241,78,159,79,0,2.8893580436706543,0
grid_3x3,heavy,medium,p2_c40,1515,7,12,0,12,286,1004,231,70,160,88,0,2.948103427886963,0
grid_3x3,heavy,medium,p2_c40_penalty_off,42,7,8,4,4,247,906,167,57,144,69,0,2.7214467525482178,0
grid_3x3,heavy,medium,p2_c40_penalty_off,101,6,8,4,4,250,831,254,41,150,68,0,2.8890650272369385,0
grid_3x3,heavy,medium,p2_c40_penalty_off,202,7,8,4,4,258,875,249,54,163,61,0,2.9440243244171143,0
grid_3x3,heavy,medium,p2_c40_penalty_off,303,9,12,6,6,310,1068,274,79,188,80,0,2.9020497798919678,0
grid_3x3,heavy,medium,p2_c40_penalty_off,404,6,8,4,4,225,761,207,47,128,65,0,2.90279483795166,0
grid_3x3,heavy,medium,p2_c40_penalty_off,505,11,12,6,6,312,1081,279,79,199,72,0,2.8113632202148438,0
grid_3x3,heavy,medium,p2_c40_penalty_off,707,7,8,4,4,255,858,252,57,155,67,0,2.726902484893799,0
grid_3x3,heavy,medium,p2_c40_penalty_off,808,12,12,6,6,337,1162,302,95,204,89,0,2.650010347366333,0
grid_3x3,heavy,medium,p2_c40_penalty_off,606,7,8,4,4,264,846,296,57,162,68,0,2.965826988220215,0
grid_3x3,heavy,medium,p2_c40_penalty_off,909,8,8,4,4,239,803,220,26,135,69,0,2.751605987548828,0
grid_3x3,heavy,medium,p2_c40_penalty_off,1010,12,12,6,6,303,985,319,76,188,73,0,2.737914562225342,0
grid_3x3,heavy,medium,p2_c40_penalty_off,1414,8,8,4,4,284,964,268,63,166,81,0,2.519423246383667,0
grid_3x3,heavy,medium,p2_c40_penalty_off,1111,8,8,4,4,297,995,311,82,190,71,0,2.7363104820251465,0
grid_3x3,heavy,medium,p2_c40_penalty_off,1616,10,12,6,6,305,1045,280,78,191,74,0,2.708160400390625,0
grid_3x3,heavy,medium,p2_c40_penalty_off,1717,8,8,4,4,235,797,225,44,138,65,0,2.7185709476470947,0
grid_3x3,heavy,medium,p2_c40_penalty_off,1212,11,12,6,6,291,969,285,63,173,78,0,2.969181776046753,0
grid_3x3,heavy,medium,p2_c40_penalty_off,1313,10,12,6,6,268,904,244,46,163,67,0,2.9777019023895264,0
grid_3x3,heavy,medium,p2_c40_penalty_off,1515,9,12,6,6,297,999,286,46,187,69,0,2.9564437866210938,0
grid_3x3,heavy,frequent,baseline,202,12,12,10,2,413,1316,448,45,283,70,0,2.398183822631836,0
grid_3x3,heavy,medium,p2_c40_penalty_off,1818,10,12,6,6,315,1066,295,85,195,77,0,2.9143142700195312,0
grid_3x3,heavy,medium,p2_c40_penalty_off,1919,8,8,4,4,279,957,256,62,168,74,0,2.9110054969787598,0
grid_3x3,heavy,frequent,baseline,42,11,12,9,3,405,1317,417,52,271,76,0,2.9050073623657227,0
grid_3x3,heavy,frequent,baseline,101,9,12,10,2,394,1272,430,60,275,61,0,2.90451717376709,0
grid_3x3,heavy,frequent,baseline,808,12,12,10,2,373,1181,400,31,247,68,0,2.480872392654419,0
grid_3x3,heavy,frequent,baseline,707,11,12,8,4,381,1246,385,52,246,78,0,2.626582384109497,0
grid_3x3,heavy,frequent,baseline,606,11,12,6,6,404,1317,417,94,264,81,0,2.807603597640991,0
grid_3x3,heavy,frequent,baseline,404,10,12,8,4,395,1251,447,57,278,60,0,2.964665651321411,0
grid_3x3,heavy,frequent,baseline,505,11,12,11,1,367,1141,418,27,250,60,0,2.8838021755218506,0
grid_3x3,heavy,frequent,baseline,303,12,12,8,4,405,1317,417,62,260,85,0,2.9979350566864014,0
grid_3x3,heavy,frequent,baseline,1111,7,8,2,6,342,1079,385,57,213,80,0,2.709289073944092,0
grid_3x3,heavy,frequent,baseline,1010,11,12,7,5,406,1299,427,56,243,104,0,2.8341176509857178,0
grid_3x3,heavy,frequent,baseline,909,11,12,10,2,409,1247,508,39,290,59,0,3.005678176879883,0
grid_3x3,heavy,frequent,baseline,1212,11,12,7,5,432,1398,475,76,304,69,0,2.8485286235809326,0
grid_3x3,heavy,frequent,baseline,1313,11,12,9,3,382,1232,408,50,254,70,0,2.9564642906188965,0
grid_3x3,heavy,frequent,baseline,1717,12,12,6,6,400,1312,388,64,247,93,0,2.5394604206085205,0
grid_3x3,heavy,frequent,baseline,1515,7,8,6,2,329,1045,374,23,216,65,0,2.8139054775238037,0
grid_3x3,heavy,frequent,baseline,1414,11,12,7,5,432,1384,475,89,298,75,0,3.052057981491089,0
grid_3x3,heavy,frequent,baseline,1818,11,12,7,5,370,1221,356,49,231,82,0,2.840884208679199,0
grid_3x3,heavy,frequent,baseline,1616,10,12,7,5,372,1171,415,62,228,87,0,2.998631238937378,0
grid_3x3,heavy,frequent,baseline,1919,9,12,10,2,380,1233,405,38,264,60,0,2.817218065261841,0
grid_3x3,heavy,frequent,p2_c120,101,9,12,11,1,368,1158,425,28,257,55,0,2.6988091468811035,0
grid_3x3,heavy,frequent,p2_c120,42,11,12,10,2,406,1310,432,48,280,68,0,2.981940507888794,0
grid_3x3,heavy,frequent,p2_c120,404,10,12,10,2,400,1235,483,50,287,55,0,2.715195655822754,0
grid_3x3,heavy,frequent,p2_c120,202,12,12,11,1,429,1365,475,55,301,67,0,2.978832244873047,0
grid_3x3,heavy,frequent,p2_c120,505,11,12,11,1,367,1141,418,27,250,60,0,2.895512342453003,0
grid_3x3,heavy,frequent,p2_c120,303,12,12,10,2,410,1310,452,55,278,72,0,2.9849703311920166,0
grid_3x3,heavy,frequent,p2_c120,606,11,12,8,4,417,1349,431,96,273,83,0,2.9101996421813965,0
grid_3x3,heavy,frequent,p2_c120,808,12,12,11,1,376,1189,410,28,256,62,0,2.7096011638641357,0
grid_3x3,heavy,frequent,p2_c120,909,11,12,11,1,426,1298,534,50,308,56,0,2.6218926906585693,0
grid_3x3,heavy,frequent,p2_c120,1111,7,8,5,3,355,1112,417,52,240,65,0,2.5940134525299072,0
grid_3x3,heavy,frequent,p2_c120,1010,11,12,9,3,428,1368,467,73,279,88,0,2.757826328277588,0
grid_3x3,heavy,frequent,p2_c120,707,11,12,10,2,387,1260,401,46,264,66,0,2.9411518573760986,0
grid_3x3,heavy,frequent,p2_c120,1717,12,12,10,2,417,1356,432,57,283,74,0,2.24991512298584,0
grid_3x3,heavy,frequent,p2_c120,1212,11,12,10,2,436,1388,501,62,313,63,0,3.0007147789001465,0
grid_3x3,heavy,frequent,p2_c120,1515,7,8,7,1,342,1081,395,30,234,59,0,2.8235976696014404,0
grid_3x3,heavy,frequent,p2_c120,1313,11,12,10,2,385,1228,424,47,263,64,0,2.898698091506958,0
grid_3x3,heavy,frequent,p2_c120,1616,10,12,9,3,391,1225,449,69,255,78,0,3.0164995193481445,0
grid_3x3,heavy,frequent,p2_c120,1414,11,12,9,3,421,1341,464,68,298,64,0,3.0597803592681885,0
grid_3x3,heavy,frequent,p2_c120,1818,11,12,9,3,405,1337,409,72,268,78,0,2.9058966636657715,0
grid_3x3,heavy,frequent,p2_c120,1919,9,12,11,1,377,1210,412,29,264,57,0,2.992004871368408,0
grid_3x3,heavy,frequent,p2_c120_mp2,42,11,12,10,2,408,1310,434,48,280,68,0,2.9245193004608154,0
grid_3x3,heavy,frequent,p2_c120_mp2,404,10,12,10,2,417,1304,484,65,296,60,0,2.481503486633301,0
grid_3x3,heavy,frequent,p2_c120_mp2,101,9,12,11,1,369,1159,425,28,257,55,0,2.851421356201172,0
grid_3x3,heavy,frequent,p2_c120_mp2,202,12,12,11,1,417,1317,466,42,292,64,0,2.947108030319214,0
grid_3x3,heavy,frequent,p2_c120_mp2,808,12,12,11,1,400,1271,432,51,274,65,0,2.574180841445923,0
grid_3x3,heavy,frequent,p2_c120_mp2,303,12,12,10,2,413,1320,448,56,278,73,0,2.966677188873291,0
grid_3x3,heavy,frequent,p2_c120_mp2,707,11,12,10,2,389,1262,401,46,264,66,0,2.7434470653533936,0
grid_3x3,heavy,frequent,p2_c120_mp2,606,11,12,9,3,412,1307,454,83,282,67,0,2.9242708683013916,0
grid_3x3,heavy,frequent,p2_c120_mp2,505,11,12,11,1,368,1142,418,27,250,60,0,2.9637258052825928,0
grid_3x3,heavy,frequent,p2_c120_mp2,1010,11,12,9,3,433,1377,467,75,279,90,0,2.758669853210449,0
grid_3x3,heavy,frequent,p2_c120_mp2,909,11,12,11,1,427,1299,534,50,308,56,0,2.851530075073242,0
grid_3x3,heavy,frequent,p2_c120_mp2,1717,11,12,10,2,400,1289,420,40,274,66,0,2.3763513565063477,0
grid_3x3,heavy,frequent,p2_c120_mp2,1111,7,8,5,3,358,1116,416,52,240,65,0,2.8519680500030518,0
grid_3x3,heavy,frequent,p2_c120_mp2,1313,11,12,10,2,387,1231,423,47,263,64,0,2.9651682376861572,0
grid_3x3,heavy,frequent,p2_c120_mp2,1212,11,12,11,1,448,1434,503,67,322,64,0,3.0331335067749023,0
grid_3x3,heavy,frequent,p2_c120_mp2,1515,7,8,7,1,343,1082,395,30,234,59,0,2.8565850257873535,0
grid_3x3,heavy,frequent,p2_c120_mp2,1616,11,12,10,2,388,1198,456,56,255,73,0,2.8885183334350586,0
grid_3x3,heavy,frequent,p2_c120_mp2,1818,12,12,9,3,409,1347,402,70,267,79,0,2.7836248874664307,0
grid_3x3,heavy,frequent,p2_c120_mp2,1414,11,12,8,4,442,1435,449,91,289,88,0,2.9771416187286377,0
grid_3x3,heavy,frequent,p2_c120_mp2,1919,9,12,11,1,378,1211,412,29,264,57,0,2.8590457439422607,0
grid_3x3,heavy,frequent,p2_c120_mp3,42,11,12,10,2,410,1314,432,48,280,68,0,2.921881675720215,0
grid_3x3,heavy,frequent,p2_c120_mp3,101,9,12,11,1,380,1188,440,38,266,55,0,2.701343297958374,0
grid_3x3,heavy,frequent,p2_c120_mp3,202,12,12,11,1,431,1375,467,55,301,67,0,2.6766860485076904,0
grid_3x3,heavy,frequent,p2_c120_mp3,303,12,12,9,3,423,1354,441,68,278,78,0,2.870403528213501,0
grid_3x3,heavy,frequent,p2_c120_mp3,404,11,12,9,3,439,1374,494,85,305,67,0,2.808448076248169,0
grid_3x3,heavy,frequent,p2_c120_mp3,505,11,12,11,1,369,1143,418,27,250,60,0,2.9158663749694824,0
grid_3x3,heavy,frequent,p2_c120_mp3,606,11,12,9,3,409,1282,451,77,273,70,0,2.9026038646698,0
grid_3x3,heavy,frequent,p2_c120_mp3,707,11,12,9,3,402,1310,389,61,255,83,0,2.9520580768585205,0
grid_3x3,heavy,frequent,p2_c120_mp3,808,11,12,11,1,372,1176,402,24,256,57,0,2.711378574371338,0
grid_3x3,heavy,frequent,p2_c120_mp3,909,11,12,11,1,418,1255,534,40,299,56,0,2.7214179039001465,0
grid_3x3,heavy,frequent,p2_c120_mp3,1515,7,8,7,1,347,1084,407,33,234,62,0,2.396228313446045,0
grid_3x3,heavy,frequent,p2_c120_mp3,1010,11,12,10,2,420,1325,456,55,279,77,0,2.9304163455963135,0
grid_3x3,heavy,frequent,p2_c120_mp3,1313,11,12,10,2,389,1232,424,47,263,64,0,2.7009143829345703,0
grid_3x3,heavy,frequent,p2_c120_mp3,1111,8,8,5,3,383,1188,450,72,249,76,0,2.836392402648926,0
grid_3x3,heavy,frequent,p2_c120_mp3,1212,11,12,9,3,440,1375,504,65,304,70,0,3.025139331817627,0
grid_3x3,heavy,frequent,p2_c120_mp3,1414,11,12,10,2,420,1327,463,59,298,59,0,3.0600194931030273,0
grid_3x3,heavy,frequent,p2_c120_mp3,1616,11,12,10,2,377,1153,445,43,246,70,0,2.9635696411132812,0
grid_3x3,heavy,frequent,p2_c120_mp3,1717,11,12,10,2,415,1344,425,53,283,69,0,3.057443857192993,0
grid_3x3,heavy,frequent,p2_c120_mp3,1919,9,12,11,1,379,1212,412,29,264,57,0,2.9568984508514404,0
grid_3x3,heavy,frequent,p2_c120_mp3,1818,12,12,9,3,415,1360,405,73,267,82,0,3.033919334411621,0
grid_3x3,heavy,frequent,p2_c120_h2,42,11,12,9,3,469,1534,484,81,315,85,6,2.87138032913208,0
grid_3x3,heavy,frequent,p2_c120_h2,404,10,12,9,3,429,1346,483,65,292,73,6,2.7048544883728027,0
grid_3x3,heavy,frequent,p2_c120_h2,202,12,12,10,2,473,1445,576,64,322,83,6,2.8922555446624756,0
grid_3x3,heavy,frequent,p2_c120_h2,303,11,12,9,3,440,1422,462,63,284,91,6,2.8867809772491455,0
grid_3x3,heavy,frequent,p2_c120_h2,606,12,12,7,5,453,1453,475,116,277,106,6,2.845623731613159,0
grid_3x3,heavy,frequent,p2_c120_h2,101,8,12,10,2,408,1331,416,47,261,85,6,2.978052854537964,0
grid_3x3,heavy,frequent,p2_c120_h2,707,8,8,8,0,363,1179,370,21,227,80,6,2.8365585803985596,0
grid_3x3,heavy,frequent,p2_c120_h2,808,12,12,10,2,407,1309,417,48,254,91,4,2.6739370822906494,0
grid_3x3,heavy,frequent,p2_c120_h2,1010,8,8,7,1,366,1187,364,38,220,90,6,2.566984176635742,0
grid_3x3,heavy,frequent,p2_c120_h2,505,12,12,10,2,408,1317,407,44,251,92,6,3.0605061054229736,0
grid_3x3,heavy,frequent,p2_c120_h2,909,12,12,10,2,434,1349,492,57,290,77,6,2.94681715965271,0
grid_3x3,heavy,frequent,p2_c120_h2,1212,8,8,6,2,397,1300,400,53,241,99,6,2.7390828132629395,0
grid_3x3,heavy,frequent,p2_c120_h2,1111,12,12,11,1,461,1457,540,45,314,83,6,3.0049350261688232,0
grid_3x3,heavy,frequent,p2_c120_h2,1313,9,12,7,5,403,1317,395,54,242,98,6,2.955303192138672,0
grid_3x3,heavy,frequent,p2_c120_h2,1414,12,12,9,3,456,1511,438,75,282,108,6,3.0621163845062256,0
grid_3x3,heavy,frequent,p2_c120_h2,1515,7,8,7,1,354,1164,346,23,218,82,6,2.898369312286377,0
grid_3x3,heavy,frequent,p2_c120_h2,1717,11,12,10,2,421,1399,393,48,266,92,6,2.8701765537261963,0
grid_3x3,heavy,frequent,p2_c120_h2,1616,11,12,10,2,422,1350,447,47,277,80,6,3.042602777481079,0
grid_3x3,heavy,frequent,p2_c40,101,9,12,0,12,394,1300,409,90,255,83,0,2.5998189449310303,0
grid_3x3,heavy,frequent,p2_c120_h2,1818,10,12,11,1,436,1367,496,36,299,74,6,2.9240667819976807,0
grid_3x3,heavy,frequent,p2_c40,303,8,12,0,12,371,1197,389,71,233,85,0,2.4852142333984375,0
grid_3x3,heavy,frequent,p2_c120_h2,1919,11,12,9,3,425,1367,434,56,268,91,6,2.9695422649383545,0
grid_3x3,heavy,frequent,p2_c40,42,10,12,0,12,413,1403,383,100,268,90,0,2.9495482444763184,0
grid_3x3,heavy,frequent,p2_c40,202,11,12,0,12,411,1358,408,110,265,89,0,2.9153270721435547,0
grid_3x3,heavy,frequent,p2_c40,404,7,12,0,12,352,1156,346,70,223,77,0,2.8049705028533936,0
grid_3x3,heavy,frequent,p2_c40,505,11,12,0,12,376,1231,364,101,231,89,0,2.5853776931762695,0
grid_3x3,heavy,frequent,p2_c40,606,11,12,0,12,381,1230,389,101,235,90,0,2.7033679485321045,0
grid_3x3,heavy,frequent,p2_c40,707,11,12,0,12,401,1353,382,110,255,91,0,2.839658498764038,0
grid_3x3,heavy,frequent,p2_c40,1515,4,8,0,8,312,1023,320,40,195,73,0,2.4358553886413574,0
grid_3x3,heavy,frequent,p2_c40,909,11,12,0,12,403,1337,397,101,253,92,0,2.756260633468628,0
grid_3x3,heavy,frequent,p2_c40,808,10,12,0,12,394,1287,404,100,248,91,0,2.9855687618255615,0
grid_3x3,heavy,frequent,p2_c40,1111,7,8,0,8,351,1112,402,70,228,76,0,2.8941946029663086,0
grid_3x3,heavy,frequent,p2_c40,1313,8,12,0,12,364,1228,329,80,228,83,0,2.8740241527557373,0
grid_3x3,heavy,frequent,p2_c40,1010,11,12,0,12,414,1364,421,110,264,93,0,2.9669361114501953,0
grid_3x3,heavy,frequent,p2_c40,1616,10,12,0,12,393,1268,420,100,250,89,0,2.800480842590332,0
grid_3x3,heavy,frequent,p2_c40,1414,11,12,0,12,409,1363,397,110,262,91,0,2.918862819671631,0
grid_3x3,heavy,frequent,p2_c40,1212,12,12,0,12,431,1434,427,111,279,95,0,3.0462050437927246,0
grid_3x3,heavy,frequent,p2_c40,1717,12,12,0,12,417,1418,381,120,266,94,0,2.9283220767974854,0
grid_3x3,heavy,frequent,p2_c40,1818,5,12,0,12,329,1099,302,50,203,77,0,2.902409315109253,0
grid_3x3,heavy,frequent,p2_c40,1919,8,12,0,12,376,1245,363,80,241,81,0,2.8892340660095215,0
grid_3x3,heavy,frequent,p2_c40_penalty_off,42,10,12,6,6,411,1353,418,66,286,68,0,2.8520236015319824,0
grid_3x3,heavy,frequent,p2_c40_penalty_off,101,9,12,6,6,390,1252,434,58,264,69,0,2.8209619522094727,0
grid_3x3,heavy,frequent,p2_c40_penalty_off,404,9,12,6,6,393,1258,425,78,268,68,0,2.4108939170837402,0
grid_3x3,heavy,frequent,p2_c40_penalty_off,202,11,12,6,6,401,1273,441,66,274,69,0,2.8768396377563477,0
grid_3x3,heavy,frequent,p2_c40_penalty_off,303,10,12,6,6,404,1305,430,66,269,78,0,2.9061360359191895,0
grid_3x3,heavy,frequent,p2_c40_penalty_off,606,11,12,6,6,378,1181,426,65,244,77,0,2.722370147705078,0
grid_3x3,heavy,frequent,p2_c40_penalty_off,505,11,12,6,6,382,1216,407,73,249,75,0,3.01853609085083,0
grid_3x3,heavy,frequent,p2_c40_penalty_off,909,11,12,6,6,425,1373,454,92,289,75,0,2.8828647136688232,0
grid_3x3,heavy,frequent,p2_c40_penalty_off,707,11,12,6,6,379,1237,389,56,254,70,0,2.9651522636413574,0
grid_3x3,heavy,frequent,p2_c40_penalty_off,1010,11,12,6,6,403,1274,458,67,273,72,0,2.930129289627075,0
grid_3x3,heavy,frequent,p2_c40_penalty_off,1212,12,12,6,6,436,1389,495,83,297,80,0,2.7406370639801025,0
grid_3x3,heavy,frequent,p2_c40_penalty_off,1313,9,12,6,6,371,1221,365,58,246,70,0,2.799286365509033,0
grid_3x3,heavy,frequent,p2_c40_penalty_off,808,11,12,6,6,405,1303,435,76,266,81,0,3.307119607925415,0
grid_3x3,heavy,frequent,p2_c40_penalty_off,1111,8,8,4,4,356,1126,407,51,237,70,0,3.0204532146453857,0
grid_3x3,heavy,frequent,p2_c40_penalty_off,1616,10,12,6,6,387,1232,429,68,259,73,0,2.59797739982605,0
grid_3x3,heavy,frequent,p2_c40_penalty_off,1414,12,12,6,6,444,1470,449,109,298,85,0,2.914327383041382,0
grid_3x3,heavy,frequent,p2_c40_penalty_off,1818,8,12,6,6,368,1195,383,49,248,66,0,2.6261279582977295,0
grid_3x3,heavy,frequent,p2_c40_penalty_off,1717,12,12,6,6,420,1402,409,90,284,77,0,2.818589448928833,0
grid_3x3,heavy,frequent,p2_c40_penalty_off,1515,7,8,4,4,350,1125,373,52,231,69,0,2.952338933944702,0
grid_3x3,heavy,frequent,p2_c40_penalty_off,1919,10,12,6,6,400,1295,427,65,273,70,0,3.052056312561035,0
grid_5x5,medium,medium,baseline,101,6,6,5,1,631,2414,1160,83,450,150,0,5.401576042175293,0
grid_5x5,medium,medium,baseline,404,6,6,6,0,574,2193,1062,6,399,146,0,5.356229543685913,0
grid_5x5,medium,medium,baseline,303,5,6,4,2,630,2408,1144,88,434,163,0,5.455572605133057,0
grid_5x5,medium,medium,baseline,808,6,6,5,1,670,2504,1294,42,478,160,0,5.048007011413574,0
grid_5x5,medium,medium,baseline,202,4,4,3,1,597,2230,1161,55,417,152,0,6.124321937561035,0
grid_5x5,medium,medium,baseline,909,5,6,5,1,657,2429,1268,103,457,168,0,5.481804370880127,0
grid_5x5,medium,medium,baseline,42,6,6,4,2,688,2587,1308,120,490,166,0,6.443643808364868,0
grid_5x5,medium,medium,baseline,505,6,6,6,0,634,2351,1230,6,457,147,0,6.416313171386719,0
grid_5x5,medium,medium,baseline,707,6,6,5,1,656,2455,1243,83,470,153,0,6.2904953956604,0
grid_5x5,medium,medium,baseline,606,3,4,3,1,576,2179,1090,60,395,153,0,6.4584245681762695,0
grid_5x5,medium,medium,baseline,1010,6,6,5,1,649,2449,1213,43,456,161,0,6.033752918243408,0
grid_5x5,medium,medium,baseline,1212,6,6,5,1,671,2595,1207,45,472,168,0,5.780459403991699,0
grid_5x5,medium,medium,p2_c120,202,4,4,3,1,597,2230,1161,55,417,152,0,5.005333185195923,0
grid_5x5,medium,medium,baseline,1111,6,6,4,2,695,2569,1352,93,495,165,0,6.3095245361328125,0
grid_5x5,medium,medium,baseline,1313,5,6,6,0,680,2479,1362,62,497,149,0,6.238363265991211,0
grid_5x5,medium,medium,baseline,1414,6,6,5,1,620,2360,1152,43,424,164,0,6.232357025146484,0
grid_5x5,medium,medium,baseline,1616,5,6,4,2,699,2571,1404,87,511,156,0,6.3349220752716064,0
grid_5x5,medium,medium,baseline,1717,6,6,5,1,637,2449,1157,84,453,153,0,6.239222764968872,0
grid_5x5,medium,medium,baseline,1515,5,6,6,0,640,2397,1223,67,456,155,0,6.361284494400024,0
grid_5x5,medium,medium,baseline,1818,4,4,4,0,581,2166,1108,36,399,152,0,6.265018701553345,0
grid_5x5,medium,medium,p2_c120,42,6,6,4,2,688,2587,1308,120,490,166,0,6.175774097442627,0
grid_5x5,medium,medium,baseline,1919,6,6,5,1,674,2531,1269,85,485,155,0,6.25762152671814,0
grid_5x5,medium,medium,p2_c120,101,6,6,5,1,631,2414,1160,83,450,150,0,6.335359334945679,0
grid_5x5,medium,medium,p2_c120,303,5,6,4,2,630,2408,1144,88,434,163,0,6.2485411167144775,0
grid_5x5,medium,medium,p2_c120,505,6,6,6,0,634,2351,1230,6,457,147,0,6.285232782363892,0
grid_5x5,medium,medium,p2_c120,606,3,4,3,1,576,2179,1090,60,395,153,0,6.329815626144409,0
grid_5x5,medium,medium,p2_c120,404,6,6,6,0,574,2193,1062,6,399,146,0,6.498844146728516,0
grid_5x5,medium,medium,p2_c120,707,6,6,5,1,656,2455,1243,83,470,153,0,6.355000257492065,0
grid_5x5,medium,medium,p2_c120,808,6,6,5,1,670,2504,1294,42,478,160,0,6.3097710609436035,0
grid_5x5,medium,medium,p2_c120,909,5,6,5,1,657,2429,1268,103,457,168,0,6.243697643280029,0
grid_5x5,medium,medium,p2_c120,1010,6,6,5,1,649,2449,1213,43,456,161,0,6.290919065475464,0
grid_5x5,medium,medium,p2_c120,1212,6,6,5,1,671,2595,1207,45,472,168,0,5.8626415729522705,0
grid_5x5,medium,medium,p2_c120,1111,6,6,4,2,695,2569,1352,93,495,165,0,6.33346962928772,0
grid_5x5,medium,medium,p2_c120,1717,6,6,5,1,637,2449,1157,84,453,153,0,5.20607852935791,0
grid_5x5,medium,medium,p2_c120_mp2,101,6,6,5,1,632,2420,1155,83,450,150,0,4.985006332397461,0
grid_5x5,medium,medium,p2_c120,1515,5,6,6,0,640,2397,1223,67,456,155,0,6.08827018737793,0
grid_5x5,medium,medium,p2_c120,1313,5,6,6,0,680,2479,1362,62,497,149,0,6.406225919723511,0
grid_5x5,medium,medium,p2_c120,1414,6,6,5,1,620,2360,1152,43,424,164,0,6.365269899368286,0
grid_5x5,medium,medium,p2_c120,1919,6,6,5,1,674,2531,1269,85,485,155,0,5.896950006484985,0
grid_5x5,medium,medium,p2_c120_mp2,42,6,6,4,2,690,2591,1306,120,490,166,0,5.886366128921509,0
grid_5x5,medium,medium,p2_c120,1818,4,4,4,0,581,2166,1108,36,399,152,0,6.163269519805908,0
grid_5x5,medium,medium,p2_c120,1616,5,6,4,2,699,2571,1404,87,511,156,0,6.452612638473511,0
grid_5x5,medium,medium,p2_c120_mp2,707,6,6,5,1,657,2456,1243,83,470,153,0,5.299841642379761,0
grid_5x5,medium,medium,p2_c120_mp2,202,4,4,3,1,598,2242,1150,55,417,152,0,6.24565315246582,0
grid_5x5,medium,medium,p2_c120_mp2,404,6,6,6,0,574,2193,1062,6,399,146,0,5.798868894577026,0
grid_5x5,medium,medium,p2_c120_mp2,1010,6,6,5,1,650,2464,1199,43,456,161,0,5.4620277881622314,0
grid_5x5,medium,medium,p2_c120_mp2,303,4,6,4,2,628,2378,1158,87,434,160,0,6.207579612731934,0
grid_5x5,medium,medium,p2_c120_mp2,606,3,4,3,1,577,2179,1091,60,395,153,0,6.136206865310669,0
grid_5x5,medium,medium,p2_c120_mp2,505,6,6,6,0,634,2351,1230,6,457,147,0,6.191589593887329,0
grid_5x5,medium,medium,p2_c120_mp2,909,5,6,5,1,627,2310,1205,72,432,163,0,6.307034730911255,0
grid_5x5,medium,medium,p2_c120_mp2,1111,6,6,4,2,697,2570,1353,93,495,165,0,6.088949918746948,0
grid_5x5,medium,medium,p2_c120_mp2,808,6,6,5,1,671,2505,1294,42,478,160,0,6.40882134437561,0
grid_5x5,medium,medium,p2_c120_mp2,1212,6,6,5,1,672,2596,1207,45,472,168,0,6.3875508308410645,0
grid_5x5,medium,medium,p2_c120_mp2,1313,5,6,6,0,680,2479,1362,62,497,149,0,6.318286418914795,0
grid_5x5,medium,medium,p2_c120_mp2,1414,6,6,5,1,620,2360,1152,43,424,164,0,6.336221694946289,0
grid_5x5,medium,medium,p2_c120_mp2,1515,5,6,6,0,640,2397,1223,67,456,155,0,6.288709878921509,0
grid_5x5,medium,medium,p2_c120_mp3,101,6,6,5,1,633,2416,1160,83,450,150,0,5.2879931926727295,0
grid_5x5,medium,medium,p2_c120_mp2,1717,6,6,5,1,638,2450,1157,84,453,153,0,5.865473508834839,0
grid_5x5,medium,medium,p2_c120_mp2,1616,5,6,4,2,701,2572,1405,87,511,156,0,5.991874694824219,0
grid_5x5,medium,medium,p2_c120_mp2,1818,4,4,4,0,581,2166,1108,36,399,152,0,6.519869089126587,0
grid_5x5,medium,medium,p2_c120_mp2,1919,6,6,5,1,675,2532,1269,85,485,155,0,6.538954496383667,0
grid_5x5,medium,medium,p2_c120_mp3,42,5,6,4,2,663,2485,1245,94,465,163,0,6.517359972000122,0
grid_5x5,medium,medium,p2_c120_mp3,606,3,4,3,1,578,2179,1092,60,395,153,0,5.811940908432007,0
grid_5x5,medium,medium,p2_c120_mp3,303,4,6,4,2,630,2380,1158,87,434,160,0,6.014046669006348,0
grid_5x5,medium,medium,p2_c120_mp3,202,4,4,3,1,599,2251,1142,55,417,152,0,6.358581066131592,0
grid_5x5,medium,medium,p2_c120_mp3,404,6,6,6,0,574,2193,1062,6,399,146,0,6.2073938846588135,0
grid_5x5,medium,medium,p2_c120_mp3,505,6,6,6,0,634,2351,1230,6,457,147,0,6.538555145263672,0
grid_5x5,medium,medium,p2_c120_mp3,909,5,6,5,1,626,2324,1188,72,430,163,0,6.113684415817261,0
grid_5x5,medium,medium,p2_c120_mp3,707,6,6,5,1,658,2457,1243,83,470,153,0,6.482382774353027,0
grid_5x5,medium,medium,p2_c120_mp3,1111,6,6,4,2,699,2572,1353,93,495,165,0,5.840538024902344,0
grid_5x5,medium,medium,p2_c120_mp3,808,6,6,5,1,672,2504,1294,42,478,160,0,6.514430284500122,0
grid_5x5,medium,medium,p2_c120_mp3,1616,5,6,4,2,703,2578,1401,87,511,156,0,5.371424913406372,0
grid_5x5,medium,medium,p2_c120_mp3,1919,6,6,5,1,680,2531,1300,89,485,159,0,4.983626842498779,0
grid_5x5,medium,medium,p2_c120_mp3,1010,6,6,5,1,677,2548,1265,69,481,161,0,6.348419189453125,0
grid_5x5,medium,medium,p2_c120_mp3,1414,6,6,5,1,620,2360,1152,43,424,164,0,5.938235759735107,0
grid_5x5,medium,medium,p2_c120_mp3,1212,6,6,5,1,672,2596,1207,45,472,168,0,6.446653842926025,0
grid_5x5,medium,medium,p2_c120_mp3,1313,5,6,6,0,680,2479,1362,62,497,149,0,6.372819185256958,0
grid_5x5,medium,medium,p2_c120_mp3,1818,4,4,4,0,581,2166,1108,36,399,152,0,5.9064435958862305,0
grid_5x5,medium,medium,p2_c120_mp3,1515,5,6,6,0,640,2397,1223,67,456,155,0,6.493896007537842,0
grid_5x5,medium,medium,p2_c120_mp3,1717,6,6,5,1,637,2425,1170,82,451,153,0,6.315143346786499,0
grid_5x5,medium,medium,p2_c120_h2,42,6,6,4,2,673,2585,1192,97,452,185,6,6.157392740249634,0
grid_5x5,medium,medium,p2_c120_h2,202,5,6,6,0,623,2362,1122,5,420,166,6,6.291862964630127,0
grid_5x5,medium,medium,p2_c120_h2,101,5,6,4,2,678,2528,1272,85,459,181,6,6.331577301025391,0
grid_5x5,medium,medium,p2_c120_h2,303,5,6,6,0,593,2279,1024,37,388,170,6,6.030603885650635,0
grid_5x5,medium,medium,p2_c120_h2,404,6,6,6,0,663,2550,1170,66,461,165,6,5.637135744094849,0
grid_5x5,medium,medium,p2_c120_h2,505,6,6,6,0,658,2472,1206,32,463,160,6,5.575654983520508,0
grid_5x5,medium,medium,p2_c120_h2,606,5,6,4,2,718,2630,1366,106,479,198,6,6.159963607788086,0
grid_5x5,medium,medium,p2_c120_h2,1212,6,6,4,2,730,2728,1354,110,512,178,6,5.906996011734009,0
grid_5x5,medium,medium,p2_c120_h2,707,6,6,4,2,695,2689,1176,124,457,200,6,6.354964256286621,0
grid_5x5,medium,medium,p2_c120_h2,1717,6,6,5,1,644,2505,1094,42,426,183,6,5.205699920654297,0
grid_5x5,medium,medium,p2_c120_h2,808,6,6,5,1,673,2572,1205,57,469,169,6,6.396446228027344,0
grid_5x5,medium,medium,p2_c120_h2,909,5,6,5,1,702,2555,1379,80,502,163,6,6.353976249694824,0
grid_5x5,medium,medium,p2_c120_h2,1111,6,6,4,2,674,2495,1269,93,460,177,6,6.318924427032471,0
grid_5x5,medium,medium,p2_c120_h2,1919,4,4,4,0,578,2166,1074,4,381,164,5,5.415253400802612,0
grid_5x5,medium,medium,p2_c120_h2,1313,5,6,5,1,696,2632,1279,67,474,185,6,6.201329946517944,0
grid_5x5,medium,medium,p2_c120_h2,1010,6,6,6,0,655,2457,1224,6,459,160,6,6.535041332244873,0
grid_5x5,medium,medium,p2_c120_h2,1414,6,6,6,0,635,2290,1256,32,433,165,6,6.332181215286255,0
grid_5x5,medium,medium,p2_c120_h2,1515,5,6,4,2,653,2523,1111,73,431,185,6,6.2007668018341064,0
grid_5x5,medium,medium,p2_c40,42,5,6,0,6,621,2411,1096,130,417,176,0,5.945619821548462,0
grid_5x5,medium,medium,p2_c120_h2,1616,5,6,4,2,671,2596,1171,80,433,201,6,6.5166099071502686,0
grid_5x5,medium,medium,p2_c120_h2,1818,5,6,6,0,614,2349,1071,36,408,167,6,6.494776248931885,0
grid_5x5,medium,medium,p2_c40,101,6,6,1,5,613,2437,1020,142,400,183,0,6.228036642074585,0
grid_5x5,medium,medium,p2_c40,202,4,4,0,4,589,2265,1079,104,392,170,0,6.2643373012542725,0
grid_5x5,medium,medium,p2_c40,606,0,4,0,4,451,1746,808,0,270,158,0,5.5611467361450195,0
grid_5x5,medium,medium,p2_c40,505,6,6,0,6,666,2543,1203,156,457,179,0,6.0220723152160645,0
grid_5x5,medium,medium,p2_c40,303,1,6,0,6,496,1914,872,26,311,158,0,6.310921907424927,0
grid_5x5,medium,medium,p2_c40,404,3,6,0,6,514,2008,887,78,324,164,0,6.40754771232605,0
grid_5x5,medium,medium,p2_c40,1010,2,6,1,5,551,2142,973,27,358,166,0,5.464928150177002,0
grid_5x5,medium,medium,p2_c40,707,2,6,0,6,514,2021,871,51,319,168,0,6.024486064910889,0
grid_5x5,medium,medium,p2_c40,808,5,6,0,6,659,2505,1245,130,453,176,0,6.262091159820557,0
grid_5x5,medium,medium,p2_c40,909,4,6,1,5,601,2284,1118,105,407,165,0,6.19584846496582,0
grid_5x5,medium,medium,p2_c40,1111,6,6,0,6,679,2545,1292,155,469,177,0,6.146061897277832,0
grid_5x5,medium,medium,p2_c40,1313,3,6,0,6,590,2191,1136,78,397,163,0,5.774680137634277,0
grid_5x5,medium,medium,p2_c40,1212,5,6,0,6,657,2535,1183,130,447,181,0,6.468372344970703,0
grid_5x5,medium,medium,p2_c40,1414,4,6,0,6,550,2169,926,79,351,170,0,5.831794738769531,0
grid_5x5,medium,medium,p2_c40,1616,2,6,0,6,583,2190,1108,52,386,170,0,5.942408084869385,0
grid_5x5,medium,medium,p2_c40_penalty_off,303,2,6,0,6,525,2025,924,52,336,161,0,5.397658109664917,0
grid_5x5,medium,medium,p2_c40,1919,5,6,0,6,621,2386,1108,130,410,180,0,6.03947901725769,0
grid_5x5,medium,medium,p2_c40,1717,4,6,0,6,551,2172,934,104,353,171,0,6.346952199935913,0
grid_5x5,medium,medium,p2_c40,1515,0,6,0,6,467,1843,798,0,281,164,0,6.469581604003906,0
grid_5x5,medium,medium,p2_c40,1818,3,4,0,4,542,2077,971,78,349,165,0,6.283944845199585,0
grid_5x5,medium,medium,p2_c40_penalty_off,42,5,6,0,6,621,2404,1109,130,417,176,0,6.206984043121338,0
grid_5x5,medium,medium,p2_c40_penalty_off,101,6,6,0,6,610,2483,982,156,400,181,0,6.303014039993286,0
grid_5x5,medium,medium,p2_c40_penalty_off,404,2,6,0,6,483,1869,850,51,298,160,0,5.857604265213013,0
grid_5x5,medium,medium,p2_c40_penalty_off,202,4,4,0,4,588,2287,1049,104,392,169,0,6.3543548583984375,0
grid_5x5,medium,medium,p2_c40_penalty_off,606,0,4,0,4,451,1746,808,0,270,158,0,6.2049267292022705,0
grid_5x5,medium,medium,p2_c40_penalty_off,505,5,6,0,6,637,2427,1150,130,432,176,0,6.235669136047363,0
grid_5x5,medium,medium,p2_c40_penalty_off,1111,6,6,0,6,679,2538,1287,155,469,177,0,5.660728216171265,0
grid_5x5,medium,medium,p2_c40_penalty_off,1414,4,6,0,6,550,2182,904,79,351,170,0,5.246939182281494,0
grid_5x5,medium,medium,p2_c40_penalty_off,909,4,6,0,6,578,2207,1050,104,382,168,0,6.0418782234191895,0
grid_5x5,medium,medium,p2_c40_penalty_off,1212,5,6,0,6,655,2507,1186,130,447,179,0,5.613416910171509,0
grid_5x5,medium,medium,p2_c40_penalty_off,707,4,6,0,6,550,2172,920,79,345,176,0,6.257952928543091,0
grid_5x5,medium,medium,p2_c40_penalty_off,1010,2,6,0,6,558,2214,946,52,358,173,0,6.205477952957153,0
grid_5x5,medium,medium,p2_c40_penalty_off,808,5,6,0,6,658,2554,1191,130,453,175,0,6.4545252323150635,0
grid_5x5,medium,medium,p2_c40_penalty_off,1313,3,6,0,6,590,2197,1134,78,397,163,0,6.493752717971802,0
grid_5x5,medium,medium,p2_c40_penalty_off,1616,3,6,0,6,609,2279,1155,78,411,170,0,6.286502122879028,0
grid_5x5,medium,medium,p2_c40_penalty_off,1515,2,6,0,6,519,2052,870,52,331,164,0,6.4500892162323,0
grid_5x5,medium,medium,p2_c40_penalty_off,1818,2,4,0,4,512,1958,922,52,324,161,0,5.814944744110107,0
grid_5x5,medium,medium,p2_c40_penalty_off,1717,4,6,0,6,551,2179,930,104,353,171,0,6.211816310882568,0
grid_5x5,medium,medium,p2_c40_penalty_off,1919,6,6,0,6,649,2511,1150,156,435,182,0,6.335154294967651,0
grid_5x5,medium,frequent,baseline,42,6,6,4,2,919,3230,1911,92,702,168,0,5.4125144481658936,0
grid_5x5,medium,frequent,baseline,101,6,6,6,0,950,3373,1990,37,750,150,0,5.922237873077393,0
grid_5x5,medium,frequent,baseline,202,5,6,4,2,946,3375,1946,138,732,163,0,6.226462364196777,0
grid_5x5,medium,frequent,baseline,303,5,6,6,0,1035,3541,2284,67,827,155,0,5.854869842529297,0
grid_5x5,medium,frequent,baseline,1111,6,6,6,0,932,3281,1956,69,727,154,0,5.131097316741943,0
grid_5x5,medium,frequent,baseline,1515,5,6,5,1,969,3398,2079,82,770,150,0,5.041585922241211,0
grid_5x5,medium,frequent,baseline,808,5,6,5,1,932,3284,1967,88,727,154,0,5.832473278045654,0
grid_5x5,medium,frequent,baseline,404,6,6,6,0,997,3539,2075,63,792,150,0,6.371454238891602,0
grid_5x5,medium,frequent,baseline,1010,6,6,4,2,848,3205,1550,105,621,178,0,5.72476601600647,0
grid_5x5,medium,frequent,baseline,505,6,6,4,2,967,3400,2062,91,749,166,0,6.187056303024292,0
grid_5x5,medium,frequent,baseline,1818,4,6,5,1,899,3147,1899,63,694,154,0,5.224217414855957,0
grid_5x5,medium,frequent,baseline,707,6,6,4,2,970,3483,1964,95,746,173,0,6.4031713008880615,0
grid_5x5,medium,frequent,baseline,1212,6,6,5,1,937,3267,1980,57,724,153,0,6.136919975280762,0
grid_5x5,medium,frequent,baseline,909,5,6,6,0,886,3029,1947,5,693,143,0,6.384476900100708,0
grid_5x5,medium,frequent,baseline,606,6,6,6,0,866,3045,1820,38,669,150,0,6.5455100536346436,0
grid_5x5,medium,frequent,baseline,1414,6,6,5,1,964,3443,1962,119,749,163,0,6.06196665763855,0
grid_5x5,medium,frequent,baseline,1313,4,6,4,2,928,3190,2027,86,724,155,0,6.1456379890441895,0
grid_5x5,medium,frequent,baseline,1919,6,6,5,1,968,3413,2031,88,759,157,0,5.842467546463013,0
grid_5x5,medium,frequent,baseline,1616,5,6,3,3,972,3533,1934,119,751,170,0,6.529644012451172,0
grid_5x5,medium,frequent,baseline,1717,6,6,6,0,1015,3430,2308,32,817,145,0,6.643262147903442,0
grid_5x5,medium,frequent,p2_c120,42,6,6,4,2,919,3230,1911,92,702,168,0,6.5510053634643555,0
grid_5x5,medium,frequent,p2_c120,101,6,6,6,0,950,3373,1990,37,750,150,0,6.473744869232178,0
grid_5x5,medium,frequent,p2_c120,505,6,6,4,2,967,3400,2062,91,749,166,0,5.928016662597656,0
grid_5x5,medium,frequent,p2_c120,202,5,6,4,2,946,3375,1946,138,732,163,0,6.489872694015503,0
grid_5x5,medium,frequent,p2_c120,303,5,6,6,0,1035,3541,2284,67,827,155,0,6.399932622909546,0
grid_5x5,medium,frequent,p2_c120,404,6,6,6,0,997,3539,2075,63,792,150,0,6.491151571273804,0
grid_5x5,medium,frequent,p2_c120,606,6,6,6,0,866,3045,1820,38,669,150,0,6.348530054092407,0
grid_5x5,medium,frequent,p2_c120,707,6,6,4,2,970,3483,1964,95,746,173,0,6.192816257476807,0
grid_5x5,medium,frequent,p2_c120,808,5,6,5,1,932,3284,1967,88,727,154,0,6.589505434036255,0
grid_5x5,medium,frequent,p2_c120,909,5,6,6,0,886,3029,1947,5,693,143,0,5.809353351593018,0
grid_5x5,medium,frequent,p2_c120,1313,4,6,4,2,928,3190,2027,86,724,155,0,5.185840606689453,0
grid_5x5,medium,frequent,p2_c120,1010,6,6,4,2,848,3205,1550,105,621,178,0,6.415258407592773,0
grid_5x5,medium,frequent,p2_c120,1414,6,6,5,1,964,3443,1962,119,749,163,0,5.454765319824219,0
grid_5x5,medium,frequent,p2_c120,1818,4,6,5,1,899,3147,1899,63,694,154,0,5.067574977874756,0
grid_5x5,medium,frequent,p2_c120,1111,6,6,6,0,932,3281,1956,69,727,154,0,6.140407562255859,0
grid_5x5,medium,frequent,p2_c120,1212,6,6,5,1,937,3267,1980,57,724,153,0,6.32541823387146,0
grid_5x5,medium,frequent,p2_c120,1616,5,6,3,3,972,3533,1934,119,751,170,0,6.162755966186523,0
grid_5x5,medium,frequent,p2_c120,1717,6,6,6,0,1015,3430,2308,32,817,145,0,6.101646661758423,0
grid_5x5,medium,frequent,p2_c120,1515,5,6,5,1,969,3398,2079,82,770,150,0,6.465212106704712,0
grid_5x5,medium,frequent,p2_c120_mp2,202,5,6,4,2,943,3340,1958,133,732,158,0,5.978535413742065,0
grid_5x5,medium,frequent,p2_c120,1919,6,6,5,1,968,3413,2031,88,759,157,0,6.266826391220093,0
grid_5x5,medium,frequent,p2_c120_mp2,42,6,6,4,2,921,3246,1897,92,702,168,0,6.41213059425354,0
grid_5x5,medium,frequent,p2_c120_mp2,303,5,6,6,0,1035,3541,2284,67,827,155,0,6.255802392959595,0
grid_5x5,medium,frequent,p2_c120_mp2,101,6,6,6,0,950,3373,1990,37,750,150,0,6.570871829986572,0
grid_5x5,medium,frequent,p2_c120_mp2,404,6,6,6,0,997,3539,2075,63,792,150,0,6.462486028671265,0
grid_5x5,medium,frequent,p2_c120_mp2,505,6,6,4,2,969,3399,2065,91,749,166,0,6.344823360443115,0
grid_5x5,medium,frequent,p2_c120_mp2,606,6,6,6,0,866,3045,1820,38,669,150,0,6.2803003787994385,0
grid_5x5,medium,frequent,p2_c120_mp2,1010,6,6,4,2,850,3207,1550,105,621,178,0,5.850313663482666,0
grid_5x5,medium,frequent,p2_c120_mp2,707,6,6,4,2,972,3490,1963,95,746,173,0,6.473973989486694,0
grid_5x5,medium,frequent,p2_c120_mp2,808,6,6,5,1,962,3396,2018,115,752,157,0,6.55164098739624,0
grid_5x5,medium,frequent,p2_c120_mp2,909,5,6,6,0,886,3029,1947,5,693,143,0,6.523193120956421,0
grid_5x5,medium,frequent,p2_c120_mp2,1414,6,6,5,1,934,3323,1910,88,724,158,0,5.827746629714966,0
grid_5x5,medium,frequent,p2_c120_mp2,1313,4,6,4,2,930,3196,2023,86,724,155,0,6.211128234863281,0
grid_5x5,medium,frequent,p2_c120_mp2,1111,6,6,6,0,932,3281,1956,69,727,154,0,6.592134952545166,0
grid_5x5,medium,frequent,p2_c120_mp2,1212,6,6,5,1,938,3267,1981,57,724,153,0,6.590364694595337,0
grid_5x5,medium,frequent,p2_c120_mp2,1515,5,6,5,1,970,3403,2075,82,770,150,0,6.319122791290283,0
grid_5x5,medium,frequent,p2_c120_mp2,1616,5,6,3,3,975,3534,1936,119,751,170,0,5.971901178359985,0
grid_5x5,medium,frequent,p2_c120_mp2,1717,6,6,6,0,1015,3430,2308,32,817,145,0,5.867391586303711,0
grid_5x5,medium,frequent,p2_c120_mp2,1818,4,6,5,1,900,3148,1899,63,694,154,0,5.086158990859985,0
grid_5x5,medium,frequent,p2_c120_mp3,42,6,6,4,2,923,3251,1894,92,702,168,0,5.339893579483032,0
grid_5x5,medium,frequent,p2_c120_mp3,202,5,6,4,2,950,3375,1951,138,732,163,0,5.75687575340271,0
grid_5x5,medium,frequent,p2_c120_mp2,1919,6,6,5,1,969,3421,2024,88,759,157,0,6.450100421905518,0
grid_5x5,medium,frequent,p2_c120_mp3,101,6,6,6,0,950,3373,1990,37,750,150,0,6.461421728134155,0
grid_5x5,medium,frequent,p2_c120_mp3,303,5,6,6,0,1035,3541,2284,67,827,155,0,6.434959888458252,0
grid_5x5,medium,frequent,p2_c120_mp3,606,6,6,6,0,866,3045,1820,38,669,150,0,5.993556022644043,0
grid_5x5,medium,frequent,p2_c120_mp3,404,6,6,6,0,997,3539,2075,63,792,150,0,6.288366794586182,0
grid_5x5,medium,frequent,p2_c120_mp3,505,6,6,4,2,971,3403,2063,91,749,166,0,6.2580790519714355,0
grid_5x5,medium,frequent,p2_c120_mp3,1414,6,6,5,1,935,3333,1901,88,724,158,0,4.908886671066284,0
grid_5x5,medium,frequent,p2_c120_mp3,808,6,6,5,1,967,3421,2014,119,752,161,0,6.064990520477295,0
grid_5x5,medium,frequent,p2_c120_mp3,707,6,6,4,2,974,3493,1962,95,746,173,0,6.490694284439087,0
grid_5x5,medium,frequent,p2_c120_mp3,909,5,6,6,0,886,3029,1947,5,693,143,0,6.492584705352783,0
grid_5x5,medium,frequent,p2_c120_mp3,1313,4,6,4,2,932,3199,2022,86,724,155,0,6.0933027267456055,0
grid_5x5,medium,frequent,p2_c120_mp3,1010,6,6,4,2,854,3223,1548,107,621,180,0,6.545106410980225,0
grid_5x5,medium,frequent,p2_c120_mp3,1111,6,6,6,0,932,3281,1956,69,727,154,0,6.574023723602295,0
grid_5x5,medium,frequent,p2_c120_mp3,1919,6,6,5,1,970,3419,2027,88,759,157,0,4.989720582962036,0
grid_5x5,medium,frequent,p2_c120_mp3,1818,4,6,5,1,939,3300,1962,101,719,166,0,5.482296705245972,0
grid_5x5,medium,frequent,p2_c120_mp3,1212,6,6,5,1,939,3255,1994,57,724,153,0,6.6471922397613525,0
grid_5x5,medium,frequent,p2_c120_mp3,1515,5,6,5,1,971,3398,2081,82,770,150,0,6.1301000118255615,0
grid_5x5,medium,frequent,p2_c120_mp3,1616,5,6,3,3,978,3536,1937,119,751,170,0,6.349563837051392,0
grid_5x5,medium,frequent,p2_c120_mp3,1717,6,6,6,0,1015,3430,2308,32,817,145,0,6.380554437637329,0
grid_5x5,medium,frequent,p2_c120_h2,404,6,6,3,3,1013,3596,2046,133,753,202,6,5.105357885360718,0
grid_5x5,medium,frequent,p2_c120_h2,101,6,6,5,1,959,3404,1954,88,733,171,6,6.059599161148071,0
grid_5x5,medium,frequent,p2_c120_h2,42,6,6,5,1,896,3142,1828,57,672,170,6,6.586372137069702,0
grid_5x5,medium,frequent,p2_c120_h2,202,5,6,4,2,904,3303,1731,92,660,187,6,6.616156101226807,0
grid_5x5,medium,frequent,p2_c120_h2,303,5,6,6,0,959,3275,2082,31,743,157,6,6.430459260940552,0
grid_5x5,medium,frequent,p2_c120_h2,808,5,6,5,1,967,3416,2000,57,746,164,6,4.683991193771362,0
grid_5x5,medium,frequent,p2_c120_h2,505,6,6,5,1,948,3328,1968,57,725,170,6,6.228543758392334,0
grid_5x5,medium,frequent,p2_c120_h2,606,6,6,5,1,1031,3640,2144,88,802,171,6,6.133867979049683,0
grid_5x5,medium,frequent,p2_c120_h2,707,6,6,6,0,915,3254,1851,32,693,165,6,6.447324752807617,0
grid_5x5,medium,frequent,p2_c120_h2,1010,6,6,4,2,952,3366,1910,110,692,201,6,5.458540439605713,0
grid_5x5,medium,frequent,p2_c120_h2,909,5,6,5,1,1020,3443,2268,108,790,169,6,6.135177373886108,0
grid_5x5,medium,frequent,p2_c120_h2,1414,6,6,5,1,902,3187,1853,44,671,178,6,6.068809986114502,0
grid_5x5,medium,frequent,p2_c120_h2,1212,6,6,4,2,1018,3609,2089,133,780,181,6,6.393884181976318,0
grid_5x5,medium,frequent,p2_c120_h2,1313,5,6,6,0,1054,3613,2304,62,826,170,6,6.363585472106934,0
grid_5x5,medium,frequent,p2_c120_h2,1111,6,6,5,1,945,3359,1897,57,726,160,6,6.621664524078369,0
grid_5x5,medium,frequent,p2_c120_h2,1515,5,6,6,0,1006,3494,2166,62,788,161,6,6.468051195144653,0
grid_5x5,medium,frequent,p2_c40,606,4,6,0,6,811,2895,1660,104,595,172,0,4.702172040939331,0
grid_5x5,medium,frequent,p2_c120_h2,1616,5,6,5,1,1003,3583,2033,88,775,169,6,6.586999893188477,0
grid_5x5,medium,frequent,p2_c120_h2,1717,6,6,4,2,1050,3708,2163,105,786,205,6,6.523247003555298,0
grid_5x5,medium,frequent,p2_c40,202,2,6,0,6,793,2862,1588,52,582,166,0,6.0368077754974365,0
grid_5x5,medium,frequent,p2_c120_h2,1818,4,6,5,1,1003,3446,2169,56,786,162,6,6.475932836532593,0
grid_5x5,medium,frequent,p2_c40,707,3,6,0,6,840,3062,1657,53,621,173,0,5.199427127838135,0
grid_5x5,medium,frequent,p2_c40,808,5,6,0,6,876,3124,1794,130,652,176,0,5.091755390167236,0
grid_5x5,medium,frequent,p2_c120_h2,1919,6,6,5,1,1067,3713,2256,120,831,178,6,6.480481147766113,0
grid_5x5,medium,frequent,p2_c40,101,5,6,0,6,923,3345,1851,130,700,175,0,6.464165925979614,0
grid_5x5,medium,frequent,p2_c40,42,5,6,0,6,872,3111,1766,130,653,173,0,6.540282964706421,0
grid_5x5,medium,frequent,p2_c40,505,5,6,0,6,923,3284,1927,130,699,175,0,5.914851903915405,0
grid_5x5,medium,frequent,p2_c40,303,2,6,0,6,887,3071,1905,27,680,159,0,6.5821967124938965,0
grid_5x5,medium,frequent,p2_c40,404,1,6,0,6,820,2916,1672,26,617,155,0,6.592118263244629,0
grid_5x5,medium,frequent,p2_c40,1515,0,6,0,6,794,2782,1690,0,597,155,0,4.995698928833008,0
grid_5x5,medium,frequent,p2_c40,909,4,6,0,6,883,3035,1911,104,668,166,0,6.392932891845703,0
grid_5x5,medium,frequent,p2_c40,1313,3,6,0,6,858,3008,1811,78,649,163,0,5.760595083236694,0
grid_5x5,medium,frequent,p2_c40,1010,1,6,0,6,680,2548,1231,26,471,168,0,6.349018096923828,0
grid_5x5,medium,frequent,p2_c40,1717,4,6,0,6,961,3350,2069,104,742,169,0,4.7750420570373535,0
grid_5x5,medium,frequent,p2_c40,1111,6,6,0,6,902,3239,1820,155,676,177,0,6.330432653427124,0
grid_5x5,medium,frequent,p2_c40,1212,5,6,0,6,911,3274,1825,130,674,179,0,6.404484272003174,0
grid_5x5,medium,frequent,p2_c40,1414,4,6,0,6,821,2947,1635,79,599,175,0,6.60340428352356,0
grid_5x5,medium,frequent,p2_c40_penalty_off,101,5,6,0,6,922,3350,1835,130,700,174,0,4.594189167022705,0
grid_5x5,medium,frequent,p2_c40,1616,3,6,0,6,861,3107,1736,76,649,166,0,6.422469615936279,0
grid_5x5,medium,frequent,p2_c40_penalty_off,42,6,6,0,6,900,3228,1810,156,678,175,0,5.195410251617432,0
grid_5x5,medium,frequent,p2_c40,1818,4,6,0,6,861,3067,1756,104,644,168,0,6.437511682510376,0
grid_5x5,medium,frequent,p2_c40_penalty_off,404,0,6,0,6,790,2805,1615,0,592,151,0,5.397019386291504,0
grid_5x5,medium,frequent,p2_c40,1919,5,6,0,6,911,3293,1821,130,684,178,0,6.226460933685303,0
grid_5x5,medium,frequent,p2_c40_penalty_off,707,2,6,0,6,838,3050,1664,52,621,172,0,5.316809892654419,0
grid_5x5,medium,frequent,p2_c40_penalty_off,202,2,6,0,6,793,2853,1588,52,582,166,0,6.576153755187988,0
grid_5x5,medium,frequent,p2_c40_penalty_off,303,2,6,0,6,912,3163,1964,52,705,159,0,6.4696056842803955,0
grid_5x5,medium,frequent,p2_c40_penalty_off,606,4,6,0,6,809,2917,1632,104,595,170,0,5.953564643859863,0
grid_5x5,medium,frequent,p2_c40_penalty_off,505,5,6,0,6,923,3287,1924,130,699,175,0,6.631818771362305,0
grid_5x5,medium,frequent,p2_c40_penalty_off,1414,4,6,0,6,820,2948,1632,79,599,174,0,5.987728834152222,0
grid_5x5,medium,frequent,p2_c40_penalty_off,1010,0,6,0,6,651,2429,1175,0,446,165,0,6.262734651565552,0
grid_5x5,medium,frequent,p2_c40_penalty_off,808,5,6,0,6,876,3125,1801,130,652,176,0,6.413654088973999,0
grid_5x5,medium,frequent,p2_c40_penalty_off,909,5,6,0,6,913,3160,1963,130,693,170,0,6.370086908340454,0
grid_5x5,medium,frequent,p2_c40_penalty_off,1111,6,6,0,6,902,3283,1776,155,676,177,0,6.399265289306641,0
grid_5x5,medium,frequent,p2_c40_penalty_off,1313,3,6,0,6,857,2979,1826,78,649,162,0,6.571557521820068,0
grid_5x5,medium,frequent,p2_c40_penalty_off,1212,5,6,0,6,912,3267,1846,130,674,180,0,6.625586032867432,0
grid_5x5,medium,frequent,p2_c40_penalty_off,1616,2,6,0,6,836,3059,1659,52,626,165,0,6.4413182735443115,0
grid_5x5,heavy,medium,baseline,101,11,12,10,2,775,2956,1411,118,573,160,0,4.956681489944458,0
grid_5x5,medium,frequent,p2_c40_penalty_off,1515,0,6,0,6,794,2782,1690,0,597,155,0,6.552351474761963,0
grid_5x5,medium,frequent,p2_c40_penalty_off,1717,4,6,0,6,961,3362,2069,104,742,169,0,6.504689931869507,0
grid_5x5,medium,frequent,p2_c40_penalty_off,1818,3,6,0,6,832,2952,1702,78,619,165,0,6.421139240264893,0
grid_5x5,medium,frequent,p2_c40_penalty_off,1919,6,6,0,6,938,3415,1866,156,709,179,0,6.40117335319519,0
grid_5x5,heavy,medium,baseline,303,10,12,6,6,774,2915,1430,153,538,192,0,5.8598737716674805,0
grid_5x5,heavy,medium,baseline,42,12,12,5,7,793,3044,1408,221,548,201,0,6.433857679367065,0
grid_5x5,heavy,medium,baseline,202,6,8,8,0,596,2257,1112,6,417,147,0,6.454891204833984,0
grid_5x5,heavy,medium,baseline,707,11,12,9,3,797,2943,1516,124,579,172,0,4.659560918807983,0
grid_5x5,heavy,medium,baseline,505,11,12,7,5,880,3269,1681,218,656,180,0,5.411794662475586,0
grid_5x5,heavy,medium,baseline,606,8,8,4,4,708,2662,1336,144,492,179,0,5.645811319351196,0
grid_5x5,heavy,medium,baseline,404,10,12,7,5,703,2731,1204,126,450,211,0,6.454852342605591,0
grid_5x5,heavy,medium,baseline,1010,11,12,4,8,795,3091,1373,203,526,225,0,5.145394802093506,0
grid_5x5,heavy,medium,baseline,909,10,12,6,6,784,2931,1492,187,569,174,0,5.4957475662231445,0
grid_5x5,heavy,medium,baseline,808,11,12,6,6,767,2971,1357,123,522,204,0,6.299886703491211,0
grid_5x5,heavy,medium,baseline,1313,11,12,6,6,759,2912,1313,130,498,214,0,5.279459238052368,0
grid_5x5,heavy,medium,baseline,1212,10,12,7,5,803,3069,1462,153,572,188,0,5.677448987960815,0
grid_5x5,heavy,medium,baseline,1111,12,12,7,5,759,2877,1340,103,500,213,0,6.075081825256348,0
grid_5x5,heavy,medium,baseline,1414,9,12,7,5,766,2894,1416,135,547,177,0,5.933557748794556,0
grid_5x5,heavy,medium,p2_c120,101,11,12,11,1,770,2927,1406,93,573,155,0,5.031033039093018,0
grid_5x5,heavy,medium,baseline,1919,12,12,10,2,827,3077,1579,102,608,173,0,5.586899518966675,0
grid_5x5,heavy,medium,baseline,1515,12,12,3,9,842,3314,1437,260,572,226,0,6.110730886459351,0
grid_5x5,heavy,medium,p2_c120,202,6,8,8,0,596,2257,1112,6,417,147,0,5.663528203964233,0
grid_5x5,heavy,medium,baseline,1818,10,12,8,4,786,2958,1453,166,578,164,0,6.161877393722534,0
grid_5x5,heavy,medium,baseline,1616,10,12,9,3,770,2800,1554,61,577,151,0,6.289957523345947,0
grid_5x5,heavy,medium,baseline,1717,11,12,6,6,676,2635,1141,97,428,206,0,6.301122426986694,0
grid_5x5,heavy,medium,p2_c120,42,12,12,9,3,813,2974,1597,167,598,170,0,6.200471878051758,0
grid_5x5,heavy,medium,p2_c120,505,11,12,10,2,886,3254,1734,165,681,160,0,5.624404668807983,0
grid_5x5,heavy,medium,p2_c120,808,11,12,9,3,850,3191,1622,150,621,186,0,4.9262473583221436,0
grid_5x5,heavy,medium,p2_c120,303,11,12,10,2,827,3055,1603,129,613,168,0,6.494135618209839,0
grid_5x5,heavy,medium,p2_c120,404,10,12,9,3,730,2798,1297,114,500,188,0,6.501415014266968,0
grid_5x5,heavy,medium,p2_c120,606,8,8,5,3,716,2691,1349,133,494,184,0,6.192718267440796,0
grid_5x5,heavy,medium,p2_c120,707,10,12,10,2,781,2842,1534,92,579,157,0,6.332018852233887,0
grid_5x5,heavy,medium,p2_c120,1212,9,12,9,3,801,2985,1536,117,597,162,0,5.703442573547363,0
grid_5x5,heavy,medium,p2_c120,909,9,12,8,4,811,3013,1573,177,594,175,0,6.434648752212524,0
grid_5x5,heavy,medium,p2_c120,1010,11,12,9,3,839,3184,1544,171,601,193,0,6.48118257522583,0
grid_5x5,heavy,medium,p2_c120,1111,12,12,10,2,836,3122,1569,119,603,186,0,6.487836837768555,0
grid_5x5,heavy,medium,p2_c120,1313,12,12,9,3,812,3076,1467,121,573,191,0,6.25145411491394,0
grid_5x5,heavy,medium,p2_c120,1414,9,12,10,2,828,3063,1595,143,622,162,0,6.181934356689453,0
grid_5x5,heavy,medium,p2_c120,1616,10,12,10,2,796,2888,1609,87,602,151,0,5.685097694396973,0
grid_5x5,heavy,medium,p2_c120,1515,12,12,9,3,923,3417,1790,231,697,179,0,6.465186595916748,0
grid_5x5,heavy,medium,p2_c120,1717,11,12,8,4,767,3006,1304,147,528,195,0,5.852001428604126,0
grid_5x5,heavy,medium,p2_c120,1919,12,12,10,2,827,3077,1579,102,608,173,0,5.205249786376953,0
grid_5x5,heavy,medium,p2_c120,1818,10,12,9,3,781,2906,1479,141,578,159,0,5.805220603942871,0
grid_5x5,heavy,medium,p2_c120_mp2,1010,10,12,8,4,813,3028,1527,164,576,189,0,4.424445629119873,0
grid_5x5,heavy,medium,p2_c120_mp2,202,6,8,8,0,596,2257,1112,6,417,147,0,5.720853328704834,0
grid_5x5,heavy,medium,p2_c120_mp2,101,11,12,10,2,815,3121,1463,156,597,172,0,6.128403425216675,0
grid_5x5,heavy,medium,p2_c120_mp2,909,10,12,8,4,820,3034,1578,180,594,179,0,5.007208824157715,0
grid_5x5,heavy,medium,p2_c120_mp2,42,11,12,8,4,796,2974,1472,173,573,174,0,6.496011257171631,0
grid_5x5,heavy,medium,p2_c120_mp2,404,10,12,9,3,762,2898,1375,143,525,191,0,6.06072998046875,0
grid_5x5,heavy,medium,p2_c120_mp2,303,11,12,9,3,828,3074,1570,149,611,168,0,6.340520620346069,0
grid_5x5,heavy,medium,p2_c120_mp2,505,11,12,10,2,861,3160,1677,138,656,159,0,6.209163188934326,0
grid_5x5,heavy,medium,p2_c120_mp2,1111,12,12,10,2,806,2993,1517,87,578,180,0,5.671605348587036,0
grid_5x5,heavy,medium,p2_c120_mp2,707,11,12,10,2,794,2904,1534,99,579,167,0,6.3218677043914795,0
grid_5x5,heavy,medium,p2_c120_mp2,808,11,12,10,2,869,3221,1690,147,647,177,0,6.34368371963501,0
grid_5x5,heavy,medium,p2_c120_mp2,606,8,8,5,3,719,2694,1349,133,494,184,0,6.450387239456177,0
grid_5x5,heavy,medium,p2_c120_mp2,1616,11,12,9,3,886,3211,1782,170,677,160,0,5.125323534011841,0
grid_5x5,heavy,medium,p2_c120_mp2,1212,10,12,9,3,836,3143,1571,143,622,168,0,6.56223726272583,0
grid_5x5,heavy,medium,p2_c120_mp2,1313,12,12,9,3,860,3171,1626,166,621,186,0,6.236647844314575,0
grid_5x5,heavy,medium,p2_c120_mp2,1414,9,12,10,2,829,3064,1595,143,622,162,0,6.535324811935425,0
grid_5x5,heavy,medium,p2_c120_mp2,1515,12,12,8,4,906,3389,1703,228,672,184,0,6.141688346862793,0
grid_5x5,heavy,medium,p2_c120_mp3,707,11,12,10,2,797,2922,1527,100,579,168,0,4.219288110733032,0
grid_5x5,heavy,medium,p2_c120_mp2,1717,12,12,9,3,795,3064,1393,147,553,194,0,6.350695610046387,0
grid_5x5,heavy,medium,p2_c120_mp2,1818,11,12,10,2,780,2892,1470,113,577,157,0,6.3181679248809814,0
grid_5x5,heavy,medium,p2_c120_mp3,101,11,12,11,1,798,2991,1497,119,598,155,0,6.028793573379517,0
grid_5x5,heavy,medium,p2_c120_mp3,42,12,12,11,1,776,2831,1530,92,573,158,0,6.040488243103027,0
grid_5x5,heavy,medium,p2_c120_mp2,1919,12,12,10,2,829,3079,1579,102,608,173,0,6.500851631164551,0
grid_5x5,heavy,medium,p2_c120_mp3,202,6,8,8,0,596,2257,1112,6,417,147,0,5.96801495552063,0
grid_5x5,heavy,medium,p2_c120_mp3,303,11,12,9,3,831,3065,1582,149,611,168,0,6.007459878921509,0
grid_5x5,heavy,medium,p2_c120_mp3,404,10,12,9,3,762,2882,1368,140,525,188,0,6.480130434036255,0
grid_5x5,heavy,medium,p2_c120_mp3,505,11,12,10,2,863,3149,1688,138,656,159,0,6.291842222213745,0
grid_5x5,heavy,medium,p2_c120_mp3,606,8,8,6,2,739,2693,1469,134,542,155,0,6.373937129974365,0
grid_5x5,heavy,medium,p2_c120_mp3,909,10,12,8,4,854,3155,1611,213,619,185,0,5.979493618011475,0
grid_5x5,heavy,medium,p2_c120_mp3,1111,12,12,10,2,808,2974,1538,87,578,180,0,5.74732518196106,0
grid_5x5,heavy,medium,p2_c120_mp3,1212,10,12,9,3,838,3160,1556,143,622,168,0,5.670388460159302,0
grid_5x5,heavy,medium,p2_c120_mp3,808,10,12,10,2,810,3041,1522,90,597,168,0,6.327633619308472,0
grid_5x5,heavy,medium,p2_c120_mp3,1515,12,12,7,5,935,3532,1697,270,670,208,0,5.085693597793579,0
grid_5x5,heavy,medium,p2_c120_mp3,1616,11,12,9,3,875,3206,1710,156,652,171,0,5.23563027381897,0
grid_5x5,heavy,medium,p2_c120_mp3,1010,10,12,7,5,837,3154,1513,202,576,208,0,6.314459562301636,0
grid_5x5,heavy,medium,p2_c120_mp3,1313,12,12,9,3,818,3083,1460,121,573,191,0,6.342547178268433,0
grid_5x5,heavy,medium,p2_c120_mp3,1414,9,12,10,2,803,2985,1522,116,597,161,0,6.386644601821899,0
grid_5x5,heavy,medium,p2_c120_mp3,1818,11,12,10,2,782,2891,1473,113,577,157,0,6.046699523925781,0
grid_5x5,heavy,medium,p2_c120_mp3,1919,12,12,10,2,831,3077,1583,102,608,173,0,6.023134469985962,0
grid_5x5,heavy,medium,p2_c120_h2,202,10,12,10,2,809,3048,1482,105,570,188,6,5.30659031867981,0
grid_5x5,heavy,medium,p2_c120_mp3,1717,12,12,10,2,778,2971,1386,111,551,179,0,6.494374990463257,0
grid_5x5,heavy,medium,p2_c120_h2,101,10,12,8,4,874,3155,1742,189,636,187,6,5.903699159622192,0
grid_5x5,heavy,medium,p2_c120_h2,404,7,8,7,1,681,2647,1171,101,462,178,6,5.55814790725708,0
grid_5x5,heavy,medium,p2_c120_h2,42,12,12,11,1,852,3084,1681,105,624,179,6,6.404833793640137,0
grid_5x5,heavy,medium,p2_c120_h2,303,10,12,9,3,874,3238,1650,195,645,179,6,5.910928010940552,0
grid_5x5,heavy,medium,p2_c120_h2,909,11,12,11,1,839,2971,1710,89,625,164,6,5.099137306213379,0
grid_5x5,heavy,medium,p2_c120_h2,707,10,12,9,3,753,2795,1357,114,521,183,6,5.72789192199707,0
grid_5x5,heavy,medium,p2_c120_h2,505,12,12,10,2,814,3059,1476,146,590,175,6,6.228152751922607,0
grid_5x5,heavy,medium,p2_c120_h2,606,11,12,9,3,838,3033,1620,164,583,202,6,6.353886604309082,0
grid_5x5,heavy,medium,p2_c120_h2,808,9,12,9,3,853,3211,1564,174,616,190,6,6.289002895355225,0
grid_5x5,heavy,medium,p2_c120_h2,1111,12,12,10,2,802,2948,1504,127,561,192,6,6.366911888122559,0
grid_5x5,heavy,medium,p2_c120_h2,1212,10,12,10,2,829,3156,1481,100,590,190,6,6.171586751937866,0
grid_5x5,heavy,medium,p2_c120_h2,1010,11,12,10,2,789,2920,1462,98,560,180,6,6.490528106689453,0
grid_5x5,heavy,medium,p2_c120_h2,1515,12,12,11,1,777,2889,1444,64,558,171,6,5.937052011489868,0
grid_5x5,heavy,medium,p2_c120_h2,1313,12,12,9,3,918,3383,1763,178,677,190,6,6.279355049133301,0
grid_5x5,heavy,medium,p2_c120_h2,1414,10,12,10,2,756,2821,1373,140,532,174,6,6.3659467697143555,0
grid_5x5,heavy,medium,p2_c40,42,11,12,2,10,802,3133,1383,268,554,208,0,5.667234659194946,0
grid_5x5,heavy,medium,p2_c40,202,7,8,0,8,650,2544,1110,156,426,191,0,5.573604345321655,0
grid_5x5,heavy,medium,p2_c120_h2,1919,11,12,7,5,871,3212,1628,209,598,219,6,5.918663501739502,0
grid_5x5,heavy,medium,p2_c120_h2,1818,9,12,9,3,718,2670,1298,109,476,191,6,6.027255535125732,0
grid_5x5,heavy,medium,p2_c120_h2,1616,6,8,6,2,713,2632,1340,96,475,194,6,6.308449983596802,0
grid_5x5,heavy,medium,p2_c40,101,10,12,4,8,722,2840,1224,160,500,183,0,5.960021734237671,0
grid_5x5,heavy,medium,p2_c120_h2,1717,11,12,10,2,801,3074,1398,123,578,175,6,6.290217638015747,0
grid_5x5,heavy,medium,p2_c40,505,11,12,2,10,794,2989,1445,211,560,194,0,4.73931622505188,0
grid_5x5,heavy,medium,p2_c40,404,5,12,0,12,585,2276,977,130,374,177,0,5.713114500045776,0
grid_5x5,heavy,medium,p2_c40,303,1,12,0,12,522,1969,930,26,321,167,0,5.953303337097168,0
grid_5x5,heavy,medium,p2_c40,606,1,8,0,8,495,1908,880,26,294,169,0,5.833918809890747,0
grid_5x5,heavy,medium,p2_c40,909,6,12,1,11,710,2675,1332,163,478,195,0,5.573840618133545,0
grid_5x5,heavy,medium,p2_c40,707,6,12,0,12,670,2608,1135,131,437,194,0,6.220431566238403,0
grid_5x5,heavy,medium,p2_c40,808,8,12,0,12,765,2980,1343,208,533,196,0,6.127530336380005,0
grid_5x5,heavy,medium,p2_c40,1313,5,12,0,12,669,2549,1195,130,449,182,0,5.344568967819214,0
grid_5x5,heavy,medium,p2_c40,1212,8,12,0,12,739,2837,1297,186,500,199,0,5.75401759147644,0
grid_5x5,heavy,medium,p2_c40,1010,5,12,2,10,643,2504,1091,73,406,198,0,6.196831941604614,0
grid_5x5,heavy,medium,p2_c40,1111,9,12,0,12,743,2833,1318,209,500,201,0,6.392308235168457,0
grid_5x5,heavy,medium,p2_c40,1515,4,12,1,11,602,2393,985,92,368,201,0,6.44827127456665,0
grid_5x5,heavy,medium,p2_c40,1414,10,12,2,10,786,3065,1353,237,547,197,0,6.544950008392334,0
grid_5x5,heavy,medium,p2_c40,1717,7,12,0,12,681,2666,1135,182,448,196,0,5.933265924453735,0
grid_5x5,heavy,medium,p2_c40,1616,6,12,1,11,711,2681,1312,156,475,198,0,6.335747718811035,0
grid_5x5,heavy,medium,p2_c40_penalty_off,42,11,12,6,6,765,2964,1348,155,529,195,0,5.536590099334717,0
grid_5x5,heavy,medium,p2_c40,1818,5,8,4,4,601,2323,1049,81,407,161,0,5.7369163036346436,0
grid_5x5,heavy,medium,p2_c40,1919,10,12,0,12,762,2857,1389,236,509,211,0,6.341618299484253,0
grid_5x5,heavy,medium,p2_c40_penalty_off,101,10,12,6,6,733,2893,1236,132,500,192,0,6.0864503383636475,0
grid_5x5,heavy,medium,p2_c40_penalty_off,303,6,12,6,6,671,2536,1225,57,471,160,0,6.224818706512451,0
grid_5x5,heavy,medium,p2_c40_penalty_off,202,6,8,4,4,655,2489,1206,89,452,169,0,6.376405477523804,0
grid_5x5,heavy,medium,p2_c40_penalty_off,606,5,8,4,4,659,2473,1222,104,444,176,0,5.696674585342407,0
grid_5x5,heavy,medium,p2_c40_penalty_off,808,8,12,6,6,761,2810,1489,109,558,166,0,5.495172023773193,0
grid_5x5,heavy,medium,p2_c40_penalty_off,1313,8,12,6,6,780,2896,1505,114,573,164,0,4.76416015625,0
grid_5x5,heavy,medium,p2_c40_penalty_off,404,7,12,6,6,705,2668,1289,142,499,167,0,6.225116491317749,0
grid_5x5,heavy,medium,p2_c40_penalty_off,1212,11,12,6,6,819,3066,1528,141,600,175,0,5.16272759437561,0
grid_5x5,heavy,medium,p2_c40_penalty_off,505,11,12,6,6,785,2910,1479,122,560,184,0,6.306485652923584,0
grid_5x5,heavy,medium,p2_c40_penalty_off,707,9,12,6,6,804,3046,1477,141,587,173,0,6.374735593795776,0
grid_5x5,heavy,medium,p2_c40_penalty_off,1010,8,12,7,5,748,2831,1382,96,529,176,0,6.248672246932983,0
grid_5x5,heavy,medium,p2_c40_penalty_off,909,9,12,6,6,762,2767,1516,115,553,169,0,6.332820415496826,0
grid_5x5,heavy,medium,p2_c40_penalty_off,1111,11,12,6,6,770,2877,1438,111,550,176,0,6.397585391998291,0
grid_5x5,heavy,medium,p2_c40_penalty_off,1414,10,12,6,6,791,2949,1499,165,570,177,0,5.592363357543945,0
grid_5x5,heavy,medium,p2_c40_penalty_off,1515,8,12,6,6,673,2529,1239,58,468,169,0,5.873294115066528,0
grid_5x5,heavy,medium,p2_c40_penalty_off,1919,12,12,6,6,892,3366,1629,245,634,210,0,5.788393020629883,0
grid_5x5,heavy,frequent,baseline,42,10,12,5,7,1096,3939,2207,201,839,196,0,5.66017484664917,0
grid_5x5,heavy,medium,p2_c40_penalty_off,1616,8,12,6,6,766,2799,1508,110,550,175,0,6.479370832443237,0
grid_5x5,heavy,medium,p2_c40_penalty_off,1717,8,12,6,6,745,2835,1339,146,523,181,0,6.512896299362183,0
grid_5x5,heavy,medium,p2_c40_penalty_off,1818,5,8,5,3,611,2323,1115,70,407,170,0,6.458083629608154,0
grid_5x5,heavy,frequent,baseline,101,11,12,6,6,1101,3956,2195,188,838,202,0,6.189736366271973,0
grid_5x5,heavy,frequent,baseline,303,11,12,7,5,1161,4031,2469,164,921,174,0,5.3297905921936035,0
grid_5x5,heavy,frequent,baseline,404,10,12,8,4,1070,3772,2192,86,820,184,0,5.975961923599243,0
grid_5x5,heavy,frequent,baseline,606,11,12,7,5,1083,3854,2210,220,849,175,0,5.909359931945801,0
grid_5x5,heavy,frequent,baseline,707,11,12,3,9,1085,3940,2161,168,793,229,0,6.152425527572632,0
grid_5x5,heavy,frequent,baseline,202,11,12,8,4,1065,3765,2223,139,835,169,0,6.527196884155273,0
grid_5x5,heavy,frequent,baseline,505,12,12,9,3,1077,3764,2264,62,824,189,0,6.467977523803711,0
grid_5x5,heavy,frequent,baseline,1111,11,12,6,6,1039,3710,2079,141,777,200,0,5.032069683074951,0
grid_5x5,heavy,frequent,baseline,808,11,12,11,1,1033,3565,2224,89,817,153,0,6.568911552429199,0
grid_5x5,heavy,frequent,baseline,1212,9,12,9,3,1038,3643,2140,96,798,170,0,5.722442150115967,0
grid_5x5,heavy,frequent,baseline,909,10,12,6,6,1053,3686,2158,191,786,204,0,6.383192539215088,0
grid_5x5,heavy,frequent,baseline,1313,11,12,7,5,1047,3704,2155,122,780,205,0,5.897921085357666,0
grid_5x5,heavy,frequent,baseline,1818,10,12,9,3,1033,3659,2108,144,797,174,0,5.278550863265991,0
grid_5x5,heavy,frequent,baseline,1010,9,12,9,3,967,3492,1915,95,742,167,0,6.398280620574951,0
grid_5x5,heavy,frequent,baseline,1515,10,12,8,4,1122,3904,2413,138,893,166,0,6.058128595352173,0
grid_5x5,heavy,frequent,baseline,1414,10,12,6,6,1046,3811,2042,216,800,184,0,6.4222571849823,0
grid_5x5,heavy,frequent,baseline,1616,9,12,9,3,1067,3798,2199,117,847,159,0,6.20690393447876,0
grid_5x5,heavy,frequent,baseline,1717,11,12,8,4,1118,3871,2380,131,852,201,0,6.082013845443726,0
grid_5x5,heavy,frequent,p2_c120,101,11,12,8,4,1163,4172,2356,210,913,187,0,6.03447413444519,0
grid_5x5,heavy,frequent,p2_c120,42,11,12,9,3,1129,3984,2344,155,889,177,0,6.203832387924194,0
grid_5x5,heavy,frequent,baseline,1919,10,12,7,5,1081,3890,2148,147,808,210,0,6.576410531997681,0
grid_5x5,heavy,frequent,p2_c120,202,11,12,10,2,1118,3950,2338,174,885,170,0,6.459860324859619,0
grid_5x5,heavy,frequent,p2_c120,303,11,12,10,2,1200,4138,2595,145,971,162,0,5.952851295471191,0
grid_5x5,heavy,frequent,p2_c120,505,12,12,11,1,1187,4104,2569,136,946,174,0,5.7803075313568115,0
grid_5x5,heavy,frequent,p2_c120,404,10,12,11,1,1085,3819,2265,41,870,150,0,6.409475564956665,0
grid_5x5,heavy,frequent,p2_c120,808,11,12,11,1,1033,3565,2224,89,817,153,0,6.023571014404297,0
grid_5x5,heavy,frequent,p2_c120,606,11,12,8,4,1071,3821,2189,187,824,187,0,6.435006380081177,0
grid_5x5,heavy,frequent,p2_c120,1010,9,12,10,2,967,3492,1915,95,742,167,0,5.65213942527771,0
grid_5x5,heavy,frequent,p2_c120,707,12,12,6,6,1181,4204,2428,207,893,221,0,6.681798934936523,0
grid_5x5,heavy,frequent,p2_c120,909,10,12,9,3,1117,3898,2321,197,861,191,0,6.250824451446533,0
grid_5x5,heavy,frequent,p2_c120,1111,11,12,9,3,1090,3792,2291,134,849,177,0,6.32367205619812,0
grid_5x5,heavy,frequent,p2_c120,1313,11,12,9,3,1129,3958,2370,166,880,185,0,6.075453758239746,0
grid_5x5,heavy,frequent,p2_c120,1616,9,12,11,1,1062,3805,2168,94,847,154,0,5.834280490875244,0
grid_5x5,heavy,frequent,p2_c120,1212,10,12,10,2,1062,3724,2196,97,823,168,0,6.507925748825073,0
grid_5x5,heavy,frequent,p2_c120,1414,10,12,9,3,1036,3737,2050,168,802,172,0,6.271650314331055,0
grid_5x5,heavy,frequent,p2_c120,1515,11,12,10,2,1139,3934,2481,114,918,157,0,6.5113205909729,0
grid_5x5,heavy,frequent,p2_c120,1919,10,12,9,3,1138,4048,2325,166,882,192,0,5.774515151977539,0
grid_5x5,heavy,frequent,p2_c120,1818,10,12,11,1,1018,3540,2145,93,797,159,0,5.95274543762207,0
grid_5x5,heavy,frequent,p2_c120,1717,11,12,9,3,1127,3869,2438,120,877,185,0,6.411425590515137,0
grid_5x5,heavy,frequent,p2_c120_mp2,606,11,12,8,4,1101,3907,2256,213,849,187,0,5.588838577270508,0
grid_5x5,heavy,frequent,p2_c120_mp2,101,11,12,8,4,1167,4176,2356,210,913,187,0,6.3000757694244385,0
grid_5x5,heavy,frequent,p2_c120_mp2,42,11,12,8,4,1153,4088,2357,195,889,196,0,6.476029634475708,0
grid_5x5,heavy,frequent,p2_c120_mp2,404,10,12,11,1,1086,3819,2266,41,870,150,0,6.0034520626068115,0
grid_5x5,heavy,frequent,p2_c120_mp2,303,11,12,10,2,1171,4014,2549,114,946,157,0,6.26952338218689,0
grid_5x5,heavy,frequent,p2_c120_mp2,202,11,12,11,1,1057,3677,2246,94,835,160,0,6.439979314804077,0
grid_5x5,heavy,frequent,p2_c120_mp2,505,12,12,11,1,1188,4105,2569,136,946,174,0,6.509749412536621,0
grid_5x5,heavy,frequent,p2_c120_mp2,707,12,12,9,3,1210,4280,2516,174,943,198,0,6.275081157684326,0
grid_5x5,heavy,frequent,p2_c120_mp2,808,11,12,11,1,1034,3566,2224,89,817,153,0,6.490982532501221,0
grid_5x5,heavy,frequent,p2_c120_mp2,909,10,12,9,3,1087,3777,2264,164,835,185,0,6.462770462036133,0
grid_5x5,heavy,frequent,p2_c120_mp2,1010,9,12,9,3,988,3594,1909,133,742,184,0,6.561150550842285,0
grid_5x5,heavy,frequent,p2_c120_mp2,1111,11,12,9,3,1100,3855,2270,141,852,181,0,6.419313430786133,0
grid_5x5,heavy,frequent,p2_c120_mp2,1212,10,12,10,2,1063,3728,2188,97,822,168,0,6.133862018585205,0
grid_5x5,heavy,frequent,p2_c120_mp2,1414,10,12,10,2,1036,3730,2051,148,802,170,0,6.117492914199829,0
grid_5x5,heavy,frequent,p2_c120_mp2,1515,11,12,10,2,1141,3934,2483,114,918,157,0,6.354400396347046,0
grid_5x5,heavy,frequent,p2_c120_mp2,1313,11,12,9,3,1137,3984,2380,171,880,190,0,6.687358617782593,0
grid_5x5,heavy,frequent,p2_c120_mp2,1616,10,12,11,1,1067,3788,2201,92,847,158,0,6.592255592346191,0
grid_5x5,heavy,frequent,p2_c120_mp2,1818,10,12,11,1,992,3457,2076,66,772,158,0,6.269921064376831,0
grid_5x5,heavy,frequent,p2_c120_mp2,1717,10,12,10,2,1124,3825,2486,98,901,158,0,6.582716941833496,0
grid_5x5,heavy,frequent,p2_c120_mp2,1919,10,12,9,3,1142,4083,2310,167,883,192,0,6.287601709365845,0
grid_5x5,heavy,frequent,p2_c120_mp3,42,10,12,8,4,1129,3975,2327,171,889,170,0,6.408114433288574,0
grid_5x5,heavy,frequent,p2_c120_mp3,101,11,12,8,4,1173,4151,2406,217,913,192,0,6.475493907928467,0
grid_5x5,heavy,frequent,p2_c120_mp3,202,11,12,10,2,1087,3815,2273,140,860,161,0,6.551826477050781,0
grid_5x5,heavy,frequent,p2_c120_mp3,303,11,12,9,3,1208,4179,2578,165,971,164,0,6.420912265777588,0
grid_5x5,heavy,frequent,p2_c120_mp3,404,11,12,10,2,1144,4073,2323,112,894,178,0,6.154284238815308,0
grid_5x5,heavy,frequent,p2_c120_mp3,505,12,12,11,1,1135,3925,2441,80,898,170,0,6.153831720352173,0
grid_5x5,heavy,frequent,p2_c120_mp3,606,11,12,8,4,1079,3834,2184,187,824,187,0,6.249589204788208,0
grid_5x5,heavy,frequent,p2_c120_mp3,707,12,12,7,5,1241,4490,2464,236,943,222,0,6.311619281768799,0
grid_5x5,heavy,frequent,p2_c120_mp3,1010,8,12,9,3,962,3483,1854,107,717,181,0,6.021699666976929,0
grid_5x5,heavy,frequent,p2_c120_mp3,1313,11,12,10,2,1099,3800,2331,112,855,178,0,5.703216314315796,0
grid_5x5,heavy,frequent,p2_c120_mp3,909,10,12,9,3,1089,3772,2257,163,836,183,0,6.345398426055908,0
grid_5x5,heavy,frequent,p2_c120_mp3,808,11,12,11,1,1035,3567,2224,89,817,153,0,6.501312255859375,0
grid_5x5,heavy,frequent,p2_c120_mp3,1212,10,12,10,2,1066,3747,2179,97,823,168,0,6.237410068511963,0
grid_5x5,heavy,frequent,p2_c120_mp3,1111,11,12,9,3,1073,3760,2201,111,827,177,0,6.451997756958008,0
grid_5x5,heavy,frequent,p2_c120_mp3,1414,10,12,9,3,1040,3667,2125,168,802,171,0,6.366641044616699,0
grid_5x5,heavy,frequent,p2_c120_mp3,1515,11,12,10,2,1143,3935,2484,114,918,157,0,6.478503227233887,0
grid_5x5,heavy,frequent,p2_c120_mp3,1616,10,12,9,3,1130,4074,2266,169,897,164,0,6.510177373886108,0
grid_5x5,heavy,frequent,p2_c120_mp3,1717,10,12,9,3,1149,3964,2474,138,902,176,0,6.552036285400391,0
grid_5x5,heavy,frequent,p2_c120_mp3,1818,10,12,11,1,1043,3627,2190,118,820,158,0,6.464327096939087,0
grid_5x5,heavy,frequent,p2_c120_mp3,1919,10,12,9,3,1145,4059,2331,167,883,192,0,6.50640344619751,0
grid_5x5,heavy,frequent,p2_c120_h2,42,11,12,11,1,1070,3701,2247,62,833,171,6,6.453278064727783,0
grid_5x5,heavy,frequent,p2_c120_h2,202,9,11,9,2,1053,3840,2027,118,805,181,6,6.381701946258545,0
grid_5x5,heavy,frequent,p2_c120_h2,101,10,12,8,4,1147,4028,2384,189,905,173,6,6.840900897979736,0
grid_5x5,heavy,frequent,p2_c120_h2,303,9,12,9,3,1138,3944,2413,123,890,176,6,6.540820360183716,0
grid_5x5,heavy,frequent,p2_c120_h2,404,8,12,12,0,1013,3506,2120,34,779,170,6,6.466325998306274,0
grid_5x5,heavy,frequent,p2_c120_h2,606,12,12,9,3,1210,4361,2433,172,929,210,6,6.1709277629852295,0
grid_5x5,heavy,frequent,p2_c120_h2,505,12,12,8,4,1157,3983,2477,203,895,194,6,6.532958030700684,0
grid_5x5,heavy,frequent,p2_c120_h2,808,10,12,12,0,1065,3750,2196,39,836,161,6,6.069154500961304,0
grid_5x5,heavy,frequent,p2_c120_h2,1010,7,12,8,4,1038,3594,2176,167,789,182,6,5.992281675338745,0
grid_5x5,heavy,frequent,p2_c120_h2,1111,11,12,9,3,1154,4071,2347,152,896,184,6,5.934053659439087,0
grid_5x5,heavy,frequent,p2_c120_h2,707,6,8,6,2,910,3244,1810,108,675,177,6,6.5632500648498535,0
grid_5x5,heavy,frequent,p2_c120_h2,1212,11,12,10,2,1127,4031,2269,143,850,208,6,6.130645990371704,0
grid_5x5,heavy,frequent,p2_c120_h2,909,9,12,10,2,1150,3900,2521,137,906,174,6,6.61850118637085,0
grid_5x5,heavy,frequent,p2_c120_h2,1717,9,12,10,2,1112,3936,2271,112,843,201,6,5.888611078262329,0
grid_5x5,heavy,frequent,p2_c120_h2,1313,11,12,8,4,1230,4344,2536,187,951,208,6,6.559545993804932,0
grid_5x5,heavy,frequent,p2_c120_h2,1414,11,12,8,4,1204,4249,2474,226,946,188,6,6.548177719116211,0
grid_5x5,heavy,frequent,p2_c40,42,9,12,0,12,1021,3663,2043,209,763,201,0,5.918796062469482,0
grid_5x5,heavy,frequent,p2_c40,101,9,12,1,11,1052,3836,2077,209,800,195,0,5.942095041275024,0
grid_5x5,heavy,frequent,p2_c120_h2,1616,11,12,9,3,1124,4060,2195,138,856,200,6,6.480759382247925,0
grid_5x5,heavy,frequent,p2_c120_h2,1515,11,12,10,2,1231,4390,2518,166,965,194,6,6.530639886856079,0
grid_5x5,heavy,frequent,p2_c40,202,2,12,1,11,828,2963,1652,58,594,183,0,5.8063130378723145,0
grid_5x5,heavy,frequent,p2_c120_h2,1919,11,12,8,4,1249,4367,2621,256,951,226,6,6.70021915435791,0
grid_5x5,heavy,frequent,p2_c40,404,4,12,0,12,925,3336,1814,104,694,172,0,5.615228652954102,0
grid_5x5,heavy,frequent,p2_c120_h2,1818,10,12,9,3,1210,4251,2509,176,934,205,6,7.109073638916016,0
grid_5x5,heavy,frequent,p2_c40,303,2,12,0,12,945,3241,2035,52,723,165,0,6.319757461547852,0
grid_5x5,heavy,frequent,p2_c40,1010,6,12,0,12,882,3266,1656,154,643,187,0,4.679436922073364,0
grid_5x5,heavy,frequent,p2_c40,505,11,12,0,12,1109,3886,2344,280,842,205,0,6.494231939315796,0
grid_5x5,heavy,frequent,p2_c40,707,4,12,0,12,890,3213,1767,79,648,190,0,6.094872713088989,0
grid_5x5,heavy,frequent,p2_c40,808,10,12,1,11,1015,3580,2104,221,759,196,0,6.227060079574585,0
grid_5x5,heavy,frequent,p2_c40,606,7,12,0,12,921,3362,1796,182,671,197,0,6.556624174118042,0
grid_5x5,heavy,frequent,p2_c40,1212,9,12,0,12,1060,3810,2110,229,790,202,0,5.935797452926636,0
grid_5x5,heavy,frequent,p2_c40,909,7,12,0,12,990,3521,2022,182,742,191,0,6.584714651107788,0
grid_5x5,heavy,frequent,p2_c40,1313,7,12,0,12,995,3535,2017,182,748,190,0,6.38264012336731,0
grid_5x5,heavy,frequent,p2_c40,1111,8,12,0,12,980,3525,1954,208,728,196,0,6.604318857192993,0
grid_5x5,heavy,frequent,p2_c40,1414,8,12,2,10,991,3562,1973,184,747,186,0,6.483487606048584,0
grid_5x5,heavy,frequent,p2_c40_penalty_off,42,10,12,6,6,1145,4026,2375,215,886,196,0,5.25113320350647,0
grid_5x5,heavy,frequent,p2_c40_penalty_off,303,6,12,6,6,1086,3736,2354,89,863,162,0,4.703160762786865,0
grid_5x5,heavy,frequent,p2_c40,1515,1,12,0,12,818,2857,1699,26,600,169,0,6.537905693054199,0
grid_5x5,heavy,frequent,p2_c40,1616,5,12,0,12,951,3473,1853,130,699,198,0,6.416329622268677,0
grid_5x5,heavy,frequent,p2_c40,1717,6,12,0,12,1027,3598,2181,156,781,188,0,6.495152711868286,0
grid_5x5,heavy,frequent,p2_c40,1818,5,12,0,12,861,3096,1694,128,623,184,0,6.461004018783569,0
grid_5x5,heavy,frequent,p2_c40,1919,9,12,0,12,1044,3800,2057,234,784,201,0,6.456191062927246,0
grid_5x5,heavy,frequent,p2_c40_penalty_off,505,11,12,6,6,1077,3800,2257,130,842,173,0,5.295830011367798,0
grid_5x5,heavy,frequent,p2_c40_penalty_off,202,6,12,6,6,981,3518,1963,125,747,176,0,6.413221597671509,0
grid_5x5,heavy,frequent,p2_c40_penalty_off,404,6,12,6,6,988,3500,2015,57,769,157,0,5.955198049545288,0
grid_5x5,heavy,frequent,p2_c40_penalty_off,101,10,12,6,6,1092,3874,2250,150,848,184,0,6.60657262802124,0
grid_5x5,heavy,frequent,p2_c40_penalty_off,808,9,12,6,6,1020,3582,2131,153,784,174,0,5.9173195362091064,0
grid_5x5,heavy,frequent,p2_c40_penalty_off,606,8,12,6,6,986,3557,1970,141,762,168,0,6.396682500839233,0
grid_5x5,heavy,frequent,p2_c40_penalty_off,707,8,12,6,6,1049,3753,2132,111,823,167,0,6.437677383422852,0
grid_5x5,heavy,frequent,p2_c40_penalty_off,1010,7,12,6,6,885,3252,1687,83,670,161,0,5.718135595321655,0
grid_5x5,heavy,frequent,p2_c40_penalty_off,1313,9,12,6,6,1020,3597,2113,84,798,163,0,5.187145709991455,0
grid_5x5,heavy,frequent,p2_c40_penalty_off,909,9,12,6,6,1073,3719,2311,143,842,170,0,6.566508531570435,0
grid_5x5,heavy,frequent,p2_c40_penalty_off,1212,10,12,6,6,1143,4017,2382,167,894,176,0,6.2148964405059814,0
grid_5x5,heavy,frequent,p2_c40_penalty_off,1111,10,12,6,6,1110,3931,2290,216,851,197,0,6.582969427108765,0
grid_5x5,heavy,frequent,p2_c40_penalty_off,1616,7,12,6,6,977,3480,1995,83,753,167,0,5.689380645751953,0
grid_5x5,heavy,frequent,p2_c40_penalty_off,1818,8,12,6,6,982,3482,2010,142,749,174,0,4.77537727355957,0
grid_5x5,heavy,frequent,p2_c40_penalty_off,1515,7,12,6,6,1037,3631,2185,107,800,179,0,6.412608861923218,0
grid_5x5,heavy,frequent,p2_c40_penalty_off,1414,9,12,6,6,982,3542,1944,97,747,176,0,6.612693786621094,0
grid_5x5,heavy,frequent,p2_c40_penalty_off,1717,7,12,6,6,1027,3544,2237,68,795,173,0,6.482500314712524,0
grid_5x5_nodiag,medium,medium,baseline,505,4,4,4,0,489,1115,468,5,318,147,0,4.669609785079956,0
grid_5x5_nodiag,medium,medium,baseline,202,4,4,3,1,496,1145,447,65,303,167,0,5.687519311904907,0
grid_5x5_nodiag,medium,medium,baseline,303,3,6,6,0,493,1131,462,4,321,147,0,5.902745008468628,0
grid_5x5_nodiag,medium,medium,baseline,101,5,6,5,1,564,1277,549,76,386,150,0,6.295707941055298,0
grid_5x5_nodiag,medium,medium,baseline,42,5,6,4,2,563,1297,514,75,359,175,0,6.321220397949219,0
grid_5x5,heavy,frequent,p2_c40_penalty_off,1919,9,12,6,6,1057,3727,2200,111,827,168,0,6.616453409194946,0
grid_5x5_nodiag,medium,medium,baseline,404,4,6,4,2,581,1364,513,91,375,178,0,6.0314621925354,0
grid_5x5_nodiag,medium,medium,baseline,909,4,4,4,0,544,1234,531,29,377,143,0,5.561430215835571,0
grid_5x5_nodiag,medium,medium,baseline,808,5,6,4,2,645,1486,609,119,446,169,0,6.116355895996094,0
grid_5x5_nodiag,medium,medium,baseline,707,5,6,5,1,601,1367,567,113,405,166,0,6.155772686004639,0
grid_5x5_nodiag,medium,medium,baseline,606,6,6,5,1,626,1421,610,95,448,149,0,6.342325925827026,0
grid_5x5_nodiag,medium,medium,baseline,1111,4,4,3,1,560,1288,524,73,384,150,0,5.664813280105591,0
grid_5x5_nodiag,medium,medium,baseline,1010,5,6,5,1,572,1310,537,79,392,150,0,6.2940673828125,0
grid_5x5_nodiag,medium,medium,baseline,1717,6,6,5,1,540,1252,480,42,349,162,0,5.070037841796875,0
grid_5x5_nodiag,medium,medium,baseline,1212,2,4,3,1,473,1094,428,37,286,163,0,5.867456436157227,0
grid_5x5_nodiag,medium,medium,baseline,1515,5,6,5,1,582,1296,582,84,388,165,0,5.5260138511657715,0
grid_5x5_nodiag,medium,medium,baseline,1313,4,4,2,2,530,1247,462,86,340,164,0,6.258594036102295,0
grid_5x5_nodiag,medium,medium,p2_c120,101,5,6,5,1,564,1277,549,76,386,150,0,5.028681993484497,0
grid_5x5_nodiag,medium,medium,baseline,1414,5,6,4,2,567,1328,498,100,358,179,0,6.244089603424072,0
grid_5x5_nodiag,medium,medium,baseline,1616,3,6,4,2,574,1286,574,78,394,153,0,6.131685972213745,0
grid_5x5_nodiag,medium,medium,baseline,1818,5,6,6,0,529,1206,493,62,344,156,0,5.673609495162964,0
grid_5x5_nodiag,medium,medium,baseline,1919,3,4,3,1,521,1263,423,59,332,164,0,5.8361358642578125,0
grid_5x5_nodiag,medium,medium,p2_c120,42,5,6,4,2,563,1297,514,75,359,175,0,5.795315742492676,0
grid_5x5_nodiag,medium,medium,p2_c120,303,3,6,6,0,493,1131,462,4,321,147,0,5.374976634979248,0
grid_5x5_nodiag,medium,medium,p2_c120,202,4,4,3,1,496,1145,447,65,303,167,0,5.8387839794158936,0
grid_5x5_nodiag,medium,medium,p2_c120,404,4,6,4,2,581,1364,513,91,375,178,0,5.455049276351929,0
grid_5x5_nodiag,medium,medium,p2_c120,606,6,6,5,1,626,1421,610,95,448,149,0,5.032185077667236,0
grid_5x5_nodiag,medium,medium,p2_c120,505,4,4,4,0,489,1115,468,5,318,147,0,5.859429836273193,0
grid_5x5_nodiag,medium,medium,p2_c120,707,5,6,5,1,601,1367,567,113,405,166,0,5.571550130844116,0
grid_5x5_nodiag,medium,medium,p2_c120,909,4,4,4,0,544,1234,531,29,377,143,0,5.463382720947266,0
grid_5x5_nodiag,medium,medium,p2_c120,808,5,6,4,2,645,1486,609,119,446,169,0,6.341242790222168,0
grid_5x5_nodiag,medium,medium,p2_c120,1212,2,4,3,1,473,1094,428,37,286,163,0,5.879093885421753,0
grid_5x5_nodiag,medium,medium,p2_c120,1313,4,4,2,2,530,1247,462,86,340,164,0,5.891393423080444,0
grid_5x5_nodiag,medium,medium,p2_c120,1111,4,4,3,1,560,1288,524,73,384,150,0,6.14735221862793,0
grid_5x5_nodiag,medium,medium,p2_c120,1010,5,6,5,1,572,1310,537,79,392,150,0,6.18276309967041,0
grid_5x5_nodiag,medium,medium,p2_c120_mp2,202,4,4,3,1,497,1146,447,65,303,167,0,5.151787042617798,0
grid_5x5_nodiag,medium,medium,p2_c120,1414,5,6,4,2,567,1328,498,100,358,179,0,6.321110963821411,0
grid_5x5_nodiag,medium,medium,p2_c120,1818,5,6,6,0,529,1206,493,62,344,156,0,5.729917049407959,0
grid_5x5_nodiag,medium,medium,p2_c120,1616,3,6,4,2,574,1286,574,78,394,153,0,6.090429782867432,0
grid_5x5_nodiag,medium,medium,p2_c120_mp2,606,6,6,5,1,627,1422,610,95,448,149,0,4.6876442432403564,0
grid_5x5_nodiag,medium,medium,p2_c120,1515,5,6,5,1,582,1296,582,84,388,165,0,6.278849840164185,0
grid_5x5_nodiag,medium,medium,p2_c120,1717,6,6,5,1,540,1252,480,42,349,162,0,6.286824703216553,0
grid_5x5_nodiag,medium,medium,p2_c120_mp2,42,5,6,4,2,565,1299,514,75,359,175,0,5.870015382766724,0
grid_5x5_nodiag,medium,medium,p2_c120,1919,3,4,3,1,521,1263,423,59,332,164,0,6.0319504737854,0
grid_5x5_nodiag,medium,medium,p2_c120_mp2,101,6,6,5,1,589,1325,583,98,409,150,0,5.975188493728638,0
grid_5x5_nodiag,medium,medium,p2_c120_mp2,707,5,6,5,1,602,1368,567,113,405,166,0,5.719943523406982,0
grid_5x5_nodiag,medium,medium,p2_c120_mp2,303,3,6,6,0,493,1131,462,4,321,147,0,6.2989418506622314,0
grid_5x5_nodiag,medium,medium,p2_c120_mp2,808,5,6,4,2,641,1470,610,114,446,164,0,5.796423673629761,0
grid_5x5_nodiag,medium,medium,p2_c120_mp2,404,4,6,4,2,585,1372,518,94,378,178,0,6.291631698608398,0
grid_5x5_nodiag,medium,medium,p2_c120_mp2,505,4,4,4,0,489,1115,468,5,318,147,0,6.318743944168091,0
grid_5x5_nodiag,medium,medium,p2_c120_mp2,1111,4,4,3,1,562,1296,520,74,385,150,0,5.28675651550293,0
grid_5x5_nodiag,medium,medium,p2_c120_mp2,1212,3,4,3,1,501,1168,444,62,312,163,0,5.362411022186279,0
grid_5x5_nodiag,medium,medium,p2_c120_mp2,909,4,4,4,0,544,1234,531,29,377,143,0,6.2898242473602295,0
grid_5x5_nodiag,medium,medium,p2_c120_mp2,1010,5,6,5,1,573,1311,537,79,392,150,0,6.27355694770813,0
grid_5x5_nodiag,medium,medium,p2_c120_mp2,1414,5,6,4,2,568,1329,498,100,358,179,0,5.536374807357788,0
grid_5x5_nodiag,medium,medium,p2_c120_mp2,1313,4,4,2,2,532,1249,462,86,340,164,0,6.18247389793396,0
grid_5x5_nodiag,medium,medium,p2_c120_mp2,1515,5,6,5,1,583,1297,582,84,388,165,0,5.307213544845581,0
grid_5x5_nodiag,medium,medium,p2_c120_mp3,42,5,6,4,2,567,1301,514,75,359,175,0,4.959186553955078,0
grid_5x5_nodiag,medium,medium,p2_c120_mp2,1616,3,6,4,2,575,1283,575,78,393,153,0,5.799506187438965,0
grid_5x5_nodiag,medium,medium,p2_c120_mp2,1818,5,6,6,0,529,1206,493,62,344,156,0,5.751683473587036,0
grid_5x5_nodiag,medium,medium,p2_c120_mp2,1717,6,6,5,1,541,1253,480,42,349,162,0,6.3188135623931885,0
grid_5x5_nodiag,medium,medium,p2_c120_mp2,1919,3,4,3,1,521,1263,423,59,332,164,0,6.345943212509155,0
grid_5x5_nodiag,medium,medium,p2_c120_mp3,101,6,6,5,1,618,1400,597,127,435,150,0,6.194416761398315,0
grid_5x5_nodiag,medium,medium,p2_c120_mp3,808,5,6,4,2,642,1469,612,114,446,164,0,5.259531736373901,0
grid_5x5_nodiag,medium,medium,p2_c120_mp3,404,4,6,4,2,588,1384,514,96,380,178,0,5.723687648773193,0
grid_5x5_nodiag,medium,medium,p2_c120_mp3,909,4,4,4,0,544,1234,531,29,377,143,0,5.531908750534058,0
grid_5x5_nodiag,medium,medium,p2_c120_mp3,303,3,6,6,0,493,1131,462,4,321,147,0,5.993792772293091,0
grid_5x5_nodiag,medium,medium,p2_c120_mp3,202,4,4,3,1,498,1147,447,65,303,167,0,6.254714727401733,0
grid_5x5_nodiag,medium,medium,p2_c120_mp3,606,6,6,5,1,628,1421,612,95,448,149,0,6.051828384399414,0
grid_5x5_nodiag,medium,medium,p2_c120_mp3,1010,5,6,5,1,555,1286,502,55,374,150,0,5.803889751434326,0
grid_5x5_nodiag,medium,medium,p2_c120_mp3,505,4,4,4,0,489,1115,468,5,318,147,0,6.273259878158569,0
grid_5x5_nodiag,medium,medium,p2_c120_mp3,707,5,6,5,1,595,1350,561,106,402,161,0,6.3313469886779785,0
grid_5x5_nodiag,medium,medium,p2_c120_mp3,1111,4,4,3,1,565,1301,522,74,387,150,0,6.070627689361572,0
grid_5x5_nodiag,medium,medium,p2_c120_mp3,1212,2,4,3,1,475,1096,428,37,286,163,0,5.681872606277466,0
grid_5x5_nodiag,medium,medium,p2_c120_mp3,1616,3,6,4,2,577,1284,576,78,393,153,0,5.521729946136475,0
grid_5x5_nodiag,medium,medium,p2_c120_mp3,1717,6,6,5,1,542,1254,480,42,349,162,0,5.345804214477539,0
grid_5x5_nodiag,medium,medium,p2_c120_h2,42,4,6,6,0,603,1352,592,25,409,163,5,4.8223631381988525,0
grid_5x5_nodiag,medium,medium,p2_c120_mp3,1414,5,6,4,2,569,1330,498,100,358,179,0,5.944223165512085,0
grid_5x5_nodiag,medium,medium,p2_c120_mp3,1313,4,4,2,2,534,1252,461,86,340,164,0,6.331968545913696,0
grid_5x5_nodiag,medium,medium,p2_c120_h2,101,5,6,5,1,604,1360,575,62,380,190,5,4.904123067855835,0
grid_5x5_nodiag,medium,medium,p2_c120_mp3,1515,5,6,5,1,557,1242,551,54,367,160,0,6.254922389984131,0
grid_5x5_nodiag,medium,medium,p2_c120_mp3,1818,5,6,6,0,529,1206,493,62,344,156,0,5.920295238494873,0
grid_5x5_nodiag,medium,medium,p2_c120_mp3,1919,3,4,3,1,521,1263,423,59,332,164,0,6.335252285003662,0
grid_5x5_nodiag,medium,medium,p2_c120_h2,303,2,6,6,0,548,1264,498,2,352,166,6,5.556380033493042,0
grid_5x5_nodiag,medium,medium,p2_c120_h2,202,4,4,4,0,523,1134,545,5,335,160,4,6.374046087265015,0
grid_5x5_nodiag,medium,medium,p2_c120_h2,404,4,6,6,0,570,1300,534,33,372,167,4,5.980599641799927,0
grid_5x5_nodiag,medium,medium,p2_c120_h2,505,3,4,4,0,576,1298,560,35,378,168,6,6.090883016586304,0
grid_5x5_nodiag,medium,medium,p2_c120_h2,707,5,6,5,1,552,1269,491,67,334,185,4,5.169127464294434,0
grid_5x5_nodiag,medium,medium,p2_c120_h2,606,6,6,6,0,589,1365,522,34,392,162,6,6.34062385559082,0
grid_5x5_nodiag,medium,medium,p2_c120_h2,1010,4,6,4,2,624,1391,597,86,403,186,6,5.642674207687378,0
grid_5x5_nodiag,medium,medium,p2_c120_h2,1212,5,6,4,2,610,1381,568,104,378,195,6,5.560363292694092,0
grid_5x5_nodiag,medium,medium,p2_c120_h2,808,6,6,4,2,631,1485,526,113,386,208,6,6.199202537536621,0
grid_5x5_nodiag,medium,medium,p2_c120_h2,909,4,6,6,0,621,1410,588,55,425,164,5,6.308918714523315,0
grid_5x5_nodiag,medium,medium,p2_c120_h2,1414,6,6,4,2,574,1351,483,96,340,199,5,5.560456991195679,0
grid_5x5_nodiag,medium,medium,p2_c120_h2,1313,5,6,4,2,587,1368,498,97,360,191,6,5.856690883636475,0
grid_5x5_nodiag,medium,medium,p2_c40,101,6,6,1,5,567,1331,501,146,360,178,0,4.62677001953125,0
grid_5x5_nodiag,medium,medium,p2_c120_h2,1111,6,6,5,1,657,1487,621,91,447,174,6,6.062466859817505,0
grid_5x5_nodiag,medium,medium,p2_c120_h2,1818,5,6,6,0,575,1297,544,63,364,175,6,5.699653148651123,0
grid_5x5_nodiag,medium,medium,p2_c120_h2,1515,4,6,4,2,570,1254,572,96,365,171,6,6.2078328132629395,0
grid_5x5_nodiag,medium,medium,p2_c40,404,3,6,2,4,495,1157,438,48,304,166,0,4.896700143814087,0
grid_5x5_nodiag,medium,medium,p2_c120_h2,1717,6,6,6,0,607,1430,510,79,397,175,6,6.105112314224243,0
grid_5x5_nodiag,medium,medium,p2_c120_h2,1616,5,6,3,3,599,1340,575,96,356,208,5,6.33540940284729,0
grid_5x5_nodiag,medium,medium,p2_c40,808,5,6,2,4,589,1386,522,101,397,165,0,4.582597970962524,0
grid_5x5_nodiag,medium,medium,p2_c40,303,1,6,0,6,411,974,344,24,230,158,0,5.425383567810059,0
grid_5x5_nodiag,medium,medium,p2_c120_h2,1919,6,6,4,2,624,1424,571,89,386,202,5,6.230364084243774,0
grid_5x5_nodiag,medium,medium,p2_c40,42,4,6,0,6,517,1210,455,102,316,175,0,6.331141710281372,0
grid_5x5_nodiag,medium,medium,p2_c40,202,3,4,0,4,445,1035,398,71,256,166,0,6.127898454666138,0
grid_5x5_nodiag,medium,medium,p2_c40,505,3,4,2,2,494,1134,465,49,314,157,0,5.820106744766235,0
grid_5x5_nodiag,medium,medium,p2_c40,606,6,6,1,5,608,1432,531,144,388,191,0,6.337502717971802,0
grid_5x5_nodiag,medium,medium,p2_c40,707,4,6,2,4,526,1241,451,102,337,163,0,6.284408092498779,0
grid_5x5_nodiag,medium,medium,p2_c40,1212,4,4,2,2,499,1146,461,75,316,158,0,4.175110816955566,0
grid_5x5_nodiag,medium,medium,p2_c40,909,2,4,2,2,525,1213,493,49,350,153,0,5.8428053855896,0
grid_5x5_nodiag,medium,medium,p2_c40,1010,2,6,1,5,476,1131,398,53,280,170,0,6.299719572067261,0
grid_5x5_nodiag,medium,medium,p2_c40,1111,4,4,2,2,541,1264,487,69,362,155,0,6.3140764236450195,0
grid_5x5_nodiag,medium,medium,p2_c40,1717,4,6,2,4,543,1293,458,101,350,167,0,4.862190008163452,0
grid_5x5_nodiag,medium,medium,p2_c40,1515,2,6,0,6,468,1079,428,49,282,162,0,5.499511003494263,0
grid_5x5_nodiag,medium,medium,p2_c40,1313,2,4,0,4,449,1062,387,50,271,156,0,6.321928262710571,0
grid_5x5_nodiag,medium,medium,p2_c40,1414,5,6,1,5,541,1257,485,125,338,175,0,6.372194290161133,0
grid_5x5_nodiag,medium,medium,p2_c40_penalty_off,101,6,6,1,5,569,1330,508,148,362,178,0,5.245804309844971,0
grid_5x5_nodiag,medium,medium,p2_c40,1616,3,6,1,5,507,1148,484,69,316,166,0,6.222447872161865,0
grid_5x5_nodiag,medium,medium,p2_c40,1818,3,6,2,4,484,1124,423,76,296,161,0,5.944434404373169,0
grid_5x5_nodiag,medium,medium,p2_c40_penalty_off,202,2,4,0,4,420,986,368,47,233,165,0,5.762526273727417,0
grid_5x5_nodiag,medium,medium,p2_c40,1919,2,4,0,4,451,1111,342,48,260,168,0,5.9600372314453125,0
grid_5x5_nodiag,medium,medium,p2_c40_penalty_off,303,1,6,0,6,413,976,348,24,230,160,0,5.8917930126190186,0
grid_5x5_nodiag,medium,medium,p2_c40_penalty_off,42,4,6,0,6,515,1204,455,100,314,175,0,6.065276145935059,0
grid_5x5_nodiag,medium,medium,p2_c40_penalty_off,707,4,6,2,4,526,1241,451,102,337,163,0,5.736250400543213,0
grid_5x5_nodiag,medium,medium,p2_c40_penalty_off,404,3,6,2,4,495,1157,438,48,304,166,0,6.012638092041016,0
grid_5x5_nodiag,medium,medium,p2_c40_penalty_off,1010,2,6,1,5,474,1122,398,53,280,168,0,5.584446907043457,0
grid_5x5_nodiag,medium,medium,p2_c40_penalty_off,606,6,6,1,5,608,1432,531,144,388,191,0,6.130876064300537,0
grid_5x5_nodiag,medium,medium,p2_c40_penalty_off,505,3,4,2,2,494,1134,465,49,314,157,0,6.214268445968628,0
grid_5x5_nodiag,medium,medium,p2_c40_penalty_off,808,5,6,2,4,589,1386,522,101,397,165,0,6.046780824661255,0
grid_5x5_nodiag,medium,medium,p2_c40_penalty_off,1111,4,4,2,2,541,1264,487,69,362,155,0,5.900943040847778,0
grid_5x5_nodiag,medium,medium,p2_c40_penalty_off,909,2,4,2,2,525,1213,493,49,350,153,0,6.128977298736572,0
grid_5x5_nodiag,medium,medium,p2_c40_penalty_off,1212,4,4,2,2,499,1146,461,75,316,158,0,5.747297525405884,0
grid_5x5_nodiag,medium,medium,p2_c40_penalty_off,1313,2,4,0,4,449,1062,387,50,271,156,0,6.127477645874023,0
grid_5x5_nodiag,medium,medium,p2_c40_penalty_off,1414,5,6,1,5,541,1257,485,125,338,175,0,6.345602035522461,0
grid_5x5_nodiag,medium,medium,p2_c40_penalty_off,1717,4,6,2,4,543,1293,458,101,350,167,0,5.671802043914795,0
grid_5x5_nodiag,medium,medium,p2_c40_penalty_off,1515,2,6,0,6,468,1079,428,49,282,162,0,5.854314565658569,0
grid_5x5_nodiag,medium,medium,p2_c40_penalty_off,1616,3,6,0,6,488,1111,455,69,292,171,0,6.026578664779663,0
grid_5x5_nodiag,medium,medium,p2_c40_penalty_off,1818,3,6,2,4,484,1124,423,76,296,161,0,6.131527423858643,0
grid_5x5_nodiag,medium,medium,p2_c40_penalty_off,1919,2,4,0,4,451,1111,339,50,262,166,0,6.228896617889404,0
grid_5x5_nodiag,medium,frequent,baseline,42,6,6,6,0,807,1688,902,62,609,153,0,6.059825897216797,0
grid_5x5_nodiag,medium,frequent,baseline,101,6,6,4,2,922,2002,981,105,719,157,0,6.31441593170166,0
grid_5x5_nodiag,medium,frequent,baseline,202,6,6,4,2,856,1824,918,128,623,186,0,6.236024379730225,0
grid_5x5_nodiag,medium,frequent,baseline,303,2,6,5,1,774,1631,859,28,583,150,0,6.172906875610352,0
grid_5x5_nodiag,medium,frequent,baseline,404,6,6,4,2,910,1962,969,137,691,172,0,6.162329435348511,0
grid_5x5_nodiag,medium,frequent,baseline,505,5,6,5,1,865,1815,979,80,664,156,0,6.30210542678833,0
grid_5x5_nodiag,medium,frequent,baseline,808,5,6,5,1,776,1675,812,81,581,150,0,5.761572599411011,0
grid_5x5_nodiag,medium,frequent,baseline,1111,6,6,3,3,896,1933,948,122,665,184,0,5.681311130523682,0
grid_5x5_nodiag,medium,frequent,baseline,909,5,6,5,1,827,1773,895,136,617,164,0,5.918641805648804,0
grid_5x5_nodiag,medium,frequent,baseline,1616,3,6,5,1,787,1734,801,81,584,160,0,5.012959003448486,0
grid_5x5_nodiag,medium,frequent,baseline,707,6,6,4,2,853,1845,880,118,631,175,0,6.207199811935425,0
grid_5x5_nodiag,medium,frequent,baseline,606,5,6,5,1,779,1677,826,42,576,159,0,6.319051027297974,0
grid_5x5_nodiag,medium,frequent,baseline,1010,3,4,3,1,686,1467,731,34,485,160,0,6.247328281402588,0
grid_5x5_nodiag,medium,frequent,baseline,1414,4,6,5,1,840,1802,906,55,638,158,0,5.697149991989136,0
grid_5x5_nodiag,medium,frequent,baseline,1717,5,6,4,2,773,1664,820,87,561,167,0,5.595706939697266,0
grid_5x5_nodiag,medium,frequent,baseline,1212,4,6,6,0,777,1657,846,52,585,148,0,6.172436714172363,0
grid_5x5_nodiag,medium,frequent,baseline,1313,2,4,4,0,724,1565,768,26,542,144,0,6.183942794799805,0
grid_5x5_nodiag,medium,frequent,baseline,1515,5,6,3,3,794,1752,786,109,582,166,0,6.093475341796875,0
grid_5x5_nodiag,medium,frequent,baseline,1818,4,6,5,1,851,1805,932,80,645,161,0,6.248991966247559,0
grid_5x5_nodiag,medium,frequent,baseline,1919,6,6,5,1,896,1978,908,121,674,174,0,6.287025690078735,0
grid_5x5_nodiag,medium,frequent,p2_c120,42,6,6,6,0,807,1688,902,62,609,153,0,6.287887334823608,0
grid_5x5_nodiag,medium,frequent,p2_c120,101,6,6,4,2,922,2002,981,105,719,157,0,5.7493813037872314,0
grid_5x5_nodiag,medium,frequent,p2_c120,202,6,6,4,2,856,1824,918,128,623,186,0,5.9282896518707275,0
grid_5x5_nodiag,medium,frequent,p2_c120,505,5,6,5,1,865,1815,979,80,664,156,0,5.758074522018433,0
grid_5x5_nodiag,medium,frequent,p2_c120,303,2,6,5,1,774,1631,859,28,583,150,0,6.245001554489136,0
grid_5x5_nodiag,medium,frequent,p2_c120,404,6,6,4,2,910,1962,969,137,691,172,0,6.357321739196777,0
grid_5x5_nodiag,medium,frequent,p2_c120,606,5,6,5,1,779,1677,826,42,576,159,0,6.238560676574707,0
grid_5x5_nodiag,medium,frequent,p2_c120,707,6,6,4,2,853,1845,880,118,631,175,0,6.006829023361206,0
grid_5x5_nodiag,medium,frequent,p2_c120,808,5,6,5,1,776,1675,812,81,581,150,0,6.204131364822388,0
grid_5x5_nodiag,medium,frequent,p2_c120,909,5,6,5,1,827,1773,895,136,617,164,0,6.250315427780151,0
grid_5x5_nodiag,medium,frequent,p2_c120,1313,2,4,4,0,724,1565,768,26,542,144,0,5.762676239013672,0
grid_5x5_nodiag,medium,frequent,p2_c120,1111,6,6,3,3,896,1933,948,122,665,184,0,6.274427175521851,0
grid_5x5_nodiag,medium,frequent,p2_c120,1010,3,4,3,1,686,1467,731,34,485,160,0,6.462660074234009,0
grid_5x5_nodiag,medium,frequent,p2_c120,1212,4,6,6,0,777,1657,846,52,585,148,0,6.361539363861084,0
grid_5x5_nodiag,medium,frequent,p2_c120,1616,3,6,5,1,787,1734,801,81,584,160,0,5.766769647598267,0
grid_5x5_nodiag,medium,frequent,p2_c120,1414,4,6,5,1,840,1802,906,55,638,158,0,6.30231237411499,0
grid_5x5_nodiag,medium,frequent,p2_c120,1818,4,6,5,1,851,1805,932,80,645,161,0,5.954534530639648,0
grid_5x5_nodiag,medium,frequent,p2_c120,1515,5,6,3,3,794,1752,786,109,582,166,0,6.260170936584473,0
grid_5x5_nodiag,medium,frequent,p2_c120,1919,6,6,5,1,896,1978,908,121,674,174,0,6.006654262542725,0
grid_5x5_nodiag,medium,frequent,p2_c120,1717,5,6,4,2,773,1664,820,87,561,167,0,6.1988725662231445,0
grid_5x5_nodiag,medium,frequent,p2_c120_mp2,303,2,6,5,1,775,1632,859,28,583,150,0,5.751183986663818,0
grid_5x5_nodiag,medium,frequent,p2_c120_mp2,505,5,6,5,1,865,1815,979,80,664,156,0,5.588979959487915,0
grid_5x5_nodiag,medium,frequent,p2_c120_mp2,101,6,6,4,2,924,1999,986,105,719,157,0,6.147279500961304,0
grid_5x5_nodiag,medium,frequent,p2_c120_mp2,42,6,6,6,0,807,1688,902,62,609,153,0,6.305546760559082,0
grid_5x5_nodiag,medium,frequent,p2_c120_mp2,707,6,6,4,2,854,1846,880,118,631,175,0,5.242552042007446,0
grid_5x5_nodiag,medium,frequent,p2_c120_mp2,606,5,6,5,1,780,1678,826,42,576,159,0,5.315100908279419,0
grid_5x5_nodiag,medium,frequent,p2_c120_mp2,202,6,6,4,2,857,1825,918,128,623,186,0,6.281172513961792,0
grid_5x5_nodiag,medium,frequent,p2_c120_mp2,404,6,6,4,2,911,1961,969,136,690,172,0,6.167025804519653,0
grid_5x5_nodiag,medium,frequent,p2_c120_mp2,808,5,6,5,1,777,1668,820,81,581,150,0,5.809733629226685,0
grid_5x5_nodiag,medium,frequent,p2_c120_mp2,909,5,6,5,1,819,1760,879,128,617,155,0,6.2577455043792725,0
grid_5x5_nodiag,medium,frequent,p2_c120_mp2,1111,6,6,3,3,898,1935,948,122,665,184,0,6.335018634796143,0
grid_5x5_nodiag,medium,frequent,p2_c120_mp2,1010,3,4,3,1,687,1468,731,34,485,160,0,6.470322847366333,0
grid_5x5_nodiag,medium,frequent,p2_c120_mp2,1212,4,6,6,0,777,1657,846,52,585,148,0,6.368344306945801,0
grid_5x5_nodiag,medium,frequent,p2_c120_mp2,1515,6,6,3,3,829,1842,804,133,605,174,0,5.297600746154785,0
grid_5x5_nodiag,medium,frequent,p2_c120_mp2,1313,2,4,4,0,724,1565,768,26,542,144,0,6.310589551925659,0
grid_5x5_nodiag,medium,frequent,p2_c120_mp2,1414,4,6,5,1,840,1802,906,55,638,158,0,6.019665241241455,0
grid_5x5_nodiag,medium,frequent,p2_c120_mp2,1616,3,6,5,1,788,1735,801,81,584,160,0,6.202380180358887,0
grid_5x5_nodiag,medium,frequent,p2_c120_mp3,42,6,6,6,0,807,1688,902,62,609,153,0,5.378264665603638,0
grid_5x5_nodiag,medium,frequent,p2_c120_mp2,1919,6,6,5,1,896,1978,908,121,674,174,0,5.704517841339111,0
grid_5x5_nodiag,medium,frequent,p2_c120_mp2,1717,5,6,4,2,798,1710,851,110,583,167,0,6.196211338043213,0
grid_5x5_nodiag,medium,frequent,p2_c120_mp3,101,6,6,4,2,926,2001,986,105,719,157,0,5.96282696723938,0
grid_5x5_nodiag,medium,frequent,p2_c120_mp2,1818,4,6,5,1,851,1795,940,79,644,161,0,6.265126466751099,0
grid_5x5_nodiag,medium,frequent,p2_c120_mp3,202,6,6,4,2,858,1826,918,128,623,186,0,6.1773362159729,0
grid_5x5_nodiag,medium,frequent,p2_c120_mp3,404,6,6,4,2,914,1972,963,137,691,172,0,5.862070083618164,0
grid_5x5_nodiag,medium,frequent,p2_c120_mp3,808,5,6,5,1,778,1677,812,81,581,150,0,5.459729909896851,0
grid_5x5_nodiag,medium,frequent,p2_c120_mp3,606,5,6,5,1,781,1678,827,42,576,159,0,6.059199333190918,0
grid_5x5_nodiag,medium,frequent,p2_c120_mp3,303,2,6,5,1,775,1632,859,28,583,150,0,6.37508225440979,0
grid_5x5_nodiag,medium,frequent,p2_c120_mp3,505,5,6,5,1,865,1815,979,80,664,156,0,6.3440611362457275,0
grid_5x5_nodiag,medium,frequent,p2_c120_mp3,707,6,6,4,2,855,1847,880,118,631,175,0,6.28678035736084,0
grid_5x5_nodiag,medium,frequent,p2_c120_mp3,1313,2,4,4,0,724,1565,768,26,542,144,0,5.892449855804443,0
grid_5x5_nodiag,medium,frequent,p2_c120_mp3,1010,4,4,3,1,721,1556,748,66,511,165,0,6.267197370529175,0
grid_5x5_nodiag,medium,frequent,p2_c120_mp3,1212,4,6,6,0,777,1657,846,52,585,148,0,6.239973306655884,0
grid_5x5_nodiag,medium,frequent,p2_c120_mp3,1414,4,6,5,1,840,1802,906,55,638,158,0,6.066746950149536,0
grid_5x5_nodiag,medium,frequent,p2_c120_mp3,1616,3,6,5,1,788,1735,801,81,584,160,0,5.5630693435668945,0
grid_5x5_nodiag,medium,frequent,p2_c120_mp3,909,4,6,5,1,769,1670,808,76,574,150,0,6.424400329589844,0
grid_5x5_nodiag,medium,frequent,p2_c120_mp3,1515,6,6,3,3,832,1848,798,133,605,174,0,6.1163506507873535,0
grid_5x5_nodiag,medium,frequent,p2_c120_mp3,1111,6,6,3,3,900,1937,948,122,665,184,0,6.522279977798462,0
grid_5x5_nodiag,medium,frequent,p2_c120_mp3,1717,4,6,4,2,775,1655,829,86,560,167,0,6.30109715461731,0
grid_5x5_nodiag,medium,frequent,p2_c120_h2,42,6,6,5,1,839,1849,826,63,606,181,6,5.487938165664673,0
grid_5x5_nodiag,medium,frequent,p2_c120_h2,101,5,6,5,1,885,1919,916,108,652,182,5,5.762052297592163,0
grid_5x5_nodiag,medium,frequent,p2_c120_mp3,1818,4,6,5,1,851,1795,940,79,644,161,0,6.137040615081787,0
grid_5x5_nodiag,medium,frequent,p2_c120_mp3,1919,6,6,5,1,896,1978,908,121,674,174,0,6.325975179672241,0
grid_5x5_nodiag,medium,frequent,p2_c120_h2,303,4,6,5,1,845,1869,834,64,619,176,6,5.802218675613403,0
grid_5x5_nodiag,medium,frequent,p2_c120_h2,202,6,6,4,2,893,1891,968,89,654,188,5,6.273093938827515,0
grid_5x5_nodiag,medium,frequent,p2_c120_h2,505,3,4,4,0,735,1611,742,31,521,168,6,5.412708759307861,0
grid_5x5_nodiag,medium,frequent,p2_c120_h2,909,3,4,4,0,736,1586,758,34,527,164,5,5.112446069717407,0
grid_5x5_nodiag,medium,frequent,p2_c120_h2,404,5,6,5,1,846,1811,896,36,621,175,6,6.369366884231567,0
grid_5x5_nodiag,medium,frequent,p2_c120_h2,606,5,6,5,1,823,1809,824,56,609,166,4,6.019900798797607,0
grid_5x5_nodiag,medium,frequent,p2_c120_h2,1010,6,6,5,1,848,1822,900,75,622,175,5,5.508558750152588,0
grid_5x5_nodiag,medium,frequent,p2_c120_h2,808,6,6,4,2,874,1912,892,95,651,172,5,5.986725091934204,0
grid_5x5_nodiag,medium,frequent,p2_c120_h2,707,6,6,5,1,918,1954,993,71,680,187,5,6.502859592437744,0
grid_5x5_nodiag,medium,frequent,p2_c120_h2,1111,5,6,5,1,894,1886,978,65,669,174,6,6.2542970180511475,0
grid_5x5_nodiag,medium,frequent,p2_c120_h2,1313,4,6,5,1,799,1747,802,56,578,172,6,6.0514702796936035,0
grid_5x5_nodiag,medium,frequent,p2_c120_h2,1212,3,4,4,0,710,1520,736,17,498,166,6,6.469849586486816,0
grid_5x5_nodiag,medium,frequent,p2_c40,303,0,6,0,6,658,1394,710,0,463,157,0,5.290407180786133,0
grid_5x5_nodiag,medium,frequent,p2_c120_h2,1616,3,6,5,1,844,1774,925,54,625,172,5,6.24125599861145,0
grid_5x5_nodiag,medium,frequent,p2_c120_h2,1717,5,6,5,1,794,1742,788,42,562,182,6,6.2703540325164795,0
grid_5x5_nodiag,medium,frequent,p2_c120_h2,1515,5,6,4,2,833,1776,886,65,604,178,6,6.46557092666626,0
grid_5x5_nodiag,medium,frequent,p2_c40,202,2,6,1,5,716,1556,742,48,509,167,0,5.8656980991363525,0
grid_5x5_nodiag,medium,frequent,p2_c120_h2,1414,6,6,6,0,915,1984,941,98,679,183,6,6.519948959350586,0
grid_5x5_nodiag,medium,frequent,p2_c40,404,2,6,0,6,729,1584,755,50,529,160,0,5.866081476211548,0
grid_5x5_nodiag,medium,frequent,p2_c120_h2,1919,4,6,4,2,887,1970,868,88,643,193,6,6.233834266662598,0
grid_5x5_nodiag,medium,frequent,p2_c40,101,5,6,2,4,881,1930,920,99,673,165,0,6.206179618835449,0
grid_5x5_nodiag,medium,frequent,p2_c120_h2,1818,4,6,5,1,896,1938,938,69,653,192,6,6.336366415023804,0
grid_5x5_nodiag,medium,frequent,p2_c40,42,5,6,2,4,775,1666,815,104,567,165,0,6.464310169219971,0
grid_5x5_nodiag,medium,frequent,p2_c40,606,3,6,0,6,714,1568,727,68,499,174,0,5.833755254745483,0
grid_5x5_nodiag,medium,frequent,p2_c40,505,6,6,2,4,862,1827,956,125,650,167,0,6.561047792434692,0
grid_5x5_nodiag,medium,frequent,p2_c40,808,6,6,1,5,777,1717,764,145,538,194,0,6.2098352909088135,0
grid_5x5_nodiag,medium,frequent,p2_c40,707,3,6,1,5,715,1555,726,49,508,166,0,6.30765175819397,0
grid_5x5_nodiag,medium,frequent,p2_c40,1010,0,4,0,4,592,1288,604,0,398,157,0,5.992131948471069,0
grid_5x5_nodiag,medium,frequent,p2_c40,1111,4,6,2,4,846,1800,930,100,639,165,0,6.097015857696533,0
grid_5x5_nodiag,medium,frequent,p2_c40,909,5,6,2,4,772,1676,807,119,570,158,0,6.4664466381073,0
grid_5x5_nodiag,medium,frequent,p2_c40,1212,6,6,1,5,793,1728,815,150,568,179,0,6.023947715759277,0
grid_5x5_nodiag,medium,frequent,p2_c40,1818,2,6,0,6,736,1571,785,49,532,163,0,4.74977707862854,0
grid_5x5_nodiag,medium,frequent,p2_c40,1313,0,4,1,3,633,1385,644,0,449,148,0,6.03973913192749,0
grid_5x5_nodiag,medium,frequent,p2_c40,1616,4,6,1,5,744,1653,730,92,517,184,0,5.880060434341431,0
grid_5x5_nodiag,medium,frequent,p2_c40,1717,4,6,0,6,700,1512,727,93,486,172,0,5.648782730102539,0
grid_5x5_nodiag,medium,frequent,p2_c40,1414,4,6,1,5,820,1798,841,109,599,178,0,6.550943851470947,0
grid_5x5_nodiag,medium,frequent,p2_c40,1919,5,6,2,4,817,1819,807,103,605,168,0,5.362062692642212,0
grid_5x5_nodiag,medium,frequent,p2_c40,1515,1,6,0,6,641,1449,592,26,443,159,0,6.372847318649292,0
grid_5x5_nodiag,medium,frequent,p2_c40_penalty_off,42,5,6,2,4,775,1666,815,104,567,165,0,5.934952020645142,0
grid_5x5_nodiag,medium,frequent,p2_c40_penalty_off,404,0,6,0,6,671,1451,700,0,481,152,0,5.468109130859375,0
grid_5x5_nodiag,medium,frequent,p2_c40_penalty_off,202,2,6,0,6,696,1520,709,47,485,171,0,6.132260799407959,0
grid_5x5_nodiag,medium,frequent,p2_c40_penalty_off,101,5,6,2,4,881,1930,920,99,673,165,0,6.202216863632202,0
grid_5x5_nodiag,medium,frequent,p2_c40_penalty_off,707,3,6,0,6,717,1558,729,69,505,171,0,5.8005125522613525,0
grid_5x5_nodiag,medium,frequent,p2_c40_penalty_off,606,4,6,0,6,736,1604,758,90,520,174,0,5.865636348724365,0
grid_5x5_nodiag,medium,frequent,p2_c40_penalty_off,909,5,6,2,4,772,1676,807,119,570,158,0,5.670293092727661,0
grid_5x5_nodiag,medium,frequent,p2_c40_penalty_off,303,0,6,0,6,658,1391,712,0,463,157,0,6.135067701339722,0
grid_5x5_nodiag,medium,frequent,p2_c40_penalty_off,505,6,6,2,4,862,1827,956,125,650,167,0,6.356348276138306,0
grid_5x5_nodiag,medium,frequent,p2_c40_penalty_off,1212,6,6,1,5,793,1728,815,150,568,179,0,5.889560699462891,0
grid_5x5_nodiag,medium,frequent,p2_c40_penalty_off,1010,0,4,0,4,592,1288,604,0,398,157,0,6.135331392288208,0
grid_5x5_nodiag,medium,frequent,p2_c40_penalty_off,808,6,6,1,5,777,1724,755,147,540,192,0,6.412306308746338,0
grid_5x5_nodiag,medium,frequent,p2_c40_penalty_off,1111,4,6,2,4,846,1800,930,100,639,165,0,6.4942474365234375,0
grid_5x5_nodiag,medium,frequent,p2_c40_penalty_off,1616,4,6,1,5,744,1653,730,92,517,184,0,5.635135173797607,0
grid_5x5_nodiag,medium,frequent,p2_c40_penalty_off,1313,0,4,0,4,633,1384,645,0,449,148,0,6.470990180969238,0
grid_5x5_nodiag,medium,frequent,p2_c40_penalty_off,1414,4,6,1,5,820,1798,841,109,599,178,0,6.298407316207886,0
grid_5x5_nodiag,medium,frequent,p2_c40_penalty_off,1515,0,6,0,6,612,1376,571,0,418,156,0,6.4034035205841064,0
grid_5x5_nodiag,medium,frequent,p2_c40_penalty_off,1717,4,6,0,6,700,1512,727,93,486,172,0,6.289290189743042,0
grid_5x5_nodiag,medium,frequent,p2_c40_penalty_off,1919,5,6,2,4,817,1819,807,103,605,168,0,6.100039482116699,0
grid_5x5_nodiag,medium,frequent,p2_c40_penalty_off,1818,1,6,0,6,709,1507,762,25,509,160,0,6.301279067993164,0
grid_5x5_nodiag,heavy,medium,baseline,42,11,12,5,7,707,1659,580,143,420,245,0,6.163523197174072,0
grid_5x5_nodiag,heavy,medium,baseline,101,9,12,9,3,670,1501,645,126,451,180,0,6.206818103790283,0
grid_5x5_nodiag,heavy,medium,baseline,606,10,12,11,1,746,1669,728,83,530,176,0,5.587309837341309,0
grid_5x5_nodiag,heavy,medium,baseline,505,7,8,5,3,649,1502,598,126,448,168,0,5.874033451080322,0
grid_5x5_nodiag,heavy,medium,baseline,707,7,8,5,3,586,1368,513,134,377,176,0,5.839465618133545,0
grid_5x5_nodiag,heavy,medium,baseline,202,8,8,5,3,597,1347,567,132,396,167,0,6.532505512237549,0
grid_5x5_nodiag,heavy,medium,baseline,303,10,12,8,4,762,1685,769,172,553,169,0,6.152622699737549,0
grid_5x5_nodiag,heavy,medium,baseline,404,7,12,8,4,671,1569,584,98,444,190,0,6.862706422805786,0
grid_5x5_nodiag,heavy,medium,baseline,1010,10,12,6,6,718,1616,684,165,463,213,0,5.773966312408447,0
grid_5x5_nodiag,heavy,medium,baseline,909,5,8,5,3,577,1327,532,65,387,160,0,6.043524980545044,0
grid_5x5_nodiag,heavy,medium,baseline,808,10,12,9,3,739,1716,670,156,527,172,0,6.320081472396851,0
grid_5x5_nodiag,heavy,medium,baseline,1212,7,8,5,3,590,1320,569,120,386,170,0,5.996744632720947,0
grid_5x5_nodiag,heavy,medium,baseline,1111,7,8,3,5,654,1524,593,147,422,199,0,6.3294103145599365,0
grid_5x5_nodiag,heavy,medium,baseline,1313,6,8,4,4,611,1437,526,120,399,180,0,6.712369680404663,0
grid_5x5_nodiag,heavy,medium,baseline,1414,8,12,7,5,654,1493,607,153,430,185,0,6.760573387145996,0
grid_5x5_nodiag,heavy,medium,baseline,1616,7,12,9,3,669,1462,681,81,446,186,0,6.410310983657837,0
grid_5x5_nodiag,heavy,medium,baseline,1515,10,12,8,4,768,1747,721,166,547,180,0,6.93591570854187,0
grid_5x5_nodiag,heavy,medium,baseline,1919,11,12,8,4,723,1707,597,137,475,205,0,6.53895902633667,0
grid_5x5_nodiag,heavy,medium,baseline,1818,9,12,4,8,692,1589,626,202,457,194,0,6.770116567611694,0
grid_5x5_nodiag,heavy,medium,baseline,1717,5,12,10,2,597,1396,516,68,391,172,0,7.051467180252075,0
grid_5x5_nodiag,heavy,medium,p2_c120,42,9,12,9,3,767,1728,726,141,534,192,0,6.851659297943115,0
grid_5x5_nodiag,heavy,medium,p2_c120,202,7,8,6,2,562,1259,544,85,368,161,0,6.723623275756836,0
grid_5x5_nodiag,heavy,medium,p2_c120,101,9,12,11,1,755,1683,757,174,547,169,0,6.882356405258179,0
grid_5x5_nodiag,heavy,medium,p2_c120,404,7,12,9,3,709,1637,645,117,491,180,0,6.443144083023071,0
grid_5x5_nodiag,heavy,medium,p2_c120,303,10,12,10,2,826,1825,839,194,610,173,0,6.978777885437012,0
grid_5x5_nodiag,heavy,medium,p2_c120,606,10,12,11,1,746,1669,728,83,530,176,0,6.474036931991577,0
grid_5x5_nodiag,heavy,medium,p2_c120,505,8,8,5,3,682,1561,639,160,477,170,0,6.803569555282593,0
grid_5x5_nodiag,heavy,medium,p2_c120,707,7,8,6,2,559,1299,486,94,358,168,0,6.629144191741943,0
grid_5x5_nodiag,heavy,medium,p2_c120,909,4,8,7,1,596,1373,553,64,409,158,0,6.480883598327637,0
grid_5x5_nodiag,heavy,medium,p2_c120,808,10,12,9,3,739,1716,670,156,527,172,0,6.81916618347168,0
grid_5x5_nodiag,heavy,medium,p2_c120,1010,10,12,9,3,787,1788,747,187,555,188,0,6.555395841598511,0
grid_5x5_nodiag,heavy,medium,p2_c120,1414,8,12,10,2,630,1409,615,83,430,162,0,6.556730270385742,0
grid_5x5_nodiag,heavy,medium,p2_c120,1111,7,8,4,4,644,1490,597,122,421,190,0,6.7405595779418945,0
grid_5x5_nodiag,heavy,medium,p2_c120,1212,7,8,6,2,579,1302,555,94,382,163,0,6.832881450653076,0
grid_5x5_nodiag,heavy,medium,p2_c120,1313,6,8,6,2,620,1438,559,91,423,165,0,7.039593458175659,0
grid_5x5_nodiag,heavy,medium,p2_c120,1515,10,12,10,2,809,1826,780,169,597,170,0,6.514457702636719,0
grid_5x5_nodiag,heavy,medium,p2_c120,1717,4,12,11,1,596,1369,538,53,395,167,0,6.317621469497681,0
grid_5x5_nodiag,heavy,medium,p2_c120,1818,7,12,8,4,709,1590,685,158,506,163,0,6.424715995788574,0
grid_5x5_nodiag,heavy,medium,p2_c120,1616,7,12,10,2,704,1524,740,98,491,176,0,6.616790056228638,0
grid_5x5_nodiag,heavy,medium,p2_c120,1919,11,12,9,3,766,1790,659,163,522,200,0,6.501610279083252,0
grid_5x5_nodiag,heavy,medium,p2_c120_mp2,42,9,12,9,3,745,1680,698,112,515,187,0,6.709574937820435,0
grid_5x5_nodiag,heavy,medium,p2_c120_mp2,303,10,12,10,2,769,1717,761,134,568,159,0,6.09612512588501,0
grid_5x5_nodiag,heavy,medium,p2_c120_mp2,404,7,12,9,3,711,1626,654,116,488,182,0,6.0706117153167725,0
grid_5x5_nodiag,heavy,medium,p2_c120_mp2,606,10,12,11,1,746,1669,728,83,530,176,0,5.7902655601501465,0
grid_5x5_nodiag,heavy,medium,p2_c120_mp2,101,9,12,11,1,749,1649,762,163,546,162,0,6.454078912734985,0
grid_5x5_nodiag,heavy,medium,p2_c120_mp2,202,7,8,5,3,616,1380,593,153,417,162,0,6.41556191444397,0
grid_5x5_nodiag,heavy,medium,p2_c120_mp2,505,8,8,5,3,682,1555,640,158,475,170,0,6.258963346481323,0
grid_5x5_nodiag,heavy,medium,p2_c120_mp2,707,7,8,6,2,561,1301,486,94,358,168,0,6.212642669677734,0
grid_5x5_nodiag,heavy,medium,p2_c120_mp2,808,10,12,10,2,754,1718,707,158,545,166,0,6.379408121109009,0
grid_5x5_nodiag,heavy,medium,p2_c120_mp2,1212,6,8,5,3,584,1324,540,120,350,198,0,5.221618175506592,0
grid_5x5_nodiag,heavy,medium,p2_c120_mp2,909,4,8,7,1,597,1374,553,64,409,158,0,5.949716329574585,0
grid_5x5_nodiag,heavy,medium,p2_c120_mp2,1414,8,12,10,2,631,1410,615,83,430,162,0,5.403713703155518,0
grid_5x5_nodiag,heavy,medium,p2_c120_mp2,1010,10,12,8,4,758,1711,719,161,511,201,0,6.056628465652466,0
grid_5x5_nodiag,heavy,medium,p2_c120_mp2,1313,6,8,6,2,622,1440,559,91,423,165,0,5.728350400924683,0
grid_5x5_nodiag,heavy,medium,p2_c120_mp2,1111,6,8,5,3,652,1490,609,131,444,173,0,6.124196290969849,0
grid_5x5_nodiag,heavy,medium,p2_c120_mp2,1515,9,12,10,2,813,1831,783,172,595,175,0,6.14765477180481,0
grid_5x5_nodiag,heavy,medium,p2_c120_mp2,1616,7,12,10,2,706,1526,740,98,491,176,0,6.35595178604126,0
grid_5x5_nodiag,heavy,medium,p2_c120_mp2,1717,4,12,11,1,597,1364,545,53,395,167,0,6.362154006958008,0
grid_5x5_nodiag,heavy,medium,p2_c120_mp2,1818,10,12,9,3,784,1736,773,200,567,170,0,6.180279970169067,0
grid_5x5_nodiag,heavy,medium,p2_c120_mp2,1919,11,12,9,3,768,1792,659,163,522,200,0,6.1340672969818115,0
grid_5x5_nodiag,heavy,medium,p2_c120_mp3,202,8,8,5,3,649,1455,619,183,439,169,0,5.773912668228149,0
grid_5x5_nodiag,heavy,medium,p2_c120_mp3,42,9,12,9,3,802,1797,755,168,558,196,0,6.166369199752808,0
grid_5x5_nodiag,heavy,medium,p2_c120_mp3,101,9,12,10,2,752,1679,731,182,528,179,0,6.0756261348724365,0
grid_5x5_nodiag,heavy,medium,p2_c120_mp3,303,9,12,10,2,765,1679,776,134,563,157,0,5.812973737716675,0
grid_5x5_nodiag,heavy,medium,p2_c120_mp3,404,7,12,9,3,715,1643,645,117,491,180,0,6.162080526351929,0
grid_5x5_nodiag,heavy,medium,p2_c120_mp3,1010,8,12,11,1,701,1598,657,81,487,173,0,5.109338998794556,0
grid_5x5_nodiag,heavy,medium,p2_c120_mp3,606,10,12,11,1,746,1669,728,83,530,176,0,6.034852504730225,0
grid_5x5_nodiag,heavy,medium,p2_c120_mp3,505,6,8,6,2,668,1529,623,130,471,160,0,6.071005821228027,0
grid_5x5_nodiag,heavy,medium,p2_c120_mp3,808,10,12,10,2,758,1740,693,157,526,188,0,5.649469375610352,0
grid_5x5_nodiag,heavy,medium,p2_c120_mp3,707,7,8,6,2,563,1301,488,94,358,168,0,6.294414281845093,0
grid_5x5_nodiag,heavy,medium,p2_c120_mp3,1111,6,8,5,3,666,1525,615,136,453,176,0,5.95707106590271,0
grid_5x5_nodiag,heavy,medium,p2_c120_mp3,909,4,8,7,1,598,1373,555,64,409,158,0,6.163848876953125,0
grid_5x5_nodiag,heavy,medium,p2_c120_mp3,1515,10,12,10,2,822,1847,791,176,602,174,0,5.410874366760254,0
grid_5x5_nodiag,heavy,medium,p2_c120_mp3,1313,4,8,6,2,587,1346,536,64,391,162,0,5.987507343292236,0
grid_5x5_nodiag,heavy,medium,p2_c120_mp3,1212,7,8,6,2,613,1385,574,119,384,192,0,6.356070041656494,0
grid_5x5_nodiag,heavy,medium,p2_c120_mp3,1414,9,12,9,3,728,1595,728,172,513,168,0,6.251893520355225,0
grid_5x5_nodiag,heavy,medium,p2_c120_mp3,1717,5,12,11,1,623,1434,559,70,419,167,0,5.431450128555298,0
grid_5x5_nodiag,heavy,medium,p2_c120_mp3,1616,7,12,10,2,712,1521,758,96,490,181,0,5.9921228885650635,0
grid_5x5_nodiag,heavy,medium,p2_c120_mp3,1818,11,12,8,4,781,1736,755,203,552,179,0,5.7465598583221436,0
grid_5x5_nodiag,heavy,medium,p2_c120_h2,202,12,12,11,1,765,1689,742,103,535,183,5,5.797414779663086,0
grid_5x5_nodiag,heavy,medium,p2_c120_mp3,1919,11,12,9,3,769,1795,655,159,526,195,0,6.185350179672241,0
grid_5x5_nodiag,heavy,medium,p2_c120_h2,42,8,12,10,2,762,1706,732,105,540,178,6,6.229501008987427,0
grid_5x5_nodiag,heavy,medium,p2_c120_h2,101,11,12,9,3,828,1830,820,194,578,201,6,6.1235949993133545,0
grid_5x5_nodiag,heavy,medium,p2_c120_h2,303,3,12,12,0,654,1454,645,3,453,164,6,6.1871654987335205,0
grid_5x5_nodiag,heavy,medium,p2_c120_h2,606,10,12,10,2,800,1793,773,163,569,184,6,5.744248628616333,0
grid_5x5_nodiag,heavy,medium,p2_c120_h2,404,11,12,8,4,795,1801,736,190,542,203,6,6.118338108062744,0
grid_5x5_nodiag,heavy,medium,p2_c120_h2,505,11,12,9,3,818,1847,767,141,537,233,5,6.229092359542847,0
grid_5x5_nodiag,heavy,medium,p2_c40,42,7,12,0,12,629,1479,536,146,389,205,0,4.355759620666504,0
grid_5x5_nodiag,heavy,medium,p2_c120_h2,1010,7,12,10,2,708,1561,684,106,454,209,6,6.032096862792969,0
grid_5x5_nodiag,heavy,medium,p2_c120_h2,707,10,12,9,3,772,1740,725,180,515,210,5,6.364637613296509,0
grid_5x5_nodiag,heavy,medium,p2_c120_h2,909,7,12,10,2,726,1594,727,100,509,174,5,6.259192228317261,0
grid_5x5_nodiag,heavy,medium,p2_c120_h2,808,9,12,10,2,728,1646,677,114,499,183,6,6.377525329589844,0
grid_5x5_nodiag,heavy,medium,p2_c120_h2,1111,10,12,9,3,767,1707,733,151,521,198,6,6.367249488830566,0
grid_5x5_nodiag,heavy,medium,p2_c120_h2,1212,10,12,9,3,813,1807,785,205,571,192,6,6.031761884689331,0
grid_5x5_nodiag,heavy,medium,p2_c120_h2,1616,6,12,10,2,690,1503,694,112,466,182,5,5.836892604827881,0
grid_5x5_nodiag,heavy,medium,p2_c120_h2,1515,10,12,9,3,815,1825,783,210,576,190,6,6.159271478652954,0
grid_5x5_nodiag,heavy,medium,p2_c120_h2,1414,9,12,10,2,734,1633,712,150,509,180,4,6.245054006576538,0
grid_5x5_nodiag,heavy,medium,p2_c120_h2,1313,11,12,9,3,812,1828,759,216,565,198,6,6.30708646774292,0
grid_5x5_nodiag,heavy,medium,p2_c120_h2,1818,10,12,10,2,738,1624,727,116,513,177,6,5.562772750854492,0
grid_5x5_nodiag,heavy,medium,p2_c120_h2,1717,4,12,12,0,666,1515,617,29,462,165,6,6.299746990203857,0
grid_5x5_nodiag,heavy,medium,p2_c40,707,5,8,4,4,521,1211,457,75,327,165,0,4.266457796096802,0
grid_5x5_nodiag,heavy,medium,p2_c120_h2,1919,9,12,9,3,774,1767,699,121,522,205,6,6.209822416305542,0
grid_5x5_nodiag,heavy,medium,p2_c40,101,10,12,3,9,722,1710,610,253,458,224,0,6.220586776733398,0
grid_5x5_nodiag,heavy,medium,p2_c40,606,9,12,2,10,730,1707,642,217,493,199,0,5.098265171051025,0
grid_5x5_nodiag,heavy,medium,p2_c40,202,4,11,0,11,508,1202,415,102,287,190,0,6.204452037811279,0
grid_5x5_nodiag,heavy,medium,p2_c40,303,4,12,0,12,495,1152,420,71,286,177,0,6.010172367095947,0
grid_5x5_nodiag,heavy,medium,p2_c40,404,3,12,0,12,489,1153,406,73,285,173,0,6.365359544754028,0
grid_5x5_nodiag,heavy,medium,p2_c40,505,11,12,3,9,772,1736,749,227,538,194,0,6.261899948120117,0
grid_5x5_nodiag,heavy,medium,p2_c40,808,8,8,4,4,610,1477,483,108,380,196,0,5.988685846328735,0
grid_5x5_nodiag,heavy,medium,p2_c40,909,4,8,4,4,562,1280,532,50,380,154,0,6.154935121536255,0
grid_5x5_nodiag,heavy,medium,p2_c40,1010,2,12,0,12,487,1164,389,49,265,191,0,6.150895118713379,0
grid_5x5_nodiag,heavy,medium,p2_c40,1111,8,12,4,8,694,1599,621,172,474,183,0,6.240253925323486,0
grid_5x5_nodiag,heavy,medium,p2_c40,1515,4,12,0,12,529,1211,474,95,316,181,0,5.3844895362854,0
grid_5x5_nodiag,heavy,medium,p2_c40,1313,3,8,0,8,477,1112,415,73,285,165,0,6.2221763134002686,0
grid_5x5_nodiag,heavy,medium,p2_c40,1212,6,8,0,8,541,1268,458,152,324,186,0,6.5782530307769775,0
grid_5x5_nodiag,heavy,medium,p2_c40,1414,10,12,2,10,663,1586,530,224,397,226,0,6.168943405151367,0
grid_5x5_nodiag,heavy,medium,p2_c40,1616,7,12,4,8,690,1524,693,169,473,182,0,5.9142889976501465,0
grid_5x5_nodiag,heavy,medium,p2_c40,1818,2,8,5,3,477,1114,411,28,294,156,0,5.900494575500488,0
grid_5x5_nodiag,heavy,medium,p2_c40_penalty_off,303,7,12,6,6,656,1508,601,130,456,163,0,5.394880533218384,0
grid_5x5_nodiag,heavy,medium,p2_c40,1717,9,12,4,8,649,1525,551,170,427,185,0,6.341299057006836,0
grid_5x5_nodiag,heavy,medium,p2_c40_penalty_off,707,6,8,5,3,605,1398,552,133,401,172,0,5.042923450469971,0
grid_5x5_nodiag,heavy,medium,p2_c40_penalty_off,202,5,11,5,6,578,1291,551,85,369,175,0,5.7829368114471436,0
grid_5x5_nodiag,heavy,medium,p2_c40,1919,2,8,0,8,477,1160,362,49,264,186,0,6.37221360206604,0
grid_5x5_nodiag,heavy,medium,p2_c40_penalty_off,505,11,12,7,5,829,1831,843,215,598,188,0,5.840782642364502,0
grid_5x5_nodiag,heavy,medium,p2_c40_penalty_off,101,10,12,7,5,668,1545,597,134,429,199,0,6.260660648345947,0
grid_5x5_nodiag,heavy,medium,p2_c40_penalty_off,42,9,12,6,6,670,1512,636,82,462,170,0,6.407070159912109,0
grid_5x5_nodiag,heavy,medium,p2_c40_penalty_off,1212,6,8,4,4,539,1241,484,78,341,167,0,4.806675672531128,0
grid_5x5_nodiag,heavy,medium,p2_c40_penalty_off,404,7,12,6,6,596,1377,529,67,386,174,0,6.160894870758057,0
grid_5x5_nodiag,heavy,medium,p2_c40_penalty_off,808,8,8,5,3,646,1527,553,126,425,186,0,5.520454168319702,0
grid_5x5_nodiag,heavy,medium,p2_c40_penalty_off,606,9,12,7,5,769,1753,720,167,534,195,0,6.178774356842041,0
grid_5x5_nodiag,heavy,medium,p2_c40_penalty_off,909,6,8,5,3,655,1509,603,119,452,170,0,6.0553200244903564,0
grid_5x5_nodiag,heavy,medium,p2_c40_penalty_off,1010,3,12,6,6,548,1251,507,18,351,165,0,6.113998174667358,0
grid_5x5_nodiag,heavy,medium,p2_c40_penalty_off,1111,10,12,8,4,758,1740,691,165,543,174,0,6.1648030281066895,0
grid_5x5_nodiag,heavy,medium,p2_c40_penalty_off,1313,6,8,4,4,597,1345,569,116,396,168,0,6.305625677108765,0
grid_5x5_nodiag,heavy,medium,p2_c40_penalty_off,1414,9,12,6,6,707,1627,638,201,469,196,0,6.148943662643433,0
grid_5x5_nodiag,heavy,medium,p2_c40_penalty_off,1515,8,12,6,6,769,1710,763,210,551,177,0,6.245668888092041,0
grid_5x5_nodiag,heavy,medium,p2_c40_penalty_off,1616,7,12,8,4,715,1567,735,126,515,163,0,5.99138617515564,0
grid_5x5_nodiag,heavy,medium,p2_c40_penalty_off,1818,2,8,6,2,539,1226,502,59,349,161,0,5.757789611816406,0
grid_5x5_nodiag,heavy,medium,p2_c40_penalty_off,1717,7,12,8,4,646,1487,581,117,431,178,0,5.80006742477417,0
grid_5x5_nodiag,heavy,medium,p2_c40_penalty_off,1919,4,8,4,4,557,1306,480,56,357,170,0,5.833324432373047,0
grid_5x5_nodiag,heavy,frequent,baseline,101,9,12,9,3,1054,2285,1112,131,813,185,0,5.803423881530762,0
grid_5x5_nodiag,heavy,frequent,baseline,303,9,12,9,3,912,1964,952,88,663,194,0,5.794264316558838,0
grid_5x5_nodiag,heavy,frequent,baseline,42,12,12,6,6,939,2036,940,158,669,211,0,6.288722038269043,0
grid_5x5_nodiag,heavy,frequent,baseline,909,9,12,4,8,866,1931,817,183,594,216,0,5.168414354324341,0
grid_5x5_nodiag,heavy,frequent,baseline,404,9,12,7,5,947,2030,998,135,714,178,0,5.959492921829224,0
grid_5x5_nodiag,heavy,frequent,baseline,202,7,8,5,3,826,1782,866,101,591,186,0,6.2678399085998535,0
grid_5x5_nodiag,heavy,frequent,baseline,505,9,12,9,3,1029,2183,1143,133,798,176,0,6.064513921737671,0
grid_5x5_nodiag,heavy,frequent,baseline,1010,6,8,8,0,811,1734,872,63,609,154,0,5.5694029331207275,0
grid_5x5_nodiag,heavy,frequent,baseline,606,10,12,8,4,926,1995,960,133,675,194,0,6.103489637374878,0
grid_5x5_nodiag,heavy,frequent,baseline,1515,11,12,4,8,928,2093,851,208,655,215,0,5.529770612716675,0
grid_5x5_nodiag,heavy,frequent,baseline,808,8,12,10,2,832,1788,870,61,589,190,0,6.108691215515137,0
grid_5x5_nodiag,heavy,frequent,baseline,707,12,12,8,4,1043,2213,1123,185,802,182,0,6.426888465881348,0
grid_5x5_nodiag,heavy,frequent,baseline,1212,7,12,7,5,860,1825,913,115,621,185,0,6.12946081161499,0
grid_5x5_nodiag,heavy,frequent,baseline,1111,6,12,10,2,909,1893,1027,69,687,170,0,6.179870128631592,0
grid_5x5_nodiag,heavy,frequent,baseline,1414,10,12,7,5,1023,2221,1057,167,780,186,0,6.338900089263916,0
grid_5x5_nodiag,heavy,frequent,baseline,1313,4,8,6,2,840,1814,888,74,641,154,0,6.401614427566528,0
grid_5x5_nodiag,heavy,frequent,baseline,1616,10,12,4,8,994,2214,983,253,735,202,0,6.239561557769775,0
grid_5x5_nodiag,heavy,frequent,baseline,1717,9,12,7,5,885,1941,883,176,624,205,0,6.437958240509033,0
grid_5x5_nodiag,heavy,frequent,baseline,1919,11,12,6,6,990,2193,970,193,729,202,0,6.003007888793945,0
grid_5x5_nodiag,heavy,frequent,baseline,1818,8,12,7,5,974,2060,1056,164,733,186,0,6.328542947769165,0
grid_5x5_nodiag,heavy,frequent,p2_c120,202,7,8,7,1,831,1777,889,75,614,168,0,5.414192199707031,0
grid_5x5_nodiag,heavy,frequent,p2_c120,42,12,12,8,4,1001,2150,1035,179,747,194,0,6.1800408363342285,0
grid_5x5_nodiag,heavy,frequent,p2_c120,606,9,12,10,2,959,2054,1019,130,724,179,0,4.930402994155884,0
grid_5x5_nodiag,heavy,frequent,p2_c120,101,9,12,10,2,1068,2305,1142,126,837,175,0,6.122746467590332,0
grid_5x5_nodiag,heavy,frequent,p2_c120,303,9,12,10,2,952,2041,1009,110,707,189,0,6.362800598144531,0
grid_5x5_nodiag,heavy,frequent,p2_c120,505,9,12,9,3,1029,2183,1143,133,798,176,0,6.178278923034668,0
grid_5x5_nodiag,heavy,frequent,p2_c120,404,9,12,10,2,971,2053,1061,113,761,155,0,6.2762451171875,0
grid_5x5_nodiag,heavy,frequent,p2_c120,707,12,12,8,4,1046,2229,1107,193,792,194,0,6.100325107574463,0
grid_5x5_nodiag,heavy,frequent,p2_c120,808,8,12,11,1,887,1891,943,106,655,177,0,6.0590598583221436,0
grid_5x5_nodiag,heavy,frequent,p2_c120,1919,10,12,9,3,1025,2262,1023,175,781,185,0,4.696704387664795,0
grid_5x5_nodiag,heavy,frequent,p2_c120,1616,9,12,8,4,1019,2221,1056,233,786,175,0,5.397343158721924,0
grid_5x5_nodiag,heavy,frequent,p2_c120,1212,7,12,9,3,932,1984,998,147,700,176,0,6.051522493362427,0
grid_5x5_nodiag,heavy,frequent,p2_c120,1111,6,12,11,1,925,1920,1057,65,713,160,0,6.1937572956085205,0
grid_5x5_nodiag,heavy,frequent,p2_c120,909,10,12,8,4,931,2074,898,199,659,213,0,6.327416896820068,0
grid_5x5_nodiag,heavy,frequent,p2_c120,1010,6,8,8,0,811,1734,872,63,609,154,0,6.328722715377808,0
grid_5x5_nodiag,heavy,frequent,p2_c120,1515,10,12,8,4,976,2130,980,191,729,188,0,5.93882942199707,0
grid_5x5_nodiag,heavy,frequent,p2_c120,1313,4,8,7,1,835,1801,886,51,641,149,0,6.208522081375122,0
grid_5x5_nodiag,heavy,frequent,p2_c120_mp2,101,9,12,10,2,1078,2337,1138,135,836,184,0,5.523955583572388,0
grid_5x5_nodiag,heavy,frequent,p2_c120,1414,10,12,9,3,1063,2299,1117,169,825,180,0,6.487149000167847,0
grid_5x5_nodiag,heavy,frequent,p2_c120,1818,9,12,10,2,984,2068,1082,136,759,169,0,6.002580165863037,0
grid_5x5_nodiag,heavy,frequent,p2_c120_mp2,42,11,12,7,5,1000,2156,1020,200,718,218,0,5.911048412322998,0
grid_5x5_nodiag,heavy,frequent,p2_c120,1717,9,12,9,3,906,1945,952,164,667,182,0,6.43503999710083,0
grid_5x5_nodiag,heavy,frequent,p2_c120_mp2,303,9,12,10,2,954,2049,1003,110,707,189,0,6.082160949707031,0
grid_5x5_nodiag,heavy,frequent,p2_c120_mp2,202,7,8,7,1,832,1778,889,75,614,168,0,6.295905828475952,0
grid_5x5_nodiag,heavy,frequent,p2_c120_mp2,505,9,12,10,2,1076,2277,1188,172,838,180,0,5.949345827102661,0
grid_5x5_nodiag,heavy,frequent,p2_c120_mp2,404,10,12,10,2,1025,2229,1064,149,782,184,0,6.194977760314941,0
grid_5x5_nodiag,heavy,frequent,p2_c120_mp2,808,8,12,11,1,887,1891,943,106,655,177,0,5.392701625823975,0
grid_5x5_nodiag,heavy,frequent,p2_c120_mp2,606,10,12,10,2,978,2079,1053,147,740,179,0,6.369450330734253,0
grid_5x5_nodiag,heavy,frequent,p2_c120_mp2,707,12,12,8,4,1055,2250,1112,200,799,194,0,6.176248788833618,0
grid_5x5_nodiag,heavy,frequent,p2_c120_mp2,909,10,12,8,4,944,2100,910,203,665,218,0,6.091187238693237,0
grid_5x5_nodiag,heavy,frequent,p2_c120_mp2,1010,6,8,8,0,811,1734,872,63,609,154,0,6.39457893371582,0
grid_5x5_nodiag,heavy,frequent,p2_c120_mp2,1111,6,12,11,1,925,1922,1052,65,712,160,0,6.470906972885132,0
grid_5x5_nodiag,heavy,frequent,p2_c120_mp2,1212,9,12,9,3,941,1975,1025,158,705,175,0,6.206086158752441,0
grid_5x5_nodiag,heavy,frequent,p2_c120_mp2,1414,11,12,9,3,1086,2335,1151,183,847,178,0,6.1678760051727295,0
grid_5x5_nodiag,heavy,frequent,p2_c120_mp2,1313,5,8,7,1,866,1865,916,80,664,154,0,6.397803544998169,0
grid_5x5_nodiag,heavy,frequent,p2_c120_mp2,1515,10,12,8,4,986,2166,970,194,734,190,0,6.087412118911743,0
grid_5x5_nodiag,heavy,frequent,p2_c120_mp2,1818,9,12,10,2,1022,2135,1137,181,795,169,0,4.961567163467407,0
grid_5x5_nodiag,heavy,frequent,p2_c120_mp2,1616,9,12,9,3,1020,2209,1065,216,780,180,0,6.080415725708008,0
grid_5x5_nodiag,heavy,frequent,p2_c120_mp3,404,9,12,9,3,1015,2229,1013,160,760,192,0,5.462702751159668,0
grid_5x5_nodiag,heavy,frequent,p2_c120_mp2,1717,9,12,9,3,896,1902,952,151,662,174,0,6.342284202575684,0
grid_5x5_nodiag,heavy,frequent,p2_c120_mp3,101,9,12,10,2,1071,2308,1142,126,837,175,0,6.103692531585693,0
grid_5x5_nodiag,heavy,frequent,p2_c120_mp3,808,8,12,11,1,887,1891,943,106,655,177,0,5.250993728637695,0
grid_5x5_nodiag,heavy,frequent,p2_c120_mp3,202,7,8,7,1,832,1778,889,75,614,168,0,6.126503229141235,0
grid_5x5_nodiag,heavy,frequent,p2_c120_mp3,42,12,12,8,4,1034,2220,1059,206,768,199,0,6.250584602355957,0
grid_5x5_nodiag,heavy,frequent,p2_c120_mp2,1919,10,12,9,3,1028,2265,1023,175,781,185,0,6.322235822677612,0
grid_5x5_nodiag,heavy,frequent,p2_c120_mp3,303,9,12,10,2,949,2031,1001,110,701,189,0,6.248302459716797,0
grid_5x5_nodiag,heavy,frequent,p2_c120_mp3,606,9,12,10,2,984,2093,1051,155,743,180,0,5.813536882400513,0
grid_5x5_nodiag,heavy,frequent,p2_c120_mp3,505,9,12,10,2,1077,2278,1188,172,838,180,0,6.358972549438477,0
grid_5x5_nodiag,heavy,frequent,p2_c120_mp3,707,12,12,8,4,1050,2235,1105,193,792,194,0,6.382154941558838,0
grid_5x5_nodiag,heavy,frequent,p2_c120_mp3,909,10,12,9,3,961,2094,971,208,709,191,0,6.385125160217285,0
grid_5x5_nodiag,heavy,frequent,p2_c120_mp3,1010,6,8,8,0,811,1734,872,63,609,154,0,6.096522331237793,0
grid_5x5_nodiag,heavy,frequent,p2_c120_mp3,1212,10,12,9,3,945,1986,1010,153,696,184,0,5.961703062057495,0
grid_5x5_nodiag,heavy,frequent,p2_c120_mp3,1313,5,8,7,1,867,1864,918,80,664,154,0,6.283700942993164,0
grid_5x5_nodiag,heavy,frequent,p2_c120_mp3,1414,11,12,9,3,1088,2335,1153,183,847,178,0,6.350111961364746,0
grid_5x5_nodiag,heavy,frequent,p2_c120_mp3,1111,6,12,11,1,928,1920,1062,65,714,160,0,6.531433343887329,0
grid_5x5_nodiag,heavy,frequent,p2_c120_mp3,1717,9,12,8,4,905,1954,926,175,660,182,0,5.7871692180633545,0
grid_5x5_nodiag,heavy,frequent,p2_c120_mp3,1515,10,12,8,4,989,2169,970,194,734,190,0,5.88548469543457,0
grid_5x5_nodiag,heavy,frequent,p2_c120_mp3,1616,9,12,9,3,981,2121,1026,183,746,175,0,6.209348201751709,0
grid_5x5_nodiag,heavy,frequent,p2_c120_mp3,1919,11,12,8,4,1054,2300,1059,212,774,213,0,6.010943412780762,0
grid_5x5_nodiag,heavy,frequent,p2_c120_mp3,1818,8,12,9,3,983,2047,1083,167,739,183,0,6.390023231506348,0
grid_5x5_nodiag,heavy,frequent,p2_c120_h2,101,9,12,10,2,999,2225,958,139,756,180,6,5.521426677703857,0
grid_5x5_nodiag,heavy,frequent,p2_c120_h2,42,11,12,11,1,1074,2337,1099,140,827,183,6,6.4602131843566895,0
grid_5x5_nodiag,heavy,frequent,p2_c120_h2,404,8,12,10,2,966,2025,1063,92,726,179,6,5.708122968673706,0
grid_5x5_nodiag,heavy,frequent,p2_c120_h2,202,10,12,9,3,1035,2197,1097,161,752,220,5,6.411358594894409,0
grid_5x5_nodiag,heavy,frequent,p2_c120_h2,303,6,8,7,1,874,1858,944,69,662,159,6,6.246191740036011,0
grid_5x5_nodiag,heavy,frequent,p2_c120_h2,505,6,8,7,1,880,1923,896,84,649,177,6,6.194867134094238,0
grid_5x5_nodiag,heavy,frequent,p2_c120_h2,808,9,12,10,2,1003,2179,1039,125,758,184,6,5.789503812789917,0
grid_5x5_nodiag,heavy,frequent,p2_c120_h2,1010,8,12,9,3,921,1997,937,127,663,197,5,5.764224529266357,0
grid_5x5_nodiag,heavy,frequent,p2_c120_h2,707,10,12,10,2,1107,2343,1204,194,843,200,6,6.0213282108306885,0
grid_5x5_nodiag,heavy,frequent,p2_c120_h2,1111,11,12,5,7,1097,2424,1071,249,762,269,6,5.817522764205933,0
grid_5x5_nodiag,heavy,frequent,p2_c120_h2,606,10,12,9,3,1074,2359,1076,215,812,198,5,6.315019130706787,0
grid_5x5_nodiag,heavy,frequent,p2_c120_h2,909,4,8,7,1,811,1753,830,70,581,180,4,6.18550705909729,0
grid_5x5_nodiag,heavy,frequent,p2_c120_h2,1212,10,12,9,3,1015,2228,1002,188,759,190,6,6.482250690460205,0
grid_5x5_nodiag,heavy,frequent,p2_c120_h2,1313,10,12,10,2,1025,2229,1031,160,777,185,6,6.356099605560303,0
grid_5x5_nodiag,heavy,frequent,p2_c120_h2,1414,9,12,10,2,1020,2195,1062,148,762,196,6,6.453766822814941,0
grid_5x5_nodiag,heavy,frequent,p2_c40,42,7,12,4,8,873,1884,900,144,640,182,0,5.15224289894104,0
grid_5x5_nodiag,heavy,frequent,p2_c120_h2,1515,11,12,8,4,1093,2378,1115,243,798,228,6,6.289860486984253,0
grid_5x5_nodiag,heavy,frequent,p2_c120_h2,1717,8,12,10,2,960,2035,1032,117,725,174,6,6.00632119178772,0
grid_5x5_nodiag,heavy,frequent,p2_c120_h2,1616,8,12,9,3,976,2040,1060,178,713,201,6,6.449454307556152,0
grid_5x5_nodiag,heavy,frequent,p2_c120_h2,1818,9,12,10,2,1039,2184,1139,128,808,169,6,6.132404088973999,0
grid_5x5_nodiag,heavy,frequent,p2_c120_h2,1919,12,12,10,2,1071,2338,1082,132,795,210,6,6.078036308288574,0
grid_5x5_nodiag,heavy,frequent,p2_c40,303,3,12,1,11,745,1586,794,27,530,168,0,5.686887502670288,0
grid_5x5_nodiag,heavy,frequent,p2_c40,505,11,12,3,9,1017,2196,1079,223,766,195,0,5.2862708568573,0
grid_5x5_nodiag,heavy,frequent,p2_c40,404,1,12,0,12,707,1523,730,23,500,162,0,5.845669984817505,0
grid_5x5_nodiag,heavy,frequent,p2_c40,101,11,12,3,9,1055,2345,1057,221,810,189,0,6.100921392440796,0
grid_5x5_nodiag,heavy,frequent,p2_c40,202,6,8,3,5,821,1787,844,102,606,168,0,6.291773319244385,0
grid_5x5_nodiag,heavy,frequent,p2_c40,606,4,12,0,12,759,1687,741,84,514,197,0,6.205146074295044,0
grid_5x5_nodiag,heavy,frequent,p2_c40,707,5,12,2,10,802,1740,813,87,568,185,0,6.405879020690918,0
grid_5x5_nodiag,heavy,frequent,p2_c40,808,10,12,4,8,913,1972,949,192,682,177,0,6.24454665184021,0
grid_5x5_nodiag,heavy,frequent,p2_c40,1010,2,8,2,6,667,1441,689,23,464,160,0,6.146161794662476,0
grid_5x5_nodiag,heavy,frequent,p2_c40,909,8,12,3,9,907,1976,928,207,657,196,0,6.395901203155518,0
grid_5x5_nodiag,heavy,frequent,p2_c40,1212,10,12,3,9,917,1998,932,219,659,202,0,5.721811532974243,0
grid_5x5_nodiag,heavy,frequent,p2_c40,1111,7,12,3,9,922,1987,979,165,665,205,0,6.373731851577759,0
grid_5x5_nodiag,heavy,frequent,p2_c40,1313,3,8,2,6,767,1720,736,80,536,186,0,5.703847408294678,0
grid_5x5_nodiag,heavy,frequent,p2_c40,1414,9,12,3,9,956,2073,995,178,708,194,0,5.7517991065979,0
grid_5x5_nodiag,heavy,frequent,p2_c40,1717,6,12,0,12,770,1661,792,137,528,192,0,5.763030290603638,0
grid_5x5_nodiag,heavy,frequent,p2_c40,1616,7,12,4,8,874,1908,889,123,645,178,0,6.010613441467285,0
star_5,medium,medium,baseline,42,6,6,4,2,78,246,0,20,28,14,0,1.2652182579040527,0
grid_5x5_nodiag,heavy,frequent,p2_c40,1919,9,12,3,9,972,2159,954,213,702,215,0,5.8419928550720215,0
grid_5x5_nodiag,heavy,frequent,p2_c40,1515,4,12,2,10,810,1837,749,99,553,207,0,6.375041246414185,0
grid_5x5_nodiag,heavy,frequent,p2_c40,1818,4,12,0,12,805,1717,843,95,575,181,0,6.19338059425354,0
grid_5x5_nodiag,heavy,frequent,p2_c40_penalty_off,808,9,12,7,5,877,1856,942,129,653,169,0,4.825165271759033,0
star_5,medium,medium,baseline,202,6,6,4,2,78,246,0,20,28,14,0,1.1957249641418457,0
star_5,medium,medium,baseline,101,6,6,4,2,78,246,0,20,28,14,0,1.341078758239746,0
grid_5x5_nodiag,heavy,frequent,p2_c40_penalty_off,505,10,12,6,6,1020,2190,1098,173,777,187,0,5.551162481307983,0
star_5,medium,medium,baseline,303,6,6,4,2,78,246,0,20,28,14,0,1.2620737552642822,0
grid_5x5_nodiag,heavy,frequent,p2_c40_penalty_off,101,9,12,8,4,1093,2362,1166,184,871,165,0,6.32839298248291,0
grid_5x5_nodiag,heavy,frequent,p2_c40_penalty_off,42,10,12,7,5,1005,2171,1035,218,730,216,0,6.36824631690979,0
star_5,medium,medium,baseline,505,6,6,4,2,78,246,0,20,28,14,0,1.0560243129730225,0
grid_5x5_nodiag,heavy,frequent,p2_c40_penalty_off,202,5,8,4,4,797,1734,816,60,579,172,0,6.351100206375122,0
grid_5x5_nodiag,heavy,frequent,p2_c40_penalty_off,606,8,12,6,6,902,1961,931,119,676,172,0,5.887532949447632,0
star_5,medium,medium,baseline,404,6,6,4,2,77,241,0,20,28,13,0,1.4011178016662598,0
grid_5x5_nodiag,heavy,frequent,p2_c40_penalty_off,1212,10,12,6,6,912,2002,900,168,643,211,0,5.2985875606536865,0
grid_5x5_nodiag,heavy,frequent,p2_c40_penalty_off,404,5,12,6,6,833,1797,862,40,617,166,0,6.29926609992981,0
star_5,medium,medium,baseline,606,6,6,4,2,77,241,0,20,28,13,0,1.3652687072753906,0
grid_5x5_nodiag,heavy,frequent,p2_c40_penalty_off,303,7,12,6,6,935,1971,1029,137,703,178,0,6.47723913192749,0
star_5,medium,medium,baseline,707,6,6,4,2,78,246,0,20,28,14,0,1.391726016998291,0
star_5,medium,medium,baseline,808,6,6,4,2,78,246,0,20,28,14,0,1.367565393447876,0
star_5,medium,medium,baseline,909,6,6,4,2,78,246,0,20,28,14,0,1.2968730926513672,0
grid_5x5_nodiag,heavy,frequent,p2_c40_penalty_off,707,7,12,6,6,930,2005,966,128,706,170,0,6.211154460906982,0
star_5,medium,medium,baseline,1010,6,6,4,2,78,246,0,20,28,14,0,1.0278918743133545,0
grid_5x5_nodiag,heavy,frequent,p2_c40_penalty_off,1010,4,8,4,4,763,1655,783,98,534,182,0,6.330539703369141,0
grid_5x5_nodiag,heavy,frequent,p2_c40_penalty_off,909,9,12,7,5,961,2056,1031,183,735,170,0,6.362157344818115,0
star_5,medium,medium,baseline,1313,6,6,4,2,78,246,0,20,28,14,0,1.2611939907073975,0
grid_5x5_nodiag,heavy,frequent,p2_c40_penalty_off,1111,7,12,8,4,964,2000,1107,129,753,158,0,6.232636213302612,0
star_5,medium,medium,baseline,1111,6,6,4,2,78,246,0,20,28,14,0,1.4061648845672607,0
star_5,medium,medium,baseline,1212,6,6,4,2,78,246,0,20,28,14,0,1.381666898727417,0
star_5,medium,medium,baseline,1414,6,6,4,2,78,246,0,20,28,14,0,1.3047795295715332,0
star_5,medium,medium,baseline,1515,6,6,4,2,78,246,0,20,28,14,0,1.2911980152130127,0
star_5,medium,medium,baseline,1616,6,6,4,2,78,246,0,20,28,14,0,1.266528606414795,0
star_5,medium,medium,baseline,1717,6,6,4,2,78,246,0,20,28,14,0,1.3360846042633057,0
star_5,medium,medium,baseline,1818,6,6,4,2,77,241,0,20,28,13,0,1.269458293914795,0
star_5,medium,medium,p2_c120,202,6,6,4,2,78,246,0,20,28,14,0,1.1668064594268799,0
grid_5x5_nodiag,heavy,frequent,p2_c40_penalty_off,1313,3,8,4,4,755,1644,768,32,556,155,0,6.325078248977661,0
star_5,medium,medium,p2_c120,42,6,6,4,2,78,246,0,20,28,14,0,1.367386817932129,0
star_5,medium,medium,baseline,1919,6,6,4,2,78,246,0,20,28,14,0,1.386324167251587,0
star_5,medium,medium,p2_c120,101,6,6,4,2,78,246,0,20,28,14,0,1.4015138149261475,0
star_5,medium,medium,p2_c120,303,6,6,4,2,78,246,0,20,28,14,0,1.4246647357940674,0
star_5,medium,medium,p2_c120,404,6,6,4,2,77,241,0,20,28,13,0,1.382094383239746,0
star_5,medium,medium,p2_c120,808,6,6,4,2,78,246,0,20,28,14,0,1.1973299980163574,0
star_5,medium,medium,p2_c120,505,6,6,4,2,78,246,0,20,28,14,0,1.4044837951660156,0
star_5,medium,medium,p2_c120,606,6,6,4,2,77,241,0,20,28,13,0,1.4035744667053223,0
star_5,medium,medium,p2_c120,1010,6,6,4,2,78,246,0,20,28,14,0,1.0051448345184326,0
star_5,medium,medium,p2_c120,707,6,6,4,2,78,246,0,20,28,14,0,1.4502403736114502,0
grid_5x5_nodiag,heavy,frequent,p2_c40_penalty_off,1515,7,12,6,6,894,1996,849,107,651,189,0,5.8194262981414795,0
star_5,medium,medium,p2_c120,909,6,6,4,2,78,246,0,20,28,14,0,1.3764798641204834,0
star_5,medium,medium,p2_c120,1414,6,6,4,2,78,246,0,20,28,14,0,1.2422237396240234,0
star_5,medium,medium,p2_c120,1616,6,6,4,2,78,246,0,20,28,14,0,1.246157169342041,0
grid_5x5_nodiag,heavy,frequent,p2_c40_penalty_off,1414,10,12,7,5,1058,2263,1131,211,818,181,0,6.338268995285034,0
star_5,medium,medium,p2_c120,1313,6,6,4,2,78,246,0,20,28,14,0,1.381371259689331,0
star_5,medium,medium,p2_c120,1111,6,6,4,2,78,246,0,20,28,14,0,1.425001859664917,0
star_5,medium,medium,p2_c120,1717,6,6,4,2,78,246,0,20,28,14,0,1.3109538555145264,0
star_5,medium,medium,p2_c120,1212,6,6,4,2,78,246,0,20,28,14,0,1.4381685256958008,0
grid_5x5_nodiag,heavy,frequent,p2_c40_penalty_off,1616,7,12,7,5,906,1960,948,78,695,158,0,6.157153129577637,0
star_5,medium,medium,p2_c120,1515,6,6,4,2,78,246,0,20,28,14,0,1.4302372932434082,0
star_5,medium,medium,p2_c120,1818,6,6,4,2,77,241,0,20,28,13,0,1.3782246112823486,0
star_5,medium,medium,p2_c120,1919,6,6,4,2,78,246,0,20,28,14,0,1.321770191192627,0
star_5,medium,medium,p2_c120_mp2,404,6,6,4,2,78,236,2,19,28,12,0,1.1824731826782227,0
star_5,medium,medium,p2_c120_mp2,202,6,6,4,2,80,248,0,20,28,14,0,1.2816927433013916,0
star_5,medium,medium,p2_c120_mp2,42,6,6,4,2,80,248,0,20,28,14,0,1.3944015502929688,0
star_5,medium,medium,p2_c120_mp2,303,6,6,4,2,80,248,0,20,28,14,0,1.303406000137329,0
star_5,medium,medium,p2_c120_mp2,101,6,6,4,2,80,248,0,20,28,14,0,1.354722261428833,0
star_5,medium,medium,p2_c120_mp2,707,6,6,4,2,80,248,0,20,28,14,0,1.2341017723083496,0
star_5,medium,medium,p2_c120_mp2,505,6,6,4,2,80,248,0,20,28,14,0,1.4100854396820068,0
star_5,medium,medium,p2_c120_mp2,606,6,6,4,2,79,243,0,20,28,13,0,1.3857684135437012,0
star_5,medium,medium,p2_c120_mp2,808,6,6,4,2,80,248,0,20,28,14,0,1.3888516426086426,0
grid_5x5_nodiag,heavy,frequent,p2_c40_penalty_off,1717,8,12,6,6,882,1871,949,156,649,178,0,5.932612180709839,0
star_5,medium,medium,p2_c120_mp2,1010,6,6,4,2,80,248,0,20,28,14,0,1.379800796508789,0
star_5,medium,medium,p2_c120_mp2,909,6,6,4,2,80,248,0,20,28,14,0,1.392806053161621,0
grid_5x5_nodiag,heavy,frequent,p2_c40_penalty_off,1919,10,12,7,5,1055,2306,1079,226,802,193,0,6.120392799377441,0
star_5,medium,medium,p2_c120_mp2,1111,6,6,4,2,80,248,0,20,28,14,0,1.425590991973877,0
star_5,medium,medium,p2_c120_mp2,1212,6,6,4,2,80,248,0,20,28,14,0,1.3728432655334473,0
star_5,medium,medium,p2_c120_mp3,101,6,6,4,2,82,250,0,20,28,14,0,1.1396710872650146,0
star_5,medium,medium,p2_c120_mp2,1919,6,6,4,2,80,248,0,20,28,14,0,1.2039995193481445,0
star_5,medium,medium,p2_c120_mp2,1313,6,6,4,2,80,248,0,20,28,14,0,1.380523681640625,0
star_5,medium,medium,p2_c120_mp2,1515,6,6,4,2,80,248,0,20,28,14,0,1.3195571899414062,0
grid_5x5_nodiag,heavy,frequent,p2_c40_penalty_off,1818,5,12,6,6,891,1866,975,91,667,171,0,6.416324853897095,0
star_5,medium,medium,p2_c120_mp2,1414,6,6,4,2,80,248,0,20,28,14,0,1.4149763584136963,0
star_5,medium,medium,p2_c120_mp2,1616,6,6,4,2,80,248,0,20,28,14,0,1.3825743198394775,0
star_5,medium,medium,p2_c120_mp3,202,6,6,4,2,82,250,0,20,28,14,0,1.2621359825134277,0
star_5,medium,medium,p2_c120_mp2,1717,6,6,4,2,80,248,0,20,28,14,0,1.3891880512237549,0
star_5,medium,medium,p2_c120_mp2,1818,6,6,4,2,79,243,0,20,28,13,0,1.371171236038208,0
star_5,medium,medium,p2_c120_mp3,42,6,6,4,2,81,243,2,19,28,13,0,1.3942453861236572,0
star_5,medium,medium,p2_c120_mp3,505,6,6,4,2,82,250,0,20,28,14,0,1.2591111660003662,0
star_5,medium,medium,p2_c120_mp3,303,6,6,4,2,82,250,0,20,28,14,0,1.3095533847808838,0
star_5,medium,medium,p2_c120_mp3,404,6,6,4,2,81,245,0,20,28,13,0,1.3603510856628418,0
star_5,medium,medium,p2_c120_mp3,606,6,6,4,2,81,245,0,20,28,13,0,1.3038482666015625,0
star_5,medium,medium,p2_c120_mp3,707,6,6,4,2,82,250,0,20,28,14,0,1.3172101974487305,0
star_5,medium,medium,p2_c120_mp3,808,6,6,4,2,82,250,0,20,28,14,0,1.3410019874572754,0
star_5,medium,medium,p2_c120_mp3,909,6,6,4,2,82,250,0,20,28,14,0,1.318922519683838,0
star_5,medium,medium,p2_c120_mp3,1010,6,6,4,2,82,250,0,20,28,14,0,1.3898348808288574,0
star_5,medium,medium,p2_c120_mp3,1111,6,6,4,2,82,250,0,20,28,14,0,1.2983403205871582,0
star_5,medium,medium,p2_c120_mp3,1414,6,6,4,2,82,248,0,20,28,14,0,1.2738373279571533,0
star_5,medium,medium,p2_c120_mp3,1515,6,6,4,2,82,250,0,20,28,14,0,1.2505888938903809,0
star_5,medium,medium,p2_c120_mp3,1313,6,6,4,2,82,250,0,20,28,14,0,1.3859543800354004,0
star_5,medium,medium,p2_c120_mp3,1212,6,6,4,2,82,250,0,20,28,14,0,1.438950538635254,0
star_5,medium,medium,p2_c120_mp3,1616,6,6,4,2,82,250,0,20,28,14,0,1.3875317573547363,0
star_5,medium,medium,p2_c120_h2,42,6,6,4,2,78,246,0,20,28,14,0,1.0946738719940186,0
star_5,medium,medium,p2_c120_mp3,1717,6,6,4,2,82,250,0,20,28,14,0,1.3980498313903809,0
star_5,medium,medium,p2_c120_mp3,1818,6,6,4,2,81,245,0,20,28,13,0,1.3913099765777588,0
star_5,medium,medium,p2_c120_mp3,1919,6,6,4,2,82,250,0,20,28,14,0,1.370490550994873,0
star_5,medium,medium,p2_c120_h2,303,6,6,4,2,78,246,0,20,28,14,0,1.240088701248169,0
star_5,medium,medium,p2_c120_h2,101,6,6,4,2,78,246,0,20,28,14,0,1.4499831199645996,0
star_5,medium,medium,p2_c120_h2,1010,6,6,4,2,78,246,0,20,28,14,0,1.240006923675537,0
star_5,medium,medium,p2_c120_h2,505,6,6,4,2,78,246,0,20,28,14,0,1.3825702667236328,0
star_5,medium,medium,p2_c120_h2,404,6,6,4,2,77,241,0,20,28,13,0,1.4425373077392578,0
star_5,medium,medium,p2_c120_h2,606,6,6,4,2,77,241,0,20,28,13,0,1.3909831047058105,0
star_5,medium,medium,p2_c120_h2,909,6,6,4,2,78,246,0,20,28,14,0,1.3502709865570068,0
star_5,medium,medium,p2_c120_h2,808,6,6,4,2,78,246,0,20,28,14,0,1.3925020694732666,0
star_5,medium,medium,p2_c120_h2,707,6,6,4,2,78,246,0,20,28,14,0,1.4194600582122803,0
star_5,medium,medium,p2_c120_h2,202,6,6,4,2,78,246,0,20,28,14,0,1.5551319122314453,0
star_5,medium,medium,p2_c120_h2,1111,6,6,4,2,78,246,0,20,28,14,0,1.2833654880523682,0
star_5,medium,medium,p2_c120_h2,1212,6,6,4,2,78,246,0,20,28,14,0,1.3906819820404053,0
star_5,medium,medium,p2_c120_h2,1313,6,6,4,2,78,246,0,20,28,14,0,1.396956443786621,0
star_5,medium,medium,p2_c120_h2,1717,6,6,4,2,78,246,0,20,28,14,0,1.302112340927124,0
star_5,medium,medium,p2_c120_h2,1414,6,6,4,2,78,246,0,20,28,14,0,1.4172718524932861,0
star_5,medium,medium,p2_c120_h2,1515,6,6,4,2,78,246,0,20,28,14,0,1.4091928005218506,0
star_5,medium,medium,p2_c120_h2,1616,6,6,4,2,78,246,0,20,28,14,0,1.4716684818267822,0
star_5,medium,medium,p2_c120_h2,1919,6,6,4,2,78,246,0,20,28,14,0,1.2222306728363037,0
star_5,medium,medium,p2_c40,42,6,6,0,6,70,222,0,12,26,12,0,1.2590694427490234,0
star_5,medium,medium,p2_c120_h2,1818,6,6,4,2,77,241,0,20,28,13,0,1.4452292919158936,0
star_5,medium,medium,p2_c40,101,6,6,0,6,70,222,0,12,26,12,0,1.3554928302764893,0
star_5,medium,medium,p2_c40,303,6,6,0,6,70,222,0,12,26,12,0,1.3587727546691895,0
star_5,medium,medium,p2_c40,202,6,6,0,6,70,222,0,12,26,12,0,1.4073169231414795,0
star_5,medium,medium,p2_c40,606,6,6,0,6,69,217,0,12,26,11,0,1.2143058776855469,0
star_5,medium,medium,p2_c40,404,6,6,0,6,69,217,0,12,26,11,0,1.3972969055175781,0
star_5,medium,medium,p2_c40,1111,6,6,0,6,70,222,0,12,26,12,0,1.0107648372650146,0
star_5,medium,medium,p2_c40,707,6,6,0,6,70,222,0,12,26,12,0,1.34322190284729,0
star_5,medium,medium,p2_c40,505,6,6,0,6,70,222,0,12,26,12,0,1.4332406520843506,0
star_5,medium,medium,p2_c40,808,6,6,0,6,70,222,0,12,26,12,0,1.3614680767059326,0
star_5,medium,medium,p2_c40,909,6,6,0,6,70,222,0,12,26,12,0,1.4044451713562012,0
star_5,medium,medium,p2_c40,1414,6,6,0,6,70,222,0,12,26,12,0,1.2036478519439697,0
star_5,medium,medium,p2_c40,1919,6,6,0,6,70,222,0,12,26,12,0,1.1433079242706299,0
star_5,medium,medium,p2_c40,1212,6,6,0,6,70,222,0,12,26,12,0,1.361957311630249,0
star_5,medium,medium,p2_c40,1313,6,6,0,6,70,222,0,12,26,12,0,1.3363206386566162,0
star_5,medium,medium,p2_c40,1010,6,6,0,6,70,222,0,12,26,12,0,1.3840014934539795,0
star_5,medium,medium,p2_c40,1515,6,6,0,6,70,222,0,12,26,12,0,1.3589584827423096,0
star_5,medium,medium,p2_c40,1616,6,6,0,6,70,222,0,12,26,12,0,1.3569681644439697,0
star_5,medium,medium,p2_c40,1818,6,6,0,6,69,217,0,12,26,11,0,1.3524017333984375,0
star_5,medium,medium,p2_c40,1717,6,6,0,6,70,222,0,12,26,12,0,1.4200999736785889,0
star_5,medium,medium,p2_c40_penalty_off,101,6,6,0,6,70,222,0,12,26,12,0,1.2993299961090088,0
star_5,medium,medium,p2_c40_penalty_off,42,6,6,0,6,70,222,0,12,26,12,0,1.3936927318572998,0
star_5,medium,medium,p2_c40_penalty_off,303,6,6,0,6,70,222,0,12,26,12,0,1.3276641368865967,0
star_5,medium,medium,p2_c40_penalty_off,202,6,6,0,6,70,222,0,12,26,12,0,1.3775129318237305,0
star_5,medium,medium,p2_c40_penalty_off,404,6,6,0,6,69,217,0,12,26,11,0,1.3658013343811035,0
star_5,medium,medium,p2_c40_penalty_off,505,6,6,0,6,70,222,0,12,26,12,0,1.3332409858703613,0
star_5,medium,medium,p2_c40_penalty_off,606,6,6,0,6,69,217,0,12,26,11,0,1.3719279766082764,0
star_5,medium,medium,p2_c40_penalty_off,1010,6,6,0,6,70,222,0,12,26,12,0,1.214454174041748,0
star_5,medium,medium,p2_c40_penalty_off,707,6,6,0,6,70,222,0,12,26,12,0,1.4095823764801025,0
star_5,medium,medium,p2_c40_penalty_off,909,6,6,0,6,70,222,0,12,26,12,0,1.2605998516082764,0
star_5,medium,medium,p2_c40_penalty_off,808,6,6,0,6,70,222,0,12,26,12,0,1.3805668354034424,0
star_5,medium,medium,p2_c40_penalty_off,1313,6,6,0,6,70,222,0,12,26,12,0,1.2409815788269043,0
star_5,medium,medium,p2_c40_penalty_off,1111,6,6,0,6,70,222,0,12,26,12,0,1.388749122619629,0
star_5,medium,medium,p2_c40_penalty_off,1515,6,6,0,6,70,222,0,12,26,12,0,1.229612112045288,0
star_5,medium,medium,p2_c40_penalty_off,1212,6,6,0,6,70,222,0,12,26,12,0,1.4362614154815674,0
star_5,medium,medium,p2_c40_penalty_off,1414,6,6,0,6,70,222,0,12,26,12,0,1.3464233875274658,0
star_5,medium,medium,p2_c40_penalty_off,1616,6,6,0,6,70,222,0,12,26,12,0,1.3635165691375732,0
star_5,medium,medium,p2_c40_penalty_off,1919,6,6,0,6,70,222,0,12,26,12,0,1.26235032081604,0
star_5,medium,medium,p2_c40_penalty_off,1818,6,6,0,6,69,217,0,12,26,11,0,1.2915289402008057,0
star_5,medium,medium,p2_c40_penalty_off,1717,6,6,0,6,70,222,0,12,26,12,0,1.3873906135559082,0
star_5,medium,frequent,baseline,202,6,6,4,2,118,366,0,20,48,14,0,1.2858550548553467,0
star_5,medium,frequent,baseline,42,6,6,4,2,118,366,0,20,48,14,0,1.3613865375518799,0
star_5,medium,frequent,baseline,303,6,6,4,2,118,366,0,20,48,14,0,1.3208260536193848,0
star_5,medium,frequent,baseline,101,6,6,4,2,118,366,0,20,48,14,0,1.366964340209961,0
star_5,medium,frequent,baseline,404,6,6,4,2,117,361,0,20,48,13,0,1.3619043827056885,0
star_5,medium,frequent,baseline,505,6,6,4,2,118,366,0,20,48,14,0,1.362551212310791,0
star_5,medium,frequent,baseline,707,6,6,4,2,118,366,0,20,48,14,0,1.3015425205230713,0
star_5,medium,frequent,baseline,606,6,6,4,2,117,361,0,20,48,13,0,1.4128501415252686,0
star_5,medium,frequent,baseline,909,6,6,4,2,118,366,0,20,48,14,0,1.3616218566894531,0
star_5,medium,frequent,baseline,808,6,6,4,2,118,366,0,20,48,14,0,1.4423494338989258,0
star_5,medium,frequent,baseline,1212,6,6,4,2,118,366,0,20,48,14,0,1.3321073055267334,0
star_5,medium,frequent,baseline,1010,6,6,4,2,118,366,0,20,48,14,0,1.386263370513916,0
star_5,medium,frequent,baseline,1111,6,6,4,2,117,359,0,20,47,14,0,1.420379877090454,0
star_5,medium,frequent,baseline,1313,6,6,4,2,118,366,0,20,48,14,0,1.3422949314117432,0
star_5,medium,frequent,baseline,1414,6,6,4,2,118,366,0,20,48,14,0,1.3132729530334473,0
star_5,medium,frequent,baseline,1515,6,6,4,2,118,366,0,20,48,14,0,1.285081386566162,0
star_5,medium,frequent,baseline,1616,6,6,4,2,118,366,0,20,48,14,0,1.3442203998565674,0
star_5,medium,frequent,baseline,1717,6,6,4,2,118,366,0,20,48,14,0,1.3766767978668213,0
star_5,medium,frequent,p2_c120,42,6,6,4,2,118,366,0,20,48,14,0,1.2230329513549805,0
star_5,medium,frequent,baseline,1818,6,6,4,2,117,361,0,20,48,13,0,1.3857338428497314,0
star_5,medium,frequent,p2_c120,101,6,6,4,2,118,366,0,20,48,14,0,1.2707269191741943,0
star_5,medium,frequent,baseline,1919,6,6,4,2,118,366,0,20,48,14,0,1.3831250667572021,0
star_5,medium,frequent,p2_c120,606,6,6,4,2,117,361,0,20,48,13,0,1.1113293170928955,0
star_5,medium,frequent,p2_c120,202,6,6,4,2,118,366,0,20,48,14,0,1.3987059593200684,0
star_5,medium,frequent,p2_c120,303,6,6,4,2,118,366,0,20,48,14,0,1.4381418228149414,0
star_5,medium,frequent,p2_c120,404,6,6,4,2,117,361,0,20,48,13,0,1.4473521709442139,0
star_5,medium,frequent,p2_c120,505,6,6,4,2,118,366,0,20,48,14,0,1.4147319793701172,0
star_5,medium,frequent,p2_c120,1010,6,6,4,2,118,366,0,20,48,14,0,1.2394006252288818,0
star_5,medium,frequent,p2_c120,707,6,6,4,2,118,366,0,20,48,14,0,1.4653637409210205,0
star_5,medium,frequent,p2_c120,808,6,6,4,2,118,366,0,20,48,14,0,1.442084550857544,0
star_5,medium,frequent,p2_c120,909,6,6,4,2,118,366,0,20,48,14,0,1.4423744678497314,0
star_5,medium,frequent,p2_c120,1313,6,6,4,2,118,366,0,20,48,14,0,1.305574893951416,0
star_5,medium,frequent,p2_c120,1111,6,6,4,2,117,359,0,20,47,14,0,1.4058070182800293,0
star_5,medium,frequent,p2_c120,1414,6,6,4,2,118,366,0,20,48,14,0,1.3911962509155273,0
star_5,medium,frequent,p2_c120,1212,6,6,4,2,118,366,0,20,48,14,0,1.4578039646148682,0
star_5,medium,frequent,p2_c120,1515,6,6,4,2,118,366,0,20,48,14,0,1.376418113708496,0
star_5,medium,frequent,p2_c120,1616,6,6,4,2,118,366,0,20,48,14,0,1.391650915145874,0
star_5,medium,frequent,p2_c120,1717,6,6,4,2,118,366,0,20,48,14,0,1.375380516052246,0
star_5,medium,frequent,p2_c120,1919,6,6,4,2,118,366,0,20,48,14,0,1.3560268878936768,0
star_5,medium,frequent,p2_c120,1818,6,6,4,2,117,361,0,20,48,13,0,1.38938570022583,0
star_5,medium,frequent,p2_c120_mp2,42,6,6,4,2,120,368,0,20,48,14,0,1.347449541091919,0
star_5,medium,frequent,p2_c120_mp2,202,6,6,4,2,120,368,0,20,48,14,0,1.316199541091919,0
star_5,medium,frequent,p2_c120_mp2,101,6,6,4,2,120,368,0,20,48,14,0,1.411088228225708,0
star_5,medium,frequent,p2_c120_mp2,303,6,6,4,2,120,368,0,20,48,14,0,1.2967808246612549,0
star_5,medium,frequent,p2_c120_mp2,404,6,6,4,2,119,363,0,20,48,13,0,1.3917202949523926,0
star_5,medium,frequent,p2_c120_mp2,505,6,6,4,2,120,368,0,20,48,14,0,1.3688020706176758,0
star_5,medium,frequent,p2_c120_mp2,606,6,6,4,2,119,363,0,20,48,13,0,1.393967628479004,0
star_5,medium,frequent,p2_c120_mp2,707,6,6,4,2,120,368,0,20,48,14,0,1.4093105792999268,0
star_5,medium,frequent,p2_c120_mp2,808,6,6,4,2,120,368,0,20,48,14,0,1.3813581466674805,0
star_5,medium,frequent,p2_c120_mp2,1010,6,6,4,2,120,368,0,20,48,14,0,1.3518621921539307,0
star_5,medium,frequent,p2_c120_mp2,909,6,6,4,2,120,368,0,20,48,14,0,1.402254343032837,0
star_5,medium,frequent,p2_c120_mp2,1313,6,6,4,2,120,368,0,20,48,14,0,1.1796131134033203,0
star_5,medium,frequent,p2_c120_mp2,1515,6,6,4,2,120,368,0,20,48,14,0,1.188222885131836,0
star_5,medium,frequent,p2_c120_mp2,1616,6,6,4,2,120,368,0,20,48,14,0,1.1895763874053955,0
star_5,medium,frequent,p2_c120_mp2,1111,6,6,4,2,119,361,0,20,47,14,0,1.4570586681365967,0
star_5,medium,frequent,p2_c120_mp2,1212,6,6,4,2,120,368,0,20,48,14,0,1.4168798923492432,0
star_5,medium,frequent,p2_c120_mp3,42,6,6,4,2,122,368,0,20,48,14,0,1.2512826919555664,0
star_5,medium,frequent,p2_c120_mp2,1414,6,6,4,2,120,368,0,20,48,14,0,1.500060796737671,0
star_5,medium,frequent,p2_c120_mp2,1919,6,6,4,2,120,368,0,20,48,14,0,1.3275644779205322,0
star_5,medium,frequent,p2_c120_mp2,1818,6,6,4,2,118,356,2,19,48,12,0,1.3669323921203613,0
star_5,medium,frequent,p2_c120_mp2,1717,6,6,4,2,120,368,0,20,48,14,0,1.4571504592895508,0
star_5,medium,frequent,p2_c120_mp3,202,6,6,4,2,122,370,0,20,48,14,0,1.3849332332611084,0
star_5,medium,frequent,p2_c120_mp3,101,6,6,4,2,122,370,0,20,48,14,0,1.4079999923706055,0
star_5,medium,frequent,p2_c120_mp3,303,6,6,4,2,122,370,0,20,48,14,0,1.4080798625946045,0
star_5,medium,frequent,p2_c120_mp3,404,6,6,4,2,121,365,0,20,48,13,0,1.3837454319000244,0
star_5,medium,frequent,p2_c120_mp3,606,6,6,4,2,121,365,0,20,48,13,0,1.4445326328277588,0
star_5,medium,frequent,p2_c120_mp3,707,6,6,4,2,122,370,0,20,48,14,0,1.4297537803649902,0
star_5,medium,frequent,p2_c120_mp3,505,6,6,4,2,122,370,0,20,48,14,0,1.4697434902191162,0
star_5,medium,frequent,p2_c120_mp3,909,6,6,4,2,122,370,0,20,48,14,0,1.4130597114562988,0
star_5,medium,frequent,p2_c120_mp3,1111,6,6,4,2,121,363,0,20,47,14,0,1.3361175060272217,0
star_5,medium,frequent,p2_c120_mp3,808,6,6,4,2,122,370,0,20,48,14,0,1.4744422435760498,0
star_5,medium,frequent,p2_c120_mp3,1010,6,6,4,2,122,370,0,20,48,14,0,1.419304609298706,0
star_5,medium,frequent,p2_c120_mp3,1212,6,6,4,2,122,370,0,20,48,14,0,1.2398734092712402,0
star_5,medium,frequent,p2_c120_mp3,1717,6,6,4,2,122,370,0,20,48,14,0,1.1869027614593506,0
star_5,medium,frequent,p2_c120_mp3,1414,6,6,4,2,122,370,0,20,48,14,0,1.3262991905212402,0
star_5,medium,frequent,p2_c120_mp3,1313,6,6,4,2,122,370,0,20,48,14,0,1.426619529724121,0
star_5,medium,frequent,p2_c120_mp3,1616,6,6,4,2,122,370,0,20,48,14,0,1.390084981918335,0
star_5,medium,frequent,p2_c120_mp3,1515,6,6,4,2,121,362,3,19,48,13,0,1.462223768234253,0
star_5,medium,frequent,p2_c120_mp3,1818,6,6,4,2,120,358,2,19,48,12,0,1.462498426437378,0
star_5,medium,frequent,p2_c120_mp3,1919,6,6,4,2,122,370,0,20,48,14,0,1.4076149463653564,0
star_5,medium,frequent,p2_c120_h2,42,6,6,4,2,118,366,0,20,48,14,0,1.435117244720459,0
star_5,medium,frequent,p2_c120_h2,101,6,6,4,2,118,366,0,20,48,14,0,1.3927137851715088,0
star_5,medium,frequent,p2_c120_h2,303,6,6,4,2,118,366,0,20,48,14,0,1.3804662227630615,0
star_5,medium,frequent,p2_c120_h2,202,6,6,4,2,118,366,0,20,48,14,0,1.4178745746612549,0
star_5,medium,frequent,p2_c120_h2,505,6,6,4,2,118,366,0,20,48,14,0,1.245572566986084,0
star_5,medium,frequent,p2_c120_h2,404,6,6,4,2,117,361,0,20,48,13,0,1.4281318187713623,0
star_5,medium,frequent,p2_c120_h2,808,6,6,4,2,118,366,0,20,48,14,0,1.278717041015625,0
star_5,medium,frequent,p2_c120_h2,1111,6,6,4,2,117,359,0,20,47,14,0,1.2169206142425537,0
star_5,medium,frequent,p2_c120_h2,606,6,6,4,2,117,361,0,20,48,13,0,1.4315195083618164,0
star_5,medium,frequent,p2_c120_h2,707,6,6,4,2,118,366,0,20,48,14,0,1.4372913837432861,0
star_5,medium,frequent,p2_c120_h2,1010,6,6,4,2,118,366,0,20,48,14,0,1.418511152267456,0
star_5,medium,frequent,p2_c120_h2,909,6,6,4,2,118,366,0,20,48,14,0,1.455244779586792,0
star_5,medium,frequent,p2_c120_h2,1212,6,6,4,2,118,366,0,20,48,14,0,1.3444404602050781,0
star_5,medium,frequent,p2_c120_h2,1515,6,6,4,2,118,366,0,20,48,14,0,1.3292336463928223,0
star_5,medium,frequent,p2_c120_h2,1313,6,6,4,2,118,366,0,20,48,14,0,1.3676893711090088,0
star_5,medium,frequent,p2_c40,42,6,6,0,6,110,342,0,12,46,12,0,1.2647638320922852,0
star_5,medium,frequent,p2_c120_h2,1717,6,6,4,2,118,366,0,20,48,14,0,1.3473889827728271,0
star_5,medium,frequent,p2_c120_h2,1919,6,6,4,2,118,366,0,20,48,14,0,1.2880394458770752,0
star_5,medium,frequent,p2_c120_h2,1414,6,6,4,2,118,366,0,20,48,14,0,1.4695401191711426,0
star_5,medium,frequent,p2_c120_h2,1616,6,6,4,2,118,366,0,20,48,14,0,1.445237159729004,0
star_5,medium,frequent,p2_c40,101,6,6,0,6,110,342,0,12,46,12,0,1.2723870277404785,0
star_5,medium,frequent,p2_c120_h2,1818,6,6,4,2,117,361,0,20,48,13,0,1.4741814136505127,0
star_5,medium,frequent,p2_c40,202,6,6,0,6,110,342,0,12,46,12,0,1.3358571529388428,0
star_5,medium,frequent,p2_c40,303,6,6,0,6,110,342,0,12,46,12,0,1.374115228652954,0
star_5,medium,frequent,p2_c40,404,6,6,0,6,109,337,0,12,46,11,0,1.4001774787902832,0
star_5,medium,frequent,p2_c40,808,6,6,0,6,110,342,0,12,46,12,0,1.2109973430633545,0
star_5,medium,frequent,p2_c40,505,6,6,0,6,110,342,0,12,46,12,0,1.4173023700714111,0
star_5,medium,frequent,p2_c40,606,6,6,0,6,109,337,0,12,46,11,0,1.3229892253875732,0
star_5,medium,frequent,p2_c40,707,6,6,0,6,110,342,0,12,46,12,0,1.4637088775634766,0
star_5,medium,frequent,p2_c40,909,6,6,0,6,110,342,0,12,46,12,0,1.3885414600372314,0
star_5,medium,frequent,p2_c40,1010,6,6,0,6,110,342,0,12,46,12,0,1.380122423171997,0
star_5,medium,frequent,p2_c40,1111,6,6,0,6,109,335,0,12,45,12,0,1.387739896774292,0
star_5,medium,frequent,p2_c40,1212,6,6,0,6,110,342,0,12,46,12,0,1.4131920337677002,0
star_5,medium,frequent,p2_c40,1919,6,6,0,6,110,342,0,12,46,12,0,0.9936325550079346,0
star_5,medium,frequent,p2_c40,1313,6,6,0,6,110,342,0,12,46,12,0,1.4132194519042969,0
star_5,medium,frequent,p2_c40,1414,6,6,0,6,110,342,0,12,46,12,0,1.4379899501800537,0
star_5,medium,frequent,p2_c40,1616,6,6,0,6,110,342,0,12,46,12,0,1.4384865760803223,0
star_5,medium,frequent,p2_c40,1515,6,6,0,6,110,342,0,12,46,12,0,1.4569072723388672,0
star_5,medium,frequent,p2_c40,1717,6,6,0,6,110,342,0,12,46,12,0,1.481105089187622,0
star_5,medium,frequent,p2_c40,1818,6,6,0,6,109,337,0,12,46,11,0,1.4602856636047363,0
star_5,medium,frequent,p2_c40_penalty_off,404,6,6,0,6,109,337,0,12,46,11,0,1.212873935699463,0
star_5,medium,frequent,p2_c40_penalty_off,42,6,6,0,6,110,342,0,12,46,12,0,1.3986284732818604,0
star_5,medium,frequent,p2_c40_penalty_off,101,6,6,0,6,110,342,0,12,46,12,0,1.3567662239074707,0
star_5,medium,frequent,p2_c40_penalty_off,202,6,6,0,6,110,342,0,12,46,12,0,1.3573319911956787,0
star_5,medium,frequent,p2_c40_penalty_off,606,6,6,0,6,109,337,0,12,46,11,0,1.2625229358673096,0
star_5,medium,frequent,p2_c40_penalty_off,505,6,6,0,6,110,342,0,12,46,12,0,1.406010389328003,0
star_5,medium,frequent,p2_c40_penalty_off,303,6,6,0,6,110,342,0,12,46,12,0,1.4301173686981201,0
star_5,medium,frequent,p2_c40_penalty_off,808,6,6,0,6,110,342,0,12,46,12,0,1.3980624675750732,0
star_5,medium,frequent,p2_c40_penalty_off,707,6,6,0,6,110,342,0,12,46,12,0,1.4557304382324219,0
star_5,medium,frequent,p2_c40_penalty_off,909,6,6,0,6,110,342,0,12,46,12,0,1.431990146636963,0
star_5,medium,frequent,p2_c40_penalty_off,1111,6,6,0,6,109,335,0,12,45,12,0,1.2885596752166748,0
star_5,medium,frequent,p2_c40_penalty_off,1010,6,6,0,6,110,342,0,12,46,12,0,1.373488426208496,0
star_5,medium,frequent,p2_c40_penalty_off,1212,6,6,0,6,110,342,0,12,46,12,0,1.402925729751587,0
star_5,medium,frequent,p2_c40_penalty_off,1313,6,6,0,6,110,342,0,12,46,12,0,1.412865161895752,0
star_5,heavy,medium,baseline,101,12,12,4,8,100,306,2,31,29,23,0,1.160294532775879,0
star_5,medium,frequent,p2_c40_penalty_off,1414,6,6,0,6,110,342,0,12,46,12,0,1.4717316627502441,0
star_5,medium,frequent,p2_c40_penalty_off,1515,6,6,0,6,110,342,0,12,46,12,0,1.4620671272277832,0
star_5,medium,frequent,p2_c40_penalty_off,1616,6,6,0,6,110,342,0,12,46,12,0,1.3374652862548828,0
star_5,medium,frequent,p2_c40_penalty_off,1818,6,6,0,6,109,337,0,12,46,11,0,1.3961491584777832,0
star_5,medium,frequent,p2_c40_penalty_off,1717,6,6,0,6,110,342,0,12,46,12,0,1.4486279487609863,0
star_5,medium,frequent,p2_c40_penalty_off,1919,6,6,0,6,110,342,0,12,46,12,0,1.422187328338623,0
star_5,heavy,medium,baseline,42,12,12,4,8,100,306,2,31,29,23,0,1.3646743297576904,0
star_5,heavy,medium,baseline,202,12,12,4,8,100,306,2,31,29,23,0,1.2854199409484863,0
star_5,heavy,medium,baseline,303,12,12,4,8,100,306,2,31,29,23,0,1.3742287158966064,0
star_5,heavy,medium,baseline,606,12,12,4,8,99,301,2,31,29,22,0,1.252420425415039,0
star_5,heavy,medium,baseline,505,12,12,4,8,100,306,2,31,29,23,0,1.3152692317962646,0
star_5,heavy,medium,baseline,404,12,12,4,8,99,301,2,31,29,22,0,1.3833885192871094,0
star_5,heavy,medium,baseline,1212,12,12,4,8,100,306,2,31,29,23,0,1.1574902534484863,0
star_5,heavy,medium,baseline,808,12,12,4,8,100,306,2,31,29,23,0,1.3221368789672852,0
star_5,heavy,medium,baseline,707,12,12,4,8,100,306,2,31,29,23,0,1.341550588607788,0
star_5,heavy,medium,baseline,909,12,12,4,8,100,306,2,31,29,23,0,1.380707025527954,0
star_5,heavy,medium,baseline,1414,12,12,4,8,100,306,2,31,29,23,0,1.2459070682525635,0
star_5,heavy,medium,baseline,1010,12,12,4,8,101,312,1,31,30,23,0,1.36289381980896,0
star_5,heavy,medium,baseline,1717,12,12,4,8,100,306,2,31,29,23,0,1.093367576599121,0
star_5,heavy,medium,baseline,1111,12,12,4,8,100,306,2,31,29,23,0,1.369905710220337,0
star_5,heavy,medium,baseline,1616,12,12,4,8,100,306,2,31,29,23,0,1.1928882598876953,0
star_5,heavy,medium,baseline,1313,12,12,4,8,100,306,2,31,29,23,0,1.3953287601470947,0
star_5,heavy,medium,baseline,1515,12,12,4,8,100,306,2,31,29,23,0,1.3654818534851074,0
star_5,heavy,medium,baseline,1818,12,12,4,8,99,301,2,31,29,22,0,1.32728910446167,0
star_5,heavy,medium,baseline,1919,12,12,4,8,100,306,2,31,29,23,0,1.3683607578277588,0
star_5,heavy,medium,p2_c120,101,12,12,8,4,108,330,2,39,36,20,0,1.3170585632324219,0
star_5,heavy,medium,p2_c120,42,12,12,8,4,108,330,2,39,36,20,0,1.395965337753296,0
star_5,heavy,medium,p2_c120,202,12,12,8,4,108,330,2,39,36,20,0,1.3345000743865967,0
star_5,heavy,medium,p2_c120,505,12,12,8,4,108,330,2,39,36,20,0,1.3265421390533447,0
star_5,heavy,medium,p2_c120,606,12,12,8,4,107,325,2,39,36,19,0,1.2452325820922852,0
star_5,heavy,medium,p2_c120,1010,12,12,8,4,109,336,1,39,37,20,0,1.1201541423797607,0
star_5,heavy,medium,p2_c120,303,12,12,8,4,108,330,2,39,36,20,0,1.3953680992126465,0
star_5,heavy,medium,p2_c120,404,12,12,8,4,107,325,2,39,36,19,0,1.4031221866607666,0
star_5,heavy,medium,p2_c120,909,12,12,8,4,108,330,2,39,36,20,0,1.339386224746704,0
star_5,heavy,medium,p2_c120,707,12,12,8,4,108,330,2,39,36,20,0,1.364729642868042,0
star_5,heavy,medium,p2_c120,1111,12,12,8,4,108,330,2,39,36,20,0,1.2023797035217285,0
star_5,heavy,medium,p2_c120,808,12,12,8,4,108,330,2,39,36,20,0,1.4191040992736816,0
star_5,heavy,medium,p2_c120,1313,12,12,8,4,108,330,2,39,36,20,0,1.2974789142608643,0
star_5,heavy,medium,p2_c120,1212,12,12,8,4,108,330,2,39,36,20,0,1.3308556079864502,0
star_5,heavy,medium,p2_c120,1414,12,12,8,4,108,330,2,39,36,20,0,1.3668546676635742,0
star_5,heavy,medium,p2_c120,1616,12,12,8,4,108,330,2,39,36,20,0,1.3350722789764404,0
star_5,heavy,medium,p2_c120,1515,12,12,8,4,108,330,2,39,36,20,0,1.4366490840911865,0
star_5,heavy,medium,p2_c120_mp2,202,12,12,8,4,112,334,2,39,36,20,0,1.2454392910003662,0
star_5,heavy,medium,p2_c120,1717,12,12,8,4,108,330,2,39,36,20,0,1.3981149196624756,0
star_5,heavy,medium,p2_c120_mp2,42,12,12,8,4,112,334,2,39,36,20,0,1.2910466194152832,0
star_5,heavy,medium,p2_c120,1818,12,12,8,4,107,325,2,39,36,19,0,1.4008729457855225,0
star_5,heavy,medium,p2_c120_mp2,101,12,12,8,4,112,334,2,39,36,20,0,1.3933753967285156,0
star_5,heavy,medium,p2_c120,1919,12,12,8,4,108,330,2,39,36,20,0,1.433617115020752,0
star_5,heavy,medium,p2_c120_mp2,303,12,12,8,4,112,334,2,39,36,20,0,1.4292595386505127,0
star_5,heavy,medium,p2_c120_mp2,404,12,12,8,4,111,329,2,39,36,19,0,1.3942203521728516,0
star_5,heavy,medium,p2_c120_mp2,505,12,12,8,4,112,334,2,39,36,20,0,1.3962383270263672,0
star_5,heavy,medium,p2_c120_mp2,606,12,12,8,4,111,329,2,39,36,19,0,1.4066786766052246,0
star_5,heavy,medium,p2_c120_mp2,707,12,12,8,4,112,334,2,39,36,20,0,1.4017870426177979,0
star_5,heavy,medium,p2_c120_mp2,808,12,12,8,4,112,334,2,39,36,20,0,1.224381685256958,0
star_5,heavy,medium,p2_c120_mp2,1111,12,12,8,4,112,334,2,39,36,20,0,1.140918493270874,0
star_5,heavy,medium,p2_c120_mp2,1010,12,12,8,4,112,333,3,38,36,20,0,1.3110003471374512,0
star_5,heavy,medium,p2_c120_mp2,909,12,12,8,4,112,334,2,39,36,20,0,1.3838670253753662,0
star_5,heavy,medium,p2_c120_mp2,1313,12,12,8,4,112,334,2,39,36,20,0,1.285059928894043,0
star_5,heavy,medium,p2_c120_mp2,1212,12,12,8,4,112,334,2,39,36,20,0,1.3808252811431885,0
star_5,heavy,medium,p2_c120_mp2,1515,12,12,8,4,112,334,2,39,36,20,0,1.3548474311828613,0
star_5,heavy,medium,p2_c120_mp2,1414,12,12,8,4,112,334,2,39,36,20,0,1.4120798110961914,0
star_5,heavy,medium,p2_c120_mp2,1616,12,12,8,4,112,334,2,39,36,20,0,1.3199915885925293,0
star_5,heavy,medium,p2_c120_mp2,1818,12,12,8,4,111,329,2,39,36,19,0,1.253960132598877,0
star_5,heavy,medium,p2_c120_mp2,1717,12,12,8,4,112,334,2,39,36,20,0,1.389784812927246,0
star_5,heavy,medium,p2_c120_mp3,42,12,12,8,4,115,331,4,38,36,19,0,1.2624139785766602,0
star_5,heavy,medium,p2_c120_mp2,1919,12,12,8,4,112,334,2,39,36,20,0,1.3928425312042236,0
star_5,heavy,medium,p2_c120_mp3,202,12,12,8,4,116,338,2,39,36,20,0,1.2417678833007812,0
star_5,heavy,medium,p2_c120_mp3,101,12,12,8,4,116,338,2,39,36,20,0,1.429243564605713,0
star_5,heavy,medium,p2_c120_mp3,303,12,12,8,4,115,331,4,38,36,19,0,1.2468273639678955,0
star_5,heavy,medium,p2_c120_mp3,404,12,12,8,4,115,333,2,39,36,19,0,1.295377254486084,0
star_5,heavy,medium,p2_c120_mp3,606,12,12,8,4,115,333,2,39,36,19,0,1.358583927154541,0
star_5,heavy,medium,p2_c120_mp3,808,12,12,8,4,116,338,2,39,36,20,0,1.3105545043945312,0
star_5,heavy,medium,p2_c120_mp3,505,12,12,8,4,115,331,4,38,36,19,0,1.4253981113433838,0
star_5,heavy,medium,p2_c120_mp3,707,12,12,8,4,116,338,2,39,36,20,0,1.4329102039337158,0
star_5,heavy,medium,p2_c120_mp3,909,12,12,8,4,116,338,2,39,36,20,0,1.4058160781860352,0
star_5,heavy,medium,p2_c120_mp3,1111,12,12,8,4,116,338,2,39,36,20,0,1.3356592655181885,0
star_5,heavy,medium,p2_c120_mp3,1010,12,12,8,4,116,337,3,38,36,20,0,1.425276517868042,0
star_5,heavy,medium,p2_c120_mp3,1313,12,12,8,4,116,338,2,39,36,20,0,1.2286128997802734,0
star_5,heavy,medium,p2_c120_mp3,1212,12,12,8,4,116,338,2,39,36,20,0,1.4348723888397217,0
star_5,heavy,medium,p2_c120_mp3,1414,12,12,8,4,115,331,4,38,36,19,0,1.4139995574951172,0
star_5,heavy,medium,p2_c120_mp3,1616,12,12,8,4,116,338,2,39,36,20,0,1.3137571811676025,0
star_5,heavy,medium,p2_c120_mp3,1515,12,12,8,4,115,331,4,38,36,19,0,1.3926317691802979,0
star_5,heavy,medium,p2_c120_mp3,1717,12,12,8,4,116,338,2,39,36,20,0,1.3720636367797852,0
star_5,heavy,medium,p2_c120_mp3,1919,12,12,8,4,116,338,2,39,36,20,0,1.214576244354248,0
star_5,heavy,medium,p2_c120_h2,42,12,12,8,4,108,330,2,39,36,20,0,1.2511346340179443,0
star_5,heavy,medium,p2_c120_mp3,1818,12,12,8,4,115,333,2,39,36,19,0,1.3753137588500977,0
star_5,heavy,medium,p2_c120_h2,606,12,12,8,4,107,325,2,39,36,19,0,1.145329475402832,0
star_5,heavy,medium,p2_c120_h2,505,12,12,8,4,108,330,2,39,36,20,0,1.2939033508300781,0
star_5,heavy,medium,p2_c120_h2,303,12,12,8,4,108,330,2,39,36,20,0,1.350111961364746,0
star_5,heavy,medium,p2_c120_h2,101,12,12,8,4,108,330,2,39,36,20,0,1.4157922267913818,0
star_5,heavy,medium,p2_c120_h2,202,12,12,8,4,108,330,2,39,36,20,0,1.4099233150482178,0
star_5,heavy,medium,p2_c120_h2,404,12,12,8,4,107,325,2,39,36,19,0,1.3610098361968994,0
star_5,heavy,medium,p2_c120_h2,909,12,12,8,4,108,330,2,39,36,20,0,1.2385454177856445,0
star_5,heavy,medium,p2_c120_h2,808,12,12,8,4,108,330,2,39,36,20,0,1.338388204574585,0
star_5,heavy,medium,p2_c120_h2,707,12,12,8,4,108,330,2,39,36,20,0,1.4160139560699463,0
star_5,heavy,medium,p2_c120_h2,1010,12,12,8,4,109,336,1,39,37,20,0,1.3258068561553955,0
star_5,heavy,medium,p2_c120_h2,1111,12,12,8,4,108,330,2,39,36,20,0,1.3581316471099854,0
star_5,heavy,medium,p2_c120_h2,1212,12,12,8,4,108,330,2,39,36,20,0,1.4134714603424072,0
star_5,heavy,medium,p2_c120_h2,1313,12,12,8,4,108,330,2,39,36,20,0,1.4051380157470703,0
star_5,heavy,medium,p2_c120_h2,1414,12,12,8,4,108,330,2,39,36,20,0,1.3833849430084229,0
star_5,heavy,medium,p2_c120_h2,1515,12,12,8,4,108,330,2,39,36,20,0,1.4523749351501465,0
star_5,heavy,medium,p2_c120_h2,1919,12,12,8,4,108,330,2,39,36,20,0,1.3044970035552979,0
star_5,heavy,medium,p2_c120_h2,1616,12,12,8,4,108,330,2,39,36,20,0,1.4417486190795898,0
star_5,heavy,medium,p2_c120_h2,1818,12,12,8,4,107,325,2,39,36,19,0,1.3501229286193848,0
star_5,heavy,medium,p2_c40,42,12,12,0,12,94,294,0,24,32,18,0,1.3520822525024414,0
star_5,heavy,medium,p2_c120_h2,1717,12,12,8,4,108,330,2,39,36,20,0,1.4401731491088867,0
star_5,heavy,medium,p2_c40,101,12,12,0,12,94,294,0,24,32,18,0,1.3842899799346924,0
star_5,heavy,medium,p2_c40,202,12,12,0,12,94,294,0,24,32,18,0,1.3358306884765625,0
star_5,heavy,medium,p2_c40,303,12,12,0,12,94,294,0,24,32,18,0,1.3733084201812744,0
star_5,heavy,medium,p2_c40,505,12,12,0,12,94,294,0,24,32,18,0,1.3061678409576416,0
star_5,heavy,medium,p2_c40,404,12,12,0,12,93,289,0,24,32,17,0,1.3983118534088135,0
star_5,heavy,medium,p2_c40,606,12,12,0,12,93,289,0,24,32,17,0,1.3766427040100098,0
star_5,heavy,medium,p2_c40,707,12,12,0,12,94,294,0,24,32,18,0,1.3805553913116455,0
star_5,heavy,medium,p2_c40,909,12,12,0,12,94,294,0,24,32,18,0,1.2914612293243408,0
star_5,heavy,medium,p2_c40,808,12,12,0,12,94,294,0,24,32,18,0,1.3569064140319824,0
star_5,heavy,medium,p2_c40,1212,12,12,0,12,94,294,0,24,32,18,0,1.2070558071136475,0
star_5,heavy,medium,p2_c40,1414,12,12,0,12,94,294,0,24,32,18,0,1.2098240852355957,0
star_5,heavy,medium,p2_c40,1515,12,12,0,12,94,294,0,24,32,18,0,1.1896660327911377,0
star_5,heavy,medium,p2_c40,1313,12,12,0,12,94,294,0,24,32,18,0,1.3242418766021729,0
star_5,heavy,medium,p2_c40,1111,12,12,0,12,94,294,0,24,32,18,0,1.3721246719360352,0
star_5,heavy,medium,p2_c40,1010,12,12,0,12,94,294,0,24,32,18,0,1.4200706481933594,0
star_5,heavy,medium,p2_c40,1616,12,12,0,12,94,294,0,24,32,18,0,1.3911619186401367,0
star_5,heavy,medium,p2_c40,1717,12,12,0,12,94,294,0,24,32,18,0,1.4262769222259521,0
star_5,heavy,medium,p2_c40,1919,12,12,0,12,94,294,0,24,32,18,0,1.286144495010376,0
star_5,heavy,medium,p2_c40,1818,12,12,0,12,93,289,0,24,32,17,0,1.4157814979553223,0
star_5,heavy,medium,p2_c40_penalty_off,42,12,12,0,12,94,294,0,24,32,18,0,1.4224512577056885,0
star_5,heavy,medium,p2_c40_penalty_off,101,12,12,0,12,94,294,0,24,32,18,0,1.3744173049926758,0
star_5,heavy,medium,p2_c40_penalty_off,202,12,12,0,12,94,294,0,24,32,18,0,1.3881714344024658,0
star_5,heavy,medium,p2_c40_penalty_off,606,12,12,0,12,93,289,0,24,32,17,0,1.2622685432434082,0
star_5,heavy,medium,p2_c40_penalty_off,303,12,12,0,12,94,294,0,24,32,18,0,1.2998387813568115,0
star_5,heavy,medium,p2_c40_penalty_off,707,12,12,0,12,94,294,0,24,32,18,0,1.2748684883117676,0
star_5,heavy,medium,p2_c40_penalty_off,404,12,12,0,12,93,289,0,24,32,17,0,1.361185073852539,0
star_5,heavy,medium,p2_c40_penalty_off,505,12,12,0,12,94,294,0,24,32,18,0,1.4023983478546143,0
star_5,heavy,medium,p2_c40_penalty_off,808,12,12,0,12,94,294,0,24,32,18,0,1.3880367279052734,0
star_5,heavy,medium,p2_c40_penalty_off,909,12,12,0,12,94,294,0,24,32,18,0,1.3224172592163086,0
star_5,heavy,medium,p2_c40_penalty_off,1010,12,12,0,12,94,294,0,24,32,18,0,1.374833345413208,0
star_5,heavy,medium,p2_c40_penalty_off,1111,12,12,0,12,94,294,0,24,32,18,0,1.3883423805236816,0
star_5,heavy,medium,p2_c40_penalty_off,1212,12,12,0,12,94,294,0,24,32,18,0,1.387209177017212,0
star_5,heavy,medium,p2_c40_penalty_off,1313,12,12,0,12,94,294,0,24,32,18,0,1.3693954944610596,0
star_5,heavy,medium,p2_c40_penalty_off,1414,12,12,0,12,94,294,0,24,32,18,0,1.3683664798736572,0
star_5,heavy,medium,p2_c40_penalty_off,1818,12,12,0,12,93,289,0,24,32,17,0,1.3391079902648926,0
star_5,heavy,medium,p2_c40_penalty_off,1515,12,12,0,12,94,294,0,24,32,18,0,1.4104750156402588,0
star_5,heavy,medium,p2_c40_penalty_off,1919,12,12,0,12,94,294,0,24,32,18,0,1.3085012435913086,0
star_5,heavy,medium,p2_c40_penalty_off,1616,12,12,0,12,94,294,0,24,32,18,0,1.39030122756958,0
star_5,heavy,frequent,baseline,101,12,12,4,8,142,438,0,32,48,26,0,1.2540628910064697,0
star_5,heavy,medium,p2_c40_penalty_off,1717,12,12,0,12,94,294,0,24,32,18,0,1.3983299732208252,0
star_5,heavy,frequent,baseline,303,12,12,4,8,142,438,0,32,48,26,0,1.204637050628662,0
star_5,heavy,frequent,baseline,202,12,12,4,8,142,438,0,32,48,26,0,1.297250509262085,0
star_5,heavy,frequent,baseline,42,12,12,4,8,142,438,0,32,48,26,0,1.3770959377288818,0
star_5,heavy,frequent,baseline,505,12,12,4,8,142,438,0,32,48,26,0,1.213343858718872,0
star_5,heavy,frequent,baseline,404,12,12,4,8,141,433,0,32,48,25,0,1.4071567058563232,0
star_5,heavy,frequent,baseline,707,12,12,4,8,142,438,0,32,48,26,0,1.238966941833496,0
star_5,heavy,frequent,baseline,606,12,12,4,8,141,433,0,32,48,25,0,1.4198145866394043,0
star_5,heavy,frequent,baseline,909,12,12,4,8,142,438,0,32,48,26,0,1.1732501983642578,0
star_5,heavy,frequent,baseline,1010,12,12,4,8,142,438,0,32,48,26,0,1.2272460460662842,0
star_5,heavy,frequent,baseline,808,12,12,4,8,142,438,0,32,48,26,0,1.2748420238494873,0
star_5,heavy,frequent,baseline,1212,12,12,4,8,142,438,0,32,48,26,0,1.3881218433380127,0
star_5,heavy,frequent,baseline,1313,12,12,4,8,142,438,0,32,48,26,0,1.393789291381836,0
star_5,heavy,frequent,baseline,1111,12,12,4,8,141,431,0,32,47,26,0,1.438568115234375,0
star_5,heavy,frequent,baseline,1414,12,12,4,8,142,438,0,32,48,26,0,1.4037814140319824,0
star_5,heavy,frequent,baseline,1515,12,12,4,8,142,438,0,32,48,26,0,1.4305858612060547,0
star_5,heavy,frequent,baseline,1616,12,12,4,8,142,438,0,32,48,26,0,1.4021294116973877,0
star_5,heavy,frequent,baseline,1818,12,12,4,8,141,433,0,32,48,25,0,1.2549529075622559,0
star_5,heavy,frequent,p2_c120,202,12,12,8,4,150,462,0,40,56,22,0,1.1528503894805908,0
star_5,heavy,frequent,baseline,1717,12,12,4,8,142,438,0,32,48,26,0,1.4446768760681152,0
star_5,heavy,frequent,p2_c120,42,12,12,8,4,150,462,0,40,56,22,0,1.3793253898620605,0
star_5,heavy,frequent,p2_c120,101,12,12,8,4,150,462,0,40,56,22,0,1.359450101852417,0
star_5,heavy,frequent,baseline,1919,12,12,4,8,142,438,0,32,48,26,0,1.4066143035888672,0
star_5,heavy,frequent,p2_c120,909,12,12,8,4,150,462,0,40,56,22,0,1.2308785915374756,0
star_5,heavy,frequent,p2_c120,404,12,12,8,4,149,457,0,40,56,21,0,1.3505973815917969,0
star_5,heavy,frequent,p2_c120,303,12,12,8,4,150,462,0,40,56,22,0,1.4231114387512207,0
star_5,heavy,frequent,p2_c120,1111,12,12,8,4,149,455,0,40,55,22,0,1.268446683883667,0
star_5,heavy,frequent,p2_c120,707,12,12,8,4,150,462,0,40,56,22,0,1.4330246448516846,0
star_5,heavy,frequent,p2_c120,606,12,12,8,4,149,457,0,40,56,21,0,1.444047451019287,0
star_5,heavy,frequent,p2_c120,505,12,12,8,4,150,462,0,40,56,22,0,1.469904899597168,0
star_5,heavy,frequent,p2_c120,808,12,12,8,4,150,462,0,40,56,22,0,1.4341721534729004,0
star_5,heavy,frequent,p2_c120,1010,12,12,8,4,150,462,0,40,56,22,0,1.4224846363067627,0
star_5,heavy,frequent,p2_c120,1212,12,12,8,4,150,462,0,40,56,22,0,1.3774595260620117,0
star_5,heavy,frequent,p2_c120,1313,12,12,8,4,150,462,0,40,56,22,0,1.319960355758667,0
star_5,heavy,frequent,p2_c120,1414,12,12,8,4,150,462,0,40,56,22,0,1.3840289115905762,0
star_5,heavy,frequent,p2_c120,1818,12,12,8,4,149,457,0,40,56,21,0,1.218339204788208,0
star_5,heavy,frequent,p2_c120,1616,12,12,8,4,150,462,0,40,56,22,0,1.337970495223999,0
star_5,heavy,frequent,p2_c120,1515,12,12,8,4,150,462,0,40,56,22,0,1.4536798000335693,0
star_5,heavy,frequent,p2_c120,1717,12,12,8,4,150,462,0,40,56,22,0,1.4698243141174316,0
star_5,heavy,frequent,p2_c120,1919,12,12,8,4,150,462,0,40,56,22,0,1.4126865863800049,0
star_5,heavy,frequent,p2_c120_mp2,42,12,12,8,4,154,466,0,40,56,22,0,1.3974640369415283,0
star_5,heavy,frequent,p2_c120_mp2,404,12,12,8,4,153,461,0,40,56,21,0,1.26600980758667,0
star_5,heavy,frequent,p2_c120_mp2,101,12,12,8,4,154,466,0,40,56,22,0,1.4167876243591309,0
star_5,heavy,frequent,p2_c120_mp2,202,12,12,8,4,154,466,0,40,56,22,0,1.3881895542144775,0
star_5,heavy,frequent,p2_c120_mp2,606,12,12,8,4,153,461,0,40,56,21,0,1.3461334705352783,0
star_5,heavy,frequent,p2_c120_mp2,303,12,12,8,4,154,466,0,40,56,22,0,1.4528968334197998,0
star_5,heavy,frequent,p2_c120_mp2,505,12,12,8,4,154,466,0,40,56,22,0,1.449894905090332,0
star_5,heavy,frequent,p2_c120_mp2,909,12,12,8,4,154,466,0,40,56,22,0,1.340254545211792,0
star_5,heavy,frequent,p2_c120_mp2,707,12,12,8,4,154,466,0,40,56,22,0,1.4651861190795898,0
star_5,heavy,frequent,p2_c120_mp2,1111,12,12,8,4,153,459,0,40,55,22,0,1.3550293445587158,0
star_5,heavy,frequent,p2_c120_mp2,808,12,12,8,4,154,466,0,40,56,22,0,1.434077501296997,0
star_5,heavy,frequent,p2_c120_mp2,1010,12,12,8,4,154,466,0,40,56,22,0,1.429239273071289,0
star_5,heavy,frequent,p2_c120_mp2,1212,12,12,8,4,154,466,0,40,56,22,0,1.3813679218292236,0
star_5,heavy,frequent,p2_c120_mp3,202,12,12,8,4,158,470,0,40,56,22,0,0.9266550540924072,0
star_5,heavy,frequent,p2_c120_mp2,1717,12,12,8,4,154,466,0,40,56,22,0,1.3161096572875977,0
star_5,heavy,frequent,p2_c120_mp2,1818,12,12,8,4,153,461,0,40,56,21,0,1.3481793403625488,0
star_5,heavy,frequent,p2_c120_mp2,1313,12,12,8,4,154,466,0,40,56,22,0,1.4153203964233398,0
star_5,heavy,frequent,p2_c120_mp2,1414,12,12,8,4,154,466,0,40,56,22,0,1.4194164276123047,0
star_5,heavy,frequent,p2_c120_mp2,1515,12,12,8,4,154,466,0,40,56,22,0,1.404402256011963,0
star_5,heavy,frequent,p2_c120_mp2,1616,12,12,8,4,154,466,0,40,56,22,0,1.4030406475067139,0
star_5,heavy,frequent,p2_c120_mp3,101,12,12,8,4,158,470,0,40,56,22,0,1.2442231178283691,0
star_5,heavy,frequent,p2_c120_mp2,1919,12,12,8,4,154,466,0,40,56,22,0,1.4680571556091309,0
star_5,heavy,frequent,p2_c120_mp3,42,12,12,8,4,158,468,0,40,56,22,0,1.4046883583068848,0
star_5,heavy,frequent,p2_c120_mp3,404,12,12,8,4,156,457,3,39,56,20,0,1.2847349643707275,0
star_5,heavy,frequent,p2_c120_mp3,303,12,12,8,4,158,470,0,40,56,22,0,1.4094109535217285,0
star_5,heavy,frequent,p2_c120_mp3,505,12,12,8,4,158,470,0,40,56,22,0,1.4233663082122803,0
star_5,heavy,frequent,p2_c120_mp3,1010,12,12,8,4,158,470,0,40,56,22,0,1.2564899921417236,0
star_5,heavy,frequent,p2_c120_mp3,909,12,12,8,4,158,470,0,40,56,22,0,1.2777912616729736,0
star_5,heavy,frequent,p2_c120_mp3,606,12,12,8,4,157,465,0,40,56,21,0,1.443105697631836,0
star_5,heavy,frequent,p2_c120_mp3,707,12,12,8,4,158,470,0,40,56,22,0,1.4420173168182373,0
star_5,heavy,frequent,p2_c120_mp3,808,12,12,8,4,158,470,0,40,56,22,0,1.4397306442260742,0
star_5,heavy,frequent,p2_c120_mp3,1919,12,12,8,4,158,470,0,40,56,22,0,1.0557277202606201,0
star_5,heavy,frequent,p2_c120_mp3,1111,12,12,8,4,157,463,0,40,55,22,0,1.4329488277435303,0
star_5,heavy,frequent,p2_c120_mp3,1616,12,12,8,4,158,470,0,40,56,22,0,1.2790205478668213,0
star_5,heavy,frequent,p2_c120_mp3,1313,12,12,8,4,158,470,0,40,56,22,0,1.4279215335845947,0
star_5,heavy,frequent,p2_c120_mp3,1212,12,12,8,4,158,470,0,40,56,22,0,1.4718306064605713,0
star_5,heavy,frequent,p2_c120_mp3,1414,12,12,8,4,158,470,0,40,56,22,0,1.4447519779205322,0
star_5,heavy,frequent,p2_c120_mp3,1515,12,12,8,4,157,462,3,39,56,21,0,1.4358406066894531,0
star_5,heavy,frequent,p2_c120_mp3,1717,12,12,8,4,158,470,0,40,56,22,0,1.4148309230804443,0
star_5,heavy,frequent,p2_c120_h2,101,12,12,8,4,150,462,0,40,56,22,0,1.3248517513275146,0
star_5,heavy,frequent,p2_c120_mp3,1818,12,12,8,4,157,465,0,40,56,21,0,1.4294283390045166,0
star_5,heavy,frequent,p2_c120_h2,42,12,12,8,4,150,462,0,40,56,22,0,1.3606839179992676,0
star_5,heavy,frequent,p2_c120_h2,303,12,12,8,4,150,462,0,40,56,22,0,1.2650554180145264,0
star_5,heavy,frequent,p2_c120_h2,202,12,12,8,4,150,462,0,40,56,22,0,1.374511957168579,0
star_5,heavy,frequent,p2_c120_h2,404,12,12,8,4,149,457,0,40,56,21,0,1.3682873249053955,0
star_5,heavy,frequent,p2_c120_h2,505,12,12,8,4,150,462,0,40,56,22,0,1.453315019607544,0
star_5,heavy,frequent,p2_c120_h2,606,12,12,8,4,149,457,0,40,56,21,0,1.423668384552002,0
star_5,heavy,frequent,p2_c120_h2,808,12,12,8,4,150,462,0,40,56,22,0,1.3323769569396973,0
star_5,heavy,frequent,p2_c120_h2,707,12,12,8,4,150,462,0,40,56,22,0,1.4616408348083496,0
star_5,heavy,frequent,p2_c120_h2,1010,12,12,8,4,150,462,0,40,56,22,0,1.2793030738830566,0
star_5,heavy,frequent,p2_c120_h2,909,12,12,8,4,150,462,0,40,56,22,0,1.4688687324523926,0
star_5,heavy,frequent,p2_c120_h2,1111,12,12,8,4,149,455,0,40,55,22,0,1.3282971382141113,0
star_5,heavy,frequent,p2_c120_h2,1212,12,12,8,4,150,462,0,40,56,22,0,1.436868667602539,0
star_5,heavy,frequent,p2_c120_h2,1313,12,12,8,4,150,462,0,40,56,22,0,1.4186677932739258,0
star_5,heavy,frequent,p2_c120_h2,1414,12,12,8,4,150,462,0,40,56,22,0,1.3606386184692383,0
star_5,heavy,frequent,p2_c120_h2,1919,12,12,8,4,150,462,0,40,56,22,0,1.2708165645599365,0
star_5,heavy,frequent,p2_c120_h2,1515,12,12,8,4,150,462,0,40,56,22,0,1.4523820877075195,0
star_5,heavy,frequent,p2_c120_h2,1616,12,12,8,4,150,462,0,40,56,22,0,1.4788310527801514,0
star_5,heavy,frequent,p2_c120_h2,1818,12,12,8,4,149,457,0,40,56,21,0,1.4317893981933594,0
star_5,heavy,frequent,p2_c40,42,12,12,0,12,134,414,0,24,52,18,0,1.4161453247070312,0
star_5,heavy,frequent,p2_c120_h2,1717,12,12,8,4,150,462,0,40,56,22,0,1.4941046237945557,0
star_5,heavy,frequent,p2_c40,404,12,12,0,12,133,409,0,24,52,17,0,1.265775442123413,0
star_5,heavy,frequent,p2_c40,909,12,12,0,12,134,414,0,24,52,18,0,1.1214640140533447,0
star_5,heavy,frequent,p2_c40,303,12,12,0,12,134,414,0,24,52,18,0,1.4348995685577393,0
star_5,heavy,frequent,p2_c40,101,12,12,0,12,134,414,0,24,52,18,0,1.4548168182373047,0
star_5,heavy,frequent,p2_c40,202,12,12,0,12,134,414,0,24,52,18,0,1.4407408237457275,0
star_5,heavy,frequent,p2_c40,606,12,12,0,12,133,409,0,24,52,17,0,1.387500524520874,0
star_5,heavy,frequent,p2_c40,505,12,12,0,12,134,414,0,24,52,18,0,1.4464359283447266,0
star_5,heavy,frequent,p2_c40,1010,12,12,0,12,134,414,0,24,52,18,0,1.3992588520050049,0
star_5,heavy,frequent,p2_c40,707,12,12,0,12,134,414,0,24,52,18,0,1.4404292106628418,0
star_5,heavy,frequent,p2_c40,1717,12,12,0,12,134,414,0,24,52,18,0,1.1434276103973389,0
star_5,heavy,frequent,p2_c40,808,12,12,0,12,134,414,0,24,52,18,0,1.451889991760254,0
star_5,heavy,frequent,p2_c40,1111,12,12,0,12,133,407,0,24,51,18,0,1.4191653728485107,0
star_5,heavy,frequent,p2_c40,1212,12,12,0,12,134,414,0,24,52,18,0,1.4207978248596191,0
star_5,heavy,frequent,p2_c40,1313,12,12,0,12,134,414,0,24,52,18,0,1.3874104022979736,0
star_5,heavy,frequent,p2_c40,1414,12,12,0,12,134,414,0,24,52,18,0,1.4190623760223389,0
star_5,heavy,frequent,p2_c40,1515,12,12,0,12,134,414,0,24,52,18,0,1.4057409763336182,0
star_5,heavy,frequent,p2_c40,1616,12,12,0,12,134,414,0,24,52,18,0,1.4208097457885742,0
star_5,heavy,frequent,p2_c40,1919,12,12,0,12,134,414,0,24,52,18,0,1.3183858394622803,0
star_5,heavy,frequent,p2_c40,1818,12,12,0,12,133,409,0,24,52,17,0,1.4035532474517822,0
star_5,heavy,frequent,p2_c40_penalty_off,42,12,12,0,12,134,414,0,24,52,18,0,1.282289743423462,0
star_5,heavy,frequent,p2_c40_penalty_off,101,12,12,0,12,134,414,0,24,52,18,0,1.4188435077667236,0
star_5,heavy,frequent,p2_c40_penalty_off,404,12,12,0,12,133,409,0,24,52,17,0,1.2049243450164795,0
star_5,heavy,frequent,p2_c40_penalty_off,202,12,12,0,12,134,414,0,24,52,18,0,1.3515830039978027,0
star_5,heavy,frequent,p2_c40_penalty_off,505,12,12,0,12,134,414,0,24,52,18,0,1.2518341541290283,0
star_5,heavy,frequent,p2_c40_penalty_off,303,12,12,0,12,134,414,0,24,52,18,0,1.3127219676971436,0
star_5,heavy,frequent,p2_c40_penalty_off,808,12,12,0,12,134,414,0,24,52,18,0,1.332975149154663,0
star_5,heavy,frequent,p2_c40_penalty_off,606,12,12,0,12,133,409,0,24,52,17,0,1.4013113975524902,0
star_5,heavy,frequent,p2_c40_penalty_off,707,12,12,0,12,134,414,0,24,52,18,0,1.460294246673584,0
star_5,heavy,frequent,p2_c40_penalty_off,1717,12,12,0,12,134,414,0,24,52,18,0,1.1360714435577393,0
star_5,heavy,frequent,p2_c40_penalty_off,909,12,12,0,12,134,414,0,24,52,18,0,1.4455852508544922,0
star_5,heavy,frequent,p2_c40_penalty_off,1010,12,12,0,12,134,414,0,24,52,18,0,1.4460203647613525,0
star_5,heavy,frequent,p2_c40_penalty_off,1313,12,12,0,12,134,414,0,24,52,18,0,1.3872780799865723,0
star_5,heavy,frequent,p2_c40_penalty_off,1111,12,12,0,12,133,407,0,24,51,18,0,1.4031753540039062,0
star_5,heavy,frequent,p2_c40_penalty_off,1212,12,12,0,12,134,414,0,24,52,18,0,1.40883207321167,0
star_5,heavy,frequent,p2_c40_penalty_off,1414,12,12,0,12,134,414,0,24,52,18,0,1.4284262657165527,0
star_5,heavy,frequent,p2_c40_penalty_off,1818,12,12,0,12,133,409,0,24,52,17,0,1.3880701065063477,0
star_5,heavy,frequent,p2_c40_penalty_off,1515,12,12,0,12,134,414,0,24,52,18,0,1.4552807807922363,0
star_5,heavy,frequent,p2_c40_penalty_off,1616,12,12,0,12,134,414,0,24,52,18,0,1.4515190124511719,0
star_5,heavy,frequent,p2_c40_penalty_off,1919,12,12,0,12,134,414,0,24,52,18,0,1.46319580078125,0
tree_d3f2,medium,medium,baseline,1212,6,6,6,0,548,1021,259,118,388,106,0,3.926973342895508,0
tree_d3f2,medium,medium,p2_c120,606,4,4,4,0,464,858,216,76,321,95,0,3.5441482067108154,0
tree_d3f2,medium,medium,baseline,1717,4,5,5,0,459,857,205,72,317,93,0,4.020497798919678,0
tree_d3f2,medium,medium,baseline,404,5,5,5,0,494,926,220,86,353,90,0,4.963760614395142,0
tree_d3f2,medium,medium,baseline,42,6,6,6,0,538,1004,248,101,391,94,0,5.20197057723999,0
tree_d3f2,medium,medium,baseline,303,4,6,6,0,479,890,220,69,332,97,0,5.091772794723511,0
tree_d3f2,medium,medium,baseline,101,4,4,4,0,441,808,215,65,302,91,0,5.204487085342407,0
tree_d3f2,medium,medium,baseline,202,5,5,5,0,487,914,213,93,341,95,0,5.219526052474976,0
tree_d3f2,medium,medium,baseline,505,5,5,5,0,511,942,246,74,369,92,0,5.14781379699707,0
tree_d3f2,medium,medium,baseline,808,4,4,4,0,434,797,203,61,290,97,0,5.004849433898926,0
tree_d3f2,medium,medium,baseline,606,4,4,4,0,464,858,216,76,321,95,0,5.2463178634643555,0
tree_d3f2,medium,medium,baseline,707,3,5,5,0,438,830,184,63,291,100,0,5.242561340332031,0
tree_d3f2,medium,medium,baseline,909,6,6,6,0,557,1028,271,114,404,99,0,4.89294958114624,0
tree_d3f2,medium,medium,baseline,1313,5,5,5,0,498,915,239,86,357,90,0,4.927693605422974,0
tree_d3f2,medium,medium,p2_c120,42,6,6,6,0,538,1004,248,101,391,94,0,4.564659357070923,0
tree_d3f2,medium,medium,baseline,1111,3,3,3,0,401,725,196,51,270,86,0,5.05831241607666,0
tree_d3f2,medium,medium,baseline,1616,5,5,5,0,472,893,201,84,326,96,0,4.725176811218262,0
tree_d3f2,medium,medium,baseline,1010,6,6,6,0,550,1005,279,122,388,107,0,5.1167685985565186,0
tree_d3f2,medium,medium,baseline,1414,5,6,6,0,498,927,229,93,350,96,0,4.977313995361328,0
tree_d3f2,medium,medium,baseline,1515,5,5,5,0,516,966,234,89,374,91,0,5.023103952407837,0
tree_d3f2,medium,medium,p2_c120,404,5,5,5,0,494,926,220,86,353,90,0,4.800565958023071,0
tree_d3f2,medium,medium,baseline,1818,3,4,4,0,445,839,190,55,307,91,0,5.11016058921814,0
tree_d3f2,medium,medium,p2_c120,101,4,4,4,0,441,808,215,65,302,91,0,5.097094774246216,0
tree_d3f2,medium,medium,baseline,1919,3,4,4,0,437,811,198,55,298,92,0,5.189111709594727,0
tree_d3f2,medium,medium,p2_c120,202,5,5,5,0,487,914,213,93,341,95,0,5.239027738571167,0
tree_d3f2,medium,medium,p2_c120,303,4,6,6,0,479,890,220,69,332,97,0,5.180175542831421,0
tree_d3f2,medium,medium,p2_c120,707,3,5,5,0,438,830,184,63,291,100,0,5.083852291107178,0
tree_d3f2,medium,medium,p2_c120,505,5,5,5,0,511,942,246,74,369,92,0,5.219325304031372,0
tree_d3f2,medium,medium,p2_c120,1010,6,6,6,0,550,1005,279,122,388,107,0,4.01923942565918,0
tree_d3f2,medium,medium,p2_c120_mp2,202,5,5,5,0,487,914,213,93,341,95,0,3.7323215007781982,0
tree_d3f2,medium,medium,p2_c120,808,4,4,4,0,434,797,203,61,290,97,0,4.8361053466796875,0
tree_d3f2,medium,medium,p2_c120,1919,3,4,4,0,437,811,198,55,298,92,0,4.258622646331787,0
tree_d3f2,medium,medium,p2_c120,909,6,6,6,0,557,1028,271,114,404,99,0,5.085952997207642,0
tree_d3f2,medium,medium,p2_c120,1414,5,6,6,0,498,927,229,93,350,96,0,4.8256402015686035,0
tree_d3f2,medium,medium,p2_c120_mp2,606,4,4,4,0,464,858,216,76,321,95,0,4.356171607971191,0
tree_d3f2,medium,medium,p2_c120_mp2,505,5,5,5,0,511,942,246,74,369,92,0,4.539924621582031,0
tree_d3f2,medium,medium,p2_c120,1111,3,3,3,0,401,725,196,51,270,86,0,5.2481489181518555,0
tree_d3f2,medium,medium,p2_c120,1515,5,5,5,0,516,966,234,89,374,91,0,5.109633684158325,0
tree_d3f2,medium,medium,p2_c120,1212,6,6,6,0,548,1021,259,118,388,106,0,5.222772121429443,0
tree_d3f2,medium,medium,p2_c120,1717,4,5,5,0,459,857,205,72,317,93,0,5.0260398387908936,0
tree_d3f2,medium,medium,p2_c120,1313,5,5,5,0,498,915,239,86,357,90,0,5.294853687286377,0
tree_d3f2,medium,medium,p2_c120,1616,5,5,5,0,472,893,201,84,326,96,0,5.222379922866821,0
tree_d3f2,medium,medium,p2_c120_mp2,303,4,6,6,0,479,890,220,69,332,97,0,4.952933073043823,0
tree_d3f2,medium,medium,p2_c120,1818,3,4,4,0,445,839,190,55,307,91,0,5.179135084152222,0
tree_d3f2,medium,medium,p2_c120_mp2,42,6,6,6,0,538,1004,248,101,391,94,0,5.209989309310913,0
tree_d3f2,medium,medium,p2_c120_mp2,101,4,4,4,0,441,808,215,65,302,91,0,5.216615915298462,0
tree_d3f2,medium,medium,p2_c120_mp2,404,5,5,5,0,494,926,220,86,353,90,0,5.159597635269165,0
tree_d3f2,medium,medium,p2_c120_mp2,909,6,6,6,0,557,1028,271,114,404,99,0,4.793706655502319,0
tree_d3f2,medium,medium,p2_c120_mp2,707,3,5,5,0,438,830,184,63,291,100,0,5.151536226272583,0
tree_d3f2,medium,medium,p2_c120_mp2,808,4,4,4,0,434,797,203,61,290,97,0,5.106724977493286,0
tree_d3f2,medium,medium,p2_c120_mp2,1111,3,3,3,0,401,725,196,51,270,86,0,5.021937608718872,0
tree_d3f2,medium,medium,p2_c120_mp2,1010,6,6,6,0,550,1005,279,122,388,107,0,5.060813665390015,0
tree_d3f2,medium,medium,p2_c120_mp2,1212,6,6,6,0,548,1021,259,118,388,106,0,5.0611889362335205,0
tree_d3f2,medium,medium,p2_c120_mp2,1313,5,5,5,0,498,915,239,86,357,90,0,5.1199951171875,0
tree_d3f2,medium,medium,p2_c120_mp2,1414,5,6,6,0,498,927,229,93,350,96,0,5.087559461593628,0
tree_d3f2,medium,medium,p2_c120_mp2,1515,5,5,5,0,516,966,234,89,374,91,0,5.183542728424072,0
tree_d3f2,medium,medium,p2_c120_mp2,1616,5,5,5,0,472,893,201,84,326,96,0,4.556296110153198,0
tree_d3f2,medium,medium,p2_c120_mp2,1717,4,5,5,0,459,857,205,72,317,93,0,4.515684366226196,0
tree_d3f2,medium,medium,p2_c120_mp2,1818,3,4,4,0,445,839,190,55,307,91,0,4.9050352573394775,0
tree_d3f2,medium,medium,p2_c120_mp3,202,5,5,5,0,487,914,213,93,341,95,0,4.215337514877319,0
tree_d3f2,medium,medium,p2_c120_mp2,1919,3,4,4,0,437,811,198,55,298,92,0,5.135551691055298,0
tree_d3f2,medium,medium,p2_c120_mp3,1111,3,3,3,0,401,725,196,51,270,86,0,4.2866597175598145,0
tree_d3f2,medium,medium,p2_c120_mp3,101,4,4,4,0,441,808,215,65,302,91,0,5.1821863651275635,0
tree_d3f2,medium,medium,p2_c120_mp3,42,6,6,6,0,538,1004,248,101,391,94,0,5.3062520027160645,0
tree_d3f2,medium,medium,p2_c120_mp3,909,6,6,6,0,557,1028,271,114,404,99,0,4.798914194107056,0
tree_d3f2,medium,medium,p2_c120_mp3,404,5,5,5,0,494,926,220,86,353,90,0,5.080000162124634,0
tree_d3f2,medium,medium,p2_c120_mp3,606,4,4,4,0,464,858,216,76,321,95,0,5.105339527130127,0
tree_d3f2,medium,medium,p2_c120_mp3,303,4,6,6,0,479,890,220,69,332,97,0,5.271486759185791,0
tree_d3f2,medium,medium,p2_c120_mp3,505,5,5,5,0,511,942,246,74,369,92,0,5.15333890914917,0
tree_d3f2,medium,medium,p2_c120_mp3,707,3,5,5,0,438,830,184,63,291,100,0,5.125373601913452,0
tree_d3f2,medium,medium,p2_c120_mp3,808,4,4,4,0,434,797,203,61,290,97,0,5.103477239608765,0
tree_d3f2,medium,medium,p2_c120_mp3,1313,5,5,5,0,498,915,239,86,357,90,0,4.756970405578613,0
tree_d3f2,medium,medium,p2_c120_mp3,1010,6,6,6,0,550,1005,279,122,388,107,0,5.122915506362915,0
tree_d3f2,medium,medium,p2_c120_mp3,1212,6,6,6,0,548,1021,259,118,388,106,0,5.204087018966675,0
tree_d3f2,medium,medium,p2_c120_mp3,1717,4,5,5,0,459,857,205,72,317,93,0,4.8248443603515625,0
tree_d3f2,medium,medium,p2_c120_mp3,1414,5,6,6,0,498,927,229,93,350,96,0,5.275285482406616,0
tree_d3f2,medium,medium,p2_c120_h2,42,4,4,4,0,476,902,207,72,310,112,6,4.772413492202759,0
tree_d3f2,medium,medium,p2_c120_mp3,1515,5,5,5,0,516,966,234,89,374,91,0,5.267941236495972,0
tree_d3f2,medium,medium,p2_c120_mp3,1919,3,4,4,0,437,811,198,55,298,92,0,5.0237274169921875,0
tree_d3f2,medium,medium,p2_c120_mp3,1616,5,5,5,0,472,893,201,84,326,96,0,5.259536266326904,0
tree_d3f2,medium,medium,p2_c120_mp3,1818,3,4,4,0,445,839,190,55,307,91,0,5.137057065963745,0
tree_d3f2,medium,medium,p2_c120_h2,101,5,5,5,0,503,936,233,93,333,113,6,5.115670680999756,0
tree_d3f2,medium,medium,p2_c120_h2,303,3,5,5,0,468,898,194,56,291,124,6,4.984147071838379,0
tree_d3f2,medium,medium,p2_c120_h2,202,4,4,4,0,490,929,213,69,327,109,6,5.30280876159668,0
tree_d3f2,medium,medium,p2_c120_h2,404,5,5,5,0,503,960,206,85,340,107,5,4.786783218383789,0
tree_d3f2,medium,medium,p2_c120_h2,505,1,2,2,0,350,688,120,21,192,113,5,4.5637547969818115,0
tree_d3f2,medium,medium,p2_c120_h2,606,3,3,3,0,454,846,207,51,300,103,6,5.027371644973755,0
tree_d3f2,medium,medium,p2_c120_h2,707,2,3,3,0,441,847,183,39,275,117,6,5.002314329147339,0
tree_d3f2,medium,medium,p2_c120_h2,1313,3,4,4,0,450,845,202,59,284,114,6,4.139101982116699,0
tree_d3f2,medium,medium,p2_c120_h2,909,5,5,5,0,526,991,239,99,351,118,6,4.739452838897705,0
tree_d3f2,medium,medium,p2_c120_h2,808,3,4,4,0,494,914,241,48,323,119,6,5.16641640663147,0
tree_d3f2,medium,medium,p2_c120_h2,1111,3,4,4,0,462,867,208,55,296,114,6,5.0503785610198975,0
tree_d3f2,medium,medium,p2_c120_h2,1010,6,6,6,0,553,1011,275,106,382,110,6,5.119063377380371,0
tree_d3f2,medium,medium,p2_c120_h2,1212,6,6,6,0,520,957,251,110,343,117,6,5.173330068588257,0
tree_d3f2,medium,medium,p2_c120_h2,1616,4,5,5,0,511,978,215,80,337,119,6,5.16148042678833,0
tree_d3f2,medium,medium,p2_c120_h2,1515,3,3,3,0,464,891,191,51,305,108,6,5.179217338562012,0
tree_d3f2,medium,medium,p2_c120_h2,1919,6,6,6,0,558,1051,249,110,380,117,6,5.120264053344727,0
tree_d3f2,medium,medium,p2_c120_h2,1414,3,4,4,0,459,882,190,59,288,119,6,5.263187646865845,0
tree_d3f2,medium,medium,p2_c120_h2,1818,5,5,5,0,565,1074,250,81,388,120,6,5.1871514320373535,0
tree_d3f2,medium,medium,p2_c120_h2,1717,3,4,4,0,449,860,186,42,283,115,6,5.239073753356934,0
tree_d3f2,medium,medium,p2_c40,1111,3,3,0,3,365,673,167,48,225,98,0,3.965282440185547,0
tree_d3f2,medium,medium,p2_c40,404,4,5,0,5,418,801,170,64,269,104,0,4.657607555389404,0
tree_d3f2,medium,medium,p2_c40,303,4,6,0,6,406,785,155,64,249,111,0,4.6947362422943115,0
tree_d3f2,medium,medium,p2_c40,42,6,6,0,6,459,883,186,88,301,110,0,5.082374572753906,0
tree_d3f2,medium,medium,p2_c40,505,5,5,0,5,458,884,184,73,304,108,0,4.713709354400635,0
tree_d3f2,medium,medium,p2_c40,202,5,5,0,5,416,789,174,77,263,107,0,5.052034854888916,0
tree_d3f2,medium,medium,p2_c40,101,4,4,0,4,399,755,173,64,252,103,0,5.244109869003296,0
tree_d3f2,medium,medium,p2_c40,808,4,4,0,4,393,748,158,64,244,105,0,4.817375421524048,0
tree_d3f2,medium,medium,p2_c40,606,4,4,0,4,408,772,172,64,261,103,0,5.089312314987183,0
tree_d3f2,medium,medium,p2_c40,707,3,5,0,5,379,741,133,48,231,104,0,5.15446925163269,0
tree_d3f2,medium,medium,p2_c40,909,6,6,0,6,473,901,203,96,314,111,0,4.876997232437134,0
tree_d3f2,medium,medium,p2_c40,1010,4,6,0,6,426,807,184,64,268,111,0,5.051112651824951,0
tree_d3f2,medium,medium,p2_c40,1212,6,6,0,6,463,884,197,96,301,114,0,5.064532279968262,0
tree_d3f2,medium,medium,p2_c40,1313,5,5,0,5,444,859,173,80,292,106,0,5.281165361404419,0
tree_d3f2,medium,medium,p2_c40,1717,2,5,0,5,364,697,143,32,219,102,0,4.146749019622803,0
tree_d3f2,medium,medium,p2_c40,1414,4,6,0,6,402,770,162,58,249,107,0,4.6077704429626465,0
tree_d3f2,medium,medium,p2_c40,1515,5,5,0,5,452,877,177,80,299,107,0,5.125478744506836,0
tree_d3f2,medium,medium,p2_c40,1616,4,5,0,5,401,772,157,64,251,105,0,5.112313747406006,0
tree_d3f2,medium,medium,p2_c40_penalty_off,808,4,4,0,4,393,748,158,64,244,105,0,4.517963171005249,0
tree_d3f2,medium,medium,p2_c40,1818,3,4,0,4,405,764,173,48,262,99,0,5.287678241729736,0
tree_d3f2,medium,medium,p2_c40,1919,3,4,0,4,386,741,150,48,238,104,0,5.1443421840667725,0
tree_d3f2,medium,medium,p2_c40_penalty_off,42,6,6,0,6,459,883,186,88,301,110,0,5.285170078277588,0
tree_d3f2,medium,medium,p2_c40_penalty_off,1515,5,5,0,5,452,877,177,80,299,107,0,4.428930282592773,0
tree_d3f2,medium,medium,p2_c40_penalty_off,1919,3,4,0,4,386,741,150,48,238,104,0,3.9229543209075928,0
tree_d3f2,medium,medium,p2_c40_penalty_off,707,3,5,0,5,379,741,133,48,231,104,0,4.911113739013672,0
tree_d3f2,medium,medium,p2_c40_penalty_off,101,4,4,0,4,399,755,173,64,252,103,0,5.255075454711914,0
tree_d3f2,medium,medium,p2_c40_penalty_off,1111,3,3,0,3,365,673,167,48,225,98,0,4.887088775634766,0
tree_d3f2,medium,medium,p2_c40_penalty_off,606,4,4,0,4,408,772,172,64,261,103,0,4.997852325439453,0
tree_d3f2,medium,medium,p2_c40_penalty_off,202,4,5,0,5,401,758,169,64,251,105,0,5.092267990112305,0
tree_d3f2,medium,medium,p2_c40_penalty_off,404,4,5,0,5,418,801,170,64,269,104,0,5.121050596237183,0
tree_d3f2,medium,medium,p2_c40_penalty_off,909,6,6,0,6,473,901,203,96,314,111,0,5.073739767074585,0
tree_d3f2,medium,medium,p2_c40_penalty_off,505,5,5,0,5,458,884,184,73,304,108,0,5.190229654312134,0
tree_d3f2,medium,medium,p2_c40_penalty_off,303,4,6,0,6,406,785,155,64,249,111,0,5.2327189445495605,0
tree_d3f2,medium,medium,p2_c40_penalty_off,1010,5,6,0,6,430,811,188,68,271,111,0,5.23234748840332,0
tree_d3f2,medium,medium,p2_c40_penalty_off,1313,5,5,0,5,444,859,173,80,292,106,0,5.096877813339233,0
tree_d3f2,medium,medium,p2_c40_penalty_off,1212,6,6,0,6,463,884,197,96,301,114,0,5.267857789993286,0
tree_d3f2,medium,medium,p2_c40_penalty_off,1414,4,6,0,6,402,770,162,58,249,107,0,5.0835793018341064,0
tree_d3f2,medium,medium,p2_c40_penalty_off,1717,2,5,0,5,364,697,143,32,219,102,0,4.9076926708221436,0
tree_d3f2,medium,medium,p2_c40_penalty_off,1616,4,5,0,5,401,772,157,64,251,105,0,5.090018033981323,0
tree_d3f2,medium,medium,p2_c40_penalty_off,1818,3,4,0,4,405,764,173,48,262,99,0,5.272390127182007,0
tree_d3f2,medium,frequent,baseline,42,6,6,6,0,782,1416,380,101,599,94,0,4.441920757293701,0
tree_d3f2,medium,frequent,baseline,202,6,6,6,0,801,1452,397,114,612,99,0,4.292518615722656,0
tree_d3f2,medium,frequent,baseline,101,6,6,6,0,755,1350,383,103,570,95,0,4.586618900299072,0
tree_d3f2,medium,frequent,baseline,303,6,6,6,0,749,1338,378,99,566,93,0,5.239170074462891,0
tree_d3f2,medium,frequent,baseline,1616,5,6,6,0,713,1272,358,85,537,88,0,3.54341459274292,0
tree_d3f2,medium,frequent,baseline,404,5,5,5,0,716,1286,352,93,535,94,0,4.975923299789429,0
tree_d3f2,medium,frequent,baseline,505,6,6,6,0,769,1376,395,101,578,102,0,4.916205167770386,0
tree_d3f2,medium,frequent,baseline,1010,6,6,6,0,758,1379,359,98,569,99,0,4.006175756454468,0
tree_d3f2,medium,frequent,baseline,606,3,3,3,0,664,1185,333,55,492,91,0,5.184466361999512,0
tree_d3f2,medium,frequent,baseline,909,6,6,6,0,783,1389,413,107,598,95,0,5.012520790100098,0
tree_d3f2,medium,frequent,baseline,707,4,5,5,0,693,1246,339,76,512,96,0,5.330065727233887,0
tree_d3f2,medium,frequent,baseline,808,6,6,6,0,770,1364,402,95,584,97,0,5.2928314208984375,0
tree_d3f2,medium,frequent,baseline,1111,5,6,6,0,770,1393,382,101,580,102,0,5.13875675201416,0
tree_d3f2,medium,frequent,baseline,1515,6,6,6,0,768,1405,363,107,583,95,0,5.022407054901123,0
tree_d3f2,medium,frequent,baseline,1313,5,6,6,0,736,1323,367,94,550,98,0,5.242326736450195,0
tree_d3f2,medium,frequent,baseline,1414,5,6,6,0,778,1401,392,97,590,100,0,5.269982814788818,0
tree_d3f2,medium,frequent,baseline,1717,5,6,6,0,703,1260,344,93,518,97,0,5.225252151489258,0
tree_d3f2,medium,frequent,baseline,1212,6,6,6,0,795,1441,390,106,611,94,0,5.359270811080933,0
tree_d3f2,medium,frequent,baseline,1818,5,6,6,0,684,1226,333,77,501,95,0,5.225680589675903,0
tree_d3f2,medium,frequent,baseline,1919,6,6,6,0,776,1395,386,93,594,92,0,5.226484775543213,0
tree_d3f2,medium,frequent,p2_c120,42,6,6,6,0,782,1416,380,101,599,94,0,5.250130891799927,0
tree_d3f2,medium,frequent,p2_c120,101,6,6,6,0,755,1350,383,103,570,95,0,5.303800821304321,0
tree_d3f2,medium,frequent,p2_c120,303,6,6,6,0,749,1338,378,99,566,93,0,5.232248544692993,0
tree_d3f2,medium,frequent,p2_c120,202,6,6,6,0,801,1452,397,114,612,99,0,5.262866020202637,0
tree_d3f2,medium,frequent,p2_c120,404,5,5,5,0,716,1286,352,93,535,94,0,5.280141592025757,0
tree_d3f2,medium,frequent,p2_c120,606,3,3,3,0,664,1185,333,55,492,91,0,5.168164968490601,0
tree_d3f2,medium,frequent,p2_c120,505,6,6,6,0,769,1376,395,101,578,102,0,5.333004951477051,0
tree_d3f2,medium,frequent,p2_c120,707,4,5,5,0,693,1246,339,76,512,96,0,5.112874984741211,0
tree_d3f2,medium,frequent,p2_c120,909,6,6,6,0,783,1389,413,107,598,95,0,3.838390350341797,0
tree_d3f2,medium,frequent,p2_c120,1010,6,6,6,0,758,1379,359,98,569,99,0,4.785398006439209,0
tree_d3f2,medium,frequent,p2_c120,808,6,6,6,0,770,1364,402,95,584,97,0,5.212841987609863,0
tree_d3f2,medium,frequent,p2_c120,1111,5,6,6,0,770,1393,382,101,580,102,0,4.705229759216309,0
tree_d3f2,medium,frequent,p2_c120,1212,6,6,6,0,795,1441,390,106,611,94,0,4.824366569519043,0
tree_d3f2,medium,frequent,p2_c120,1313,5,6,6,0,736,1323,367,94,550,98,0,4.911931991577148,0
tree_d3f2,medium,frequent,p2_c120,1414,5,6,6,0,778,1401,392,97,590,100,0,5.2707295417785645,0
tree_d3f2,medium,frequent,p2_c120,1515,6,6,6,0,768,1405,363,107,583,95,0,5.272693634033203,0
tree_d3f2,medium,frequent,p2_c120,1616,5,6,6,0,713,1272,358,85,537,88,0,4.7156455516815186,0
tree_d3f2,medium,frequent,p2_c120_mp2,202,6,6,6,0,801,1452,397,114,612,99,0,4.34744668006897,0
tree_d3f2,medium,frequent,p2_c120_mp2,101,6,6,6,0,755,1350,383,103,570,95,0,4.696796894073486,0
tree_d3f2,medium,frequent,p2_c120_mp2,606,3,3,3,0,664,1185,333,55,492,91,0,4.671192646026611,0
tree_d3f2,medium,frequent,p2_c120,1717,5,6,6,0,703,1260,344,93,518,97,0,5.2320568561553955,0
tree_d3f2,medium,frequent,p2_c120,1818,5,6,6,0,684,1226,333,77,501,95,0,5.248994827270508,0
tree_d3f2,medium,frequent,p2_c120_mp2,1010,6,6,6,0,758,1379,359,98,569,99,0,4.570195436477661,0
tree_d3f2,medium,frequent,p2_c120_mp2,303,6,6,6,0,749,1338,378,99,566,93,0,4.977759599685669,0
tree_d3f2,medium,frequent,p2_c120_mp2,404,5,5,5,0,716,1286,352,93,535,94,0,4.969999074935913,0
tree_d3f2,medium,frequent,p2_c120,1919,6,6,6,0,776,1395,386,93,594,92,0,5.335850238800049,0
tree_d3f2,medium,frequent,p2_c120_mp2,808,6,6,6,0,770,1364,402,95,584,97,0,4.894843578338623,0
tree_d3f2,medium,frequent,p2_c120_mp2,707,4,5,5,0,693,1246,339,76,512,96,0,4.930128812789917,0
tree_d3f2,medium,frequent,p2_c120_mp2,42,6,6,6,0,782,1416,380,101,599,94,0,5.364529848098755,0
tree_d3f2,medium,frequent,p2_c120_mp2,505,6,6,6,0,769,1376,395,101,578,102,0,5.265775918960571,0
tree_d3f2,medium,frequent,p2_c120_mp2,909,6,6,6,0,783,1389,413,107,598,95,0,5.0308778285980225,0
tree_d3f2,medium,frequent,p2_c120_mp2,1616,5,6,6,0,713,1272,358,85,537,88,0,4.458268642425537,0
tree_d3f2,medium,frequent,p2_c120_mp2,1111,5,6,6,0,770,1393,382,101,580,102,0,5.211873292922974,0
tree_d3f2,medium,frequent,p2_c120_mp2,1313,5,6,6,0,736,1323,367,94,550,98,0,5.107297658920288,0
tree_d3f2,medium,frequent,p2_c120_mp2,1212,6,6,6,0,795,1441,390,106,611,94,0,5.393930196762085,0
tree_d3f2,medium,frequent,p2_c120_mp2,1515,6,6,6,0,768,1405,363,107,583,95,0,5.033567667007446,0
tree_d3f2,medium,frequent,p2_c120_mp2,1414,5,6,6,0,778,1401,392,97,590,100,0,5.390248537063599,0
tree_d3f2,medium,frequent,p2_c120_mp2,1818,5,6,6,0,684,1226,333,77,501,95,0,5.035418510437012,0
tree_d3f2,medium,frequent,p2_c120_mp2,1717,5,6,6,0,703,1260,344,93,518,97,0,5.270019769668579,0
tree_d3f2,medium,frequent,p2_c120_mp3,42,6,6,6,0,782,1416,380,101,599,94,0,4.973383665084839,0
tree_d3f2,medium,frequent,p2_c120_mp2,1919,6,6,6,0,776,1395,386,93,594,92,0,5.250114917755127,0
tree_d3f2,medium,frequent,p2_c120_mp3,202,6,6,6,0,801,1452,397,114,612,99,0,4.399713516235352,0
tree_d3f2,medium,frequent,p2_c120_mp3,303,6,6,6,0,749,1338,378,99,566,93,0,4.523066997528076,0
tree_d3f2,medium,frequent,p2_c120_mp3,101,6,6,6,0,755,1350,383,103,570,95,0,5.223010778427124,0
tree_d3f2,medium,frequent,p2_c120_mp3,909,6,6,6,0,783,1389,413,107,598,95,0,4.25418758392334,0
tree_d3f2,medium,frequent,p2_c120_mp3,505,6,6,6,0,769,1376,395,101,578,102,0,5.046662330627441,0
tree_d3f2,medium,frequent,p2_c120_mp3,404,5,5,5,0,716,1286,352,93,535,94,0,5.280894041061401,0
tree_d3f2,medium,frequent,p2_c120_mp3,1919,6,6,6,0,776,1395,386,93,594,92,0,4.1653971672058105,0
tree_d3f2,medium,frequent,p2_c120_mp3,1515,6,6,6,0,768,1405,363,107,583,95,0,4.653970718383789,0
tree_d3f2,medium,frequent,p2_c120_mp3,1313,5,6,6,0,736,1323,367,94,550,98,0,4.681375026702881,0
tree_d3f2,medium,frequent,p2_c120_mp3,606,3,3,3,0,664,1185,333,55,492,91,0,5.349054336547852,0
tree_d3f2,medium,frequent,p2_c120_mp3,707,4,5,5,0,693,1246,339,76,512,96,0,5.156604766845703,0
tree_d3f2,medium,frequent,p2_c120_mp3,808,6,6,6,0,770,1364,402,95,584,97,0,5.261144161224365,0
tree_d3f2,medium,frequent,p2_c120_mp3,1616,5,6,6,0,713,1272,358,85,537,88,0,5.124581813812256,0
tree_d3f2,medium,frequent,p2_c120_mp3,1212,6,6,6,0,795,1441,390,106,611,94,0,5.241073846817017,0
tree_d3f2,medium,frequent,p2_c120_h2,101,6,6,6,0,763,1394,360,103,547,120,6,4.577980995178223,0
tree_d3f2,medium,frequent,p2_c120_mp3,1010,6,6,6,0,758,1379,359,98,569,99,0,5.374035835266113,0
tree_d3f2,medium,frequent,p2_c120_mp3,1111,5,6,6,0,770,1393,382,101,580,102,0,5.409977674484253,0
tree_d3f2,medium,frequent,p2_c120_mp3,1414,5,6,6,0,778,1401,392,97,590,100,0,5.354436874389648,0
tree_d3f2,medium,frequent,p2_c120_mp3,1818,5,6,6,0,684,1226,333,77,501,95,0,5.056796312332153,0
tree_d3f2,medium,frequent,p2_c120_mp3,1717,5,6,6,0,703,1260,344,93,518,97,0,5.278579473495483,0
tree_d3f2,medium,frequent,p2_c120_h2,42,6,6,6,0,755,1393,334,93,557,103,6,5.0933613777160645,0
tree_d3f2,medium,frequent,p2_c120_h2,404,5,6,6,0,706,1301,317,101,489,123,6,4.919215440750122,0
tree_d3f2,medium,frequent,p2_c120_h2,202,5,6,6,0,740,1341,362,93,531,116,5,5.390181541442871,0
tree_d3f2,medium,frequent,p2_c120_h2,303,5,6,6,0,765,1384,376,88,552,119,6,5.3710103034973145,0
tree_d3f2,medium,frequent,p2_c120_h2,606,5,5,5,0,735,1319,369,93,531,111,6,5.169467926025391,0
tree_d3f2,medium,frequent,p2_c120_h2,505,6,6,6,0,816,1489,396,95,603,118,6,5.430213212966919,0
tree_d3f2,medium,frequent,p2_c120_h2,808,6,6,6,0,762,1372,375,77,550,118,6,4.7715163230896,0
tree_d3f2,medium,frequent,p2_c120_h2,909,6,6,6,0,795,1433,401,107,584,115,6,5.0505170822143555,0
tree_d3f2,medium,frequent,p2_c120_h2,707,5,6,6,0,765,1381,380,90,558,113,6,5.182804107666016,0
tree_d3f2,medium,frequent,p2_c120_h2,1010,6,6,6,0,772,1411,363,98,561,115,6,5.2950732707977295,0
tree_d3f2,medium,frequent,p2_c120_h2,1111,5,6,6,0,736,1335,357,97,521,121,6,5.1427321434021,0
tree_d3f2,medium,frequent,p2_c120_h2,1212,6,6,6,0,799,1456,385,106,591,112,6,4.884587287902832,0
tree_d3f2,medium,frequent,p2_c120_h2,1313,5,5,5,0,745,1334,382,85,546,106,6,4.8215062618255615,0
tree_d3f2,medium,frequent,p2_c40,101,6,6,0,6,682,1248,318,96,487,111,0,4.261533975601196,0
tree_d3f2,medium,frequent,p2_c120_h2,1414,4,5,5,0,780,1430,378,80,567,122,6,5.119595289230347,0
tree_d3f2,medium,frequent,p2_c120_h2,1818,5,6,6,0,686,1194,363,73,488,104,6,4.962838172912598,0
tree_d3f2,medium,frequent,p2_c120_h2,1515,5,5,5,0,763,1396,365,89,553,117,6,5.263584852218628,0
tree_d3f2,medium,frequent,p2_c120_h2,1919,6,6,6,0,805,1438,416,106,593,115,6,4.980304718017578,0
tree_d3f2,medium,frequent,p2_c120_h2,1616,6,6,6,0,771,1421,357,106,559,116,6,5.239954471588135,0
tree_d3f2,medium,frequent,p2_c40,505,6,6,0,6,701,1290,323,96,505,112,0,4.658456087112427,0
tree_d3f2,medium,frequent,p2_c40,1010,4,6,0,6,658,1202,303,64,464,111,0,4.022507905960083,0
tree_d3f2,medium,frequent,p2_c120_h2,1717,5,6,6,0,775,1410,372,97,561,120,6,5.407861709594727,0
tree_d3f2,medium,frequent,p2_c40,202,6,6,0,6,714,1306,341,93,519,111,0,4.900285720825195,0
tree_d3f2,medium,frequent,p2_c40,42,6,6,0,6,703,1278,335,88,509,110,0,5.193105459213257,0
tree_d3f2,medium,frequent,p2_c40,404,4,5,0,5,630,1150,288,64,445,104,0,5.249475955963135,0
tree_d3f2,medium,frequent,p2_c40,707,4,5,0,5,637,1154,301,64,452,104,0,5.155977249145508,0
tree_d3f2,medium,frequent,p2_c40,303,6,6,0,6,680,1254,306,96,483,113,0,5.398530721664429,0
tree_d3f2,medium,frequent,p2_c40,909,6,6,0,6,703,1271,347,93,508,111,0,5.056039571762085,0
tree_d3f2,medium,frequent,p2_c40,606,3,3,0,3,624,1127,299,48,447,99,0,5.3426432609558105,0
tree_d3f2,medium,frequent,p2_c40,808,6,6,0,6,691,1252,331,82,494,113,0,5.227854490280151,0
tree_d3f2,medium,frequent,p2_c40,1212,5,6,0,6,706,1310,317,80,509,114,0,4.839650869369507,0
tree_d3f2,medium,frequent,p2_c40,1111,5,6,0,6,694,1275,321,80,505,106,0,5.279475212097168,0
tree_d3f2,medium,frequent,p2_c40,1313,5,6,0,6,658,1192,315,72,465,110,0,4.820667266845703,0
tree_d3f2,medium,frequent,p2_c40,1414,4,6,0,6,681,1250,315,61,492,107,0,4.9759674072265625,0
tree_d3f2,medium,frequent,p2_c40,1515,6,6,0,6,691,1289,302,96,496,111,0,5.294633150100708,0
tree_d3f2,medium,frequent,p2_c40,1616,3,6,0,6,623,1128,296,48,434,108,0,5.108691930770874,0
tree_d3f2,medium,frequent,p2_c40,1717,3,6,0,6,589,1064,273,45,402,106,0,5.207931756973267,0
tree_d3f2,medium,frequent,p2_c40,1919,6,6,0,6,713,1326,313,96,516,112,0,5.046986103057861,0
tree_d3f2,medium,frequent,p2_c40_penalty_off,101,6,6,0,6,682,1248,318,96,487,111,0,4.683634996414185,0
tree_d3f2,medium,frequent,p2_c40,1818,5,6,0,6,632,1150,290,80,441,107,0,5.250528335571289,0
tree_d3f2,medium,frequent,p2_c40_penalty_off,42,6,6,0,6,703,1278,335,88,509,110,0,5.148529529571533,0
tree_d3f2,medium,frequent,p2_c40_penalty_off,303,6,6,0,6,680,1254,306,96,483,113,0,4.587907552719116,0
tree_d3f2,medium,frequent,p2_c40_penalty_off,202,5,6,0,6,699,1276,335,80,507,109,0,4.971844434738159,0
tree_d3f2,medium,frequent,p2_c40_penalty_off,909,6,6,0,6,703,1271,347,93,508,111,0,4.478656053543091,0
tree_d3f2,medium,frequent,p2_c40_penalty_off,505,6,6,0,6,701,1290,323,96,505,112,0,4.854114532470703,0
tree_d3f2,medium,frequent,p2_c40_penalty_off,404,4,5,0,5,630,1150,288,64,445,104,0,5.217382431030273,0
tree_d3f2,medium,frequent,p2_c40_penalty_off,1010,5,6,0,6,674,1236,307,80,479,111,0,4.927958011627197,0
tree_d3f2,medium,frequent,p2_c40_penalty_off,808,6,6,0,6,691,1252,331,82,494,113,0,5.05365252494812,0
tree_d3f2,medium,frequent,p2_c40_penalty_off,606,3,3,0,3,624,1127,299,48,447,99,0,5.178919076919556,0
tree_d3f2,medium,frequent,p2_c40_penalty_off,1515,6,6,0,6,691,1289,302,96,496,111,0,4.440879583358765,0
tree_d3f2,medium,frequent,p2_c40_penalty_off,1111,5,6,0,6,694,1275,321,80,505,106,0,5.015366077423096,0
tree_d3f2,medium,frequent,p2_c40_penalty_off,707,4,5,0,5,637,1154,301,64,452,104,0,5.304965972900391,0
tree_d3f2,medium,frequent,p2_c40_penalty_off,1313,5,6,0,6,658,1192,315,72,465,110,0,4.923462629318237,0
tree_d3f2,medium,frequent,p2_c40_penalty_off,1212,5,6,0,6,706,1310,317,80,509,114,0,5.300842523574829,0
tree_d3f2,medium,frequent,p2_c40_penalty_off,1717,3,6,0,6,589,1064,273,45,402,106,0,4.944345235824585,0
tree_d3f2,medium,frequent,p2_c40_penalty_off,1414,4,6,0,6,681,1250,315,61,492,107,0,5.247323036193848,0
tree_d3f2,medium,frequent,p2_c40_penalty_off,1616,4,6,0,6,639,1159,303,64,449,108,0,5.257455348968506,0
tree_d3f2,medium,frequent,p2_c40_penalty_off,1919,6,6,0,6,713,1326,313,96,516,112,0,4.889702320098877,0
tree_d3f2,medium,frequent,p2_c40_penalty_off,1818,5,6,0,6,632,1150,290,80,441,107,0,5.251065254211426,0
tree_d3f2,heavy,medium,baseline,42,10,12,10,2,648,1205,311,162,464,118,0,5.10255241394043,0
tree_d3f2,heavy,medium,baseline,101,6,7,7,0,490,888,247,78,346,91,0,4.4551239013671875,0
tree_d3f2,heavy,medium,baseline,202,8,10,9,1,591,1079,293,144,427,103,0,5.11274266242981,0
tree_d3f2,heavy,medium,baseline,707,8,10,8,2,559,1058,241,124,383,116,0,4.240508794784546,0
tree_d3f2,heavy,medium,baseline,303,10,12,10,2,608,1131,284,148,421,122,0,5.070488929748535,0
tree_d3f2,heavy,medium,baseline,404,6,10,10,0,565,1057,253,106,417,90,0,5.237419605255127,0
tree_d3f2,heavy,medium,baseline,505,8,9,7,2,582,1082,273,115,412,112,0,5.327626943588257,0
tree_d3f2,heavy,medium,baseline,808,6,8,7,1,515,944,247,102,359,101,0,5.306020021438599,0
tree_d3f2,heavy,medium,baseline,1010,10,11,8,3,591,1118,260,145,396,131,0,5.100942373275757,0
tree_d3f2,heavy,medium,baseline,606,7,8,6,2,518,971,226,111,359,103,0,5.700076341629028,0
tree_d3f2,heavy,medium,baseline,1111,4,5,4,1,421,763,208,64,271,102,0,5.196737289428711,0
tree_d3f2,heavy,medium,baseline,909,8,11,9,2,593,1108,276,135,421,111,0,5.542722702026367,0
tree_d3f2,heavy,medium,baseline,1212,7,10,9,1,565,1033,279,105,411,95,0,5.353776216506958,0
tree_d3f2,heavy,medium,baseline,1313,10,10,9,1,607,1129,285,125,435,110,0,5.373054265975952,0
tree_d3f2,heavy,medium,baseline,1818,8,9,7,2,542,1029,228,100,373,110,0,4.991070508956909,0
tree_d3f2,heavy,medium,baseline,1414,10,11,9,2,635,1170,311,166,462,109,0,5.20255970954895,0
tree_d3f2,heavy,medium,baseline,1515,8,10,9,1,626,1169,293,151,458,107,0,5.236929178237915,0
tree_d3f2,heavy,medium,baseline,1919,5,8,7,1,502,942,222,85,344,104,0,5.474832057952881,0
tree_d3f2,heavy,medium,baseline,1717,7,10,8,2,543,1008,254,114,376,109,0,5.55716609954834,0
tree_d3f2,heavy,medium,baseline,1616,5,8,7,1,487,913,214,93,336,97,0,5.769586801528931,0
tree_d3f2,heavy,medium,p2_c120,303,10,12,10,2,608,1131,284,148,421,122,0,5.25910496711731,0
tree_d3f2,heavy,medium,p2_c120,202,8,10,9,1,591,1079,293,144,427,103,0,5.43334698677063,0
tree_d3f2,heavy,medium,p2_c120,101,6,7,7,0,490,888,247,78,346,91,0,5.555925130844116,0
tree_d3f2,heavy,medium,p2_c120,42,10,12,10,2,648,1205,311,162,464,118,0,5.814406394958496,0
tree_d3f2,heavy,medium,p2_c120,404,6,10,10,0,565,1057,253,106,417,90,0,5.541730642318726,0
tree_d3f2,heavy,medium,p2_c120,606,7,8,6,2,518,971,226,111,359,103,0,5.53758430480957,0
tree_d3f2,heavy,medium,p2_c120,505,8,9,7,2,582,1082,273,115,412,112,0,5.647130489349365,0
tree_d3f2,heavy,medium,p2_c120,707,8,10,8,2,559,1058,241,124,383,116,0,5.713559150695801,0
tree_d3f2,heavy,medium,p2_c120,808,6,8,7,1,515,944,247,102,359,101,0,5.394104957580566,0
tree_d3f2,heavy,medium,p2_c120,909,8,11,9,2,593,1108,276,135,421,111,0,5.522030353546143,0
tree_d3f2,heavy,medium,p2_c120,1010,10,11,8,3,591,1118,260,145,396,131,0,5.704326152801514,0
tree_d3f2,heavy,medium,p2_c120,1212,7,10,9,1,565,1033,279,105,411,95,0,5.3378586769104,0
tree_d3f2,heavy,medium,p2_c120,1111,4,5,4,1,421,763,208,64,271,102,0,5.598088502883911,0
tree_d3f2,heavy,medium,p2_c120,1313,10,10,9,1,607,1129,285,125,435,110,0,5.613151550292969,0
tree_d3f2,heavy,medium,p2_c120,1414,10,11,9,2,635,1170,311,166,462,109,0,5.50370979309082,0
tree_d3f2,heavy,medium,p2_c120,1515,8,10,9,1,626,1169,293,151,458,107,0,5.778120517730713,0
tree_d3f2,heavy,medium,p2_c120,1818,8,9,7,2,542,1029,228,100,373,110,0,5.457268953323364,0
tree_d3f2,heavy,medium,p2_c120,1717,7,10,8,2,543,1008,254,114,376,109,0,5.7307939529418945,0
tree_d3f2,heavy,medium,p2_c120,1616,5,8,7,1,487,913,214,93,336,97,0,6.150654315948486,0
tree_d3f2,heavy,medium,p2_c120,1919,5,8,7,1,502,942,222,85,344,104,0,5.727952241897583,0
tree_d3f2,heavy,medium,p2_c120_mp2,303,10,12,10,2,610,1133,284,148,421,122,0,5.375148773193359,0
tree_d3f2,heavy,medium,p2_c120_mp2,101,6,7,7,0,490,888,247,78,346,91,0,5.510395526885986,0
tree_d3f2,heavy,medium,p2_c120_mp2,202,8,10,9,1,592,1080,293,144,427,103,0,5.568803310394287,0
tree_d3f2,heavy,medium,p2_c120_mp2,42,10,12,10,2,650,1207,311,162,464,118,0,5.803822755813599,0
tree_d3f2,heavy,medium,p2_c120_mp2,909,8,11,9,2,595,1110,276,135,421,111,0,4.835562229156494,0
tree_d3f2,heavy,medium,p2_c120_mp2,404,6,10,10,0,565,1057,253,106,417,90,0,5.546326637268066,0
tree_d3f2,heavy,medium,p2_c120_mp2,1010,10,11,8,3,594,1121,260,145,396,131,0,5.056805372238159,0
tree_d3f2,heavy,medium,p2_c120_mp2,505,8,9,7,2,584,1084,273,115,412,112,0,5.538944721221924,0
tree_d3f2,heavy,medium,p2_c120_mp2,606,7,8,6,2,520,972,227,111,359,103,0,5.57163405418396,0
tree_d3f2,heavy,medium,p2_c120_mp2,1212,7,10,9,1,566,1032,281,105,411,95,0,4.8481361865997314,0
tree_d3f2,heavy,medium,p2_c120_mp2,808,6,8,7,1,516,945,247,102,359,101,0,5.281026363372803,0
tree_d3f2,heavy,medium,p2_c120_mp2,707,8,10,8,2,561,1060,241,124,383,116,0,5.4479992389678955,0
tree_d3f2,heavy,medium,p2_c120_mp2,1515,8,10,9,1,627,1170,293,151,458,107,0,4.843686580657959,0
tree_d3f2,heavy,medium,p2_c120_mp2,1111,4,5,4,1,422,764,208,64,271,102,0,5.56360387802124,0
tree_d3f2,heavy,medium,p2_c120_mp2,1414,10,11,9,2,637,1172,311,166,462,109,0,5.080072402954102,0
tree_d3f2,heavy,medium,p2_c120_mp2,1313,10,10,9,1,608,1130,285,125,435,110,0,5.292841672897339,0
tree_d3f2,heavy,medium,p2_c120_mp2,1717,7,10,8,2,545,1014,250,114,376,109,0,4.828999280929565,0
tree_d3f2,heavy,medium,p2_c120_mp2,1616,5,8,7,1,488,914,214,93,336,97,0,5.303066730499268,0
tree_d3f2,heavy,medium,p2_c120_mp2,1818,8,9,7,2,544,1031,228,100,373,110,0,5.133264780044556,0
tree_d3f2,heavy,medium,p2_c120_mp2,1919,5,8,7,1,503,943,222,85,344,104,0,4.878493309020996,0
tree_d3f2,heavy,medium,p2_c120_mp3,101,6,7,7,0,490,888,247,78,346,91,0,4.543168544769287,0
tree_d3f2,heavy,medium,p2_c120_mp3,42,10,12,10,2,652,1211,309,162,464,118,0,5.291924238204956,0
tree_d3f2,heavy,medium,p2_c120_mp3,303,10,12,10,2,612,1135,284,148,421,122,0,4.047838926315308,0
tree_d3f2,heavy,medium,p2_c120_mp3,202,8,10,9,1,593,1080,294,144,427,103,0,4.84051775932312,0
tree_d3f2,heavy,medium,p2_c120_mp3,505,8,9,7,2,579,1073,269,108,405,112,0,4.6594398021698,0
tree_d3f2,heavy,medium,p2_c120_mp3,404,6,10,10,0,565,1057,253,106,417,90,0,5.096377611160278,0
tree_d3f2,heavy,medium,p2_c120_mp3,606,7,8,6,2,522,973,228,111,359,103,0,5.079001188278198,0
tree_d3f2,heavy,medium,p2_c120_mp3,707,8,10,8,2,563,1062,241,124,383,116,0,5.148795127868652,0
tree_d3f2,heavy,medium,p2_c120_mp3,909,8,11,9,2,597,1114,274,135,421,111,0,5.099341630935669,0
tree_d3f2,heavy,medium,p2_c120_mp3,1111,4,5,4,1,423,765,208,64,271,102,0,5.108807563781738,0
tree_d3f2,heavy,medium,p2_c120_mp3,808,6,8,7,1,524,957,253,109,366,101,0,5.260021209716797,0
tree_d3f2,heavy,medium,p2_c120_mp3,1010,10,11,8,3,597,1122,262,145,396,131,0,5.1485888957977295,0
tree_d3f2,heavy,medium,p2_c120_mp3,1414,10,11,9,2,639,1172,313,166,462,109,0,4.776933431625366,0
tree_d3f2,heavy,medium,p2_c120_mp3,1313,10,10,9,1,609,1129,287,125,435,110,0,5.092505931854248,0
tree_d3f2,heavy,medium,p2_c120_mp3,1212,7,10,9,1,567,1032,282,105,411,95,0,5.323749542236328,0
tree_d3f2,heavy,medium,p2_c120_mp3,1616,6,8,7,1,508,955,220,109,351,100,0,5.019921779632568,0
tree_d3f2,heavy,medium,p2_c120_mp3,1515,8,10,9,1,628,1171,293,151,458,107,0,5.151224613189697,0
tree_d3f2,heavy,medium,p2_c120_mp3,1818,8,9,7,2,546,1029,230,100,373,110,0,5.128593444824219,0
tree_d3f2,heavy,medium,p2_c120_mp3,1919,5,8,7,1,504,944,222,85,344,104,0,5.1282057762146,0
tree_d3f2,heavy,medium,p2_c120_mp3,1717,7,10,8,2,535,991,245,102,364,109,0,5.302291393280029,0
tree_d3f2,heavy,medium,p2_c120_h2,202,7,7,5,2,548,1046,231,124,365,122,6,4.970966577529907,0
tree_d3f2,heavy,medium,p2_c120_h2,404,5,9,9,0,503,931,234,73,333,111,5,4.589087009429932,0
tree_d3f2,heavy,medium,p2_c120_h2,42,7,10,8,2,583,1106,255,118,399,120,6,5.134363889694214,0
tree_d3f2,heavy,medium,p2_c120_h2,101,9,11,11,0,602,1133,263,137,416,117,6,5.288790225982666,0
tree_d3f2,heavy,medium,p2_c120_h2,303,7,11,9,2,581,1087,268,118,386,130,6,5.138279438018799,0
tree_d3f2,heavy,medium,p2_c120_h2,808,5,8,6,2,526,991,237,81,341,127,6,3.852815628051758,0
tree_d3f2,heavy,medium,p2_c120_h2,505,3,5,4,1,413,809,149,47,237,125,5,5.275616407394409,0
tree_d3f2,heavy,medium,p2_c120_h2,1111,4,7,6,1,494,907,240,67,328,110,6,4.157386541366577,0
tree_d3f2,heavy,medium,p2_c120_h2,606,5,6,5,1,510,962,225,96,334,119,6,5.078762054443359,0
tree_d3f2,heavy,medium,p2_c120_h2,909,10,11,8,3,632,1187,292,157,429,133,6,4.589934587478638,0
tree_d3f2,heavy,medium,p2_c120_h2,707,6,8,6,2,529,1009,225,80,345,125,6,5.171759843826294,0
tree_d3f2,heavy,medium,p2_c120_h2,1010,9,11,8,3,589,1110,267,129,376,145,6,5.293023347854614,0
tree_d3f2,heavy,medium,p2_c120_h2,1212,7,8,6,2,492,942,197,92,303,128,6,5.10930323600769,0
tree_d3f2,heavy,medium,p2_c120_h2,1313,3,6,6,0,444,826,201,40,282,109,6,4.912851572036743,0
tree_d3f2,heavy,medium,p2_c120_h2,1414,5,7,7,0,546,1019,255,91,375,112,6,5.0410802364349365,0
tree_d3f2,heavy,medium,p2_c40,42,11,12,0,12,552,1072,219,164,360,133,0,4.715477228164673,0
tree_d3f2,heavy,medium,p2_c40,101,5,7,0,7,425,814,175,80,267,110,0,4.7196290493011475,0
tree_d3f2,heavy,medium,p2_c120_h2,1616,8,9,8,1,591,1120,258,116,403,123,6,5.095748424530029,0
tree_d3f2,heavy,medium,p2_c120_h2,1515,8,9,8,1,584,1120,242,121,391,128,6,5.217084169387817,0
tree_d3f2,heavy,medium,p2_c120_h2,1919,7,9,8,1,572,1069,261,126,386,121,6,5.005444526672363,0
tree_d3f2,heavy,medium,p2_c120_h2,1717,8,9,7,2,570,1074,259,139,366,139,6,5.114733934402466,0
tree_d3f2,heavy,medium,p2_c120_h2,1818,9,11,9,2,637,1201,289,138,435,133,6,5.1415674686431885,0
tree_d3f2,heavy,medium,p2_c40,1313,9,10,0,10,544,1045,227,144,364,125,0,3.5486228466033936,0
tree_d3f2,heavy,medium,p2_c40,505,8,9,0,9,509,975,211,108,336,120,0,4.8491480350494385,0
tree_d3f2,heavy,medium,p2_c40,202,9,10,0,10,508,978,204,129,329,124,0,5.147813081741333,0
tree_d3f2,heavy,medium,p2_c40,1010,7,11,0,11,485,926,203,112,305,125,0,4.607891321182251,0
tree_d3f2,heavy,medium,p2_c40,404,6,10,0,10,466,897,186,93,300,114,0,5.159368515014648,0
tree_d3f2,heavy,medium,p2_c40,606,6,8,0,8,433,825,175,82,269,114,0,5.068539619445801,0
tree_d3f2,heavy,medium,p2_c40,303,8,9,0,9,495,956,198,111,317,125,0,5.292397975921631,0
tree_d3f2,heavy,medium,p2_c40,707,8,10,0,10,470,915,175,113,291,125,0,5.044559001922607,0
tree_d3f2,heavy,medium,p2_c40,808,6,8,0,8,441,846,174,96,274,117,0,4.973889112472534,0
tree_d3f2,heavy,medium,p2_c40,909,8,9,0,9,524,1014,214,128,349,122,0,5.224275350570679,0
tree_d3f2,heavy,medium,p2_c40,1212,10,12,0,12,522,983,234,132,331,133,0,5.027929306030273,0
tree_d3f2,heavy,medium,p2_c40,1111,4,6,0,6,391,715,186,64,240,105,0,5.245538234710693,0
tree_d3f2,heavy,medium,p2_c40,1414,7,11,0,11,480,934,182,112,302,124,0,5.125948667526245,0
tree_d3f2,heavy,medium,p2_c40,1717,4,11,0,11,422,816,163,64,250,121,0,4.383865594863892,0
tree_d3f2,heavy,medium,p2_c40,1515,9,10,0,10,527,1027,206,144,346,126,0,5.2634313106536865,0
tree_d3f2,heavy,medium,p2_c40,1616,6,9,0,9,444,853,178,89,277,116,0,5.050419092178345,0
tree_d3f2,heavy,medium,p2_c40,1818,8,9,0,9,510,973,214,128,337,119,0,4.988551139831543,0
tree_d3f2,heavy,medium,p2_c40,1919,7,10,0,10,471,907,185,112,295,122,0,5.226353645324707,0
tree_d3f2,heavy,medium,p2_c40_penalty_off,101,5,7,0,7,425,814,175,80,267,110,0,5.128651142120361,0
tree_d3f2,heavy,medium,p2_c40_penalty_off,42,11,12,0,12,552,1072,219,164,360,133,0,5.2812676429748535,0
tree_d3f2,heavy,medium,p2_c40_penalty_off,1010,7,11,0,11,478,918,194,105,298,125,0,4.238348960876465,0
tree_d3f2,heavy,medium,p2_c40_penalty_off,404,6,10,0,10,466,897,186,93,300,114,0,4.739976644515991,0
tree_d3f2,heavy,medium,p2_c40_penalty_off,505,8,9,0,9,509,975,211,108,336,120,0,4.710317134857178,0
tree_d3f2,heavy,medium,p2_c40_penalty_off,202,8,10,0,10,490,936,203,113,314,122,0,4.9273362159729,0
tree_d3f2,heavy,medium,p2_c40_penalty_off,303,7,9,0,9,479,924,192,95,302,125,0,5.208677768707275,0
tree_d3f2,heavy,medium,p2_c40_penalty_off,808,6,8,0,8,441,846,174,96,274,117,0,4.915435552597046,0
tree_d3f2,heavy,medium,p2_c40_penalty_off,1717,4,11,0,11,422,816,163,64,250,121,0,4.30812406539917,0
tree_d3f2,heavy,medium,p2_c40_penalty_off,606,6,8,0,8,433,825,175,82,269,114,0,5.100868225097656,0
tree_d3f2,heavy,medium,p2_c40_penalty_off,1212,9,12,0,12,506,956,223,116,316,133,0,4.623414993286133,0
tree_d3f2,heavy,medium,p2_c40_penalty_off,707,8,10,0,10,470,915,175,113,291,125,0,5.130154132843018,0
tree_d3f2,heavy,medium,p2_c40_penalty_off,909,8,9,0,9,524,1014,214,128,349,122,0,5.11691951751709,0
tree_d3f2,heavy,medium,p2_c40_penalty_off,1111,4,6,0,6,391,715,186,64,240,105,0,5.127667188644409,0
tree_d3f2,heavy,medium,p2_c40_penalty_off,1313,9,10,0,10,544,1045,227,144,364,125,0,5.135498762130737,0
tree_d3f2,heavy,medium,p2_c40_penalty_off,1515,9,10,0,10,527,1027,206,144,346,126,0,5.077274322509766,0
tree_d3f2,heavy,medium,p2_c40_penalty_off,1818,8,9,0,9,510,973,214,128,337,119,0,4.974580764770508,0
tree_d3f2,heavy,medium,p2_c40_penalty_off,1414,7,11,0,11,480,934,182,112,302,124,0,5.217958211898804,0
tree_d3f2,heavy,medium,p2_c40_penalty_off,1616,5,9,0,9,427,810,181,73,262,115,0,5.2156336307525635,0
tree_d3f2,heavy,medium,p2_c40_penalty_off,1919,7,10,0,10,471,907,185,112,295,122,0,5.101456642150879,0
tree_d3f2,heavy,frequent,baseline,42,12,12,8,4,886,1592,448,191,656,126,0,5.306213617324829,0
tree_d3f2,heavy,frequent,baseline,101,10,11,9,2,822,1477,408,144,624,99,0,5.187257528305054,0
tree_d3f2,heavy,frequent,baseline,202,10,11,8,3,825,1510,390,154,602,123,0,4.841013431549072,0
tree_d3f2,heavy,frequent,baseline,303,12,12,9,3,861,1548,431,166,641,117,0,5.020458698272705,0
tree_d3f2,heavy,frequent,baseline,505,11,12,9,3,912,1663,444,197,693,116,0,4.812339782714844,0
tree_d3f2,heavy,frequent,baseline,606,8,8,7,1,818,1474,407,120,621,103,0,5.031245470046997,0
tree_d3f2,heavy,frequent,baseline,404,8,10,8,2,801,1450,385,143,604,100,0,5.265722274780273,0
tree_d3f2,heavy,frequent,baseline,707,8,10,9,1,822,1484,404,134,622,104,0,5.358673334121704,0
tree_d3f2,heavy,frequent,baseline,808,10,12,9,3,859,1536,436,160,649,109,0,4.770385503768921,0
tree_d3f2,heavy,frequent,baseline,909,10,12,10,2,891,1574,481,169,684,105,0,5.100898742675781,0
tree_d3f2,heavy,frequent,baseline,1010,11,12,9,3,875,1597,419,172,648,123,0,5.096651554107666,0
tree_d3f2,heavy,frequent,baseline,1919,10,12,9,3,860,1561,418,148,643,116,0,4.593891382217407,0
tree_d3f2,heavy,frequent,baseline,1313,10,12,10,2,857,1550,422,147,646,110,0,5.081676006317139,0
tree_d3f2,heavy,frequent,baseline,1111,10,12,10,2,889,1596,456,156,682,106,0,5.173284292221069,0
tree_d3f2,heavy,frequent,baseline,1212,11,12,9,3,862,1568,417,164,645,114,0,5.233446836471558,0
tree_d3f2,heavy,frequent,baseline,1616,11,12,9,3,843,1524,411,176,637,104,0,4.986708879470825,0
tree_d3f2,heavy,frequent,baseline,1818,9,12,10,2,808,1453,396,159,604,103,0,4.99651026725769,0
tree_d3f2,heavy,frequent,baseline,1515,11,12,9,3,875,1605,415,181,661,111,0,5.177998065948486,0
tree_d3f2,heavy,frequent,baseline,1717,11,12,10,2,814,1468,396,134,592,121,0,5.0923826694488525,0
tree_d3f2,heavy,frequent,p2_c120,42,12,12,8,4,886,1592,448,191,656,126,0,4.958637714385986,0
tree_d3f2,heavy,frequent,baseline,1414,11,12,10,2,928,1695,447,184,721,104,0,5.354770183563232,0
tree_d3f2,heavy,frequent,p2_c120,101,10,11,9,2,822,1477,408,144,624,99,0,5.056807041168213,0
tree_d3f2,heavy,frequent,p2_c120,202,10,11,8,3,825,1510,390,154,602,123,0,5.046151876449585,0
tree_d3f2,heavy,frequent,p2_c120,303,12,12,9,3,861,1548,431,166,641,117,0,5.2897865772247314,0
tree_d3f2,heavy,frequent,p2_c120,606,8,8,7,1,818,1474,407,120,621,103,0,5.1772847175598145,0
tree_d3f2,heavy,frequent,p2_c120,404,8,10,8,2,801,1450,385,143,604,100,0,5.314899921417236,0
tree_d3f2,heavy,frequent,p2_c120,505,11,12,9,3,912,1663,444,197,693,116,0,5.299762487411499,0
tree_d3f2,heavy,frequent,p2_c120,909,10,12,10,2,891,1574,481,169,684,105,0,4.6556384563446045,0
tree_d3f2,heavy,frequent,p2_c120,707,8,10,9,1,822,1484,404,134,622,104,0,5.234065055847168,0
tree_d3f2,heavy,frequent,p2_c120,808,10,12,9,3,859,1536,436,160,649,109,0,5.136855125427246,0
tree_d3f2,heavy,frequent,p2_c120,1010,11,12,9,3,875,1597,419,172,648,123,0,5.368471145629883,0
tree_d3f2,heavy,frequent,p2_c120,1212,11,12,9,3,862,1568,417,164,645,114,0,4.66328501701355,0
tree_d3f2,heavy,frequent,p2_c120,1111,10,12,10,2,889,1596,456,156,682,106,0,5.255050420761108,0
tree_d3f2,heavy,frequent,p2_c120,1313,10,12,10,2,857,1550,422,147,646,110,0,4.773870229721069,0
tree_d3f2,heavy,frequent,p2_c120,1414,11,12,10,2,928,1695,447,184,721,104,0,4.979784250259399,0
tree_d3f2,heavy,frequent,p2_c120,1515,11,12,9,3,875,1605,415,181,661,111,0,4.639081001281738,0
tree_d3f2,heavy,frequent,p2_c120_mp2,505,11,12,9,3,915,1662,448,197,693,116,0,4.043048620223999,0
tree_d3f2,heavy,frequent,p2_c120,1616,11,12,9,3,843,1524,411,176,637,104,0,5.087652921676636,0
tree_d3f2,heavy,frequent,p2_c120_mp2,42,12,12,8,4,883,1582,445,184,649,126,0,4.871097087860107,0
tree_d3f2,heavy,frequent,p2_c120,1717,11,12,10,2,814,1468,396,134,592,121,0,5.226987838745117,0
tree_d3f2,heavy,frequent,p2_c120_mp2,202,10,11,8,3,828,1513,390,154,602,123,0,4.978837013244629,0
tree_d3f2,heavy,frequent,p2_c120_mp2,101,10,11,9,2,824,1481,406,144,624,99,0,5.198920965194702,0
tree_d3f2,heavy,frequent,p2_c120_mp2,404,8,10,8,2,803,1452,385,143,604,100,0,4.888448476791382,0
tree_d3f2,heavy,frequent,p2_c120,1818,9,12,10,2,808,1453,396,159,604,103,0,5.351439952850342,0
tree_d3f2,heavy,frequent,p2_c120,1919,10,12,9,3,860,1561,418,148,643,116,0,5.362414360046387,0
tree_d3f2,heavy,frequent,p2_c120_mp2,606,8,8,7,1,819,1475,407,120,621,103,0,4.9857518672943115,0
tree_d3f2,heavy,frequent,p2_c120_mp2,303,12,12,9,3,864,1551,431,166,641,117,0,5.292484998703003,0
tree_d3f2,heavy,frequent,p2_c120_mp2,808,10,12,9,3,862,1539,436,160,649,109,0,5.086821556091309,0
tree_d3f2,heavy,frequent,p2_c120_mp2,707,8,10,9,1,823,1485,404,134,622,104,0,5.2156150341033936,0
tree_d3f2,heavy,frequent,p2_c120_mp2,1616,11,12,9,3,846,1526,412,176,637,104,0,4.033265829086304,0
tree_d3f2,heavy,frequent,p2_c120_mp2,909,10,12,10,2,893,1575,482,169,684,105,0,5.212876319885254,0
tree_d3f2,heavy,frequent,p2_c120_mp2,1010,11,12,9,3,878,1600,419,172,648,123,0,5.182965517044067,0
tree_d3f2,heavy,frequent,p2_c120_mp2,1212,11,12,9,3,865,1571,417,164,645,114,0,5.021210432052612,0
tree_d3f2,heavy,frequent,p2_c120_mp2,1111,10,12,10,2,891,1598,456,156,682,106,0,5.172048568725586,0
tree_d3f2,heavy,frequent,p2_c120_mp2,1313,10,12,10,2,859,1552,422,147,646,110,0,5.19294810295105,0
tree_d3f2,heavy,frequent,p2_c120_mp2,1515,11,12,9,3,878,1606,417,181,661,111,0,5.233762979507446,0
tree_d3f2,heavy,frequent,p2_c120_mp2,1414,11,12,10,2,930,1699,445,184,721,104,0,5.400910139083862,0
tree_d3f2,heavy,frequent,p2_c120_mp2,1919,10,12,9,3,863,1568,414,148,643,116,0,4.558990478515625,0
tree_d3f2,heavy,frequent,p2_c120_mp2,1717,11,12,10,2,816,1470,396,134,592,121,0,5.215814590454102,0
tree_d3f2,heavy,frequent,p2_c120_mp2,1818,9,12,10,2,803,1443,391,152,597,103,0,5.1459643840789795,0
tree_d3f2,heavy,frequent,p2_c120_mp3,42,12,12,8,4,884,1577,445,181,649,123,0,5.380733489990234,0
tree_d3f2,heavy,frequent,p2_c120_mp3,101,10,11,9,2,826,1483,406,144,624,99,0,5.185047626495361,0
tree_d3f2,heavy,frequent,p2_c120_mp3,202,10,11,8,3,830,1515,390,154,602,123,0,5.11685848236084,0
tree_d3f2,heavy,frequent,p2_c120_mp3,303,12,12,9,3,867,1554,431,166,641,117,0,5.074890613555908,0
tree_d3f2,heavy,frequent,p2_c120_mp3,404,8,10,8,2,805,1451,388,143,604,100,0,4.808084011077881,0
tree_d3f2,heavy,frequent,p2_c120_mp3,1212,11,12,9,3,882,1603,423,178,659,114,0,4.454100847244263,0
tree_d3f2,heavy,frequent,p2_c120_mp3,1010,11,12,9,3,881,1603,419,172,648,123,0,4.549778699874878,0
tree_d3f2,heavy,frequent,p2_c120_mp3,909,11,12,10,2,909,1612,479,181,699,103,0,4.7409117221832275,0
tree_d3f2,heavy,frequent,p2_c120_mp3,505,11,12,9,3,911,1652,444,190,686,116,0,5.4072771072387695,0
tree_d3f2,heavy,frequent,p2_c120_mp3,606,8,8,7,1,820,1476,407,120,621,103,0,5.195295333862305,0
tree_d3f2,heavy,frequent,p2_c120_mp3,707,8,10,9,1,824,1487,403,134,622,104,0,5.007720708847046,0
tree_d3f2,heavy,frequent,p2_c120_mp3,1515,11,12,9,3,883,1619,413,183,661,113,0,4.64179253578186,0
tree_d3f2,heavy,frequent,p2_c120_mp3,808,10,12,9,3,865,1539,439,160,649,109,0,5.247575998306274,0
tree_d3f2,heavy,frequent,p2_c120_mp3,1111,10,12,10,2,893,1604,452,156,682,106,0,5.264569520950317,0
tree_d3f2,heavy,frequent,p2_c120_mp3,1414,11,12,10,2,932,1698,448,184,721,104,0,4.94543719291687,0
tree_d3f2,heavy,frequent,p2_c120_mp3,1616,12,12,9,3,877,1591,417,197,659,108,0,4.981250762939453,0
tree_d3f2,heavy,frequent,p2_c120_mp3,1313,10,12,10,2,861,1556,420,147,646,110,0,5.36286187171936,0
tree_d3f2,heavy,frequent,p2_c120_mp3,1717,11,12,10,2,818,1472,396,134,592,121,0,5.260373830795288,0
tree_d3f2,heavy,frequent,p2_c120_mp3,1818,9,12,10,2,805,1446,390,152,597,103,0,5.071934461593628,0
tree_d3f2,heavy,frequent,p2_c120_h2,303,11,12,9,3,879,1602,419,172,630,140,6,4.480783224105835,0
tree_d3f2,heavy,frequent,p2_c120_h2,101,10,12,9,3,815,1514,365,145,561,148,6,4.835600137710571,0
tree_d3f2,heavy,frequent,p2_c120_mp3,1919,10,12,9,3,866,1568,417,148,643,116,0,5.239188194274902,0
tree_d3f2,heavy,frequent,p2_c120_h2,42,11,12,9,3,877,1614,402,175,640,128,6,5.177998065948486,0
tree_d3f2,heavy,frequent,p2_c120_h2,202,11,12,10,2,872,1573,435,158,640,124,5,5.285799026489258,0
tree_d3f2,heavy,frequent,p2_c120_h2,606,9,9,7,2,773,1390,379,112,548,123,6,4.828208923339844,0
tree_d3f2,heavy,frequent,p2_c120_h2,404,7,12,12,0,801,1444,397,113,575,123,6,5.316596031188965,0
tree_d3f2,heavy,frequent,p2_c120_h2,505,11,12,9,3,923,1689,451,176,673,142,6,5.1975812911987305,0
tree_d3f2,heavy,frequent,p2_c120_h2,1010,10,12,9,3,828,1538,364,145,591,130,6,4.4265828132629395,0
tree_d3f2,heavy,frequent,p2_c120_h2,707,11,12,9,3,924,1681,454,186,690,125,6,5.417304754257202,0
tree_d3f2,heavy,frequent,p2_c120_h2,808,9,11,8,3,836,1527,396,144,590,142,6,5.27979302406311,0
tree_d3f2,heavy,frequent,p2_c120_h2,909,9,11,8,3,809,1466,394,131,567,137,6,5.338815927505493,0
tree_d3f2,heavy,frequent,p2_c120_h2,1818,9,12,9,3,797,1407,409,154,576,115,6,4.149353742599487,0
tree_d3f2,heavy,frequent,p2_c120_h2,1212,11,12,8,4,877,1609,417,163,625,144,6,5.049508333206177,0
tree_d3f2,heavy,frequent,p2_c120_h2,1111,9,12,10,2,829,1483,427,145,586,137,6,5.2751734256744385,0
tree_d3f2,heavy,frequent,p2_c120_h2,1515,9,9,7,2,802,1484,365,117,564,137,6,4.605572938919067,0
tree_d3f2,heavy,frequent,p2_c120_h2,1717,11,11,8,3,854,1558,404,156,616,132,6,4.707058668136597,0
tree_d3f2,heavy,frequent,p2_c120_h2,1414,9,12,10,2,919,1684,443,152,697,116,6,5.054231643676758,0
tree_d3f2,heavy,frequent,p2_c120_h2,1313,10,11,8,3,839,1520,414,135,599,135,6,5.080838203430176,0
tree_d3f2,heavy,frequent,p2_c120_h2,1616,10,12,9,3,874,1605,413,176,637,129,6,5.38677453994751,0
tree_d3f2,heavy,frequent,p2_c40,42,12,12,0,12,809,1500,364,170,579,134,0,5.160647392272949,0
tree_d3f2,heavy,frequent,p2_c120_h2,1919,9,12,9,3,837,1508,427,138,580,151,6,5.354393005371094,0
tree_d3f2,heavy,frequent,p2_c40,404,8,11,0,11,736,1361,329,125,523,122,0,4.9651477336883545,0
tree_d3f2,heavy,frequent,p2_c40,202,10,11,0,11,754,1378,358,142,534,127,0,5.218842029571533,0
tree_d3f2,heavy,frequent,p2_c40,505,11,12,0,12,793,1472,360,162,564,134,0,4.750716924667358,0
tree_d3f2,heavy,frequent,p2_c40,101,9,11,0,11,734,1362,326,137,516,126,0,5.349456548690796,0
tree_d3f2,heavy,frequent,p2_c40,303,12,12,0,12,769,1427,342,169,536,137,0,5.354184865951538,0
tree_d3f2,heavy,frequent,p2_c40,606,8,9,0,9,740,1374,329,114,529,122,0,5.045059680938721,0
tree_d3f2,heavy,frequent,p2_c40,707,9,10,0,10,721,1319,333,122,506,124,0,5.2238991260528564,0
tree_d3f2,heavy,frequent,p2_c40,1010,7,12,0,12,717,1313,329,112,498,127,0,4.9104835987091064,0
tree_d3f2,heavy,frequent,p2_c40,808,10,12,0,12,757,1394,343,154,532,131,0,5.175771474838257,0
tree_d3f2,heavy,frequent,p2_c40,909,11,12,0,12,777,1424,365,162,549,133,0,5.125353574752808,0
tree_d3f2,heavy,frequent,p2_c40,1111,9,12,0,12,798,1467,377,144,580,125,0,5.094817638397217,0
tree_d3f2,heavy,frequent,p2_c40,1515,10,12,0,12,766,1439,327,148,543,129,0,4.220200538635254,0
tree_d3f2,heavy,frequent,p2_c40,1212,9,12,0,12,747,1386,333,97,519,135,0,5.300504684448242,0
tree_d3f2,heavy,frequent,p2_c40,1414,7,12,0,12,779,1452,350,109,562,126,0,5.070555925369263,0
tree_d3f2,heavy,frequent,p2_c40,1313,11,12,0,12,757,1394,346,151,528,134,0,5.211103439331055,0
tree_d3f2,heavy,frequent,p2_c40,1616,8,12,0,12,728,1337,337,121,508,128,0,5.007331609725952,0
tree_d3f2,heavy,frequent,p2_c40,1717,8,12,0,12,709,1301,320,114,489,128,0,5.282145023345947,0
tree_d3f2,heavy,frequent,p2_c40,1818,10,12,0,12,729,1341,328,160,507,127,0,5.222987413406372,0
tree_d3f2,heavy,frequent,p2_c40_penalty_off,42,12,12,0,12,809,1500,364,170,579,134,0,4.686895132064819,0
tree_d3f2,heavy,frequent,p2_c40_penalty_off,303,11,12,0,12,753,1384,347,153,521,137,0,4.448538303375244,0
tree_d3f2,heavy,frequent,p2_c40_penalty_off,101,9,11,0,11,734,1362,326,137,516,126,0,4.980601787567139,0
tree_d3f2,heavy,frequent,p2_c40_penalty_off,202,9,11,0,11,736,1348,345,126,519,125,0,4.955930709838867,0
tree_d3f2,heavy,frequent,p2_c40,1919,8,10,0,10,744,1356,352,118,532,121,0,5.37581729888916,0
cluster_big,medium,medium,baseline,42,0,6,6,0,182,732,19,0,110,58,0,2.679234266281128,0
cluster_big,medium,medium,baseline,101,6,6,6,0,215,825,44,22,135,59,0,2.625511646270752,0
cluster_big,medium,medium,baseline,202,6,6,3,3,211,840,29,33,104,85,0,2.6357197761535645,0
cluster_big,medium,medium,baseline,303,0,6,6,0,178,714,22,0,105,59,0,2.6446950435638428,0
tree_d3f2,heavy,frequent,p2_c40_penalty_off,505,11,12,0,12,793,1472,360,162,564,134,0,5.245849847793579,0
tree_d3f2,heavy,frequent,p2_c40_penalty_off,404,8,11,0,11,736,1361,329,125,523,122,0,5.272424697875977,0
cluster_big,medium,medium,baseline,404,6,6,1,5,202,821,20,41,80,101,0,2.4483821392059326,0
tree_d3f2,heavy,frequent,p2_c40_penalty_off,1313,11,12,0,12,757,1394,346,151,528,134,0,4.412814378738403,0
tree_d3f2,heavy,frequent,p2_c40_penalty_off,606,8,9,0,9,740,1374,329,114,529,122,0,5.196869850158691,0
tree_d3f2,heavy,frequent,p2_c40_penalty_off,1111,9,12,0,12,798,1467,377,144,580,125,0,4.775834321975708,0
tree_d3f2,heavy,frequent,p2_c40_penalty_off,707,9,10,0,10,721,1319,333,122,506,124,0,5.120080471038818,0
tree_d3f2,heavy,frequent,p2_c40_penalty_off,808,10,12,0,12,757,1394,343,154,532,131,0,5.053745746612549,0
tree_d3f2,heavy,frequent,p2_c40_penalty_off,909,11,12,0,12,777,1424,365,162,549,133,0,5.144097089767456,0
tree_d3f2,heavy,frequent,p2_c40_penalty_off,1010,9,12,0,12,730,1343,328,123,507,129,0,5.28974723815918,0
tree_d3f2,heavy,frequent,p2_c40_penalty_off,1212,10,12,0,12,763,1417,340,113,534,135,0,5.228298664093018,0
cluster_big,medium,medium,baseline,606,6,6,6,0,188,723,35,6,110,58,0,2.506897449493408,0
tree_d3f2,heavy,frequent,p2_c40_penalty_off,1818,10,12,0,12,729,1341,328,160,507,127,0,4.722325801849365,0
cluster_big,medium,medium,baseline,505,0,6,6,0,182,727,24,0,110,58,0,2.644465446472168,0
tree_d3f2,heavy,frequent,p2_c40_penalty_off,1515,9,12,0,12,747,1401,319,132,528,126,0,5.008671045303345,0
tree_d3f2,heavy,frequent,p2_c40_penalty_off,1414,7,12,0,12,779,1452,350,109,562,126,0,5.2766430377960205,0
cluster_big,medium,medium,baseline,909,5,6,6,0,187,715,39,5,110,58,0,2.256288766860962,0
cluster_big,medium,medium,baseline,707,6,6,1,5,219,888,16,67,120,78,0,2.628769874572754,0
cluster_big,medium,medium,baseline,808,0,6,6,0,188,767,13,0,115,59,0,2.4253158569335938,0
tree_d3f2,heavy,frequent,p2_c40_penalty_off,1717,8,12,0,12,709,1301,320,114,489,128,0,5.21100115776062,0
tree_d3f2,heavy,frequent,p2_c40_penalty_off,1616,9,12,0,12,744,1373,339,137,523,128,0,5.262803554534912,0
cluster_big,medium,medium,baseline,1010,0,6,6,0,178,709,24,0,105,59,0,2.2640209197998047,0
tree_d3f2,heavy,frequent,p2_c40_penalty_off,1919,8,10,0,10,744,1356,352,118,532,121,0,4.859340667724609,0
cluster_big,medium,medium,baseline,1212,6,6,2,4,207,817,30,47,110,76,0,2.435030937194824,0
cluster_big,medium,medium,baseline,1111,6,6,5,1,221,854,49,25,130,70,0,2.652250051498413,0
cluster_big,medium,medium,baseline,1313,6,6,1,5,232,923,35,62,135,76,0,2.6324455738067627,0
cluster_big,medium,medium,baseline,1515,0,6,6,0,183,739,19,0,110,59,0,2.5463411808013916,0
cluster_big,medium,medium,baseline,1414,0,6,6,0,173,699,15,0,100,59,0,2.6792683601379395,0
cluster_big,medium,medium,baseline,1818,5,6,6,0,187,731,27,5,110,58,0,2.435185432434082,0
cluster_big,medium,medium,baseline,1717,0,6,6,0,173,698,16,0,100,59,0,2.715367078781128,0
cluster_big,medium,medium,baseline,1616,5,6,2,4,182,732,19,32,75,87,0,2.7362005710601807,0
cluster_big,medium,medium,baseline,1919,5,6,1,5,196,787,23,37,75,100,0,2.4984817504882812,0
cluster_big,medium,medium,p2_c120,101,6,6,6,0,215,825,44,22,135,59,0,2.4544105529785156,0
cluster_big,medium,medium,p2_c120,42,0,6,6,0,182,732,19,0,110,58,0,2.579645872116089,0
cluster_big,medium,medium,p2_c120,303,0,6,6,0,178,714,22,0,105,59,0,2.5040667057037354,0
cluster_big,medium,medium,p2_c120,202,6,6,5,1,215,843,34,25,124,69,0,2.725837469100952,0
cluster_big,medium,medium,p2_c120,606,6,6,6,0,188,723,35,6,110,58,0,2.370037317276001,0
cluster_big,medium,medium,p2_c120,404,6,6,5,1,223,880,32,38,130,71,0,2.6460812091827393,0
cluster_big,medium,medium,p2_c120,1111,6,6,5,1,221,854,49,25,130,70,0,2.1630241870880127,0
cluster_big,medium,medium,p2_c120,707,6,6,5,1,203,796,28,27,120,62,0,2.509401798248291,0
cluster_big,medium,medium,p2_c120,505,0,6,6,0,182,727,24,0,110,58,0,2.657285451889038,0
cluster_big,medium,medium,p2_c120,808,0,6,6,0,188,767,13,0,115,59,0,2.667288064956665,0
cluster_big,medium,medium,p2_c120,909,5,6,6,0,187,715,39,5,110,58,0,2.6654279232025146,0
cluster_big,medium,medium,p2_c120,1515,0,6,6,0,183,739,19,0,110,59,0,2.3670551776885986,0
cluster_big,medium,medium,p2_c120,1010,0,6,6,0,178,709,24,0,105,59,0,2.6670587062835693,0
cluster_big,medium,medium,p2_c120,1212,6,6,4,2,220,857,37,48,130,68,0,2.4983503818511963,0
cluster_big,medium,medium,p2_c120,1313,6,6,5,1,221,853,47,27,140,60,0,2.6335232257843018,0
cluster_big,medium,medium,p2_c120,1414,0,6,6,0,173,699,15,0,100,59,0,2.6743345260620117,0
cluster_big,medium,medium,p2_c120,1616,6,6,5,1,196,772,27,25,105,70,0,2.7194807529449463,0
cluster_big,medium,medium,p2_c120,1717,0,6,6,0,173,698,16,0,100,59,0,2.688920497894287,0
cluster_big,medium,medium,p2_c120,1818,5,6,6,0,187,731,27,5,110,58,0,2.771146297454834,0
cluster_big,medium,medium,p2_c120,1919,5,6,5,1,199,781,29,25,105,73,0,2.574336051940918,0
cluster_big,medium,medium,p2_c120_mp2,42,0,6,6,0,182,732,19,0,110,58,0,2.667088508605957,0
cluster_big,medium,medium,p2_c120_mp2,101,6,6,6,0,215,825,44,22,135,59,0,2.5497851371765137,0
cluster_big,medium,medium,p2_c120_mp2,202,6,6,5,1,216,844,34,25,124,69,0,2.5420572757720947,0
cluster_big,medium,medium,p2_c120_mp2,303,0,6,6,0,178,714,22,0,105,59,0,2.6287519931793213,0
cluster_big,medium,medium,p2_c120_mp2,606,6,6,6,0,188,723,35,6,110,58,0,2.5416433811187744,0
cluster_big,medium,medium,p2_c120_mp2,404,6,6,5,1,224,881,32,38,130,71,0,2.5958364009857178,0
cluster_big,medium,medium,p2_c120_mp2,505,0,6,6,0,182,727,24,0,110,58,0,2.615142583847046,0
cluster_big,medium,medium,p2_c120_mp2,909,5,6,6,0,187,715,39,5,110,58,0,2.496450185775757,0
cluster_big,medium,medium,p2_c120_mp2,707,6,6,5,1,204,797,28,27,120,62,0,2.714428663253784,0
cluster_big,medium,medium,p2_c120_mp2,808,0,6,6,0,188,767,13,0,115,59,0,2.672210454940796,0
cluster_big,medium,medium,p2_c120_mp2,1010,0,6,6,0,178,709,24,0,105,59,0,2.706233501434326,0
cluster_big,medium,medium,p2_c120_mp2,1818,5,6,6,0,187,731,27,5,110,58,0,2.1558310985565186,0
cluster_big,medium,medium,p2_c120_mp2,1111,6,6,5,1,222,855,49,25,130,70,0,2.7073473930358887,0
cluster_big,medium,medium,p2_c120_mp2,1414,0,6,6,0,173,699,15,0,100,59,0,2.5046539306640625,0
cluster_big,medium,medium,p2_c120_mp2,1212,6,6,4,2,222,866,32,48,130,68,0,2.679250717163086,0
cluster_big,medium,medium,p2_c120_mp2,1313,6,6,5,1,222,854,47,27,140,60,0,2.7307674884796143,0
cluster_big,medium,medium,p2_c120_mp2,1616,6,6,5,1,197,773,27,25,105,70,0,2.5672261714935303,0
cluster_big,medium,medium,p2_c120_mp2,1515,0,6,6,0,183,739,19,0,110,59,0,2.7156765460968018,0
cluster_big,medium,medium,p2_c120_mp2,1919,5,6,5,1,200,782,29,25,105,73,0,2.451622486114502,0
cluster_big,medium,medium,p2_c120_mp2,1717,0,6,6,0,173,698,16,0,100,59,0,2.7529282569885254,0
cluster_big,medium,medium,p2_c120_mp3,101,6,6,6,0,215,825,44,22,135,59,0,2.686323642730713,0
cluster_big,medium,medium,p2_c120_mp3,42,0,6,6,0,182,732,19,0,110,58,0,2.7597086429595947,0
cluster_big,medium,medium,p2_c120_mp3,303,0,6,6,0,178,714,22,0,105,59,0,2.5339577198028564,0
cluster_big,medium,medium,p2_c120_mp3,202,6,6,5,1,217,845,34,25,124,69,0,2.6207118034362793,0
cluster_big,medium,medium,p2_c120_mp3,505,0,6,6,0,182,727,24,0,110,58,0,2.4754865169525146,0
cluster_big,medium,medium,p2_c120_mp3,404,6,6,5,1,212,826,33,25,120,69,0,2.680224657058716,0
cluster_big,medium,medium,p2_c120_mp3,606,6,6,6,0,188,723,35,6,110,58,0,2.671942949295044,0
cluster_big,medium,medium,p2_c120_mp3,707,6,6,5,1,205,798,28,27,120,62,0,2.614128351211548,0
cluster_big,medium,medium,p2_c120_mp3,909,5,6,6,0,187,715,39,5,110,58,0,2.4783544540405273,0
cluster_big,medium,medium,p2_c120_mp3,808,0,6,6,0,188,767,13,0,115,59,0,2.617489814758301,0
cluster_big,medium,medium,p2_c120_mp3,1010,0,6,6,0,178,709,24,0,105,59,0,2.6786141395568848,0
cluster_big,medium,medium,p2_c120_mp3,1111,6,6,5,1,223,856,49,25,130,70,0,2.5340793132781982,0
cluster_big,medium,medium,p2_c120_mp3,1212,6,6,4,2,224,870,30,48,130,68,0,2.4880192279815674,0
cluster_big,medium,medium,p2_c120_mp3,1515,0,6,6,0,183,739,19,0,110,59,0,2.357978582382202,0
cluster_big,medium,medium,p2_c120_mp3,1616,6,6,5,1,198,776,25,25,105,70,0,2.394843101501465,0
cluster_big,medium,medium,p2_c120_mp3,1414,0,6,6,0,173,699,15,0,100,59,0,2.6166882514953613,0
cluster_big,medium,medium,p2_c120_mp3,1717,0,6,6,0,173,698,16,0,100,59,0,2.417076349258423,0
cluster_big,medium,medium,p2_c120_mp3,1313,6,6,5,1,223,853,49,27,140,60,0,2.759671211242676,0
cluster_big,medium,medium,p2_c120_mp3,1818,5,6,6,0,187,731,27,5,110,58,0,2.4970648288726807,0
cluster_big,medium,medium,p2_c120_mp3,1919,5,6,5,1,201,783,29,25,105,73,0,2.5565919876098633,0
cluster_big,medium,medium,p2_c120_h2,202,6,6,5,1,226,897,27,25,125,77,3,2.4731271266937256,0
cluster_big,medium,medium,p2_c120_h2,42,5,6,6,0,202,794,28,5,115,66,2,2.7026994228363037,0
cluster_big,medium,medium,p2_c120_h2,101,6,6,5,1,222,888,23,25,120,79,2,2.7534842491149902,0
cluster_big,medium,medium,p2_c120_h2,404,6,6,6,0,212,811,44,6,120,68,4,2.639591693878174,0
cluster_big,medium,medium,p2_c120_h2,303,0,6,6,0,185,745,18,0,105,64,2,2.6581084728240967,0
cluster_big,medium,medium,p2_c120_h2,505,6,6,6,0,204,777,43,6,115,66,3,2.5994958877563477,0
cluster_big,medium,medium,p2_c120_h2,606,6,6,6,0,198,763,37,6,110,66,2,2.6214022636413574,0
cluster_big,medium,medium,p2_c120_h2,808,0,6,6,0,198,805,17,0,115,67,2,2.5238888263702393,0
cluster_big,medium,medium,p2_c120_h2,1212,6,6,5,1,215,842,31,25,110,80,4,2.4370765686035156,0
cluster_big,medium,medium,p2_c120_h2,707,6,6,4,2,221,887,21,44,110,87,2,2.7637720108032227,0
cluster_big,medium,medium,p2_c120_h2,909,0,6,6,0,187,747,24,0,105,66,2,2.5903823375701904,0
cluster_big,medium,medium,p2_c120_h2,1010,6,6,5,1,224,878,34,27,130,71,2,2.6473379135131836,0
cluster_big,medium,medium,p2_c120_h2,1111,6,6,5,1,238,904,58,29,140,72,5,2.734720468521118,0
cluster_big,medium,medium,p2_c120_h2,1414,0,6,6,0,178,710,21,0,100,62,2,2.5585501194000244,0
cluster_big,medium,medium,p2_c120_h2,1313,6,6,5,1,242,937,50,40,140,77,3,2.7718775272369385,0
cluster_big,medium,medium,p2_c120_h2,1515,6,6,6,0,204,779,45,6,115,67,2,2.576890468597412,0
cluster_big,medium,medium,p2_c120_h2,1818,5,6,5,1,202,785,36,26,110,70,2,2.3748772144317627,0
cluster_big,medium,medium,p2_c120_h2,1717,5,6,6,0,188,724,35,5,100,67,2,2.6199448108673096,0
cluster_big,medium,medium,p2_c120_h2,1616,6,6,4,2,226,906,22,46,120,82,2,2.6880338191986084,0
cluster_big,medium,medium,p2_c40,303,0,6,0,6,148,605,13,0,50,84,0,2.334433078765869,0
cluster_big,medium,medium,p2_c120_h2,1919,0,6,6,0,191,748,31,0,100,72,4,2.698965311050415,0
cluster_big,medium,medium,p2_c40,42,0,6,0,6,147,602,11,0,50,83,0,2.6852524280548096,0
cluster_big,medium,medium,p2_c40,101,6,6,0,6,223,888,34,66,120,83,0,2.678807497024536,0
cluster_big,medium,medium,p2_c40,404,6,6,0,6,223,908,16,66,120,83,0,2.5756051540374756,0
cluster_big,medium,medium,p2_c40,202,1,6,0,6,166,667,19,11,74,76,0,2.6472115516662598,0
cluster_big,medium,medium,p2_c40,505,0,6,0,6,147,594,17,0,50,83,0,2.68245792388916,0
cluster_big,medium,medium,p2_c40,606,6,6,0,6,207,830,26,61,105,82,0,2.4964873790740967,0
cluster_big,medium,medium,p2_c40,808,0,6,0,6,153,630,10,0,55,84,0,2.4093263149261475,0
cluster_big,medium,medium,p2_c40,707,6,6,0,6,213,868,15,66,110,83,0,2.5163376331329346,0
cluster_big,medium,medium,p2_c40,1010,0,6,0,6,147,604,9,0,50,83,0,2.2818753719329834,0
cluster_big,medium,medium,p2_c40,1212,6,6,0,6,214,859,27,66,110,84,0,2.416569471359253,0
cluster_big,medium,medium,p2_c40,909,5,6,0,6,208,832,26,55,110,79,0,2.7214763164520264,0
cluster_big,medium,medium,p2_c40,1111,6,6,0,6,233,930,36,66,130,83,0,2.7985522747039795,0
cluster_big,medium,medium,p2_c40,1313,6,6,0,6,231,928,31,66,130,81,0,2.774224042892456,0
cluster_big,medium,medium,p2_c40,1414,0,6,0,6,130,520,12,0,45,71,0,2.6342885494232178,0
cluster_big,medium,medium,p2_c40,1616,5,6,0,6,193,784,14,55,95,79,0,2.5524415969848633,0
cluster_big,medium,medium,p2_c40,1717,0,6,0,6,144,586,12,0,50,80,0,2.5472941398620605,0
cluster_big,medium,medium,p2_c40,1515,0,6,0,6,148,606,12,0,50,84,0,2.69864821434021,0
cluster_big,medium,medium,p2_c40,1919,5,6,0,6,210,846,19,55,105,85,0,2.5797512531280518,0
cluster_big,medium,medium,p2_c40,1818,4,6,0,6,189,761,20,39,95,76,0,2.71331524848938,0
cluster_big,medium,medium,p2_c40_penalty_off,42,0,6,4,2,170,693,12,0,90,66,0,2.66233491897583,0
cluster_big,medium,medium,p2_c40_penalty_off,101,6,6,4,2,221,874,33,40,125,75,0,2.5822997093200684,0
cluster_big,medium,medium,p2_c40_penalty_off,303,0,6,4,2,171,693,17,0,90,67,0,2.56490159034729,0
cluster_big,medium,medium,p2_c40_penalty_off,202,4,6,3,3,199,790,27,23,104,75,0,2.676541328430176,0
cluster_big,medium,medium,p2_c40_penalty_off,505,0,6,4,2,170,681,22,0,90,66,0,2.4737348556518555,0
cluster_big,medium,medium,p2_c40_penalty_off,404,6,6,3,3,220,874,27,47,130,69,0,2.5962069034576416,0
cluster_big,medium,medium,p2_c40_penalty_off,606,6,6,4,2,191,743,33,21,105,66,0,2.5856668949127197,0
cluster_big,medium,medium,p2_c40_penalty_off,909,5,6,4,2,191,734,40,15,110,62,0,2.347769021987915,0
cluster_big,medium,medium,p2_c40_penalty_off,707,6,6,3,3,222,889,20,58,130,70,0,2.7326295375823975,0
cluster_big,medium,medium,p2_c40_penalty_off,1313,6,6,3,3,229,886,52,47,140,68,0,2.2830333709716797,0
cluster_big,medium,medium,p2_c40_penalty_off,1010,0,6,4,2,166,674,13,0,85,67,0,2.528552770614624,0
cluster_big,medium,medium,p2_c40_penalty_off,1111,6,6,4,2,240,937,49,50,140,78,0,2.5215017795562744,0
cluster_big,medium,medium,p2_c40_penalty_off,1212,6,6,3,3,213,848,25,47,120,72,0,2.5103816986083984,0
cluster_big,medium,medium,p2_c40_penalty_off,808,0,6,4,2,176,716,16,0,95,67,0,2.767375946044922,0
cluster_big,medium,medium,p2_c40_penalty_off,1717,0,6,4,2,161,649,17,0,80,67,0,2.513735771179199,0
cluster_big,medium,medium,p2_c40_penalty_off,1515,0,6,4,2,171,693,17,0,90,67,0,2.6434199810028076,0
cluster_big,medium,medium,p2_c40_penalty_off,1616,6,6,4,2,191,754,24,26,105,66,0,2.5545856952667236,0
cluster_big,medium,medium,p2_c40_penalty_off,1414,0,6,4,2,162,651,17,0,85,63,0,2.7790937423706055,0
cluster_big,medium,medium,p2_c40_penalty_off,1818,4,6,4,2,182,715,28,14,100,64,0,2.662022590637207,0
cluster_big,medium,medium,p2_c40_penalty_off,1919,5,6,4,2,204,805,29,35,105,78,0,2.639979362487793,0
cluster_big,medium,frequent,baseline,42,5,6,6,0,250,957,47,5,164,58,0,2.5161120891571045,0
cluster_big,medium,frequent,baseline,606,6,6,6,0,272,1036,59,17,185,58,0,2.2135300636291504,0
cluster_big,medium,frequent,baseline,202,6,6,1,5,287,1143,33,68,180,78,0,2.5670454502105713,0
cluster_big,medium,frequent,baseline,303,5,6,5,1,271,1067,33,26,180,63,0,2.5438623428344727,0
cluster_big,medium,frequent,baseline,101,6,6,4,2,271,1058,41,37,175,67,0,2.710233211517334,0
cluster_big,medium,frequent,baseline,505,6,6,4,2,275,1075,39,37,180,66,0,2.516707181930542,0
cluster_big,medium,frequent,baseline,404,6,6,5,1,275,1059,52,27,185,61,0,2.667625665664673,0
cluster_big,medium,frequent,baseline,909,5,6,6,0,256,975,52,16,170,58,0,2.260735273361206,0
cluster_big,medium,frequent,baseline,707,6,6,6,0,247,943,45,17,160,58,0,2.6760411262512207,0
cluster_big,medium,frequent,baseline,808,6,6,1,5,262,1038,39,41,129,103,0,2.66982102394104,0
cluster_big,medium,frequent,baseline,1313,5,6,4,2,257,994,49,26,155,74,0,2.2325103282928467,0
cluster_big,medium,frequent,baseline,1212,6,6,2,4,300,1191,38,57,194,76,0,2.3869972229003906,0
cluster_big,medium,frequent,baseline,1010,6,6,1,5,283,1122,36,62,175,79,0,2.621854305267334,0
cluster_big,medium,frequent,baseline,1111,6,6,3,3,280,1096,49,38,165,86,0,2.7498509883880615,0
cluster_big,medium,frequent,baseline,1414,6,6,2,4,279,1094,43,57,174,75,0,2.563514232635498,0
cluster_big,medium,frequent,baseline,1717,5,6,6,0,241,919,48,5,154,59,0,2.286679267883301,0
cluster_big,medium,frequent,baseline,1515,6,6,1,5,298,1175,46,67,190,79,0,2.7587709426879883,0
cluster_big,medium,frequent,baseline,1818,4,6,2,4,252,977,45,45,154,70,0,2.5273523330688477,0
cluster_big,medium,frequent,baseline,1616,5,6,1,5,253,1011,28,36,130,95,0,2.6750433444976807,0
cluster_big,medium,frequent,baseline,1919,5,6,2,4,263,1027,37,46,160,74,0,2.6976399421691895,0
cluster_big,medium,frequent,p2_c120,42,5,6,6,0,250,957,47,5,164,58,0,2.718651056289673,0
cluster_big,medium,frequent,p2_c120,101,6,6,5,1,267,1035,44,27,175,63,0,2.7780959606170654,0
cluster_big,medium,frequent,p2_c120,202,6,6,4,2,284,1121,36,47,180,74,0,2.5657520294189453,0
cluster_big,medium,frequent,p2_c120,707,6,6,6,0,247,943,45,17,160,58,0,2.198983907699585,0
cluster_big,medium,frequent,p2_c120,303,5,6,5,1,271,1067,33,26,180,63,0,2.7141976356506348,0
cluster_big,medium,frequent,p2_c120,505,6,6,5,1,271,1055,39,27,180,62,0,2.698503255844116,0
cluster_big,medium,frequent,p2_c120,404,6,6,5,1,275,1059,52,27,185,61,0,2.7499775886535645,0
cluster_big,medium,frequent,p2_c120,606,6,6,6,0,272,1036,59,17,185,58,0,2.703160285949707,0
cluster_big,medium,frequent,p2_c120,1010,5,6,5,1,266,1036,41,26,175,63,0,2.4120659828186035,0
cluster_big,medium,frequent,p2_c120,909,5,6,6,0,256,975,52,16,170,58,0,2.5860302448272705,0
cluster_big,medium,frequent,p2_c120,1212,6,6,5,1,288,1126,43,27,194,64,0,2.4779317378997803,0
cluster_big,medium,frequent,p2_c120,808,6,6,4,2,283,1108,46,44,169,83,0,2.7295804023742676,0
cluster_big,medium,frequent,p2_c120,1313,5,6,5,1,259,996,51,22,165,66,0,2.588987112045288,0
cluster_big,medium,frequent,p2_c120,1414,6,6,4,2,282,1093,49,48,184,67,0,2.5202932357788086,0
cluster_big,medium,frequent,p2_c120,1111,6,6,5,1,284,1098,55,30,185,70,0,2.6972193717956543,0
cluster_big,medium,frequent,p2_c120,1515,6,6,4,2,293,1137,53,44,190,73,0,2.6195790767669678,0
cluster_big,medium,frequent,p2_c120,1616,6,6,5,1,285,1125,35,41,180,75,0,2.5670900344848633,0
cluster_big,medium,frequent,p2_c120,1919,5,6,5,1,253,978,38,26,160,64,0,2.5591726303100586,0
cluster_big,medium,frequent,p2_c120,1717,5,6,6,0,241,919,48,5,154,59,0,2.678685188293457,0
cluster_big,medium,frequent,p2_c120,1818,4,6,4,2,255,975,52,36,164,62,0,2.678900957107544,0
cluster_big,medium,frequent,p2_c120_mp2,42,5,6,6,0,250,957,47,5,164,58,0,2.6679019927978516,0
cluster_big,medium,frequent,p2_c120_mp2,101,6,6,5,1,268,1036,44,27,175,63,0,2.794954538345337,0
cluster_big,medium,frequent,p2_c120_mp2,202,6,6,4,2,286,1123,36,47,180,74,0,2.7690200805664062,0
cluster_big,medium,frequent,p2_c120_mp2,303,5,6,5,1,272,1068,33,26,180,63,0,2.6795597076416016,0
cluster_big,medium,frequent,p2_c120_mp2,505,6,6,5,1,272,1056,39,27,180,62,0,2.6219093799591064,0
cluster_big,medium,frequent,p2_c120_mp2,606,6,6,6,0,272,1036,59,17,185,58,0,2.565551280975342,0
cluster_big,medium,frequent,p2_c120_mp2,707,6,6,6,0,247,943,45,17,160,58,0,2.5179224014282227,0
cluster_big,medium,frequent,p2_c120_mp2,404,6,6,5,1,276,1060,52,27,185,61,0,2.731846809387207,0
cluster_big,medium,frequent,p2_c120_mp2,808,6,6,4,2,285,1109,47,44,169,83,0,2.6199076175689697,0
cluster_big,medium,frequent,p2_c120_mp2,909,5,6,6,0,256,975,52,16,170,58,0,2.5325474739074707,0
cluster_big,medium,frequent,p2_c120_mp2,1414,6,6,4,2,284,1095,49,48,184,67,0,2.172090768814087,0
cluster_big,medium,frequent,p2_c120_mp2,1010,5,6,5,1,267,1037,41,26,175,63,0,2.5741114616394043,0
cluster_big,medium,frequent,p2_c120_mp2,1111,6,6,5,1,285,1099,55,30,185,70,0,2.6035749912261963,0
cluster_big,medium,frequent,p2_c120_mp2,1313,5,6,5,1,260,995,53,22,165,66,0,2.572206974029541,0
cluster_big,medium,frequent,p2_c120_mp2,1212,6,6,5,1,300,1169,46,38,204,64,0,2.6260650157928467,0
cluster_big,medium,frequent,p2_c120_mp2,1616,6,6,5,1,270,1056,36,25,170,70,0,2.5535855293273926,0
cluster_big,medium,frequent,p2_c120_mp2,1515,6,6,4,2,295,1145,49,44,190,73,0,2.7070138454437256,0
cluster_big,medium,frequent,p2_c120_mp3,101,6,6,5,1,269,1039,42,27,175,63,0,2.4193387031555176,0
cluster_big,medium,frequent,p2_c120_mp2,1919,5,6,5,1,254,978,39,26,160,64,0,2.658726692199707,0
cluster_big,medium,frequent,p2_c120_mp2,1717,5,6,6,0,241,919,48,5,154,59,0,2.752581834793091,0
cluster_big,medium,frequent,p2_c120_mp2,1818,5,6,5,1,256,977,51,26,164,62,0,2.7963459491729736,0
cluster_big,medium,frequent,p2_c120_mp3,202,6,6,4,2,301,1163,45,60,200,66,0,2.703324794769287,0
cluster_big,medium,frequent,p2_c120_mp3,42,5,6,6,0,250,957,47,5,164,58,0,2.804915189743042,0
cluster_big,medium,frequent,p2_c120_mp3,303,5,6,5,1,273,1069,33,26,180,63,0,2.674586296081543,0
cluster_big,medium,frequent,p2_c120_mp3,1010,5,6,5,1,268,1036,43,26,175,63,0,1.926093339920044,0
cluster_big,medium,frequent,p2_c120_mp3,707,6,6,6,0,247,943,45,17,160,58,0,2.4673855304718018,0
cluster_big,medium,frequent,p2_c120_mp3,404,6,6,5,1,277,1061,52,27,185,61,0,2.7653753757476807,0
cluster_big,medium,frequent,p2_c120_mp3,808,6,6,4,2,283,1088,50,40,169,79,0,2.4066720008850098,0
cluster_big,medium,frequent,p2_c120_mp3,606,6,6,6,0,272,1036,59,17,185,58,0,2.6680257320404053,0
cluster_big,medium,frequent,p2_c120_mp3,505,6,6,5,1,273,1057,39,27,180,62,0,2.732840061187744,0
cluster_big,medium,frequent,p2_c120_mp3,909,5,6,6,0,256,975,52,16,170,58,0,2.745962619781494,0
cluster_big,medium,frequent,p2_c120_mp3,1313,5,6,5,1,261,996,53,22,165,66,0,2.485718011856079,0
cluster_big,medium,frequent,p2_c120_mp3,1111,6,6,5,1,286,1100,55,30,185,70,0,2.791109323501587,0
cluster_big,medium,frequent,p2_c120_mp3,1212,6,6,5,1,290,1128,43,27,194,64,0,2.615799903869629,0
cluster_big,medium,frequent,p2_c120_mp3,1414,6,6,4,2,286,1095,51,48,184,67,0,2.561582088470459,0
cluster_big,medium,frequent,p2_c120_mp3,1818,5,6,5,1,257,977,52,26,164,62,0,2.4454822540283203,0
cluster_big,medium,frequent,p2_c120_mp3,1515,6,6,4,2,301,1158,52,48,200,67,0,2.7531490325927734,0
cluster_big,medium,frequent,p2_c120_mp3,1616,6,6,5,1,287,1126,36,41,180,75,0,2.647557020187378,0
cluster_big,medium,frequent,p2_c120_mp3,1717,5,6,6,0,241,919,48,5,154,59,0,2.6623764038085938,0
cluster_big,medium,frequent,p2_c120_mp3,1919,5,6,5,1,255,980,38,26,160,64,0,2.5932772159576416,0
cluster_big,medium,frequent,p2_c120_h2,101,6,6,5,1,282,1090,51,27,180,71,2,2.537872314453125,0
cluster_big,medium,frequent,p2_c120_h2,202,6,6,5,1,273,1070,37,25,165,77,2,2.665242910385132,0
cluster_big,medium,frequent,p2_c120_h2,42,6,6,4,2,293,1155,38,46,175,85,3,2.7772865295410156,0
cluster_big,medium,frequent,p2_c120_h2,303,6,6,5,1,287,1115,46,27,185,71,2,2.6524810791015625,0
cluster_big,medium,frequent,p2_c120_h2,707,6,6,6,0,256,990,39,6,160,66,2,2.328373432159424,0
cluster_big,medium,frequent,p2_c120_h2,404,6,6,6,0,278,1069,53,6,175,71,4,2.7120625972747803,0
cluster_big,medium,frequent,p2_c120_h2,808,6,6,4,2,293,1145,49,44,169,91,2,2.4211745262145996,0
cluster_big,medium,frequent,p2_c120_h2,606,6,6,5,1,286,1099,56,27,183,70,2,2.6350748538970947,0
cluster_big,medium,frequent,p2_c120_h2,1111,6,6,4,2,294,1146,50,46,180,82,2,2.3503289222717285,0
cluster_big,medium,frequent,p2_c120_h2,909,0,6,6,0,245,963,36,0,155,66,2,2.4619905948638916,0
cluster_big,medium,frequent,p2_c120_h2,505,6,6,4,2,318,1246,45,59,210,74,3,2.8110909461975098,0
cluster_big,medium,frequent,p2_c120_h2,1414,6,6,5,1,289,1125,49,40,178,78,1,2.341486692428589,0
cluster_big,medium,frequent,p2_c120_h2,1010,5,6,6,0,267,1030,45,5,169,67,3,2.7624456882476807,0
cluster_big,medium,frequent,p2_c120_h2,1515,6,6,5,1,298,1169,42,36,180,84,4,2.623804807662964,0
cluster_big,medium,frequent,p2_c120_h2,1616,0,6,6,0,260,1034,32,0,170,66,2,2.4765424728393555,0
cluster_big,medium,frequent,p2_c120_h2,1717,5,6,6,0,271,1036,51,20,165,73,5,2.488457679748535,0
cluster_big,medium,frequent,p2_c120_h2,1313,0,6,6,0,248,976,37,0,160,64,2,2.691507577896118,0
cluster_big,medium,frequent,p2_c120_h2,1212,0,6,6,0,262,1052,24,0,170,68,2,2.756610870361328,0
cluster_big,medium,frequent,p2_c120_h2,1818,4,6,4,2,271,1043,48,36,164,74,4,2.3395841121673584,0
cluster_big,medium,frequent,p2_c40,42,6,6,0,6,271,1071,36,56,159,83,0,2.67102313041687,0
cluster_big,medium,frequent,p2_c40,202,6,6,0,6,280,1125,25,66,170,82,0,2.6892824172973633,0
cluster_big,medium,frequent,p2_c120_h2,1919,5,6,4,2,289,1134,39,46,165,91,3,2.785775661468506,0
cluster_big,medium,frequent,p2_c40,101,6,6,0,6,276,1103,31,66,165,83,0,2.7273054122924805,0
cluster_big,medium,frequent,p2_c40,404,6,6,0,6,285,1131,39,66,175,82,0,2.6205708980560303,0
cluster_big,medium,frequent,p2_c40,303,6,6,0,6,287,1154,28,66,175,84,0,2.7909417152404785,0
cluster_big,medium,frequent,p2_c40,505,6,6,0,6,275,1096,31,61,165,82,0,2.7254674434661865,0
cluster_big,medium,frequent,p2_c40,808,6,6,0,6,276,1091,39,61,164,83,0,2.4808552265167236,0
cluster_big,medium,frequent,p2_c40,606,6,6,0,6,285,1126,44,66,175,82,0,2.7742185592651367,0
cluster_big,medium,frequent,p2_c40,707,6,6,0,6,260,1035,28,66,150,82,0,2.7155826091766357,0
cluster_big,medium,frequent,p2_c40,1414,0,6,0,6,198,771,31,0,104,71,0,2.024681806564331,0
cluster_big,medium,frequent,p2_c40,1010,6,6,0,6,278,1113,28,61,165,85,0,2.514554738998413,0
cluster_big,medium,frequent,p2_c40,909,5,6,0,6,265,1044,38,55,160,78,0,2.6496543884277344,0
cluster_big,medium,frequent,p2_c40,1212,6,6,0,6,298,1197,31,66,184,85,0,2.574733018875122,0
cluster_big,medium,frequent,p2_c40,1111,6,6,0,6,291,1149,45,66,180,83,0,2.7550899982452393,0
cluster_big,medium,frequent,p2_c40,1818,4,6,0,6,238,918,47,39,134,77,0,2.3215315341949463,0
cluster_big,medium,frequent,p2_c40,1313,6,6,0,6,269,1044,53,56,160,81,0,2.5768954753875732,0
cluster_big,medium,frequent,p2_c40,1717,5,6,0,6,261,1029,38,55,154,79,0,2.441094160079956,0
cluster_big,medium,frequent,p2_c40_penalty_off,42,6,6,4,2,288,1127,46,50,179,78,0,2.262110471725464,0
cluster_big,medium,frequent,p2_c40,1515,6,6,0,6,292,1142,54,66,180,84,0,2.748197317123413,0
cluster_big,medium,frequent,p2_c40,1616,5,6,0,6,266,1059,31,55,160,79,0,2.7125308513641357,0
cluster_big,medium,frequent,p2_c40_penalty_off,202,6,6,4,2,274,1069,40,37,180,65,0,2.38983154296875,0
cluster_big,medium,frequent,p2_c40,1919,5,6,0,6,262,1032,35,55,150,84,0,2.768458604812622,0
cluster_big,medium,frequent,p2_c40_penalty_off,505,6,6,3,3,277,1092,37,45,165,82,0,2.5257608890533447,0
cluster_big,medium,frequent,p2_c40_penalty_off,101,6,6,3,3,273,1083,32,45,165,79,0,2.617928981781006,0
cluster_big,medium,frequent,p2_c40_penalty_off,404,5,6,4,2,262,1016,47,25,170,65,0,2.6659176349639893,0
cluster_big,medium,frequent,p2_c40_penalty_off,303,6,6,3,3,275,1086,33,37,175,71,0,2.702136516571045,0
cluster_big,medium,frequent,p2_c40_penalty_off,606,6,6,4,2,284,1103,52,41,185,70,0,2.7176930904388428,0
cluster_big,medium,frequent,p2_c40_penalty_off,1515,6,6,4,2,275,1059,55,26,180,67,0,2.08518385887146,0
cluster_big,medium,frequent,p2_c40_penalty_off,1010,6,6,3,3,272,1079,33,39,160,83,0,2.501112699508667,0
cluster_big,medium,frequent,p2_c40_penalty_off,909,5,6,4,2,260,1000,47,26,170,62,0,2.5338947772979736,0
cluster_big,medium,frequent,p2_c40_penalty_off,707,6,6,3,3,262,1030,35,50,150,82,0,2.713789701461792,0
cluster_big,medium,frequent,p2_c40_penalty_off,1111,6,6,4,2,274,1052,58,26,180,66,0,2.537416458129883,0
cluster_big,medium,frequent,p2_c40_penalty_off,808,6,6,3,3,278,1084,49,45,169,79,0,2.7681987285614014,0
cluster_big,medium,frequent,p2_c40_penalty_off,1414,5,6,3,3,269,1062,37,43,154,85,0,2.45235276222229,0
cluster_big,medium,frequent,p2_c40_penalty_off,1212,6,6,3,3,286,1123,42,37,184,72,0,2.6891398429870605,0
cluster_big,medium,frequent,p2_c40_penalty_off,1313,6,6,3,3,269,1032,60,39,160,80,0,2.712947368621826,0
cluster_big,medium,frequent,p2_c40_penalty_off,1616,5,6,3,3,265,1027,46,36,170,67,0,2.673438549041748,0
cluster_big,medium,frequent,p2_c40_penalty_off,1818,4,6,3,3,252,978,43,36,149,74,0,2.5603392124176025,0
cluster_big,medium,frequent,p2_c40_penalty_off,1717,5,6,3,3,271,1072,37,53,154,87,0,2.6767079830169678,0
cluster_big,medium,frequent,p2_c40_penalty_off,1919,5,6,3,3,267,1046,39,50,150,87,0,2.601109743118286,0
cluster_big,heavy,medium,baseline,42,11,12,4,8,302,1194,43,102,180,90,0,2.5499536991119385,0
cluster_big,heavy,medium,baseline,303,10,12,2,10,238,964,22,57,75,132,0,2.4020893573760986,0
cluster_big,heavy,medium,baseline,606,12,12,1,11,305,1222,33,123,170,102,0,2.3297603130340576,0
cluster_big,heavy,medium,baseline,505,10,12,7,5,253,992,40,45,120,102,0,2.3922362327575684,0
cluster_big,heavy,medium,baseline,202,12,12,4,8,273,1090,35,59,114,125,0,2.653604507446289,0
cluster_big,heavy,medium,baseline,101,9,12,8,4,270,1041,49,60,165,75,0,2.6767466068267822,0
cluster_big,heavy,medium,baseline,404,11,12,2,10,250,1010,24,62,85,133,0,2.6444315910339355,0
cluster_big,heavy,medium,baseline,707,11,12,2,10,305,1229,28,122,175,98,0,2.5295493602752686,0
cluster_big,heavy,medium,baseline,808,0,12,12,0,239,965,19,0,160,59,0,2.5865328311920166,0
cluster_big,heavy,medium,baseline,1212,11,12,3,9,308,1233,35,112,180,96,0,2.431817054748535,0
cluster_big,heavy,medium,baseline,1010,0,12,12,0,239,958,25,0,160,59,0,2.6004300117492676,0
cluster_big,heavy,medium,baseline,909,10,12,3,9,293,1170,32,101,170,92,0,2.6970114707946777,0
cluster_big,heavy,medium,baseline,1111,10,12,4,8,296,1150,58,86,180,85,0,2.7678282260894775,0
cluster_big,heavy,medium,baseline,1313,12,12,6,6,313,1225,51,88,200,80,0,2.684588670730591,0
cluster_big,heavy,medium,baseline,1414,0,11,11,0,218,869,26,0,140,59,0,2.561607837677002,0
cluster_big,heavy,medium,baseline,1717,0,12,12,0,249,1005,23,0,170,59,0,2.3996388912200928,0
cluster_big,heavy,medium,p2_c120,42,10,12,11,1,268,1027,49,31,175,62,0,2.180692672729492,0
cluster_big,heavy,medium,baseline,1515,0,12,12,0,239,946,36,0,160,59,0,2.6551687717437744,0
cluster_big,heavy,medium,baseline,1818,11,12,3,9,287,1142,31,92,165,90,0,2.607736110687256,0
cluster_big,heavy,medium,baseline,1616,10,12,9,3,250,970,38,33,140,79,0,2.7569565773010254,0
cluster_big,heavy,medium,baseline,1919,0,12,12,0,240,950,34,0,160,59,0,2.6316282749176025,0
cluster_big,heavy,medium,p2_c120,101,9,12,11,1,258,970,60,30,165,63,0,2.6133804321289062,0
cluster_big,heavy,medium,p2_c120,505,10,12,10,2,274,1063,46,48,160,82,0,2.406724452972412,0
cluster_big,heavy,medium,p2_c120,202,12,12,8,4,322,1266,50,84,184,101,0,2.6789441108703613,0
cluster_big,heavy,medium,p2_c120,303,11,12,11,1,268,1027,51,30,165,71,0,2.666491746902466,0
cluster_big,heavy,medium,p2_c120,404,11,12,11,1,266,1018,48,30,165,69,0,2.594459056854248,0
cluster_big,heavy,medium,p2_c120,707,11,12,9,3,291,1139,40,66,175,82,0,2.5937228202819824,0
cluster_big,heavy,medium,p2_c120,606,11,12,10,2,269,1018,57,38,170,66,0,2.714738130569458,0
cluster_big,heavy,medium,p2_c120,1111,10,12,9,3,298,1121,75,58,200,65,0,2.399571418762207,0
cluster_big,heavy,medium,p2_c120,808,0,12,12,0,239,965,19,0,160,59,0,2.6830568313598633,0
cluster_big,heavy,medium,p2_c120,909,10,12,11,1,268,1020,54,31,175,62,0,2.6667656898498535,0
cluster_big,heavy,medium,p2_c120,1414,0,11,11,0,218,869,26,0,140,59,0,2.5067710876464844,0
cluster_big,heavy,medium,p2_c120,1212,11,12,9,3,319,1246,51,87,200,84,0,2.5966198444366455,0
cluster_big,heavy,medium,p2_c120,1515,0,12,12,0,239,946,36,0,160,59,0,2.440735101699829,0
cluster_big,heavy,medium,p2_c120,1313,12,12,10,2,308,1176,63,59,210,64,0,2.7286267280578613,0
cluster_big,heavy,medium,p2_c120,1010,0,12,12,0,239,958,25,0,160,59,0,2.8009912967681885,0
cluster_big,heavy,medium,p2_c120,1717,0,12,12,0,249,1005,23,0,170,59,0,2.32963490486145,0
cluster_big,heavy,medium,p2_c120,1616,11,12,11,1,262,1008,44,30,160,70,0,2.5398061275482178,0
cluster_big,heavy,medium,p2_c120,1919,0,12,12,0,240,950,34,0,160,59,0,2.6797966957092285,0
cluster_big,heavy,medium,p2_c120,1818,11,12,10,2,282,1078,56,51,175,74,0,2.724889039993286,0
cluster_big,heavy,medium,p2_c120_mp2,42,10,12,11,1,269,1027,50,31,175,62,0,2.637458324432373,0
cluster_big,heavy,medium,p2_c120_mp2,101,9,12,11,1,259,971,60,30,165,63,0,2.7547738552093506,0
cluster_big,heavy,medium,p2_c120_mp2,505,10,12,11,1,262,999,50,29,160,70,0,2.2937138080596924,0
cluster_big,heavy,medium,p2_c120_mp2,202,12,12,8,4,333,1299,46,91,194,97,0,2.6622934341430664,0
cluster_big,heavy,medium,p2_c120_mp2,606,11,12,10,2,271,1022,55,38,170,66,0,2.3105380535125732,0
cluster_big,heavy,medium,p2_c120_mp2,303,11,12,10,2,294,1140,46,60,175,83,0,2.704465866088867,0
cluster_big,heavy,medium,p2_c120_mp2,404,11,12,11,1,267,1010,55,30,165,69,0,2.7134652137756348,0
cluster_big,heavy,medium,p2_c120_mp2,808,0,12,12,0,239,965,19,0,160,59,0,2.615386962890625,0
cluster_big,heavy,medium,p2_c120_mp2,707,11,12,9,3,298,1162,40,70,175,86,0,2.7399587631225586,0
cluster_big,heavy,medium,p2_c120_mp2,1010,0,12,12,0,239,958,25,0,160,59,0,2.50091552734375,0
cluster_big,heavy,medium,p2_c120_mp2,1212,11,12,9,3,322,1259,43,87,200,84,0,2.52486515045166,0
cluster_big,heavy,medium,p2_c120_mp2,1111,10,12,10,2,290,1091,70,45,185,71,0,2.6136727333068848,0
cluster_big,heavy,medium,p2_c120_mp2,909,10,12,11,1,269,1026,49,31,175,62,0,2.7602930068969727,0
cluster_big,heavy,medium,p2_c120_mp2,1414,0,11,11,0,218,869,26,0,140,59,0,2.3262786865234375,0
cluster_big,heavy,medium,p2_c120_mp2,1818,11,12,10,2,284,1092,46,51,175,74,0,2.284756660461426,0
cluster_big,heavy,medium,p2_c120_mp2,1313,12,12,10,2,308,1174,63,57,200,72,0,2.7180042266845703,0
cluster_big,heavy,medium,p2_c120_mp2,1515,0,12,12,0,239,946,36,0,160,59,0,2.5993456840515137,0
cluster_big,heavy,medium,p2_c120_mp2,1616,11,12,11,1,263,1009,44,30,160,70,0,2.6226425170898438,0
cluster_big,heavy,medium,p2_c120_mp2,1717,0,12,12,0,249,1005,23,0,170,59,0,2.672736883163452,0
cluster_big,heavy,medium,p2_c120_mp3,42,11,12,11,1,276,1049,52,32,180,62,0,2.53888201713562,0
cluster_big,heavy,medium,p2_c120_mp2,1919,0,12,12,0,240,950,34,0,160,59,0,2.628080129623413,0
cluster_big,heavy,medium,p2_c120_mp3,101,9,12,11,1,260,972,60,30,165,63,0,2.662616014480591,0
cluster_big,heavy,medium,p2_c120_mp3,303,11,12,11,1,270,1029,51,30,165,71,0,2.626727819442749,0
cluster_big,heavy,medium,p2_c120_mp3,505,10,12,11,1,278,1064,51,44,170,74,0,2.4691972732543945,0
cluster_big,heavy,medium,p2_c120_mp3,202,12,12,8,4,341,1322,47,95,194,101,0,2.731771945953369,0
cluster_big,heavy,medium,p2_c120_mp3,404,11,12,11,1,268,1011,55,30,165,69,0,2.7330737113952637,0
cluster_big,heavy,medium,p2_c120_mp3,606,11,12,11,1,271,1023,55,32,175,62,0,2.680192470550537,0
cluster_big,heavy,medium,p2_c120_mp3,707,11,12,10,2,288,1100,46,53,185,66,0,2.6668927669525146,0
cluster_big,heavy,medium,p2_c120_mp3,808,0,12,12,0,239,965,19,0,160,59,0,2.580289125442505,0
cluster_big,heavy,medium,p2_c120_mp3,1010,0,12,12,0,239,958,25,0,160,59,0,2.4067914485931396,0
cluster_big,heavy,medium,p2_c120_mp3,909,11,12,10,2,291,1120,42,51,180,74,0,2.5436792373657227,0
cluster_big,heavy,medium,p2_c120_mp3,1111,11,12,9,3,332,1248,74,84,220,71,0,2.750465154647827,0
cluster_big,heavy,medium,p2_c120_mp3,1313,12,12,10,2,310,1176,63,57,200,72,0,2.625103712081909,0
cluster_big,heavy,medium,p2_c120_mp3,1717,0,12,12,0,249,1005,23,0,170,59,0,2.255966901779175,0
cluster_big,heavy,medium,p2_c120_mp3,1414,0,11,11,0,218,869,26,0,140,59,0,2.7033767700195312,0
cluster_big,heavy,medium,p2_c120_mp3,1212,11,12,9,3,319,1228,51,81,190,88,0,2.7982661724090576,0
cluster_big,heavy,medium,p2_c120_mp3,1616,11,12,11,1,264,1011,43,30,160,70,0,2.436488389968872,0
cluster_big,heavy,medium,p2_c120_mp3,1818,11,12,11,1,271,1024,53,32,175,62,0,2.325313091278076,0
cluster_big,heavy,medium,p2_c120_mp3,1515,0,12,12,0,239,946,36,0,160,59,0,2.751650094985962,0
cluster_big,heavy,medium,p2_c120_h2,404,10,12,10,2,276,1058,47,40,160,80,4,2.2294251918792725,0
cluster_big,heavy,medium,p2_c120_mp3,1919,0,12,12,0,240,950,34,0,160,59,0,2.5959115028381348,0
cluster_big,heavy,medium,p2_c120_h2,42,11,12,11,1,295,1135,51,43,190,70,2,2.708451986312866,0
cluster_big,heavy,medium,p2_c120_h2,202,12,12,9,3,323,1266,42,73,200,85,3,2.487075090408325,0
cluster_big,heavy,medium,p2_c120_h2,101,9,12,10,2,290,1145,35,58,165,91,2,2.7028939723968506,0
cluster_big,heavy,medium,p2_c120_h2,909,10,12,10,2,289,1121,52,48,165,90,2,2.067291736602783,0
cluster_big,heavy,medium,p2_c120_h2,303,11,12,10,2,290,1112,56,51,175,80,2,2.6849024295806885,0
cluster_big,heavy,medium,p2_c120_h2,505,11,12,10,2,288,1094,61,41,170,82,3,2.555802822113037,0
cluster_big,heavy,medium,p2_c120_h2,707,12,12,11,1,282,1070,56,43,170,76,2,2.4755442142486572,0
cluster_big,heavy,medium,p2_c120_h2,606,11,12,11,1,279,1062,56,37,175,70,2,2.626814842224121,0
cluster_big,heavy,medium,p2_c120_h2,808,0,12,12,0,259,1044,26,0,170,67,2,2.523829698562622,0
cluster_big,heavy,medium,p2_c120_h2,1010,10,12,9,3,310,1221,43,69,180,95,2,2.4439964294433594,0
cluster_big,heavy,medium,p2_c120_h2,1212,11,12,9,3,305,1173,57,66,175,92,4,2.560779094696045,0
cluster_big,heavy,medium,p2_c120_h2,1111,12,12,9,3,329,1262,67,67,200,90,4,2.7128260135650635,0
cluster_big,heavy,medium,p2_c120_h2,1414,0,11,11,0,223,884,28,0,140,62,2,2.408780574798584,0
cluster_big,heavy,medium,p2_c120_h2,1313,12,12,10,2,311,1185,62,54,205,69,3,2.767660140991211,0
cluster_big,heavy,medium,p2_c120_h2,1616,0,12,12,0,243,972,28,0,155,66,2,2.633701801300049,0
cluster_big,heavy,medium,p2_c120_h2,1515,11,12,8,4,315,1244,43,85,175,103,2,2.704822063446045,0
cluster_big,heavy,medium,p2_c120_h2,1818,11,12,10,2,294,1145,45,53,175,84,2,2.688753366470337,0
cluster_big,heavy,medium,p2_c120_h2,1717,0,12,12,0,244,980,24,0,155,67,2,2.7370445728302,0
cluster_big,heavy,medium,p2_c40,303,0,12,0,12,185,755,14,0,50,115,0,2.4123647212982178,0
cluster_big,heavy,medium,p2_c40,42,11,12,0,12,288,1169,20,111,150,107,0,2.5857954025268555,0
cluster_big,heavy,medium,p2_c120_h2,1919,0,12,12,0,247,977,30,0,150,72,4,2.7381227016448975,0
cluster_big,heavy,medium,p2_c40,101,9,12,0,12,271,1079,34,94,145,97,0,2.7231783866882324,0
cluster_big,heavy,medium,p2_c40,505,10,12,0,12,278,1118,28,110,145,103,0,2.581592321395874,0
cluster_big,heavy,medium,p2_c40,202,2,12,0,12,192,765,23,17,74,95,0,2.7402355670928955,0
cluster_big,heavy,medium,p2_c40,404,11,12,0,12,303,1218,29,116,160,112,0,2.689488410949707,0
cluster_big,heavy,medium,p2_c40,808,11,12,0,12,279,1129,21,101,140,108,0,2.4243927001953125,0
cluster_big,heavy,medium,p2_c40,1010,11,12,0,12,287,1165,20,111,150,106,0,2.3965554237365723,0
cluster_big,heavy,medium,p2_c40,606,11,12,0,12,281,1127,31,106,145,105,0,2.634848117828369,0
cluster_big,heavy,medium,p2_c40,707,12,12,0,12,303,1229,24,132,165,106,0,2.6736676692962646,0
cluster_big,heavy,medium,p2_c40,909,11,12,0,12,298,1192,37,121,160,107,0,2.677797317504883,0
cluster_big,heavy,medium,p2_c40,1212,11,12,0,12,287,1161,24,111,150,106,0,2.527881145477295,0
cluster_big,heavy,medium,p2_c40,1111,9,12,0,12,286,1120,55,99,155,102,0,2.6977784633636475,0
cluster_big,heavy,medium,p2_c40,1313,11,12,0,12,301,1207,36,111,165,105,0,2.687666893005371,0
cluster_big,heavy,medium,p2_c40,1515,10,12,0,12,275,1107,27,105,140,105,0,2.5084023475646973,0
cluster_big,heavy,medium,p2_c40,1717,10,12,0,12,290,1176,26,110,155,105,0,2.5354866981506348,0
cluster_big,heavy,medium,p2_c40,1414,0,11,0,11,143,563,14,0,45,79,0,2.8362858295440674,0
cluster_big,heavy,medium,p2_c40,1616,10,12,0,12,274,1108,21,105,145,99,0,2.6841881275177,0
cluster_big,heavy,medium,p2_c40,1818,10,12,0,12,276,1109,29,100,145,101,0,2.798391103744507,0
cluster_big,heavy,medium,p2_c40_penalty_off,101,9,12,9,3,262,987,63,40,165,67,0,2.5991616249084473,0
cluster_big,heavy,medium,p2_c40_penalty_off,202,11,12,8,4,292,1134,49,60,169,88,0,2.588561773300171,0
cluster_big,heavy,medium,p2_c40_penalty_off,42,11,12,8,4,261,1023,33,38,140,89,0,2.8381662368774414,0
cluster_big,heavy,medium,p2_c40,1919,9,12,0,12,283,1120,42,99,140,113,0,2.935922861099243,0
cluster_big,heavy,medium,p2_c40_penalty_off,303,0,12,9,3,230,927,22,0,140,70,0,2.6859347820281982,0
cluster_big,heavy,medium,p2_c40_penalty_off,606,10,12,9,3,254,973,48,30,155,69,0,2.6295619010925293,0
cluster_big,heavy,medium,p2_c40_penalty_off,505,11,12,8,4,276,1068,46,58,155,87,0,2.8324668407440186,0
cluster_big,heavy,medium,p2_c40_penalty_off,404,11,12,8,4,290,1125,49,65,170,86,0,3.1832220554351807,0
cluster_big,heavy,medium,p2_c40_penalty_off,707,12,12,7,5,308,1197,49,95,195,78,0,2.9221999645233154,0
cluster_big,heavy,medium,p2_c40_penalty_off,909,10,12,8,4,269,1035,50,51,165,73,0,2.789386510848999,0
cluster_big,heavy,medium,p2_c40_penalty_off,808,9,12,8,4,255,985,46,38,145,80,0,3.007680654525757,0
cluster_big,heavy,medium,p2_c40_penalty_off,1010,10,12,9,3,255,980,44,30,155,70,0,2.915626049041748,0
cluster_big,heavy,medium,p2_c40_penalty_off,1212,11,12,7,5,300,1172,46,82,180,86,0,2.970672607421875,0
cluster_big,heavy,medium,p2_c40_penalty_off,1414,0,11,8,3,199,789,24,0,115,65,0,2.96077299118042,0
cluster_big,heavy,medium,p2_c40_penalty_off,1111,11,12,7,5,312,1223,51,79,175,102,0,3.13612961769104,0
cluster_big,heavy,medium,p2_c40_penalty_off,1313,11,12,8,4,278,1065,55,42,175,71,0,3.0875327587127686,0
cluster_big,heavy,medium,p2_c40_penalty_off,1616,11,12,7,5,290,1145,35,81,165,91,0,3.073892116546631,0
cluster_big,heavy,frequent,baseline,42,12,12,3,9,331,1307,47,59,159,130,0,2.803292751312256,0
cluster_big,heavy,medium,p2_c40_penalty_off,1515,11,12,8,4,271,1037,56,52,165,74,0,3.15155291557312,0
cluster_big,heavy,medium,p2_c40_penalty_off,1717,10,12,9,3,272,1060,39,41,170,71,0,3.0246975421905518,0
cluster_big,heavy,medium,p2_c40_penalty_off,1919,9,12,8,4,289,1127,48,75,160,96,0,2.913754463195801,0
cluster_big,heavy,medium,p2_c40_penalty_off,1818,9,12,8,4,249,977,35,36,130,89,0,3.135362386703491,0
cluster_big,heavy,frequent,baseline,303,12,12,11,1,354,1343,74,33,250,63,0,2.821657657623291,0
cluster_big,heavy,frequent,baseline,202,12,12,1,11,320,1299,24,71,130,149,0,3.0724172592163086,0
cluster_big,heavy,frequent,baseline,404,11,12,3,9,364,1429,53,102,235,89,0,2.8764469623565674,0
cluster_big,heavy,frequent,baseline,101,10,12,4,8,306,1217,36,57,140,127,0,3.2080352306365967,0
cluster_big,heavy,frequent,baseline,505,11,12,3,9,349,1364,53,92,215,94,0,3.0762622356414795,0
cluster_big,heavy,frequent,baseline,606,11,12,4,8,320,1255,51,54,160,120,0,3.097994804382324,0
cluster_big,heavy,frequent,baseline,808,9,12,7,5,340,1317,57,60,224,77,0,2.861510753631592,0
cluster_big,heavy,frequent,baseline,1010,10,12,8,4,354,1374,56,61,240,75,0,2.9765167236328125,0
cluster_big,heavy,frequent,baseline,909,11,12,10,2,336,1266,77,42,230,66,0,3.076371908187866,0
cluster_big,heavy,frequent,baseline,1111,10,12,3,9,358,1391,65,91,230,89,0,2.714961290359497,0
cluster_big,heavy,frequent,baseline,1212,11,12,4,8,339,1348,44,54,174,124,0,2.611104726791382,0
cluster_big,heavy,frequent,baseline,707,12,12,3,9,300,1197,29,63,125,134,0,3.1477551460266113,0
cluster_big,heavy,frequent,baseline,1313,12,12,1,11,376,1487,51,128,235,100,0,2.999112606048584,0
cluster_big,heavy,frequent,baseline,1515,12,12,5,7,346,1357,56,56,190,115,0,2.743631601333618,0
cluster_big,heavy,frequent,baseline,1414,11,12,3,9,338,1315,55,89,204,93,0,2.9672629833221436,0
cluster_big,heavy,frequent,baseline,1616,10,12,2,10,301,1192,40,57,135,127,0,2.9624454975128174,0
cluster_big,heavy,frequent,baseline,1717,11,12,1,11,305,1225,31,66,119,145,0,2.8946785926818848,0
cluster_big,heavy,frequent,baseline,1919,0,12,12,0,288,1134,34,0,200,59,0,3.0105397701263428,0
cluster_big,heavy,frequent,p2_c120,303,12,12,11,1,354,1343,74,33,250,63,0,2.7393240928649902,0
cluster_big,heavy,frequent,p2_c120,202,12,12,9,3,358,1394,51,61,230,85,0,2.982923746109009,0
cluster_big,heavy,frequent,p2_c120,505,11,12,9,3,362,1395,60,69,250,70,0,2.776817798614502,0
cluster_big,heavy,frequent,baseline,1818,11,12,9,3,317,1210,61,34,194,82,0,3.3351082801818848,0
cluster_big,heavy,frequent,p2_c120,404,11,12,10,2,347,1317,70,43,245,61,0,3.035569190979004,0
cluster_big,heavy,frequent,p2_c120,101,10,12,10,2,333,1288,54,48,210,83,0,3.270071268081665,0
cluster_big,heavy,frequent,p2_c120,606,12,12,11,1,341,1290,75,31,230,70,0,3.017695665359497,0
cluster_big,heavy,frequent,p2_c120,42,11,12,11,1,345,1312,71,30,234,70,0,3.377615213394165,0
cluster_big,heavy,frequent,p2_c120,808,9,12,10,2,346,1329,62,51,239,67,0,2.858879566192627,0
cluster_big,heavy,frequent,p2_c120,707,12,12,9,3,338,1302,56,65,205,90,0,3.2061212062835693,0
cluster_big,heavy,frequent,p2_c120,1111,12,12,10,2,368,1407,73,53,250,76,0,2.855961322784424,0
cluster_big,heavy,frequent,p2_c120,1010,10,12,10,2,355,1370,61,50,240,75,0,2.9823858737945557,0
cluster_big,heavy,frequent,p2_c120,1212,11,12,10,2,366,1420,61,45,244,80,0,2.890517234802246,0
cluster_big,heavy,frequent,p2_c120,909,11,12,11,1,332,1246,77,32,230,62,0,3.258476972579956,0
cluster_big,heavy,frequent,p2_c120,1313,11,12,9,3,359,1383,66,68,235,82,0,2.994291305541992,0
cluster_big,heavy,frequent,p2_c120_mp2,42,11,12,11,1,346,1313,71,30,234,70,0,2.521200656890869,0
cluster_big,heavy,frequent,p2_c120,1414,10,12,10,2,339,1284,74,59,229,69,0,2.9947681427001953,0
cluster_big,heavy,frequent,p2_c120,1515,12,12,9,3,388,1512,67,74,250,95,0,2.9130117893218994,0
cluster_big,heavy,frequent,p2_c120,1717,12,12,8,4,382,1499,54,99,229,107,0,2.7959697246551514,0
cluster_big,heavy,frequent,p2_c120,1616,11,12,10,2,338,1296,63,49,215,82,0,3.0576138496398926,0
cluster_big,heavy,frequent,p2_c120,1919,0,12,12,0,288,1134,34,0,200,59,0,2.9873273372650146,0
cluster_big,heavy,frequent,p2_c120,1818,11,12,11,1,321,1210,69,26,214,66,0,3.13149094581604,0
cluster_big,heavy,frequent,p2_c120_mp2,101,10,12,10,2,335,1290,54,48,210,83,0,2.754354953765869,0
cluster_big,heavy,frequent,p2_c120_mp2,202,12,12,9,3,380,1485,48,80,240,93,0,2.704057216644287,0
cluster_big,heavy,frequent,p2_c120_mp2,303,12,12,11,1,355,1344,74,33,250,63,0,2.7464182376861572,0
cluster_big,heavy,frequent,p2_c120_mp2,505,11,12,9,3,367,1415,59,71,240,82,0,2.6240344047546387,0
cluster_big,heavy,frequent,p2_c120_mp2,606,12,12,11,1,342,1291,75,31,230,70,0,2.5688045024871826,0
cluster_big,heavy,frequent,p2_c120_mp2,808,9,12,10,2,348,1332,61,51,239,67,0,2.4833502769470215,0
cluster_big,heavy,frequent,p2_c120_mp2,1414,10,12,9,3,347,1311,71,70,229,73,0,2.2636666297912598,0
cluster_big,heavy,frequent,p2_c120_mp2,404,11,12,10,2,349,1321,68,43,245,61,0,3.1006879806518555,0
cluster_big,heavy,frequent,p2_c120_mp2,707,12,12,9,3,337,1285,56,61,205,86,0,2.8011062145233154,0
cluster_big,heavy,frequent,p2_c120_mp2,909,11,12,11,1,333,1245,79,32,230,62,0,2.7425537109375,0
cluster_big,heavy,frequent,p2_c120_mp2,1010,10,12,10,2,357,1370,63,50,240,75,0,2.7321579456329346,0
cluster_big,heavy,frequent,p2_c120_mp2,1313,12,12,8,4,385,1463,77,91,250,86,0,2.6649820804595947,0
cluster_big,heavy,frequent,p2_c120_mp2,1515,11,12,9,3,379,1456,70,65,250,84,0,2.694805860519409,0
cluster_big,heavy,frequent,p2_c120_mp2,1212,11,12,10,2,364,1400,63,41,244,76,0,2.7812533378601074,0
cluster_big,heavy,frequent,p2_c120_mp2,1818,11,12,11,1,322,1211,69,26,214,66,0,2.38860821723938,0
cluster_big,heavy,frequent,p2_c120_mp2,1919,0,12,12,0,288,1134,34,0,200,59,0,2.381279230117798,0
cluster_big,heavy,frequent,p2_c120_mp2,1111,11,12,9,3,375,1432,73,66,250,80,0,2.900867462158203,0
cluster_big,heavy,frequent,p2_c120_mp3,42,11,12,11,1,347,1314,71,30,234,70,0,2.4272618293762207,0
cluster_big,heavy,frequent,p2_c120_mp2,1616,11,12,10,2,340,1298,63,49,215,82,0,2.774306297302246,0
cluster_big,heavy,frequent,p2_c120_mp2,1717,12,12,8,4,386,1499,58,99,229,107,0,2.720977783203125,0
cluster_big,heavy,frequent,p2_c120_mp3,101,10,12,8,4,363,1404,48,82,210,103,0,2.472452402114868,0
cluster_big,heavy,frequent,p2_c120_mp3,202,12,12,8,4,383,1487,45,84,230,101,0,2.4638400077819824,0
cluster_big,heavy,frequent,p2_c120_mp3,505,11,12,10,2,354,1341,69,51,235,74,0,2.3900833129882812,0
cluster_big,heavy,frequent,p2_c120_mp3,404,12,12,9,3,382,1458,65,73,255,78,0,2.64310884475708,0
cluster_big,heavy,frequent,p2_c120_mp3,303,12,12,11,1,356,1345,74,33,250,63,0,2.7167110443115234,0
cluster_big,heavy,frequent,p2_c120_mp3,606,11,12,11,1,337,1267,77,30,225,70,0,2.539393663406372,0
cluster_big,heavy,frequent,p2_c120_mp3,707,12,12,8,4,355,1354,53,80,205,98,0,2.709015369415283,0
cluster_big,heavy,frequent,p2_c120_mp3,808,9,12,10,2,350,1336,59,51,239,67,0,2.713395118713379,0
cluster_big,heavy,frequent,p2_c120_mp3,909,11,12,11,1,334,1248,77,32,230,62,0,2.569284677505493,0
cluster_big,heavy,frequent,p2_c120_mp3,1010,10,12,10,2,359,1371,64,50,240,75,0,2.6210901737213135,0
cluster_big,heavy,frequent,p2_c120_mp3,1111,12,12,9,3,385,1468,71,71,250,86,0,2.6895766258239746,0
cluster_big,heavy,frequent,p2_c120_mp3,1313,12,12,9,3,368,1402,64,71,235,84,0,2.436617851257324,0
cluster_big,heavy,frequent,p2_c120_mp3,1212,11,12,10,2,366,1401,64,41,244,76,0,2.7289843559265137,0
cluster_big,heavy,frequent,p2_c120_mp3,1414,9,12,10,2,343,1288,74,64,229,69,0,2.455855369567871,0
cluster_big,heavy,frequent,p2_c120_mp3,1616,11,12,9,3,349,1329,59,60,215,86,0,2.511018753051758,0
cluster_big,heavy,frequent,p2_c120_mp3,1515,11,12,9,3,384,1467,69,67,255,81,0,2.7062301635742188,0
cluster_big,heavy,frequent,p2_c120_mp3,1818,11,12,11,1,327,1234,67,30,214,70,0,2.5725462436676025,0
cluster_big,heavy,frequent,p2_c120_mp3,1717,12,12,8,4,367,1387,67,76,219,95,0,2.7116425037384033,0
cluster_big,heavy,frequent,p2_c120_mp3,1919,0,12,12,0,288,1134,34,0,200,59,0,2.7419774532318115,0
cluster_big,heavy,frequent,p2_c120_h2,909,0,12,12,0,311,1227,42,0,215,66,2,2.114992141723633,0
cluster_big,heavy,frequent,p2_c120_h2,303,12,12,9,3,380,1483,56,71,240,95,2,2.5476889610290527,0
cluster_big,heavy,frequent,p2_c120_h2,202,12,12,10,2,376,1444,63,65,240,88,5,2.5892109870910645,0
cluster_big,heavy,frequent,p2_c120_h2,505,11,12,10,2,363,1391,68,45,235,84,3,2.50797438621521,0
cluster_big,heavy,frequent,p2_c120_h2,42,12,12,9,3,390,1502,72,81,230,111,5,2.7287750244140625,0
cluster_big,heavy,frequent,p2_c120_h2,101,9,12,11,1,337,1277,70,41,225,71,2,2.6328508853912354,0
cluster_big,heavy,frequent,p2_c120_h2,404,11,12,10,2,361,1386,69,45,225,91,4,2.8174891471862793,0
cluster_big,heavy,frequent,p2_c120_h2,707,12,12,9,3,366,1426,54,73,225,96,2,2.630749464035034,0
cluster_big,heavy,frequent,p2_c120_h2,606,11,12,10,2,360,1375,72,41,233,82,2,2.80230450630188,0
cluster_big,heavy,frequent,p2_c120_h2,808,12,12,9,3,394,1496,87,75,269,79,2,2.7551751136779785,0
cluster_big,heavy,frequent,p2_c120_h2,1010,11,12,11,1,343,1294,72,36,224,74,3,2.645230770111084,0
cluster_big,heavy,frequent,p2_c120_h2,1414,10,12,9,3,344,1307,74,55,218,82,1,2.2943308353424072,0
cluster_big,heavy,frequent,p2_c120_h2,1111,11,12,9,3,368,1415,67,62,240,84,2,2.7799577713012695,0
cluster_big,heavy,frequent,p2_c120_h2,1212,10,12,10,2,369,1431,56,53,250,76,2,2.6708104610443115,0
cluster_big,heavy,frequent,p2_c120_h2,1313,0,12,12,0,314,1226,55,0,220,64,2,2.7128732204437256,0
cluster_big,heavy,frequent,p2_c120_h2,1515,11,12,9,3,381,1475,63,58,240,95,4,2.657515287399292,0
cluster_big,heavy,frequent,p2_c120_h2,1616,9,12,11,1,355,1369,60,45,239,74,2,2.7309603691101074,0
cluster_big,heavy,frequent,p2_c120_h2,1717,10,12,10,2,349,1315,79,42,219,85,4,2.72721004486084,0
cluster_big,heavy,frequent,p2_c120_h2,1818,10,12,8,4,360,1383,64,82,219,94,4,2.7356810569763184,0
cluster_big,heavy,frequent,p2_c40,42,12,12,0,12,373,1482,47,122,224,108,0,2.4221301078796387,0
cluster_big,heavy,frequent,p2_c40,202,12,12,0,12,367,1473,33,122,220,107,0,2.391288995742798,0
cluster_big,heavy,frequent,p2_c40,101,9,12,0,12,329,1298,45,94,195,97,0,2.584627151489258,0
cluster_big,heavy,frequent,p2_c120_h2,1919,9,12,10,2,359,1394,53,45,225,91,3,2.753807783126831,0
cluster_big,heavy,frequent,p2_c40,404,11,12,0,12,372,1465,58,121,230,103,0,2.5305278301239014,0
cluster_big,heavy,frequent,p2_c40,303,11,12,0,12,375,1514,30,121,230,106,0,2.711411952972412,0
cluster_big,heavy,frequent,p2_c40,505,11,12,0,12,358,1425,43,121,215,104,0,2.7490243911743164,0
cluster_big,heavy,frequent,p2_c40,606,11,12,0,12,353,1401,44,111,210,104,0,2.7040085792541504,0
cluster_big,heavy,frequent,p2_c40,808,11,12,0,12,359,1427,44,116,214,105,0,2.6282172203063965,0
cluster_big,heavy,frequent,p2_c40,1414,0,12,0,12,219,849,31,0,109,81,0,2.331815242767334,0
cluster_big,heavy,frequent,p2_c40,707,11,12,0,12,343,1362,40,121,200,104,0,2.7091448307037354,0
cluster_big,heavy,frequent,p2_c40,909,11,12,0,12,353,1393,51,111,210,104,0,2.65897274017334,0
cluster_big,heavy,frequent,p2_c40,1111,10,12,0,12,356,1401,56,110,215,103,0,2.631441116333008,0
cluster_big,heavy,frequent,p2_c40,1212,12,12,0,12,390,1560,44,122,239,110,0,2.6513898372650146,0
cluster_big,heavy,frequent,p2_c40,1010,10,12,0,12,333,1332,31,95,185,110,0,2.7285215854644775,0
cluster_big,heavy,frequent,p2_c40,1515,12,12,0,12,389,1536,60,127,240,109,0,2.4558472633361816,0
cluster_big,heavy,frequent,p2_c40,1313,12,12,0,12,371,1464,55,132,225,106,0,2.739311933517456,0
cluster_big,heavy,frequent,p2_c40,1616,10,12,0,12,337,1333,44,100,200,99,0,2.485503911972046,0
cluster_big,heavy,frequent,p2_c40_penalty_off,202,12,12,8,4,349,1360,50,63,215,92,0,2.1331520080566406,0
cluster_big,heavy,frequent,p2_c40_penalty_off,101,10,12,8,4,346,1353,50,67,210,95,0,2.283074378967285,0
cluster_big,heavy,frequent,p2_c40,1717,11,12,0,12,359,1415,50,121,213,105,0,2.751673936843872,0
cluster_big,heavy,frequent,p2_c40,1818,11,12,0,12,338,1324,52,101,194,104,0,2.7649624347686768,0
cluster_big,heavy,frequent,p2_c40,1919,0,12,0,12,238,928,40,0,95,114,0,2.6615586280822754,0
cluster_big,heavy,frequent,p2_c40_penalty_off,42,12,12,8,4,341,1310,66,49,209,90,0,2.5817975997924805,0
cluster_big,heavy,frequent,p2_c40_penalty_off,303,11,12,8,4,354,1373,56,54,239,74,0,2.2764008045196533,0
cluster_big,heavy,frequent,p2_c40_penalty_off,404,11,12,8,4,359,1381,66,73,245,73,0,2.1880745887756348,0
cluster_big,heavy,frequent,p2_c40_penalty_off,707,12,12,8,4,330,1269,53,63,215,74,0,2.145963430404663,0
cluster_big,heavy,frequent,p2_c40_penalty_off,505,11,12,8,4,345,1308,74,63,230,74,0,2.354942798614502,0
cluster_big,heavy,frequent,p2_c40_penalty_off,909,12,12,8,4,377,1449,69,85,260,74,0,2.1295430660247803,0
cluster_big,heavy,frequent,p2_c40_penalty_off,808,9,12,7,5,354,1365,63,79,234,79,0,2.3077564239501953,0
cluster_big,heavy,frequent,p2_c40_penalty_off,606,10,12,8,4,340,1313,63,58,210,90,0,2.378042221069336,0
cluster_big,heavy,frequent,p2_c40_penalty_off,1010,8,12,9,3,317,1228,51,28,210,71,0,2.2975189685821533,0
cluster_big,heavy,frequent,p2_c40_penalty_off,1212,12,12,8,4,364,1400,73,45,234,88,0,2.1349546909332275,0
cluster_big,heavy,frequent,p2_c40_penalty_off,1414,7,12,8,4,305,1180,49,41,184,83,0,1.8667750358581543,0
cluster_big,heavy,frequent,p2_c40_penalty_off,1111,9,12,8,4,354,1349,74,67,245,69,0,2.182368755340576,0
cluster_big,heavy,frequent,p2_c40_penalty_off,1818,11,12,9,3,341,1291,73,63,229,70,0,1.7549257278442383,0
cluster_big,heavy,frequent,p2_c40_penalty_off,1919,0,12,9,3,273,1074,34,0,170,74,0,1.8684816360473633,0
cluster_big,heavy,frequent,p2_c40_penalty_off,1313,11,12,8,4,360,1391,61,75,245,74,0,2.1483516693115234,0
cluster_big,heavy,frequent,p2_c40_penalty_off,1717,12,12,8,4,327,1260,57,49,194,91,0,2.046821117401123,0
cluster_big,heavy,frequent,p2_c40_penalty_off,1515,12,12,8,4,360,1389,66,67,230,88,0,2.11580228805542,0
cluster_big,heavy,frequent,p2_c40_penalty_off,1616,10,12,7,5,342,1325,58,64,205,96,0,2.0849804878234863,0
