topology,workload,advert,feature,seed,delivered,sent,alice_flood,alice_direct,radio_tx,radio_rx,collisions,ackpath_tx,total_flood_tx,total_direct_tx,probes_fired,wall_s,rc
chain_3,light,medium,baseline,404,1,1,1,0,38,61,4,6,14,13,0,0.6230599880218506,0
chain_3,light,medium,passive,101,1,1,0,1,38,64,2,3,15,13,0,0.6331968307495117,0
chain_3,light,medium,passive_c160,303,1,1,1,0,39,63,4,6,14,14,0,0.6627311706542969,0
chain_3,light,medium,passive_c120,303,1,1,1,0,39,63,4,6,14,14,0,0.6689639091491699,0
chain_3,light,medium,baseline,202,1,1,1,0,39,63,4,6,14,14,0,0.8554277420043945,0
chain_3,light,medium,passive_c80,303,1,1,0,1,36,58,4,3,12,14,0,0.8670558929443359,0
chain_3,light,medium,passive_c80,42,1,1,0,1,32,48,6,3,9,13,0,0.9092731475830078,0
chain_3,light,medium,passive,404,1,1,0,1,35,56,4,3,12,13,0,0.9139635562896729,0
chain_3,light,medium,passive_c160,404,1,1,1,0,38,61,4,6,14,13,0,0.9181725978851318,0
chain_3,light,medium,passive_c120,42,1,1,1,0,35,53,6,6,11,13,0,0.9230556488037109,0
chain_3,light,medium,passive_c120,101,1,1,1,0,41,69,2,6,17,13,0,0.9241857528686523,0
chain_3,light,medium,passive_c80,101,1,1,0,1,38,64,2,3,15,13,0,0.9248409271240234,0
chain_3,light,medium,passive_c120,202,1,1,1,0,39,63,4,6,14,14,0,0.9242517948150635,0
chain_3,light,medium,passive_c120,404,1,1,1,0,38,61,4,6,14,13,0,0.9240059852600098,0
chain_3,light,medium,baseline,42,1,1,1,0,35,53,6,6,11,13,0,0.9267706871032715,0
chain_3,light,medium,passive,303,1,1,0,1,36,58,4,3,12,14,0,0.9259598255157471,0
chain_3,light,medium,probes_on,101,1,1,0,1,39,63,4,3,12,16,1,0.9246714115142822,0
chain_3,light,medium,baseline,303,1,1,1,0,39,63,4,6,14,14,0,0.927562952041626,0
chain_3,light,medium,passive_c80,202,1,1,0,1,36,58,4,3,12,14,0,0.9277431964874268,0
chain_3,light,medium,baseline,101,1,1,1,0,41,69,2,6,17,13,0,0.9333560466766357,0
chain_3,light,medium,passive_c80,404,1,1,0,1,35,56,4,3,12,13,0,0.9345307350158691,0
chain_3,light,medium,passive,42,1,1,0,1,32,48,6,3,9,13,0,0.9359230995178223,0
chain_3,light,medium,passive,202,1,1,0,1,36,58,4,3,12,14,0,0.9359259605407715,0
chain_3,light,medium,passive_c160,42,1,1,1,0,35,53,6,6,11,13,0,0.9353461265563965,0
chain_3,light,medium,passive_c160,101,1,1,1,0,41,69,2,6,17,13,0,0.941887378692627,0
chain_3,light,medium,passive_c160,202,1,1,1,0,39,63,4,6,14,14,0,0.9448869228363037,0
chain_3,light,medium,probes_on,42,1,1,0,1,36,55,6,3,9,16,1,0.9451608657836914,0
chain_3,light,medium,probes_on,202,1,1,0,1,43,73,2,3,15,17,1,0.965320348739624,0
chain_3,light,medium,probes_on,303,1,1,0,1,37,57,6,3,9,17,1,0.8066198825836182,0
chain_3,light,medium,probes_on,404,1,1,0,1,39,63,4,3,12,16,1,0.8488774299621582,0
chain_3,light,medium,probes_c120,101,1,1,1,0,42,68,4,6,14,16,1,0.8257536888122559,0
chain_3,light,medium,probes_c120,42,1,1,1,0,39,60,6,6,11,16,1,0.8410377502441406,0
chain_3,medium,medium,baseline,202,6,6,1,5,69,113,4,21,14,34,0,0.6276736259460449,0
chain_3,medium,medium,passive_c80,303,6,6,3,3,75,123,4,27,24,28,0,0.6931419372558594,0
chain_3,medium,medium,passive_c160,42,6,6,3,3,71,113,6,27,19,29,0,0.6942894458770752,0
chain_3,medium,medium,baseline,404,6,6,1,5,68,111,4,21,14,33,0,0.7471847534179688,0
chain_3,light,medium,probes_c120,303,1,1,1,0,40,62,6,6,11,17,1,0.8366880416870117,0
chain_3,light,medium,probes_c120,202,1,1,1,0,46,78,2,6,17,17,1,0.9128885269165039,0
chain_3,medium,medium,baseline,303,6,6,1,5,69,113,4,21,14,34,0,0.8479554653167725,0
chain_3,light,medium,probes_c120,404,1,1,1,0,42,68,4,6,14,16,1,0.8827786445617676,0
chain_3,medium,medium,passive_c120,202,6,6,3,3,75,123,4,27,22,30,0,0.8581452369689941,0
chain_3,medium,medium,baseline,42,6,6,1,5,65,103,6,21,11,33,0,0.9058096408843994,0
chain_3,medium,medium,baseline,101,6,6,1,5,71,119,2,21,17,33,0,0.90940260887146,0
chain_3,medium,medium,passive,42,6,6,3,3,69,107,8,25,21,25,0,0.9209251403808594,0
chain_3,medium,medium,passive,404,6,6,3,3,74,121,4,27,24,27,0,0.9279649257659912,0
chain_3,medium,medium,passive,202,6,6,3,3,75,123,4,27,24,28,0,0.9298355579376221,0
chain_3,medium,medium,passive_c80,101,6,6,3,3,77,129,2,27,27,27,0,0.9276206493377686,0
chain_3,medium,medium,passive,101,6,6,3,3,77,129,2,27,27,27,0,0.9306619167327881,0
chain_3,medium,medium,passive_c120,42,6,6,3,3,71,113,6,27,19,29,0,0.9205222129821777,0
chain_3,medium,medium,passive_c80,404,6,6,3,3,74,121,4,27,24,27,0,0.9249241352081299,0
chain_3,medium,medium,passive_c80,42,6,6,3,3,69,107,8,25,21,25,0,0.9464828968048096,0
chain_3,medium,medium,passive,303,6,6,3,3,75,123,4,27,24,28,0,0.9490821361541748,0
chain_3,medium,medium,passive_c120,101,6,6,3,3,77,129,2,27,25,29,0,0.9495787620544434,0
chain_3,medium,medium,passive_c80,202,6,6,3,3,75,123,4,27,24,28,0,0.9577829837799072,0
chain_3,medium,medium,passive_c120,303,6,6,3,3,75,123,4,27,22,30,0,0.9467558860778809,0
chain_3,medium,medium,passive_c120,404,6,6,3,3,74,121,4,27,22,29,0,0.9485821723937988,0
chain_3,medium,medium,passive_c160,101,6,6,3,3,77,129,2,27,25,29,0,0.9117777347564697,0
chain_3,medium,medium,passive_c160,202,6,6,3,3,75,123,4,27,22,30,0,0.8709959983825684,0
chain_3,medium,medium,passive_c160,303,6,6,3,3,75,123,4,27,22,30,0,0.8814082145690918,0
chain_3,medium,medium,probes_on,42,6,6,3,3,73,114,8,25,21,28,1,0.9046242237091064,0
chain_3,medium,medium,passive_c160,404,6,6,3,3,74,121,4,27,22,29,0,0.9549453258514404,0
chain_3,burst,medium,baseline,303,6,6,1,5,69,113,4,21,14,34,0,0.633371114730835,0
chain_3,burst,medium,baseline,42,6,6,1,5,65,103,6,21,11,33,0,0.6876351833343506,0
chain_3,burst,medium,passive_c80,101,6,6,3,3,77,129,2,27,27,27,0,0.6596865653991699,0
chain_3,medium,medium,probes_on,404,6,6,3,3,78,128,4,27,24,30,1,0.8658082485198975,0
chain_3,medium,medium,probes_on,101,6,6,3,3,78,128,4,27,24,30,1,0.9551036357879639,0
chain_3,medium,medium,probes_on,202,6,6,3,3,82,138,2,27,27,31,1,0.9417092800140381,0
chain_3,medium,medium,probes_c120,42,6,6,3,3,75,120,6,27,19,32,1,0.8355410099029541,0
chain_3,burst,medium,passive_c80,303,6,6,3,3,75,123,4,27,24,28,0,0.7262787818908691,0
chain_3,medium,medium,probes_on,303,6,6,3,3,76,122,6,27,21,31,1,0.9583446979522705,0
chain_3,medium,medium,probes_c120,101,6,6,3,3,78,128,4,27,22,32,1,0.9101948738098145,0
chain_3,burst,medium,baseline,404,6,6,1,5,68,111,4,21,14,33,0,0.846405029296875,0
chain_3,medium,medium,probes_c120,202,6,6,3,3,82,138,2,27,25,33,1,0.9126863479614258,0
chain_3,medium,medium,probes_c120,303,6,6,3,3,76,122,6,27,19,33,1,0.9507040977478027,0
chain_3,medium,medium,probes_c120,404,6,6,3,3,76,122,6,25,24,28,1,0.94059157371521,0
chain_3,burst,medium,baseline,202,6,6,1,5,69,113,4,21,14,34,0,0.917259693145752,0
chain_3,burst,medium,baseline,101,6,6,1,5,71,119,2,21,17,33,0,0.9340996742248535,0
chain_3,burst,medium,passive,42,6,6,3,3,71,113,6,27,21,27,0,0.9260265827178955,0
chain_3,burst,medium,passive,202,6,6,3,3,75,123,4,27,24,28,0,0.9300820827484131,0
chain_3,burst,medium,passive,303,6,6,3,3,75,123,4,27,24,28,0,0.9205987453460693,0
chain_3,burst,medium,passive,101,6,6,3,3,77,129,2,27,27,27,0,0.9407165050506592,0
chain_3,burst,medium,passive,404,6,6,3,3,74,121,4,27,24,27,0,0.9430408477783203,0
chain_3,burst,medium,passive_c80,42,6,6,3,3,71,113,6,27,21,27,0,0.944568395614624,0
chain_3,burst,medium,passive_c80,202,6,6,3,3,75,123,4,27,24,28,0,0.9643802642822266,0
chain_3,burst,medium,passive_c80,404,6,6,3,3,74,121,4,27,24,27,0,0.7290675640106201,0
chain_3,burst,medium,passive_c120,42,6,6,3,3,71,113,6,27,19,29,0,0.769554615020752,0
chain_3,burst,medium,passive_c120,101,6,6,3,3,77,129,2,27,25,29,0,0.9526224136352539,0
chain_3,burst,medium,probes_on,404,6,6,3,3,78,128,4,27,24,30,1,0.6297805309295654,0
chain_3,burst,medium,passive_c120,404,6,6,3,3,72,115,6,25,22,27,0,0.848567008972168,0
chain_3,burst,medium,passive_c120,202,6,6,3,3,75,123,4,27,22,30,0,0.9198458194732666,0
chain_3,burst,medium,passive_c120,303,6,6,3,3,75,123,4,27,22,30,0,0.9156985282897949,0
chain_3,burst,medium,passive_c160,303,6,6,3,3,75,123,4,27,22,30,0,0.8337056636810303,0
chain_3,burst,medium,passive_c160,42,6,6,3,3,71,113,6,27,19,29,0,0.9109010696411133,0
chain_3,burst,medium,probes_on,202,6,6,3,3,82,138,2,27,27,31,1,0.8103251457214355,0
chain_3,burst,medium,passive_c160,202,6,6,3,3,75,123,4,27,22,30,0,0.9325039386749268,0
chain_3,burst,medium,passive_c160,101,6,6,3,3,77,129,2,27,25,29,0,0.9590821266174316,0
chain_3,burst,medium,passive_c160,404,6,6,3,3,72,115,6,25,22,27,0,0.9402427673339844,0
chain_3,burst,medium,probes_on,42,6,6,3,3,75,120,6,27,21,30,1,0.9405543804168701,0
chain_3,burst,medium,probes_on,101,6,6,3,3,78,128,4,27,24,30,1,0.9498119354248047,0
chain_3,heavy,medium,baseline,101,12,12,1,11,107,179,2,39,17,57,0,0.7843117713928223,0
chain_3,heavy,medium,baseline,303,12,12,1,11,105,173,4,39,14,58,0,0.7800726890563965,0
chain_3,burst,medium,probes_on,303,6,6,3,3,76,122,6,27,21,31,1,0.9141244888305664,0
chain_3,burst,medium,probes_c120,42,6,6,3,3,75,120,6,27,19,32,1,0.9240093231201172,0
chain_3,heavy,medium,passive,42,12,12,6,6,116,188,6,54,33,45,0,0.8358690738677979,0
chain_3,burst,medium,probes_c120,404,6,6,3,3,78,128,4,27,22,32,1,0.8962559700012207,0
chain_3,heavy,medium,baseline,42,12,12,1,11,101,163,6,39,11,57,0,0.9140040874481201,0
chain_3,burst,medium,probes_c120,202,6,6,3,3,82,138,2,27,25,33,1,0.9410398006439209,0
chain_3,burst,medium,probes_c120,303,6,6,3,3,76,122,6,27,19,33,1,0.9457213878631592,0
chain_3,burst,medium,probes_c120,101,6,6,3,3,78,128,4,27,22,32,1,0.9663887023925781,0
chain_3,heavy,medium,baseline,202,12,12,1,11,105,173,4,39,14,58,0,0.9504406452178955,0
chain_3,heavy,medium,baseline,404,12,12,1,11,104,171,4,39,14,57,0,0.9358246326446533,0
chain_3,heavy,medium,passive,101,12,12,6,6,122,204,2,54,39,45,0,0.934626579284668,0
chain_3,heavy,medium,passive,202,12,12,6,6,120,198,4,54,36,46,0,0.8322467803955078,0
chain_3,heavy,medium,passive,303,12,12,6,6,120,198,4,54,36,46,0,0.9419753551483154,0
chain_3,heavy,medium,passive_c80,42,12,12,6,6,116,188,6,54,33,45,0,0.7621908187866211,0
chain_3,heavy,medium,passive,404,12,12,6,6,119,196,4,54,36,45,0,0.8685171604156494,0
chain_3,heavy,medium,passive_c120,404,12,12,6,6,117,190,6,52,34,45,0,0.6554172039031982,0
chain_3,heavy,medium,passive_c120,303,12,12,6,6,120,198,4,54,34,48,0,0.6952435970306396,0
chain_3,heavy,medium,passive_c120,42,12,12,6,6,116,188,6,54,31,47,0,0.8192408084869385,0
chain_3,heavy,medium,passive_c80,202,12,12,6,6,120,198,4,54,36,46,0,0.8969452381134033,0
chain_3,heavy,medium,passive_c80,101,12,12,6,6,122,204,2,54,39,45,0,0.9511580467224121,0
chain_3,heavy,medium,passive_c80,303,12,12,6,6,120,198,4,54,36,46,0,0.9306676387786865,0
chain_3,heavy,medium,passive_c80,404,12,12,6,6,119,196,4,54,36,45,0,0.925910472869873,0
chain_3,heavy,medium,passive_c120,101,12,12,6,6,122,204,2,54,37,47,0,0.9302840232849121,0
chain_3,heavy,medium,passive_c160,42,12,12,6,6,116,188,6,54,31,47,0,0.8956751823425293,0
chain_3,heavy,medium,passive_c120,202,12,12,6,6,120,198,4,54,34,48,0,0.9373838901519775,0
chain_3,heavy,medium,probes_on,42,12,12,6,6,120,195,6,54,33,48,1,0.857609748840332,0
chain_3,heavy,medium,probes_c120,404,12,12,6,6,123,203,4,54,34,50,1,0.7078313827514648,0
chain_3,heavy,medium,passive_c160,303,12,12,6,6,120,198,4,54,34,48,0,0.9292440414428711,0
chain_3,heavy,medium,passive_c160,404,12,12,6,6,117,190,6,52,34,45,0,0.9160897731781006,0
chain_3,heavy,medium,passive_c160,101,12,12,6,6,122,204,2,54,37,47,0,0.9536087512969971,0
chain_3,heavy,medium,passive_c160,202,12,12,6,6,120,198,4,54,34,48,0,0.9542238712310791,0
chain_3,heavy,medium,probes_on,202,12,12,6,6,127,213,2,54,39,49,1,0.8643131256103516,0
chain_3,heavy,medium,probes_c120,42,12,12,6,6,120,195,6,54,31,50,1,0.8496897220611572,0
chain_3,heavy,medium,probes_on,101,12,12,6,6,123,203,4,54,36,48,1,0.9361073970794678,0
chain_3,heavy,medium,probes_on,303,12,12,6,6,121,197,6,54,33,49,1,0.9247274398803711,0
chain_3,heavy,medium,probes_c120,303,12,12,6,6,119,191,8,52,33,47,1,0.8954083919525146,0
chain_3,heavy,medium,probes_on,404,12,12,6,6,123,203,4,54,36,48,1,0.9589798450469971,0
chain_3,heavy,medium,probes_c120,202,12,12,6,6,127,213,2,54,37,51,1,0.9234833717346191,0
chain_3,heavy,medium,probes_c120,101,12,12,6,6,123,203,4,54,34,50,1,0.9738686084747314,0
chain_3,sparse,medium,baseline,42,5,5,1,4,62,101,4,18,14,29,0,0.9107885360717773,0
chain_3,sparse,medium,baseline,202,5,5,1,4,60,95,6,18,11,30,0,0.7867541313171387,0
chain_3,sparse,medium,passive,42,5,5,0,5,59,96,4,15,20,21,0,0.7764546871185303,0
chain_3,sparse,medium,baseline,101,5,5,1,4,65,109,2,18,17,29,0,0.9370930194854736,0
chain_3,sparse,medium,passive,101,5,5,0,5,62,104,2,15,23,21,0,0.8098456859588623,0
chain_3,sparse,medium,passive,202,5,5,0,5,57,90,6,15,17,22,0,0.8063867092132568,0
chain_3,sparse,medium,baseline,303,5,5,1,4,60,95,6,18,11,30,0,0.8893401622772217,0
chain_3,sparse,medium,baseline,404,4,4,1,3,53,83,6,15,11,25,0,0.8927583694458008,0
chain_3,sparse,medium,passive_c80,42,5,5,0,5,59,96,4,15,20,21,0,0.8753664493560791,0
chain_3,sparse,medium,passive_c80,404,4,4,0,4,53,86,4,12,18,19,0,0.7372951507568359,0
chain_3,sparse,medium,passive,303,5,5,0,5,57,90,6,15,17,22,0,0.9453773498535156,0
chain_3,sparse,medium,passive,404,4,4,0,4,53,86,4,12,18,19,0,0.9401779174804688,0
chain_3,sparse,medium,passive_c120,101,5,5,3,2,71,119,2,24,25,25,0,0.7787740230560303,0
chain_3,sparse,medium,passive_c80,101,5,5,0,5,62,104,2,15,23,21,0,0.9327952861785889,0
chain_3,sparse,medium,passive_c80,303,5,5,0,5,57,90,6,15,17,22,0,0.9017729759216309,0
chain_3,sparse,medium,passive_c120,202,5,5,3,2,66,105,6,24,19,26,0,0.8827524185180664,0
chain_3,sparse,medium,passive_c80,202,5,5,0,5,57,90,6,15,17,22,0,0.9571547508239746,0
chain_3,sparse,medium,passive_c120,303,5,5,3,2,66,105,6,24,19,26,0,0.8886728286743164,0
chain_3,sparse,medium,passive_c160,42,5,5,3,2,68,111,4,24,22,25,0,0.8865134716033936,0
chain_3,sparse,medium,passive_c120,42,5,5,3,2,68,111,4,24,22,25,0,0.9283566474914551,0
chain_3,sparse,medium,passive_c120,404,4,4,2,2,56,88,6,18,15,23,0,0.9304897785186768,0
chain_3,sparse,medium,probes_on,42,5,5,0,5,60,95,6,15,17,24,1,0.833484411239624,0
chain_3,sparse,medium,passive_c160,101,5,5,3,2,71,119,2,24,25,25,0,0.9345622062683105,0
chain_3,sparse,medium,passive_c160,202,5,5,3,2,66,105,6,24,19,26,0,0.9459142684936523,0
chain_3,sparse,medium,passive_c160,303,5,5,3,2,66,105,6,24,19,26,0,0.9349884986877441,0
chain_3,sparse,medium,passive_c160,404,4,4,2,2,56,88,6,18,15,23,0,0.9491062164306641,0
chain_3,sparse,medium,probes_on,101,5,5,0,5,63,103,4,15,20,24,1,0.9435675144195557,0
chain_3,sparse,medium,probes_on,404,4,4,0,4,57,93,4,12,18,22,1,0.7638199329376221,0
chain_3,sparse,medium,probes_on,202,5,5,0,5,64,105,4,15,20,25,1,0.9747414588928223,0
chain_3,sparse,medium,probes_on,303,5,5,0,5,61,97,6,15,17,25,1,0.8721697330474854,0
chain_3,sparse,medium,probes_c120,101,5,5,3,2,72,118,4,24,22,28,1,0.7774214744567871,0
chain_3,sparse,medium,probes_c120,42,5,5,3,2,72,118,4,24,22,28,1,0.8140935897827148,0
chain_3,sparse,medium,probes_c120,404,4,4,2,2,63,103,4,18,18,26,1,0.7599961757659912,0
chain_3,sparse,medium,probes_c120,202,5,5,3,2,73,120,4,24,22,29,1,0.9435639381408691,0
chain_3,sparse,medium,probes_c120,303,5,5,3,2,70,112,6,24,19,29,1,0.9454331398010254,0
chain_6,light,medium,baseline,202,1,1,1,0,60,115,22,1,27,23,0,1.056732416152954,0
chain_6,light,medium,passive_c80,202,1,1,0,1,62,121,22,5,27,25,0,1.0127372741699219,0
chain_6,light,medium,baseline,42,1,1,1,0,63,126,18,8,27,25,0,1.3883459568023682,0
chain_6,light,medium,passive,101,1,1,0,1,70,153,9,5,35,25,0,1.2096161842346191,0
chain_6,light,medium,baseline,303,1,1,1,0,66,133,20,7,30,25,0,1.303506851196289,0
chain_6,light,medium,baseline,101,1,1,1,0,72,151,14,6,38,23,0,1.3448424339294434,0
chain_6,light,medium,passive,42,1,1,0,1,59,120,15,5,24,25,0,1.3174169063568115,0
chain_6,light,medium,baseline,404,1,1,1,0,65,133,15,7,29,25,0,1.3582079410552979,0
chain_6,light,medium,passive,202,1,1,0,1,62,121,22,5,27,25,0,1.3375952243804932,0
chain_6,light,medium,passive_c80,404,1,1,0,1,61,127,12,5,26,25,0,1.190126895904541,0
chain_6,light,medium,passive_c80,42,1,1,0,1,59,120,15,5,24,25,0,1.2884490489959717,0
chain_6,light,medium,passive_c160,404,1,1,1,0,65,133,15,7,29,25,0,0.9319236278533936,0
chain_6,light,medium,passive_c80,101,1,1,0,1,70,153,9,5,35,25,0,1.3102469444274902,0
chain_6,light,medium,passive,303,1,1,0,1,62,127,17,4,27,25,0,1.362494945526123,0
chain_6,light,medium,passive,404,1,1,0,1,61,127,12,5,26,25,0,1.370699167251587,0
chain_6,light,medium,passive_c160,202,1,1,1,0,60,115,22,1,27,23,0,1.095278024673462,0
chain_6,light,medium,passive_c120,42,1,1,1,0,63,126,18,8,27,25,0,1.2987205982208252,0
chain_6,light,medium,passive_c80,303,1,1,0,1,62,127,17,4,27,25,0,1.3888113498687744,0
chain_6,light,medium,passive_c120,202,1,1,1,0,60,115,22,1,27,23,0,1.3402235507965088,0
chain_6,light,medium,passive_c120,101,1,1,1,0,72,151,14,6,38,23,0,1.3521223068237305,0
chain_6,light,medium,passive_c160,42,1,1,1,0,63,126,18,8,27,25,0,1.2938063144683838,0
chain_6,light,medium,passive_c120,404,1,1,1,0,65,133,15,7,29,25,0,1.3477728366851807,0
chain_6,light,medium,passive_c120,303,1,1,1,0,66,133,20,7,30,25,0,1.407977819442749,0
chain_6,light,medium,passive_c160,101,1,1,1,0,72,151,14,6,38,23,0,1.3905811309814453,0
chain_6,light,medium,passive_c160,303,1,1,1,0,66,133,20,7,30,25,0,1.3032865524291992,0
chain_6,light,medium,probes_on,42,1,1,0,1,62,125,18,4,23,28,1,1.3284940719604492,0
chain_6,light,medium,probes_on,101,1,1,0,1,64,133,16,4,25,28,1,1.3741474151611328,0
chain_6,light,medium,probes_on,202,1,1,0,1,67,142,13,5,28,28,1,1.3601651191711426,0
chain_6,light,medium,probes_on,303,1,1,0,1,62,126,18,5,23,28,1,1.3937525749206543,0
chain_6,medium,medium,passive,101,6,6,3,3,111,234,20,27,52,37,0,0.9494752883911133,0
chain_6,light,medium,probes_c120,404,1,1,1,0,67,133,21,7,27,28,1,1.1598155498504639,0
chain_6,light,medium,probes_on,404,1,1,0,1,63,127,18,4,24,28,1,1.3471050262451172,0
chain_6,light,medium,probes_c120,101,1,1,1,0,67,136,18,6,29,26,1,1.2975988388061523,0
chain_6,medium,medium,passive,404,6,6,3,3,102,207,24,27,43,37,0,1.0143978595733643,0
chain_6,medium,medium,passive,303,6,6,3,3,99,197,28,20,45,33,0,1.0532290935516357,0
chain_6,light,medium,probes_c120,202,1,1,1,0,65,133,16,1,28,26,1,1.3248069286346436,0
chain_6,light,medium,probes_c120,42,1,1,1,0,66,131,21,7,26,28,1,1.394958257675171,0
chain_6,light,medium,probes_c120,303,1,1,1,0,65,128,23,7,25,28,1,1.372854471206665,0
chain_6,medium,medium,baseline,42,6,6,1,5,93,196,18,23,27,45,0,1.3330001831054688,0
chain_6,medium,medium,baseline,101,6,6,1,5,110,230,21,29,56,33,0,1.2907395362854004,0
chain_6,medium,medium,baseline,303,6,6,1,5,96,203,20,22,30,45,0,1.2932240962982178,0
chain_6,medium,medium,baseline,202,6,6,6,0,94,170,36,11,50,23,0,1.3303868770599365,0
chain_6,medium,medium,passive,202,6,6,3,3,107,206,40,32,45,39,0,1.2976295948028564,0
chain_6,medium,medium,baseline,404,6,6,1,5,100,198,28,27,46,33,0,1.35524582862854,0
chain_6,medium,medium,passive,42,6,6,3,3,98,191,32,26,39,37,0,1.3814001083374023,0
chain_6,medium,medium,passive_c120,202,6,6,6,0,94,170,36,11,50,23,0,1.1250438690185547,0
chain_6,medium,medium,passive_c80,202,6,6,3,3,107,206,40,32,45,39,0,1.3068549633026123,0
chain_6,medium,medium,passive_c80,101,6,6,3,3,111,234,20,27,52,37,0,1.3133800029754639,0
chain_6,medium,medium,passive_c80,42,6,6,3,3,98,191,32,26,39,37,0,1.3885502815246582,0
chain_6,medium,medium,passive_c80,303,6,6,3,3,99,197,28,20,45,33,0,1.3544509410858154,0
chain_6,medium,medium,passive_c80,404,6,6,3,3,102,207,24,27,43,37,0,1.339845895767212,0
chain_6,medium,medium,passive_c120,101,6,6,4,2,113,226,31,28,57,33,0,1.2513024806976318,0
chain_6,medium,medium,passive_c120,42,6,6,3,3,105,214,26,33,41,41,0,1.356163740158081,0
chain_6,medium,medium,passive_c120,404,6,6,3,3,106,212,28,31,46,37,0,1.1420249938964844,0
chain_6,medium,medium,passive_c120,303,6,6,3,3,106,212,31,29,44,39,0,1.3610846996307373,0
chain_6,medium,medium,passive_c160,42,6,6,3,3,105,214,26,33,41,41,0,1.2255396842956543,0
chain_6,medium,medium,probes_on,42,6,6,3,3,103,198,35,26,44,36,1,0.9721734523773193,0
chain_6,medium,medium,passive_c160,202,6,6,6,0,94,170,36,11,50,23,0,1.217559576034546,0
chain_6,medium,medium,passive_c160,404,6,6,3,3,106,212,28,31,46,37,0,1.1378674507141113,0
chain_6,medium,medium,passive_c160,101,6,6,4,2,113,226,31,28,57,33,0,1.3779642581939697,0
chain_6,burst,medium,baseline,202,6,6,6,0,94,167,39,11,50,23,0,0.9893722534179688,0
chain_6,medium,medium,probes_c120,101,6,6,3,3,110,219,31,32,50,36,1,1.219250202178955,0
chain_6,medium,medium,passive_c160,303,6,6,3,3,106,212,31,29,44,39,0,1.3957178592681885,0
chain_6,medium,medium,probes_c120,202,6,6,4,2,107,219,24,24,46,38,1,1.2269935607910156,0
chain_6,medium,medium,probes_on,202,6,6,3,3,113,232,28,33,47,42,1,1.3680970668792725,0
chain_6,medium,medium,probes_on,303,6,6,3,3,109,218,33,34,43,42,1,1.3432793617248535,0
chain_6,medium,medium,probes_on,404,6,6,3,3,110,220,32,32,44,42,1,1.3369147777557373,0
chain_6,medium,medium,probes_on,101,6,6,3,3,106,215,26,26,47,36,1,1.409965991973877,0
chain_6,medium,medium,probes_c120,42,6,6,4,2,101,196,33,23,40,38,1,1.3346211910247803,0
chain_6,medium,medium,probes_c120,404,6,6,4,2,107,201,39,28,51,32,1,1.3402698040008545,0
chain_6,burst,medium,baseline,42,6,6,1,5,93,196,18,23,27,45,0,1.3364548683166504,0
chain_6,medium,medium,probes_c120,303,6,6,3,3,107,218,29,31,39,44,1,1.4125754833221436,0
chain_6,burst,medium,baseline,101,6,6,1,5,107,220,24,26,53,33,0,1.337552547454834,0
chain_6,burst,medium,baseline,404,6,6,1,5,95,203,15,22,29,45,0,1.2922658920288086,0
chain_6,burst,medium,baseline,303,6,6,1,5,96,203,20,22,30,45,0,1.327796220779419,0
chain_6,burst,medium,passive_c80,42,6,6,3,3,103,202,32,31,43,37,0,1.187964677810669,0
chain_6,burst,medium,passive,303,6,6,4,2,104,208,28,24,49,33,0,1.2571532726287842,0
chain_6,burst,medium,passive,42,6,6,3,3,103,202,32,31,43,37,0,1.3493671417236328,0
chain_6,burst,medium,passive,101,6,6,3,3,110,228,23,26,52,36,0,1.3639602661132812,0
chain_6,burst,medium,passive,202,6,6,3,3,107,204,42,32,45,39,0,1.3447163105010986,0
chain_6,burst,medium,passive,404,6,6,3,3,103,198,31,28,52,29,0,1.3761591911315918,0
chain_6,burst,medium,passive_c80,202,6,6,3,3,107,204,42,32,45,39,0,1.299889087677002,0
chain_6,burst,medium,passive_c80,101,6,6,3,3,110,228,23,26,52,36,0,1.3228061199188232,0
chain_6,burst,medium,passive_c80,303,6,6,4,2,104,208,28,24,49,33,0,1.2472314834594727,0
chain_6,burst,medium,passive_c120,101,6,6,4,2,112,220,34,27,57,32,0,1.0413150787353516,0
chain_6,burst,medium,passive_c80,404,6,6,3,3,103,198,31,28,52,29,0,1.2159233093261719,0
chain_6,burst,medium,passive_c120,42,6,6,3,3,105,216,24,33,41,41,0,1.231396198272705,0
chain_6,burst,medium,passive_c120,202,6,6,6,0,94,167,39,11,50,23,0,1.1214039325714111,0
chain_6,burst,medium,passive_c120,303,6,6,3,3,106,212,31,29,44,39,0,1.3523423671722412,0
chain_6,burst,medium,passive_c160,42,6,6,3,3,105,216,24,33,41,41,0,1.3121776580810547,0
chain_6,burst,medium,probes_c120,202,6,6,4,2,107,219,24,24,46,38,1,0.9604928493499756,0
chain_6,burst,medium,probes_on,101,6,6,3,3,105,207,33,27,46,36,1,1.2433075904846191,0
chain_6,burst,medium,passive_c120,404,6,6,4,2,105,211,25,28,47,35,0,1.3727359771728516,0
chain_6,burst,medium,probes_c120,101,6,6,4,2,102,196,32,21,49,30,1,1.0383052825927734,0
chain_6,burst,medium,passive_c160,101,6,6,4,2,112,220,34,27,57,32,0,1.3538262844085693,0
chain_6,burst,medium,passive_c160,303,6,6,3,3,106,212,31,29,44,39,0,1.3541882038116455,0
chain_6,burst,medium,passive_c160,202,6,6,6,0,94,167,39,11,50,23,0,1.3806445598602295,0
chain_6,burst,medium,passive_c160,404,6,6,4,2,105,211,25,28,47,35,0,1.3777742385864258,0
chain_6,burst,medium,probes_on,42,6,6,3,3,103,200,33,26,44,36,1,1.4059488773345947,0
chain_6,burst,medium,probes_on,202,6,6,3,3,107,215,30,26,44,40,1,1.3627476692199707,0
chain_6,burst,medium,probes_c120,42,6,6,4,2,106,207,33,28,44,38,1,1.3367066383361816,0
chain_6,burst,medium,probes_on,404,6,6,3,3,110,220,32,32,44,42,1,1.392322063446045,0
chain_6,burst,medium,probes_on,303,6,6,3,3,109,221,30,34,43,42,1,1.4112176895141602,0
chain_6,burst,medium,probes_c120,404,6,6,4,2,106,206,34,27,44,38,1,1.2570974826812744,0
chain_6,heavy,medium,baseline,42,12,12,1,11,127,272,20,39,27,67,0,1.2988226413726807,0
chain_6,burst,medium,probes_c120,303,6,6,3,3,107,218,29,31,39,44,1,1.3481380939483643,0
chain_6,heavy,medium,baseline,101,12,12,1,11,155,319,34,56,77,45,0,1.3150794506072998,0
chain_6,heavy,medium,baseline,202,12,12,6,6,139,261,47,38,71,35,0,1.287083387374878,0
chain_6,heavy,medium,baseline,303,12,12,1,11,132,284,23,40,30,69,0,1.3292524814605713,0
chain_6,heavy,medium,passive,42,12,12,6,6,150,289,49,54,62,51,0,1.2641162872314453,0
chain_6,heavy,medium,passive,202,12,12,6,6,157,306,50,57,69,51,0,1.1677396297454834,0
chain_6,heavy,medium,baseline,404,12,12,1,11,131,287,15,40,29,69,0,1.3635969161987305,0
chain_6,heavy,medium,passive,404,12,12,7,5,154,295,47,55,76,41,0,1.0778529644012451,0
chain_6,heavy,medium,passive,101,12,12,7,5,152,307,36,43,70,47,0,1.3955862522125244,0
chain_6,heavy,medium,passive,303,12,12,7,5,150,291,47,47,69,45,0,1.3573362827301025,0
chain_6,heavy,medium,passive_c80,42,12,12,6,6,150,289,49,54,62,51,0,1.3125088214874268,0
chain_6,heavy,medium,passive_c120,404,12,12,7,5,159,324,35,60,68,53,0,0.996129035949707,0
chain_6,heavy,medium,passive_c80,202,12,12,6,6,157,306,50,57,69,51,0,1.2675838470458984,0
chain_6,heavy,medium,passive_c120,202,12,12,10,2,138,252,49,29,73,31,0,1.224412202835083,0
chain_6,heavy,medium,passive_c120,101,12,12,7,5,164,324,50,58,75,51,0,1.3006932735443115,0
chain_6,heavy,medium,passive_c120,303,12,12,6,6,157,310,46,57,66,53,0,1.2837073802947998,0
chain_6,heavy,medium,passive_c80,404,12,12,7,5,154,295,47,55,76,41,0,1.348064661026001,0
chain_6,heavy,medium,passive_c80,101,12,12,7,5,152,307,36,43,70,47,0,1.4042067527770996,0
chain_6,heavy,medium,passive_c80,303,12,12,7,5,150,291,47,47,69,45,0,1.4087090492248535,0
chain_6,heavy,medium,passive_c120,42,12,12,7,5,150,300,36,53,64,49,0,1.3873536586761475,0
chain_6,heavy,medium,passive_c160,42,12,12,7,5,150,300,36,53,64,49,0,1.3926265239715576,0
chain_6,heavy,medium,passive_c160,202,12,12,10,2,138,252,49,29,73,31,0,1.2752561569213867,0
chain_6,heavy,medium,passive_c160,101,12,12,7,5,164,324,50,58,75,51,0,1.3664662837982178,0
chain_6,heavy,medium,probes_c120,202,12,12,8,4,152,298,43,43,67,48,1,0.9084048271179199,0
chain_6,heavy,medium,probes_on,404,12,12,6,6,157,315,43,56,61,58,1,1.1339046955108643,0
chain_6,heavy,medium,passive_c160,303,12,12,6,6,157,310,46,57,66,53,0,1.3433117866516113,0
chain_6,heavy,medium,probes_on,303,12,12,6,6,154,304,47,57,60,56,1,1.2301204204559326,0
chain_6,heavy,medium,probes_on,42,12,12,6,6,155,302,50,56,63,54,1,1.3294994831085205,0
chain_6,heavy,medium,passive_c160,404,12,12,7,5,159,324,35,60,68,53,0,1.377004861831665,0
chain_6,heavy,medium,probes_on,202,12,12,6,6,164,331,46,62,65,60,1,1.3294415473937988,0
chain_6,heavy,medium,probes_on,101,12,12,6,6,157,315,41,55,67,52,1,1.4129316806793213,0
chain_6,heavy,medium,probes_c120,42,12,12,7,5,151,292,48,51,61,52,1,1.3281056880950928,0
chain_6,heavy,medium,probes_c120,404,12,12,7,5,154,305,42,52,63,53,1,1.0572946071624756,0
chain_6,heavy,medium,probes_c120,101,12,12,6,6,163,325,46,63,70,54,1,1.2863447666168213,0
chain_6,heavy,medium,probes_c120,303,12,12,6,6,162,335,37,62,61,62,1,1.3852500915527344,0
chain_6,sparse,medium,baseline,202,5,5,1,4,91,187,23,19,31,41,0,1.168299674987793,0
chain_6,sparse,medium,baseline,42,5,5,1,4,90,187,21,19,30,41,0,1.3704218864440918,0
chain_6,sparse,medium,baseline,101,5,5,1,4,94,197,20,20,34,41,0,1.3724982738494873,0
chain_6,sparse,medium,baseline,404,5,5,1,4,93,198,16,20,33,41,0,1.1653997898101807,0
chain_6,sparse,medium,baseline,303,5,5,1,4,90,175,30,23,40,31,0,1.3453495502471924,0
chain_6,sparse,medium,passive,42,5,5,0,5,91,183,26,22,40,33,0,1.188117504119873,0
chain_6,sparse,medium,passive,404,5,5,0,5,94,200,14,25,43,33,0,1.1159272193908691,0
chain_6,sparse,medium,passive_c120,303,5,5,3,2,92,179,29,21,41,31,0,0.9263386726379395,0
chain_6,sparse,medium,passive_c80,404,5,5,0,5,94,200,14,25,43,33,0,1.079261064529419,0
chain_6,sparse,medium,passive,101,5,5,0,5,99,205,23,23,48,33,0,1.3252277374267578,0
chain_6,sparse,medium,passive_c120,101,5,5,3,2,97,191,29,21,44,33,0,1.101106882095337,0
chain_6,sparse,medium,passive,202,5,5,0,5,93,184,29,23,42,33,0,1.3453612327575684,0
chain_6,sparse,medium,passive,303,5,5,0,5,94,193,24,22,43,33,0,1.362152099609375,0
chain_6,sparse,medium,passive_c80,42,5,5,0,5,91,183,26,22,40,33,0,1.3830268383026123,0
chain_6,sparse,medium,passive_c120,42,5,5,3,2,99,194,32,26,43,35,0,1.2767620086669922,0
chain_6,sparse,medium,passive_c80,202,5,5,0,5,93,184,29,23,42,33,0,1.36562180519104,0
chain_6,sparse,medium,passive_c80,101,5,5,0,5,99,205,23,23,48,33,0,1.3960397243499756,0
chain_6,sparse,medium,passive_c80,303,5,5,0,5,94,193,24,22,43,33,0,1.3892829418182373,0
chain_6,sparse,medium,passive_c160,202,5,5,3,2,96,186,33,21,41,35,0,1.1994459629058838,0
chain_6,sparse,medium,passive_c160,42,5,5,3,2,99,194,32,26,43,35,0,1.2559831142425537,0
chain_6,sparse,medium,passive_c160,101,5,5,3,2,97,191,29,21,44,33,0,1.2268540859222412,0
chain_6,sparse,medium,passive_c120,202,5,5,3,2,96,186,33,21,41,35,0,1.3842008113861084,0
chain_6,sparse,medium,passive_c120,404,5,5,3,2,98,199,24,22,43,35,0,1.344015121459961,0
chain_6,sparse,medium,probes_on,42,5,5,0,5,93,192,21,22,38,36,1,1.280625820159912,0
chain_6,sparse,medium,passive_c160,404,5,5,3,2,98,199,24,22,43,35,0,1.302309513092041,0
chain_6,sparse,medium,passive_c160,303,5,5,3,2,92,179,29,21,41,31,0,1.3294599056243896,0
chain_6,sparse,medium,probes_on,101,5,5,0,5,91,181,25,24,36,36,1,1.4126019477844238,0
chain_6,sparse,medium,probes_on,202,5,5,0,5,90,177,30,21,35,36,1,1.295379638671875,0
chain_6,sparse,medium,probes_on,404,5,5,0,5,88,172,29,21,33,36,1,1.2184433937072754,0
chain_6,sparse,medium,probes_on,303,5,5,0,5,97,196,28,21,42,36,1,1.3326168060302734,0
chain_6,sparse,medium,probes_c120,42,5,5,3,2,101,204,27,22,42,38,1,1.3211770057678223,0
chain_6,sparse,medium,probes_c120,303,5,5,3,2,97,193,30,27,35,40,1,1.0978057384490967,0
chain_6,sparse,medium,probes_c120,101,5,5,3,2,96,192,23,22,38,37,1,1.4108703136444092,0
chain_6,sparse,medium,probes_c120,202,5,5,3,2,94,186,27,21,37,36,1,1.3682806491851807,0
chain_6,sparse,medium,probes_c120,404,5,5,3,2,110,232,20,28,48,40,1,1.3283751010894775,0
chain_10,light,medium,passive_c120,202,,,0,0,81,146,8,0,28,45,0,1.4949548244476318,0
chain_10,light,medium,passive_c80,42,0,1,0,1,107,197,8,0,46,52,0,1.7306652069091797,0
chain_10,light,medium,baseline,101,1,1,1,0,133,245,10,18,67,55,0,2.0333924293518066,0
chain_10,light,medium,baseline,42,1,1,1,0,128,237,8,18,62,55,0,2.185452699661255,0
chain_10,light,medium,baseline,303,1,1,1,0,128,239,6,18,62,55,0,2.115878105163574,0
chain_10,light,medium,baseline,202,,,0,0,81,146,8,0,28,45,0,2.1663026809692383,0
chain_10,light,medium,baseline,404,1,1,1,0,137,256,7,18,72,54,0,2.1648402214050293,0
chain_10,light,medium,passive_c80,404,1,1,1,0,137,256,7,18,72,54,0,1.9233226776123047,0
chain_10,light,medium,passive,42,0,1,0,1,107,197,8,0,46,52,0,2.158545970916748,0
chain_10,light,medium,passive,101,1,1,1,0,133,245,10,18,67,55,0,2.130841016769409,0
chain_10,light,medium,passive_c160,303,1,1,1,0,128,239,6,18,62,55,0,1.5239567756652832,0
chain_10,light,medium,passive,202,,,0,0,81,146,8,0,28,45,0,2.204251289367676,0
chain_10,light,medium,passive_c80,101,1,1,1,0,133,245,10,18,67,55,0,2.121225118637085,0
chain_10,light,medium,passive,404,1,1,1,0,137,256,7,18,72,54,0,2.2187747955322266,0
chain_10,light,medium,passive_c80,202,,,0,0,81,146,8,0,28,45,0,2.1222996711730957,0
chain_10,light,medium,passive,303,1,1,1,0,128,239,6,18,62,55,0,2.249976634979248,0
chain_10,light,medium,passive_c80,303,1,1,1,0,128,239,6,18,62,55,0,2.1640262603759766,0
chain_10,light,medium,passive_c120,42,1,1,1,0,128,237,8,18,62,55,0,2.1421117782592773,0
chain_10,light,medium,passive_c160,404,1,1,1,0,137,256,7,18,72,54,0,1.6101906299591064,0
chain_10,light,medium,passive_c120,101,1,1,1,0,133,245,10,18,67,55,0,2.1881015300750732,0
chain_10,light,medium,passive_c120,303,1,1,1,0,128,239,6,18,62,55,0,2.215014696121216,0
chain_10,light,medium,passive_c120,404,1,1,1,0,137,256,7,18,72,54,0,2.2445757389068604,0
chain_10,light,medium,passive_c160,42,1,1,1,0,128,237,8,18,62,55,0,2.1847503185272217,0
chain_10,light,medium,passive_c160,202,,,0,0,81,146,8,0,28,45,0,2.14947247505188,0
chain_10,light,medium,passive_c160,101,1,1,1,0,133,245,10,18,67,55,0,2.194934368133545,0
chain_10,light,medium,probes_on,42,0,1,0,1,126,231,8,0,37,76,4,2.1607067584991455,0
chain_10,light,medium,probes_on,101,1,1,1,0,171,316,10,18,69,86,5,2.2139854431152344,0
chain_10,light,medium,probes_on,202,,,0,0,81,146,8,0,28,45,0,2.2173080444335938,0
chain_10,light,medium,probes_on,303,1,1,1,0,165,298,15,16,71,77,6,1.6552708148956299,0
chain_10,medium,medium,passive,303,6,6,3,3,236,441,8,81,94,119,0,1.5120503902435303,0
chain_10,light,medium,probes_c120,101,1,1,1,0,171,316,10,18,69,86,5,1.9293882846832275,0
chain_10,medium,medium,baseline,101,6,6,1,5,218,403,12,58,67,130,0,1.7965278625488281,0
chain_10,light,medium,probes_on,404,1,1,1,0,168,312,8,18,63,89,5,2.193678140640259,0
chain_10,medium,medium,baseline,202,,,0,0,81,146,8,0,28,45,0,1.9289774894714355,0
chain_10,light,medium,probes_c120,42,1,1,1,0,131,238,10,2,46,71,4,2.2062838077545166,0
chain_10,medium,medium,passive,101,6,6,3,3,241,449,10,81,99,119,0,1.805567979812622,0
chain_10,light,medium,probes_c120,202,,,0,0,81,146,8,0,28,45,0,2.1756019592285156,0
chain_10,light,medium,probes_c120,303,1,1,1,0,165,298,15,16,71,77,6,2.159736394882202,0
chain_10,light,medium,probes_c120,404,1,1,1,0,168,312,8,18,63,89,5,2.126586675643921,0
chain_10,medium,medium,baseline,42,6,6,2,4,214,395,12,59,74,119,0,2.130592107772827,0
chain_10,medium,medium,passive,404,6,6,3,3,245,460,7,81,104,118,0,1.9418888092041016,0
chain_10,medium,medium,passive,202,,,0,0,81,146,8,0,28,45,0,2.090038776397705,0
chain_10,medium,medium,baseline,303,6,6,1,5,218,408,7,63,62,135,0,2.188710927963257,0
chain_10,medium,medium,passive_c80,42,5,6,3,3,224,416,10,72,94,108,0,2.058375835418701,0
chain_10,medium,medium,passive,42,5,6,3,3,224,416,10,72,94,108,0,2.194171190261841,0
chain_10,medium,medium,baseline,404,6,6,1,5,227,426,7,63,72,134,0,2.227522850036621,0
chain_10,medium,medium,passive_c80,303,6,6,3,3,236,441,8,81,94,119,0,1.9348986148834229,0
chain_10,medium,medium,passive_c80,101,6,6,3,3,241,449,10,81,99,119,0,2.248213052749634,0
chain_10,medium,medium,passive_c80,202,,,0,0,81,146,8,0,28,45,0,2.1588664054870605,0
chain_10,medium,medium,passive_c120,101,6,6,3,3,241,449,10,81,99,119,0,1.8891377449035645,0
chain_10,medium,medium,passive_c120,42,6,6,4,2,218,400,14,63,101,95,0,2.0172152519226074,0
chain_10,medium,medium,passive_c80,404,6,6,3,3,245,460,7,81,104,118,0,2.2445569038391113,0
chain_10,medium,medium,passive_c120,202,,,0,0,81,146,8,0,28,45,0,2.2149574756622314,0
chain_10,medium,medium,passive_c120,303,6,6,3,3,236,441,8,81,94,119,0,2.247293472290039,0
chain_10,medium,medium,passive_c120,404,6,6,3,3,245,460,7,81,104,118,0,2.1792654991149902,0
chain_10,medium,medium,passive_c160,42,6,6,4,2,218,400,14,63,101,95,0,2.1364753246307373,0
chain_10,medium,medium,passive_c160,101,6,6,3,3,241,449,10,81,99,119,0,2.144152879714966,0
chain_10,medium,medium,probes_on,202,,,0,0,81,146,8,0,28,45,0,1.6217398643493652,0
chain_10,medium,medium,probes_c120,101,6,6,3,3,279,520,10,81,101,150,5,1.7170860767364502,0
chain_10,medium,medium,passive_c160,202,,,0,0,81,146,8,0,28,45,0,2.166628837585449,0
chain_10,medium,medium,passive_c160,303,6,6,3,3,236,441,8,81,94,119,0,2.127300977706909,0
chain_10,medium,medium,probes_c120,202,,,0,0,81,146,8,0,28,45,0,1.7894525527954102,0
chain_10,medium,medium,probes_on,303,6,6,3,3,285,528,13,81,103,153,6,2.0481886863708496,0
chain_10,medium,medium,passive_c160,404,6,6,3,3,245,460,7,81,104,118,0,2.258195400238037,0
chain_10,medium,medium,probes_c120,42,6,6,3,3,255,475,8,81,85,143,4,1.9998435974121094,0
chain_10,burst,medium,passive,42,5,6,1,5,206,384,8,54,62,124,0,1.6176958084106445,0
chain_10,medium,medium,probes_on,42,5,6,3,3,243,452,8,72,85,132,4,2.2127532958984375,0
chain_10,medium,medium,probes_on,101,6,6,3,3,279,520,10,81,101,150,5,2.2455382347106934,0
chain_10,burst,medium,baseline,101,6,6,1,5,223,413,12,63,67,135,0,1.933427333831787,0
chain_10,medium,medium,probes_on,404,6,6,3,3,276,516,8,81,95,153,5,2.2179064750671387,0
chain_10,burst,medium,baseline,404,6,6,1,5,223,416,9,59,72,130,0,2.061694860458374,0
chain_10,medium,medium,probes_c120,303,6,6,3,3,285,528,13,81,103,153,6,2.2840535640716553,0
chain_10,medium,medium,probes_c120,404,6,6,3,3,276,516,8,81,95,153,5,2.187504291534424,0
chain_10,burst,medium,baseline,42,6,6,1,5,218,407,8,63,62,135,0,2.1763978004455566,0
chain_10,burst,medium,baseline,202,,,0,0,81,146,8,0,28,45,0,2.1430325508117676,0
chain_10,burst,medium,baseline,303,6,6,1,5,212,395,8,57,62,129,0,2.140207529067993,0
chain_10,burst,medium,passive,202,,,0,0,81,146,8,0,28,45,0,2.1024527549743652,0
chain_10,burst,medium,passive,101,6,6,1,5,223,413,12,63,67,135,0,2.189040184020996,0
chain_10,burst,medium,passive,303,6,6,1,5,212,395,8,57,62,129,0,2.1595828533172607,0
chain_10,burst,medium,passive,404,6,6,1,5,223,416,9,59,72,130,0,2.052767038345337,0
chain_10,burst,medium,passive_c80,42,5,6,1,5,206,384,8,54,62,124,0,2.053717851638794,0
chain_10,burst,medium,passive_c80,202,,,0,0,81,146,8,0,28,45,0,1.8604762554168701,0
chain_10,burst,medium,passive_c120,303,6,6,1,5,212,395,8,57,62,129,0,1.5256192684173584,0
chain_10,burst,medium,passive_c80,101,6,6,1,5,223,413,12,63,67,135,0,2.256690502166748,0
chain_10,burst,medium,passive_c80,303,6,6,1,5,212,395,8,57,62,129,0,2.258650779724121,0
chain_10,burst,medium,passive_c80,404,6,6,1,5,223,416,9,59,72,130,0,2.1321942806243896,0
chain_10,burst,medium,passive_c120,42,6,6,1,5,218,407,8,63,62,135,0,2.101055145263672,0
chain_10,burst,medium,passive_c120,101,6,6,1,5,223,413,12,63,67,135,0,2.1128358840942383,0
chain_10,burst,medium,passive_c120,202,,,0,0,81,146,8,0,28,45,0,2.112450122833252,0
chain_10,burst,medium,passive_c160,404,6,6,1,5,223,416,9,59,72,130,0,1.8808317184448242,0
chain_10,burst,medium,probes_on,404,6,6,1,5,254,471,11,59,63,165,5,1.6399495601654053,0
chain_10,burst,medium,passive_c160,202,,,0,0,81,146,8,0,28,45,0,2.0241410732269287,0
chain_10,burst,medium,passive_c120,404,6,6,1,5,223,416,9,59,72,130,0,2.1911468505859375,0
chain_10,burst,medium,probes_on,42,5,6,1,5,225,418,8,54,53,148,4,1.9570882320404053,0
chain_10,burst,medium,passive_c160,42,6,6,1,5,218,407,8,63,62,135,0,2.1432464122772217,0
chain_10,burst,medium,passive_c160,101,6,6,1,5,223,413,12,63,67,135,0,2.256969690322876,0
chain_10,burst,medium,probes_on,202,,,0,0,81,146,8,0,28,45,0,2.088165044784546,0
chain_10,burst,medium,passive_c160,303,6,6,1,5,212,395,8,57,62,129,0,2.2351341247558594,0
chain_10,burst,medium,probes_c120,303,6,6,1,5,255,468,15,61,111,117,6,1.892615556716919,0
chain_10,burst,medium,probes_c120,202,,,0,0,81,146,8,0,28,45,0,1.977231740951538,0
chain_10,burst,medium,probes_on,101,6,6,1,5,261,485,11,63,69,166,5,2.2690656185150146,0
chain_10,burst,medium,probes_c120,42,6,6,2,4,230,425,10,56,62,143,4,2.1231534481048584,0
chain_10,burst,medium,probes_on,303,6,6,1,5,255,468,15,61,111,117,6,2.180473804473877,0
chain_10,burst,medium,probes_c120,101,6,6,1,5,261,485,11,63,69,166,5,2.2193591594696045,0
chain_10,heavy,medium,baseline,101,12,12,1,11,331,617,12,117,67,231,0,1.8995018005371094,0
chain_10,burst,medium,probes_c120,404,6,6,1,5,254,471,11,59,63,165,5,2.1113181114196777,0
chain_10,heavy,medium,baseline,42,12,12,1,11,326,611,8,117,62,231,0,2.172215700149536,0
chain_10,heavy,medium,baseline,303,12,12,1,11,320,594,13,111,62,225,0,1.9654297828674316,0
chain_10,heavy,medium,baseline,202,,,0,0,81,146,8,0,28,45,0,2.200446605682373,0
chain_10,heavy,medium,baseline,404,11,12,2,10,309,575,11,100,71,206,0,2.1249141693115234,0
chain_10,heavy,medium,passive,42,11,12,6,6,359,673,8,153,142,180,0,1.9390459060668945,0
chain_10,heavy,medium,passive_c80,101,12,12,6,6,376,704,10,162,147,191,0,1.668083667755127,0
chain_10,heavy,medium,passive,303,12,12,6,6,371,693,11,162,142,191,0,2.010622262954712,0
chain_10,heavy,medium,passive,101,12,12,6,6,376,704,10,162,147,191,0,2.2602992057800293,0
chain_10,heavy,medium,passive,404,11,12,7,5,347,646,12,138,145,166,0,2.071777820587158,0
chain_10,heavy,medium,passive,202,,,0,0,81,146,8,0,28,45,0,2.214596748352051,0
chain_10,heavy,medium,passive_c80,42,11,12,6,6,359,673,8,153,142,180,0,2.005490779876709,0
chain_10,heavy,medium,passive_c80,404,11,12,7,5,347,646,12,138,145,166,0,1.921238899230957,0
chain_10,heavy,medium,passive_c80,202,,,0,0,81,146,8,0,28,45,0,2.005598306655884,0
chain_10,heavy,medium,passive_c120,42,12,12,7,5,353,657,12,144,149,167,0,2.055936574935913,0
chain_10,heavy,medium,passive_c80,303,12,12,6,6,371,693,11,162,142,191,0,2.1533572673797607,0
chain_10,heavy,medium,passive_c160,404,11,12,7,5,347,646,12,138,145,166,0,1.7680976390838623,0
chain_10,heavy,medium,passive_c120,101,12,12,6,6,376,704,10,162,147,191,0,2.2142980098724365,0
chain_10,heavy,medium,passive_c120,202,,,0,0,81,146,8,0,28,45,0,2.22161865234375,0
chain_10,heavy,medium,passive_c160,202,,,0,0,81,146,8,0,28,45,0,1.9616992473602295,0
chain_10,heavy,medium,passive_c120,303,12,12,6,6,371,693,11,162,142,191,0,2.1472408771514893,0
chain_10,heavy,medium,probes_on,202,,,0,0,81,146,8,0,28,45,0,1.8000361919403076,0
chain_10,heavy,medium,passive_c160,101,12,12,6,6,376,704,10,162,147,191,0,2.1896939277648926,0
chain_10,heavy,medium,passive_c120,404,11,12,7,5,347,646,12,138,145,166,0,2.2493817806243896,0
chain_10,heavy,medium,passive_c160,42,12,12,7,5,353,657,12,144,149,167,0,2.2462387084960938,0
chain_10,heavy,medium,probes_on,404,12,12,6,6,403,753,10,154,143,217,5,1.8089122772216797,0
chain_10,heavy,medium,passive_c160,303,12,12,6,6,371,693,11,162,142,191,0,2.264902114868164,0
chain_10,heavy,medium,probes_on,42,11,12,6,6,361,669,13,136,128,193,4,2.2348134517669678,0
chain_10,heavy,medium,probes_on,101,11,12,7,5,389,721,15,146,148,199,5,2.19568133354187,0
chain_10,heavy,medium,probes_on,303,11,12,7,5,396,731,18,147,150,203,6,2.1465065479278564,0
chain_10,heavy,medium,probes_c120,101,11,12,7,5,389,721,15,146,148,199,5,2.007035732269287,0
chain_10,heavy,medium,probes_c120,42,12,12,7,5,366,678,13,138,148,177,4,2.2435946464538574,0
chain_10,heavy,medium,probes_c120,202,,,0,0,81,146,8,0,28,45,0,2.1063976287841797,0
chain_10,heavy,medium,probes_c120,303,11,12,7,5,396,731,18,147,150,203,6,2.231090545654297,0
chain_10,sparse,medium,baseline,202,,,0,0,81,146,8,0,28,45,0,1.862119197845459,0
chain_10,sparse,medium,baseline,101,4,4,1,3,189,345,16,45,69,103,0,2.0618677139282227,0
chain_10,sparse,medium,baseline,42,5,5,1,4,209,393,6,54,71,119,0,2.15236759185791,0
chain_10,heavy,medium,probes_c120,404,12,12,6,6,403,753,10,154,143,217,5,2.2549495697021484,0
chain_10,sparse,medium,baseline,303,5,5,1,4,209,395,4,54,71,119,0,2.2375450134277344,0
chain_10,sparse,medium,baseline,404,5,5,1,4,206,386,7,54,69,118,0,2.0862033367156982,0
chain_10,sparse,medium,passive,202,,,0,0,81,146,8,0,28,45,0,1.923196792602539,0
chain_10,sparse,medium,passive_c120,42,5,5,3,2,227,427,6,72,103,103,0,1.5475099086761475,0
chain_10,sparse,medium,passive,42,0,5,0,5,131,243,6,0,46,72,0,2.1694507598876953,0
chain_10,sparse,medium,passive,101,4,4,2,2,194,356,14,50,85,91,0,2.1707539558410645,0
chain_10,sparse,medium,passive_c80,404,5,5,3,2,224,418,9,72,101,102,0,1.778233289718628,0
chain_10,sparse,medium,passive_c80,101,4,4,2,2,194,356,14,50,85,91,0,2.073859691619873,0
chain_10,sparse,medium,passive,303,5,5,3,2,227,429,4,72,103,103,0,2.2552928924560547,0
chain_10,sparse,medium,passive_c80,42,0,5,0,5,131,243,6,0,46,72,0,2.201030731201172,0
chain_10,sparse,medium,passive,404,5,5,3,2,224,418,9,72,101,102,0,2.2459161281585693,0
chain_10,sparse,medium,passive_c80,202,,,0,0,81,146,8,0,28,45,0,2.1606884002685547,0
chain_10,sparse,medium,passive_c120,303,5,5,3,2,227,429,4,72,103,103,0,1.9248168468475342,0
chain_10,sparse,medium,passive_c80,303,5,5,3,2,227,429,4,72,103,103,0,2.2046568393707275,0
chain_10,sparse,medium,passive_c160,101,4,4,2,2,194,356,14,50,85,91,0,1.8221230506896973,0
chain_10,sparse,medium,passive_c160,42,5,5,3,2,227,427,6,72,103,103,0,1.9169495105743408,0
chain_10,sparse,medium,passive_c120,202,,,0,0,81,146,8,0,28,45,0,2.221195936203003,0
chain_10,sparse,medium,passive_c120,101,4,4,2,2,194,356,14,50,85,91,0,2.249197483062744,0
chain_10,sparse,medium,passive_c120,404,5,5,3,2,224,418,9,72,101,102,0,2.2209081649780273,0
chain_10,sparse,medium,passive_c160,202,,,0,0,81,146,8,0,28,45,0,2.141494035720825,0
chain_10,sparse,medium,passive_c160,303,5,5,3,2,227,429,4,72,103,103,0,1.9468355178833008,0
chain_10,sparse,medium,passive_c160,404,5,5,3,2,224,418,9,72,101,102,0,1.9460303783416748,0
chain_10,sparse,medium,probes_on,42,0,5,0,5,150,275,8,0,37,96,4,1.9157354831695557,0
chain_10,sparse,medium,probes_on,202,,,0,0,81,146,8,0,28,45,0,1.980396032333374,0
chain_10,sparse,medium,probes_on,101,4,4,3,1,213,385,18,42,92,98,5,2.019817352294922,0
chain_10,sparse,medium,probes_on,404,5,5,3,2,255,475,9,72,92,137,5,1.8723523616790771,0
chain_10,sparse,medium,probes_c120,303,5,5,3,2,253,473,7,72,89,138,5,1.781876564025879,0
chain_10,sparse,medium,probes_c120,42,5,5,3,2,255,479,6,72,103,127,4,2.126673698425293,0
chain_10,sparse,medium,probes_c120,202,,,0,0,81,146,8,0,28,45,0,1.9776203632354736,0
chain_10,sparse,medium,probes_on,303,5,5,3,2,253,473,7,72,89,138,5,2.288116931915283,0
chain_10,sparse,medium,probes_c120,101,4,4,3,1,213,385,18,42,92,98,5,2.2190330028533936,0
chain_10,sparse,medium,probes_c120,404,5,5,3,2,255,475,9,72,92,137,5,2.191387414932251,0
chain_15,light,medium,baseline,202,1,1,1,0,187,355,8,28,88,88,0,2.840473175048828,0
chain_15,light,medium,passive_c80,101,1,1,1,0,201,384,7,28,102,88,0,2.5370900630950928,0
chain_15,light,medium,baseline,101,1,1,1,0,201,384,7,28,102,88,0,3.1202900409698486,0
chain_15,light,medium,passive,303,1,1,1,0,203,383,12,28,102,90,0,2.719241142272949,0
chain_15,light,medium,baseline,42,1,1,1,0,228,439,6,28,130,87,0,3.1975512504577637,0
chain_15,light,medium,passive,404,1,1,1,0,198,377,8,28,98,89,0,2.929231643676758,0
chain_15,light,medium,baseline,303,1,1,1,0,203,383,12,28,102,90,0,3.1477108001708984,0
chain_15,light,medium,passive_c80,404,1,1,1,0,198,377,8,28,98,89,0,2.6304948329925537,0
chain_15,light,medium,passive,42,0,1,0,1,192,369,6,0,104,79,0,3.1072778701782227,0
chain_15,light,medium,baseline,404,1,1,1,0,198,377,8,28,98,89,0,3.212167739868164,0
chain_15,light,medium,passive,202,1,1,1,0,187,355,8,28,88,88,0,3.1587088108062744,0
chain_15,light,medium,passive,101,1,1,1,0,201,384,7,28,102,88,0,3.2238175868988037,0
chain_15,light,medium,passive_c80,42,0,1,0,1,192,369,6,0,104,79,0,3.2078397274017334,0
chain_15,light,medium,passive_c120,42,1,1,1,0,228,439,6,28,130,87,0,2.9885032176971436,0
chain_15,light,medium,passive_c80,202,1,1,1,0,187,355,8,28,88,88,0,3.2789809703826904,0
chain_15,light,medium,passive_c120,303,1,1,1,0,203,383,12,28,102,90,0,2.9036107063293457,0
chain_15,light,medium,passive_c80,303,1,1,1,0,203,383,12,28,102,90,0,3.303612470626831,0
chain_15,light,medium,passive_c120,202,1,1,1,0,187,355,8,28,88,88,0,3.1918413639068604,0
chain_15,light,medium,passive_c120,101,1,1,1,0,201,384,7,28,102,88,0,3.2978885173797607,0
chain_15,light,medium,passive_c160,101,1,1,1,0,201,384,7,28,102,88,0,2.793166399002075,0
chain_15,light,medium,passive_c160,42,1,1,1,0,228,439,6,28,130,87,0,2.9233105182647705,0
chain_15,light,medium,passive_c120,404,1,1,1,0,198,377,8,28,98,89,0,3.1473445892333984,0
chain_15,light,medium,passive_c160,303,1,1,1,0,203,383,12,28,102,90,0,2.956439256668091,0
chain_15,light,medium,passive_c160,202,1,1,1,0,187,355,8,28,88,88,0,3.118177652359009,0
chain_15,light,medium,probes_on,202,1,1,1,0,244,461,11,28,105,123,5,2.882736921310425,0
chain_15,light,medium,passive_c160,404,1,1,1,0,198,377,8,28,98,89,0,3.2276952266693115,0
chain_15,light,medium,probes_on,42,0,1,0,1,206,391,8,0,90,103,4,3.345674514770508,0
chain_15,light,medium,probes_on,101,1,1,1,0,241,458,8,28,102,123,5,3.2730114459991455,0
chain_15,light,medium,probes_c120,101,1,1,1,0,241,458,8,28,102,123,5,2.7807929515838623,0
chain_15,light,medium,probes_on,303,1,1,1,0,241,449,16,28,102,122,6,3.073198080062866,0
chain_15,light,medium,probes_c120,202,1,1,1,0,244,461,11,28,105,123,5,2.8562750816345215,0
chain_15,medium,medium,baseline,202,5,6,1,5,307,582,12,84,88,199,0,2.644489288330078,0
chain_15,light,medium,probes_on,404,1,1,1,0,233,442,8,28,93,124,5,3.2278199195861816,0
chain_15,light,medium,probes_c120,42,1,1,1,0,242,461,8,28,116,111,4,3.2315101623535156,0
chain_15,medium,medium,passive_c80,42,4,6,2,4,326,625,8,70,137,170,0,2.3742709159851074,0
chain_15,light,medium,probes_c120,303,1,1,1,0,241,449,16,28,102,122,6,3.0840609073638916,0
chain_15,light,medium,probes_c120,404,1,1,1,0,233,442,8,28,93,124,5,3.1050965785980225,0
chain_15,medium,medium,baseline,303,6,6,1,5,343,653,12,98,102,220,0,3.024488687515259,0
chain_15,medium,medium,passive,404,5,6,1,5,319,607,11,84,98,201,0,2.638746976852417,0
chain_15,medium,medium,baseline,101,6,6,2,4,338,642,13,95,125,192,0,3.1189377307891846,0
chain_15,medium,medium,passive,101,6,6,2,4,338,642,13,95,125,192,0,2.893373727798462,0
chain_15,medium,medium,baseline,42,6,6,1,5,368,709,6,98,130,217,0,3.305957794189453,0
chain_15,medium,medium,passive,42,4,6,2,4,326,625,8,70,137,170,0,3.108952760696411,0
chain_15,medium,medium,baseline,404,5,6,1,5,319,607,11,84,98,201,0,3.278367042541504,0
chain_15,medium,medium,passive_c80,101,6,6,2,4,338,642,13,95,125,192,0,2.901336431503296,0
chain_15,medium,medium,passive,303,6,6,1,5,343,653,12,98,102,220,0,3.15407133102417,0
chain_15,medium,medium,passive,202,5,6,1,5,307,582,12,84,88,199,0,3.2364087104797363,0
chain_15,medium,medium,passive_c80,202,5,6,1,5,307,582,12,84,88,199,0,3.122183084487915,0
chain_15,medium,medium,passive_c80,303,6,6,1,5,343,653,12,98,102,220,0,3.245954751968384,0
chain_15,medium,medium,passive_c120,303,6,6,1,5,343,653,12,98,102,220,0,2.681781530380249,0
chain_15,medium,medium,passive_c80,404,5,6,1,5,319,607,11,84,98,201,0,3.238328218460083,0
chain_15,medium,medium,passive_c120,42,6,6,1,5,368,709,6,98,130,217,0,3.0948712825775146,0
chain_15,medium,medium,passive_c120,202,5,6,1,5,307,582,12,84,88,199,0,2.999213933944702,0
chain_15,medium,medium,passive_c120,101,6,6,2,4,338,642,13,95,125,192,0,3.2043089866638184,0
chain_15,medium,medium,passive_c120,404,5,6,1,5,319,607,11,84,98,201,0,3.312161922454834,0
chain_15,medium,medium,passive_c160,101,6,6,2,4,338,642,13,95,125,192,0,2.6968953609466553,0
chain_15,medium,medium,passive_c160,42,6,6,1,5,368,709,6,98,130,217,0,3.3182735443115234,0
chain_15,medium,medium,passive_c160,303,6,6,1,5,343,653,12,98,102,220,0,2.9343793392181396,0
chain_15,medium,medium,probes_on,303,6,6,1,5,387,731,16,98,102,258,6,2.525212287902832,0
chain_15,medium,medium,passive_c160,202,5,6,1,5,307,582,12,84,88,199,0,3.090566635131836,0
chain_15,medium,medium,passive_c160,404,5,6,1,5,319,607,11,84,98,201,0,3.175828218460083,0
chain_15,medium,medium,probes_on,404,5,6,1,5,355,673,12,84,93,237,5,2.8682119846343994,0
chain_15,burst,medium,baseline,404,4,6,6,0,252,471,15,34,158,76,0,2.277076482772827,0
chain_15,medium,medium,probes_on,42,5,6,1,5,360,687,9,84,116,220,4,3.188554286956787,0
chain_15,medium,medium,probes_on,101,6,6,1,5,381,726,10,98,102,253,5,3.1394309997558594,0
chain_15,burst,medium,baseline,42,6,6,2,4,352,672,11,82,194,137,0,2.758277654647827,0
chain_15,medium,medium,probes_on,202,6,6,1,5,384,727,15,98,105,253,5,3.1609458923339844,0
chain_15,medium,medium,probes_c120,202,6,6,1,5,384,727,15,98,105,253,5,3.1551973819732666,0
chain_15,medium,medium,probes_c120,42,6,6,1,5,382,729,10,98,116,241,4,3.2090768814086914,0
chain_15,medium,medium,probes_c120,101,6,6,1,5,381,726,10,98,102,253,5,3.2569775581359863,0
chain_15,medium,medium,probes_c120,303,6,6,1,5,387,731,16,98,102,258,6,3.255746364593506,0
chain_15,medium,medium,probes_c120,404,5,6,1,5,355,673,12,84,93,237,5,3.320455551147461,0
chain_15,burst,medium,baseline,303,6,6,2,4,329,623,14,84,169,139,0,2.9686803817749023,0
chain_15,burst,medium,baseline,101,5,6,5,1,291,543,19,59,175,96,0,3.228630304336548,0
chain_15,burst,medium,baseline,202,4,6,4,2,274,517,12,66,115,140,0,3.2665817737579346,0
chain_15,burst,medium,passive,303,6,6,2,4,329,623,14,84,169,139,0,2.545828342437744,0
chain_15,burst,medium,passive,42,4,6,2,4,318,605,12,66,152,147,0,3.187465190887451,0
chain_15,burst,medium,passive,101,5,6,5,1,291,543,19,59,175,96,0,3.2327864170074463,0
chain_15,burst,medium,passive,202,4,6,4,2,274,517,12,66,115,140,0,3.1876399517059326,0
chain_15,burst,medium,passive,404,4,6,6,0,252,471,15,34,158,76,0,3.2312259674072266,0
chain_15,burst,medium,passive_c80,42,4,6,2,4,318,605,12,66,152,147,0,3.2400240898132324,0
chain_15,burst,medium,passive_c80,101,5,6,5,1,291,543,19,59,175,96,0,3.2971301078796387,0
chain_15,burst,medium,passive_c120,101,5,6,5,1,291,543,19,59,175,96,0,2.39626145362854,0
chain_15,burst,medium,passive_c80,202,4,6,4,2,274,517,12,66,115,140,0,3.203503370285034,0
chain_15,burst,medium,passive_c80,303,6,6,2,4,329,623,14,84,169,139,0,3.2346701622009277,0
chain_15,burst,medium,passive_c120,404,4,6,6,0,252,471,15,34,158,76,0,2.4945456981658936,0
chain_15,burst,medium,passive_c80,404,4,6,6,0,252,471,15,34,158,76,0,3.3176538944244385,0
chain_15,burst,medium,passive_c120,202,4,6,4,2,274,517,12,66,115,140,0,3.0060253143310547,0
chain_15,burst,medium,passive_c120,42,6,6,2,4,352,672,11,82,194,137,0,3.2422547340393066,0
chain_15,burst,medium,probes_c120,303,6,6,2,4,365,685,18,84,169,169,6,2.1419458389282227,0
chain_15,burst,medium,passive_c160,303,6,6,2,4,329,623,14,84,169,139,0,2.921462297439575,0
chain_15,burst,medium,passive_c120,303,6,6,2,4,329,623,14,84,169,139,0,3.221245765686035,0
chain_15,burst,medium,passive_c160,202,4,6,4,2,274,517,12,66,115,140,0,3.1898865699768066,0
chain_15,burst,medium,passive_c160,101,5,6,5,1,291,543,19,59,175,96,0,3.211796998977661,0
chain_15,burst,medium,passive_c160,42,6,6,2,4,352,672,11,82,194,137,0,3.2912914752960205,0
chain_15,burst,medium,probes_on,303,6,6,2,4,365,685,18,84,169,169,6,2.946091890335083,0
chain_15,burst,medium,probes_c120,202,5,6,2,4,345,648,17,70,159,161,5,2.6642158031463623,0
chain_15,burst,medium,probes_on,42,2,6,4,2,268,504,12,20,140,108,4,3.2384939193725586,0
chain_15,burst,medium,probes_on,101,6,6,2,4,395,750,13,112,128,240,5,3.244473457336426,0
chain_15,burst,medium,probes_c120,101,6,6,2,4,395,750,13,112,128,240,5,2.9598183631896973,0
chain_15,burst,medium,probes_on,202,5,6,2,4,345,648,17,70,159,161,5,3.3231241703033447,0
chain_15,burst,medium,passive_c160,404,4,6,6,0,252,471,15,34,158,76,0,3.684295177459717,0
chain_15,burst,medium,probes_on,404,3,6,6,0,275,512,16,33,142,111,5,3.2621524333953857,0
chain_15,burst,medium,probes_c120,42,6,6,2,4,368,696,15,84,131,212,4,3.3222250938415527,0
chain_15,burst,medium,probes_c120,404,3,6,6,0,275,512,16,33,142,111,5,2.978492498397827,0
chain_15,heavy,medium,baseline,101,11,12,1,11,490,935,13,168,102,356,0,2.9270119667053223,0
chain_15,heavy,medium,baseline,42,11,12,2,10,505,966,12,159,135,338,0,3.253497362136841,0
chain_15,heavy,medium,baseline,404,0,12,12,0,320,612,8,0,224,76,0,2.8637454509735107,0
chain_15,heavy,medium,baseline,202,11,12,1,11,468,893,11,168,88,348,0,3.1239593029022217,0
chain_15,heavy,medium,passive,42,11,12,1,11,513,984,10,168,130,351,0,3.028993844985962,0
chain_15,heavy,medium,passive,101,11,12,1,11,490,935,13,168,102,356,0,2.7032227516174316,0
chain_15,heavy,medium,baseline,303,11,12,3,9,467,877,25,147,240,195,0,3.2198009490966797,0
chain_15,heavy,medium,passive,303,11,12,3,9,467,877,25,147,240,195,0,2.845041513442993,0
chain_15,heavy,medium,passive,404,0,12,12,0,320,612,8,0,224,76,0,2.994206428527832,0
chain_15,heavy,medium,passive_c80,202,11,12,1,11,468,893,11,168,88,348,0,2.5458319187164307,0
chain_15,heavy,medium,passive,202,11,12,1,11,468,893,11,168,88,348,0,3.2206223011016846,0
chain_15,heavy,medium,passive_c80,42,11,12,1,11,513,984,10,168,130,351,0,3.327113628387451,0
chain_15,heavy,medium,passive_c80,101,11,12,1,11,490,935,13,168,102,356,0,3.290351390838623,0
chain_15,heavy,medium,passive_c80,303,11,12,3,9,467,877,25,147,240,195,0,3.111499786376953,0
chain_15,heavy,medium,passive_c120,101,11,12,1,11,490,935,13,168,102,356,0,2.936471462249756,0
chain_15,heavy,medium,passive_c80,404,0,12,12,0,320,612,8,0,224,76,0,3.220663547515869,0
chain_15,heavy,medium,passive_c120,42,11,12,2,10,505,966,12,159,135,338,0,3.1603448390960693,0
chain_15,heavy,medium,passive_c120,202,11,12,1,11,468,893,11,168,88,348,0,3.155352830886841,0
chain_15,heavy,medium,passive_c160,101,11,12,1,11,490,935,13,168,102,356,0,2.892334222793579,0
chain_15,heavy,medium,passive_c160,42,11,12,2,10,505,966,12,159,135,338,0,3.0935072898864746,0
chain_15,heavy,medium,passive_c160,404,0,12,12,0,320,612,8,0,224,76,0,2.8554484844207764,0
chain_15,heavy,medium,passive_c120,303,11,12,3,9,467,877,25,147,240,195,0,3.2786779403686523,0
chain_15,heavy,medium,passive_c120,404,0,12,12,0,320,612,8,0,224,76,0,3.244513511657715,0
chain_15,heavy,medium,probes_on,202,11,12,2,10,520,986,17,156,232,251,5,2.7858951091766357,0
chain_15,heavy,medium,passive_c160,202,11,12,1,11,468,893,11,168,88,348,0,3.2808449268341064,0
chain_15,heavy,medium,passive_c160,303,11,12,3,9,467,877,25,147,240,195,0,3.205223560333252,0
chain_15,heavy,medium,probes_on,42,11,12,1,11,514,978,14,154,116,362,4,3.2739500999450684,0
chain_15,heavy,medium,probes_on,101,11,12,1,11,533,1015,14,168,102,394,5,3.2200069427490234,0
chain_15,heavy,medium,probes_on,404,11,12,1,11,512,973,14,157,93,382,5,2.6087472438812256,0
chain_15,heavy,medium,probes_on,303,10,12,2,10,509,959,22,154,101,371,6,3.0624570846557617,0
chain_15,heavy,medium,probes_c120,101,11,12,1,11,533,1015,14,168,102,394,5,3.0579440593719482,0
chain_15,heavy,medium,probes_c120,404,11,12,1,11,512,973,14,157,93,382,5,2.9713962078094482,0
chain_15,heavy,medium,probes_c120,42,12,12,1,11,541,1029,16,173,116,388,4,3.3022265434265137,0
chain_15,heavy,medium,probes_c120,303,10,12,2,10,509,959,22,154,101,371,6,3.1757442951202393,0
chain_15,heavy,medium,probes_c120,202,11,12,2,10,520,986,17,156,232,251,5,3.213575839996338,0
chain_15,sparse,medium,baseline,202,5,5,1,4,280,519,22,51,102,159,0,2.694396734237671,0
chain_15,sparse,medium,baseline,42,5,5,1,4,327,625,10,71,182,126,0,3.053873062133789,0
chain_15,sparse,medium,baseline,101,5,5,3,2,313,588,19,70,154,140,0,3.229764461517334,0
chain_15,sparse,medium,baseline,303,4,4,1,3,273,519,10,70,88,168,0,3.1991443634033203,0
chain_15,sparse,medium,passive,202,4,5,3,2,307,575,20,84,135,153,0,2.715125322341919,0
chain_15,sparse,medium,passive_c80,42,0,5,0,5,216,409,10,0,104,99,0,2.4948534965515137,0
chain_15,sparse,medium,baseline,404,0,5,5,0,207,393,8,0,118,76,0,3.080735445022583,0
chain_15,sparse,medium,passive,404,0,5,5,0,207,393,8,0,118,76,0,2.6942245960235596,0
chain_15,sparse,medium,passive_c120,303,4,4,2,2,287,546,10,84,114,155,0,2.2715067863464355,0
chain_15,sparse,medium,passive,42,0,5,0,5,216,409,10,0,104,99,0,3.266911506652832,0
chain_15,sparse,medium,passive_c80,101,5,5,4,1,311,586,17,68,178,114,0,2.9273648262023926,0
chain_15,sparse,medium,passive,303,4,4,2,2,287,546,10,84,114,155,0,3.092921495437622,0
chain_15,sparse,medium,passive,101,5,5,4,1,311,586,17,68,178,114,0,3.314319610595703,0
chain_15,sparse,medium,passive_c80,202,4,5,3,2,307,575,20,84,135,153,0,3.2080869674682617,0
chain_15,sparse,medium,passive_c120,42,5,5,3,2,341,652,10,85,195,126,0,3.150435447692871,0
chain_15,sparse,medium,passive_c80,404,0,5,5,0,207,393,8,0,118,76,0,3.2051901817321777,0
chain_15,sparse,medium,passive_c80,303,4,4,2,2,287,546,10,84,114,155,0,3.25852632522583,0
chain_15,sparse,medium,passive_c120,101,5,5,4,1,311,586,17,68,178,114,0,3.304640531539917,0
chain_15,sparse,medium,passive_c120,202,4,5,3,2,307,575,20,84,135,153,0,3.2852063179016113,0
chain_15,sparse,medium,passive_c120,404,0,5,5,0,207,393,8,0,118,76,0,3.042696714401245,0
chain_15,sparse,medium,passive_c160,101,5,5,4,1,311,586,17,68,178,114,0,3.089275598526001,0
chain_15,sparse,medium,passive_c160,42,5,5,3,2,341,652,10,85,195,126,0,3.247471332550049,0
chain_15,sparse,medium,passive_c160,202,4,5,3,2,307,575,20,84,135,153,0,3.295961380004883,0
chain_15,sparse,medium,passive_c160,303,4,4,2,2,287,546,10,84,114,155,0,3.1397321224212646,0
chain_15,sparse,medium,probes_on,101,5,5,3,2,388,730,21,91,175,188,5,2.9055886268615723,0
chain_15,sparse,medium,probes_on,303,4,4,2,2,341,647,12,84,128,190,5,2.915114641189575,0
chain_15,sparse,medium,passive_c160,404,0,5,5,0,207,393,8,0,118,76,0,3.2103166580200195,0
chain_15,sparse,medium,probes_c120,303,4,4,2,2,341,647,12,84,128,190,5,2.2961747646331787,0
chain_15,sparse,medium,probes_on,42,0,5,0,5,230,435,8,0,90,123,4,3.2513139247894287,0
chain_15,sparse,medium,probes_on,404,3,5,4,1,308,584,8,47,158,127,5,3.0998401641845703,0
chain_15,sparse,medium,probes_on,202,4,5,3,2,322,602,18,73,121,177,5,3.2604658603668213,0
grid_3x3,light,medium,baseline,101,3,3,3,0,209,704,222,14,132,54,0,2.5448315143585205,0
grid_3x3,light,medium,baseline,42,2,2,2,0,166,605,119,13,90,54,0,2.702207326889038,0
grid_3x3,light,medium,baseline,202,1,2,2,0,178,588,205,1,108,51,0,2.516659736633301,0
chain_15,sparse,medium,probes_c120,101,5,5,3,2,388,730,21,91,175,188,5,3.18135929107666,0
grid_3x3,light,medium,baseline,404,2,2,2,0,166,563,163,12,94,51,0,2.6246867179870605,0
chain_15,sparse,medium,probes_c120,42,5,5,3,2,382,732,6,98,181,176,4,3.3475263118743896,0
chain_15,sparse,medium,probes_c120,202,4,5,3,2,322,602,18,73,121,177,5,3.1912453174591064,0
grid_3x3,light,medium,passive,42,2,2,0,2,161,598,103,20,81,59,0,2.7103140354156494,0
grid_3x3,light,medium,baseline,303,2,2,2,0,185,658,157,12,110,53,0,2.828003168106079,0
grid_3x3,light,medium,passive_c80,101,3,3,0,3,209,728,198,30,123,64,0,2.1046316623687744,0
grid_3x3,light,medium,passive,404,2,2,0,2,162,573,136,20,85,57,0,2.424882650375366,0
chain_15,sparse,medium,probes_c120,404,3,5,4,1,308,584,8,47,158,127,5,3.3329641819000244,0
grid_3x3,light,medium,passive,101,3,3,0,3,209,728,198,30,123,64,0,2.856135606765747,0
grid_3x3,light,medium,passive,303,2,2,0,2,181,658,138,20,101,59,0,2.8096096515655518,0
grid_3x3,light,medium,passive,202,1,2,0,2,181,603,203,10,108,54,0,2.922574520111084,0
grid_3x3,light,medium,passive_c80,202,1,2,0,2,181,603,203,10,108,54,0,2.733397960662842,0
grid_3x3,light,medium,passive_c80,303,2,2,0,2,181,658,138,20,101,59,0,2.7294692993164062,0
grid_3x3,light,medium,passive_c80,42,2,2,0,2,161,598,103,20,81,59,0,2.9255709648132324,0
grid_3x3,light,medium,passive_c160,42,2,2,2,0,166,605,119,13,90,54,0,1.8836150169372559,0
grid_3x3,light,medium,passive_c80,404,2,2,0,2,162,573,136,20,85,57,0,2.7470643520355225,0
grid_3x3,light,medium,passive_c120,101,3,3,3,0,209,704,222,14,132,54,0,2.4185049533843994,0
grid_3x3,light,medium,passive_c120,42,2,2,2,0,166,605,119,13,90,54,0,2.927114725112915,0
grid_3x3,light,medium,passive_c120,202,1,2,2,0,178,588,205,1,108,51,0,2.837169647216797,0
grid_3x3,light,medium,passive_c160,303,2,2,2,0,185,658,157,12,110,53,0,2.564504384994507,0
grid_3x3,light,medium,passive_c120,404,2,2,2,0,166,563,163,12,94,51,0,2.867202043533325,0
grid_3x3,light,medium,passive_c160,404,2,2,2,0,166,563,163,12,94,51,0,2.3131046295166016,0
grid_3x3,light,medium,passive_c160,101,3,3,3,0,209,704,222,14,132,54,0,2.8525924682617188,0
grid_3x3,light,medium,passive_c120,303,2,2,2,0,185,658,157,12,110,53,0,3.026615619659424,0
grid_3x3,light,medium,probes_on,101,3,3,0,3,249,863,222,30,134,84,6,2.3802273273468018,0
grid_3x3,light,medium,passive_c160,202,1,2,2,0,178,588,205,1,108,51,0,2.845780372619629,0
grid_3x3,light,medium,probes_on,404,2,2,0,2,183,614,168,20,97,60,6,2.5836257934570312,0
grid_3x3,light,medium,probes_c120,202,1,2,2,0,188,666,151,1,90,73,6,2.522876739501953,0
grid_3x3,light,medium,probes_on,42,3,3,0,3,212,778,135,30,99,85,6,2.95255970954895,0
grid_3x3,light,medium,probes_on,303,2,2,0,2,207,725,166,20,102,78,6,2.773216724395752,0
grid_3x3,light,medium,probes_c120,101,3,3,3,0,239,805,236,3,134,74,6,2.62011456489563,0
grid_3x3,light,medium,probes_on,202,1,2,0,2,191,681,152,10,90,76,6,2.849886178970337,0
grid_3x3,medium,medium,baseline,42,4,4,2,2,195,708,141,34,108,60,0,2.4747610092163086,0
grid_3x3,light,medium,probes_c120,42,3,3,3,0,224,807,163,26,117,77,6,2.87187123298645,0
grid_3x3,medium,medium,passive,303,4,4,0,4,209,755,159,40,119,65,0,1.9254465103149414,0
grid_3x3,light,medium,probes_c120,303,2,2,2,0,224,791,180,25,120,75,6,2.963975429534912,0
grid_3x3,light,medium,probes_c120,404,2,2,2,0,177,570,186,2,97,54,6,2.9206204414367676,0
grid_3x3,medium,medium,passive,202,4,4,0,4,222,742,240,40,135,63,0,2.3678503036499023,0
grid_3x3,medium,medium,baseline,101,6,6,6,0,231,766,249,6,150,53,0,2.8254566192626953,0
grid_3x3,medium,medium,baseline,202,4,4,2,2,233,789,242,39,144,63,0,2.8926827907562256,0
grid_3x3,medium,medium,passive,101,6,6,0,6,253,879,234,60,150,75,0,2.631760835647583,0
grid_3x3,medium,medium,baseline,404,4,4,3,1,191,638,193,23,112,54,0,2.845139265060425,0
grid_3x3,medium,medium,baseline,303,4,4,3,1,223,796,185,36,137,59,0,2.9305660724639893,0
grid_3x3,medium,medium,passive,42,4,4,0,4,180,658,117,31,90,65,0,2.924146890640259,0
grid_3x3,medium,medium,passive_c80,101,6,6,0,6,253,879,234,60,150,75,0,2.3367762565612793,0
grid_3x3,medium,medium,passive,404,4,4,0,4,190,673,154,40,103,63,0,2.9050216674804688,0
grid_3x3,medium,medium,passive_c80,404,4,4,0,4,190,673,154,40,103,63,0,2.3813321590423584,0
grid_3x3,medium,medium,passive_c80,42,4,4,0,4,180,658,117,31,90,65,0,2.7892236709594727,0
grid_3x3,medium,medium,passive_c80,202,4,4,0,4,222,742,240,40,135,63,0,2.799225091934204,0
grid_3x3,medium,medium,passive_c80,303,4,4,0,4,209,755,159,40,119,65,0,2.7916228771209717,0
grid_3x3,medium,medium,passive_c120,101,6,6,6,0,231,766,249,6,150,53,0,2.7258036136627197,0
grid_3x3,medium,medium,passive_c120,303,4,4,3,1,223,796,185,36,137,59,0,2.7288382053375244,0
grid_3x3,medium,medium,passive_c120,42,4,4,2,2,195,708,141,34,108,60,0,2.9407289028167725,0
grid_3x3,medium,medium,passive_c120,202,4,4,2,2,233,789,242,39,144,63,0,2.8617851734161377,0
grid_3x3,medium,medium,passive_c160,303,4,4,3,1,223,796,185,36,137,59,0,2.2654287815093994,0
grid_3x3,medium,medium,probes_on,42,6,6,0,6,247,902,154,51,117,96,6,2.543064832687378,0
grid_3x3,medium,medium,passive_c160,101,6,6,6,0,231,766,249,6,150,53,0,2.692277431488037,0
grid_3x3,medium,medium,passive_c120,404,4,4,3,1,191,638,193,23,112,54,0,2.8691842555999756,0
grid_3x3,medium,medium,passive_c160,202,4,4,2,2,233,789,242,39,144,63,0,2.735809326171875,0
grid_3x3,medium,medium,passive_c160,42,4,4,2,2,195,708,141,34,108,60,0,2.8394696712493896,0
grid_3x3,medium,medium,probes_on,101,6,6,0,6,292,1014,253,60,161,94,6,2.7966630458831787,0
grid_3x3,medium,medium,passive_c160,404,4,4,3,1,191,638,193,23,112,54,0,2.9347503185272217,0
grid_3x3,medium,medium,probes_on,202,4,4,0,4,232,819,193,40,117,85,6,2.7371580600738525,0
grid_3x3,medium,medium,probes_c120,404,4,4,3,1,206,669,206,20,115,60,6,2.0642454624176025,0
grid_3x3,burst,medium,baseline,42,6,6,1,5,225,840,148,62,126,69,0,2.3455209732055664,0
grid_3x3,medium,medium,probes_on,303,4,4,0,4,235,818,190,40,120,84,6,2.884882926940918,0
grid_3x3,medium,medium,probes_on,404,4,4,0,4,208,691,196,40,115,63,6,2.949925184249878,0
grid_3x3,medium,medium,probes_c120,101,6,6,5,1,299,1028,281,38,179,81,6,2.7898828983306885,0
grid_3x3,medium,medium,probes_c120,42,6,6,4,2,257,913,196,41,135,86,6,2.868093729019165,0
grid_3x3,medium,medium,probes_c120,202,4,4,3,1,246,869,201,36,135,79,6,2.9403038024902344,0
grid_3x3,burst,medium,baseline,404,6,6,2,4,201,691,160,31,94,78,0,2.2592830657958984,0
grid_3x3,medium,medium,probes_c120,303,4,4,3,1,236,801,216,23,129,75,6,2.97231125831604,0
grid_3x3,burst,medium,baseline,101,6,6,1,5,257,913,231,62,159,69,0,2.8809704780578613,0
grid_3x3,burst,medium,baseline,202,5,6,2,4,223,758,217,30,117,78,0,2.699268341064453,0
grid_3x3,burst,medium,passive,42,6,6,4,2,212,764,152,31,117,65,0,2.678912401199341,0
grid_3x3,burst,medium,baseline,303,6,6,1,5,244,876,188,61,146,68,0,2.8547987937927246,0
grid_3x3,burst,medium,passive,303,6,6,3,3,242,853,194,47,137,74,0,2.425676107406616,0
grid_3x3,burst,medium,passive_c80,202,5,6,4,2,232,753,267,21,144,60,0,2.316781759262085,0
grid_3x3,burst,medium,passive_c80,101,6,6,4,2,237,799,242,24,150,59,0,2.431476354598999,0
grid_3x3,burst,medium,passive,202,5,6,4,2,232,753,267,21,144,60,0,2.6751649379730225,0
grid_3x3,burst,medium,passive,101,6,6,4,2,237,799,242,24,150,59,0,2.8632144927978516,0
grid_3x3,burst,medium,passive,404,6,6,3,3,234,806,206,58,130,73,0,2.8399429321289062,0
grid_3x3,burst,medium,passive_c80,42,6,6,4,2,212,764,152,31,117,65,0,2.9361608028411865,0
grid_3x3,burst,medium,passive_c120,101,6,6,4,2,258,872,264,45,168,60,0,2.5786590576171875,0
grid_3x3,burst,medium,passive_c120,303,6,6,3,3,250,876,207,55,146,72,0,2.349456548690796,0
grid_3x3,burst,medium,passive_c160,101,6,6,4,2,258,872,264,45,168,60,0,2.2880468368530273,0
grid_3x3,burst,medium,passive_c120,202,5,6,5,1,232,753,267,21,144,60,0,2.643455743789673,0
grid_3x3,burst,medium,passive_c80,303,6,6,3,3,242,853,194,47,137,74,0,2.950646162033081,0
grid_3x3,burst,medium,passive_c80,404,6,6,3,3,234,806,206,58,130,73,0,2.9537785053253174,0
grid_3x3,burst,medium,passive_c120,42,6,6,4,2,223,814,159,42,126,66,0,2.931894063949585,0
grid_3x3,burst,medium,passive_c120,404,6,6,5,1,220,741,209,32,130,60,0,2.777477264404297,0
grid_3x3,burst,medium,passive_c160,404,6,6,5,1,220,741,209,32,130,60,0,2.432783603668213,0
grid_3x3,burst,medium,passive_c160,42,6,6,4,2,223,814,159,42,126,66,0,2.8696868419647217,0
grid_3x3,burst,medium,passive_c160,303,6,6,3,3,250,876,207,55,146,72,0,2.874655246734619,0
grid_3x3,burst,medium,passive_c160,202,5,6,5,1,232,753,267,21,144,60,0,2.931971788406372,0
grid_3x3,burst,medium,probes_on,42,6,6,4,2,245,882,175,31,126,84,6,2.8712451457977295,0
grid_3x3,burst,medium,probes_on,404,6,6,4,2,229,762,213,24,133,62,6,2.521451711654663,0
grid_3x3,burst,medium,probes_on,202,5,6,3,3,246,866,192,31,126,85,6,2.67073130607605,0
grid_3x3,burst,medium,probes_on,303,6,6,4,2,258,878,224,31,138,84,6,2.576784610748291,0
grid_3x3,burst,medium,probes_on,101,6,6,3,3,295,995,277,47,161,95,6,2.941561698913574,0
grid_3x3,burst,medium,probes_c120,101,6,6,4,2,301,1029,275,49,170,91,6,2.5796477794647217,0
grid_3x3,burst,medium,probes_c120,42,6,6,4,2,249,892,182,35,126,87,6,2.691736936569214,0
grid_3x3,burst,medium,probes_c120,202,5,6,4,2,246,866,192,31,126,85,6,2.585794687271118,0
grid_3x3,heavy,medium,baseline,101,10,12,6,6,285,990,259,54,150,95,0,2.391685724258423,0
grid_3x3,burst,medium,probes_c120,303,6,6,5,1,258,876,231,25,147,75,6,2.894951820373535,0
grid_3x3,heavy,medium,baseline,404,8,8,4,4,242,825,218,52,130,78,0,2.361051082611084,0
grid_3x3,heavy,medium,baseline,303,7,8,3,5,264,919,231,63,164,66,0,2.5437893867492676,0
grid_3x3,burst,medium,probes_c120,404,6,6,5,1,246,809,247,35,142,68,6,2.891507387161255,0
grid_3x3,heavy,medium,baseline,42,7,8,7,1,224,757,207,26,135,56,0,2.9100797176361084,0
grid_3x3,heavy,medium,passive,404,8,8,0,8,246,887,176,80,139,75,0,2.1863057613372803,0
grid_3x3,heavy,medium,baseline,202,7,8,6,2,260,850,290,35,171,57,0,2.8962788581848145,0
grid_3x3,heavy,medium,passive_c120,42,7,8,7,1,224,757,207,26,135,56,0,2.1570208072662354,0
grid_3x3,heavy,medium,passive,202,6,8,0,8,253,855,251,60,153,70,0,2.7516863346099854,0
grid_3x3,heavy,medium,passive,42,7,8,0,8,232,824,173,70,126,74,0,2.9286868572235107,0
grid_3x3,heavy,medium,passive,101,10,12,0,12,315,1094,277,100,186,91,0,2.8737690448760986,0
grid_3x3,heavy,medium,passive,303,8,8,0,8,265,945,205,80,155,77,0,2.8782708644866943,0
grid_3x3,heavy,medium,passive_c80,202,6,8,0,8,253,855,251,60,153,70,0,2.76712703704834,0
grid_3x3,heavy,medium,passive_c80,42,7,8,0,8,232,824,173,70,126,74,0,2.938441753387451,0
grid_3x3,heavy,medium,passive_c80,101,10,12,0,12,315,1094,277,100,186,91,0,2.944668769836426,0
grid_3x3,heavy,medium,passive_c80,303,8,8,0,8,265,945,205,80,155,77,0,2.8768441677093506,0
grid_3x3,heavy,medium,passive_c120,202,7,8,7,1,257,828,299,26,171,54,0,2.3884389400482178,0
grid_3x3,heavy,medium,passive_c80,404,8,8,0,8,246,887,176,80,139,75,0,2.956665515899658,0
grid_3x3,heavy,medium,passive_c160,404,8,8,6,2,246,836,229,44,148,64,0,2.275043249130249,0
grid_3x3,heavy,medium,passive_c160,101,10,12,9,3,307,1031,315,58,186,80,0,2.5974762439727783,0
grid_3x3,heavy,medium,passive_c120,101,10,12,9,3,307,1031,315,58,186,80,0,2.8626296520233154,0
grid_3x3,heavy,medium,passive_c120,404,8,8,6,2,246,836,229,44,148,64,0,2.7020702362060547,0
grid_3x3,heavy,medium,passive_c160,303,8,8,5,3,281,973,257,66,182,63,0,2.4500021934509277,0
grid_3x3,heavy,medium,passive_c120,303,8,8,5,3,281,973,257,66,182,63,0,2.8130829334259033,0
grid_3x3,heavy,medium,passive_c160,202,7,8,7,1,257,828,299,26,171,54,0,2.8097426891326904,0
grid_3x3,heavy,medium,passive_c160,42,7,8,7,1,224,757,207,26,135,56,0,2.872101306915283,0
grid_3x3,heavy,medium,probes_on,42,9,12,0,12,299,1063,205,81,144,112,6,2.869368076324463,0
grid_3x3,heavy,medium,probes_c120,202,7,8,7,1,279,956,248,37,153,87,6,2.1890804767608643,0
grid_3x3,heavy,medium,probes_on,202,6,8,0,8,263,921,218,60,135,92,6,2.807105779647827,0
grid_3x3,heavy,medium,probes_on,101,10,12,0,12,352,1252,263,100,197,108,6,2.9859225749969482,0
grid_3x3,heavy,medium,probes_on,303,8,8,0,8,291,1004,240,80,156,96,6,2.88883900642395,0
grid_3x3,heavy,medium,probes_c120,42,11,12,11,1,317,1087,269,43,190,80,6,2.8741109371185303,0
grid_3x3,heavy,medium,probes_on,404,8,8,0,8,270,923,224,80,151,81,6,2.8951661586761475,0
grid_3x3,heavy,medium,probes_c120,101,10,12,10,2,340,1128,330,43,197,94,6,2.987255811691284,0
grid_3x3,sparse,medium,baseline,404,3,3,2,1,199,665,212,20,115,61,0,2.1296253204345703,0
grid_3x3,heavy,medium,probes_c120,303,8,8,6,2,298,1018,254,51,165,91,6,2.944122314453125,0
grid_3x3,sparse,medium,baseline,42,2,2,2,0,155,572,103,2,81,53,0,2.629054069519043,0
grid_3x3,sparse,medium,baseline,202,3,3,2,1,200,674,204,19,117,60,0,2.5204954147338867,0
grid_3x3,sparse,medium,baseline,101,4,4,4,0,214,709,240,14,136,53,0,2.6651196479797363,0
grid_3x3,heavy,medium,probes_c120,404,8,8,7,1,272,880,281,40,169,63,6,2.8053531646728516,0
grid_3x3,sparse,medium,passive,42,2,2,0,2,161,592,109,20,81,59,0,2.394869089126587,0
grid_3x3,sparse,medium,baseline,303,3,3,3,0,209,726,195,13,132,53,0,2.791890859603882,0
grid_3x3,sparse,medium,passive,303,2,5,0,5,196,677,180,20,108,64,0,2.539982318878174,0
grid_3x3,sparse,medium,passive,101,4,4,0,4,227,777,232,40,135,68,0,2.695777416229248,0
grid_3x3,sparse,medium,passive,202,4,4,0,4,215,721,227,40,127,63,0,2.7869174480438232,0
grid_3x3,sparse,medium,passive_c80,303,2,5,0,5,196,677,180,20,108,64,0,2.5137059688568115,0
grid_3x3,sparse,medium,passive,404,3,4,0,4,206,716,190,30,121,61,0,2.9465527534484863,0
grid_3x3,sparse,medium,passive_c80,202,4,4,0,4,215,721,227,40,127,63,0,2.837651491165161,0
grid_3x3,sparse,medium,passive_c80,101,4,4,0,4,227,777,232,40,135,68,0,2.8633697032928467,0
grid_3x3,sparse,medium,passive_c80,42,2,2,0,2,161,592,109,20,81,59,0,2.926481246948242,0
grid_3x3,sparse,medium,passive_c80,404,3,4,0,4,206,716,190,30,121,61,0,2.8476369380950928,0
grid_3x3,sparse,medium,passive_c120,42,2,2,2,0,155,572,103,2,81,53,0,2.8487632274627686,0
grid_3x3,sparse,medium,passive_c120,101,4,4,4,0,214,709,240,14,136,53,0,2.8637940883636475,0
grid_3x3,sparse,medium,passive_c120,202,3,3,2,1,200,674,204,19,117,60,0,2.9203591346740723,0
grid_3x3,sparse,medium,passive_c160,101,4,4,4,0,214,709,240,14,136,53,0,2.309983491897583,0
grid_3x3,sparse,medium,passive_c120,404,3,3,2,1,199,665,212,20,115,61,0,2.6240437030792236,0
grid_3x3,sparse,medium,passive_c120,303,3,3,3,0,209,726,195,13,132,53,0,2.7487521171569824,0
grid_3x3,sparse,medium,passive_c160,42,2,2,2,0,155,572,103,2,81,53,0,2.557025671005249,0
grid_3x3,sparse,medium,probes_on,303,2,3,0,3,215,751,166,20,105,82,6,2.246156692504883,0
grid_3x3,sparse,medium,passive_c160,202,3,3,2,1,200,674,204,19,117,60,0,2.847172498703003,0
grid_3x3,sparse,medium,probes_on,42,3,3,0,3,212,776,137,30,99,85,6,2.659555435180664,0
grid_3x3,sparse,medium,passive_c160,303,3,3,3,0,209,726,195,13,132,53,0,2.8874261379241943,0
grid_3x3,sparse,medium,passive_c160,404,3,3,2,1,199,665,212,20,115,61,0,2.878352403640747,0
grid_3x3,sparse,medium,probes_on,101,5,5,0,5,260,908,220,50,134,93,6,2.667579412460327,0
grid_3x3,sparse,medium,probes_c120,101,5,5,3,2,265,898,258,40,146,84,6,2.433985710144043,0
grid_3x3,sparse,medium,probes_on,202,3,3,0,3,229,800,193,30,121,80,6,2.823242425918579,0
grid_3x3,sparse,medium,probes_on,404,3,3,0,3,200,652,210,30,112,60,6,2.8203744888305664,0
grid_3x3,sparse,medium,probes_c120,202,3,3,3,0,220,746,208,16,117,74,6,2.6983821392059326,0
grid_3x3,sparse,medium,probes_c120,42,3,3,3,0,201,717,147,3,99,74,6,2.947402000427246,0
grid_3x3,sparse,medium,probes_c120,303,3,3,3,0,226,797,178,16,120,76,6,2.9038047790527344,0
grid_3x3,sparse,medium,probes_c120,404,3,3,2,1,194,637,196,19,105,60,6,2.837174654006958,0
grid_4x4,light,medium,baseline,101,2,3,3,0,340,1249,501,19,223,93,0,3.6894333362579346,0
grid_4x4,light,medium,baseline,42,2,3,3,0,318,1147,485,2,202,92,0,3.989609718322754,0
grid_4x4,light,medium,baseline,404,3,3,3,0,401,1446,632,64,272,102,0,3.5620815753936768,0
grid_4x4,light,medium,passive_c80,42,2,3,0,3,327,1214,468,34,202,101,0,3.638218641281128,0
grid_4x4,light,medium,baseline,202,3,3,3,0,378,1373,587,20,261,93,0,4.408647060394287,0
grid_4x4,light,medium,passive_c120,404,3,3,3,0,401,1446,632,64,272,102,0,2.885744571685791,0
grid_4x4,light,medium,baseline,303,2,2,2,0,300,1096,446,2,184,95,0,4.47189736366272,0
grid_4x4,light,medium,passive,42,2,3,0,3,327,1214,468,34,202,101,0,4.359966993331909,0
grid_4x4,light,medium,passive,101,2,3,0,3,331,1249,454,34,207,101,0,4.379717826843262,0
grid_4x4,light,medium,passive,303,1,2,0,2,289,1092,394,17,168,101,0,4.339215517044067,0
grid_4x4,light,medium,passive_c80,202,3,3,0,3,375,1397,552,51,245,107,0,4.047547817230225,0
grid_4x4,light,medium,passive,202,3,3,0,3,375,1397,552,51,245,107,0,4.488217830657959,0
grid_4x4,light,medium,passive,404,1,3,0,3,312,1149,462,17,192,98,0,4.450959920883179,0
grid_4x4,light,medium,passive_c80,101,2,3,0,3,331,1249,454,34,207,101,0,4.423873424530029,0
grid_4x4,light,medium,passive_c80,404,1,3,0,3,312,1149,462,17,192,98,0,4.30777645111084,0
grid_4x4,light,medium,passive_c160,202,3,3,3,0,378,1373,587,20,261,93,0,3.555659532546997,0
grid_4x4,light,medium,passive_c80,303,1,2,0,2,289,1092,394,17,168,101,0,4.410165071487427,0
grid_4x4,light,medium,passive_c120,101,2,3,3,0,340,1249,501,19,223,93,0,3.88377046585083,0
grid_4x4,light,medium,passive_c120,202,3,3,3,0,378,1373,587,20,261,93,0,3.8920986652374268,0
grid_4x4,light,medium,passive_c160,101,2,3,3,0,340,1249,501,19,223,93,0,3.978666067123413,0
grid_4x4,light,medium,passive_c120,42,2,3,3,0,318,1147,485,2,202,92,0,4.471655607223511,0
grid_4x4,light,medium,passive_c160,42,2,3,3,0,318,1147,485,2,202,92,0,4.233421087265015,0
grid_4x4,light,medium,passive_c120,303,2,2,2,0,300,1096,446,2,184,95,0,4.340208053588867,0
grid_4x4,light,medium,passive_c160,404,3,3,3,0,401,1446,632,64,272,102,0,4.223866939544678,0
grid_4x4,light,medium,probes_on,42,1,2,0,2,276,1093,312,17,131,120,6,4.135748386383057,0
grid_4x4,light,medium,passive_c160,303,2,2,2,0,300,1096,446,2,184,95,0,4.4730236530303955,0
grid_4x4,light,medium,probes_on,101,1,2,0,2,304,1180,357,17,153,126,6,4.3037755489349365,0
grid_4x4,light,medium,probes_on,202,2,3,0,3,369,1373,497,34,221,119,6,4.33085823059082,0
grid_4x4,light,medium,probes_on,303,1,1,0,1,294,1148,333,17,148,122,5,3.91237473487854,0
grid_4x4,light,medium,probes_c120,101,1,2,2,0,298,1164,345,1,153,120,6,3.69899582862854,0
grid_4x4,light,medium,probes_on,404,3,3,0,3,411,1518,578,51,248,131,6,4.4111127853393555,0
grid_4x4,medium,medium,baseline,202,6,6,5,1,453,1648,689,55,309,113,0,3.4997811317443848,0
grid_4x4,light,medium,probes_c120,42,1,2,2,0,271,1049,327,1,131,115,6,4.440168857574463,0
grid_4x4,medium,medium,passive,303,2,4,0,4,314,1197,413,34,184,107,0,3.277078151702881,0
grid_4x4,light,medium,probes_c120,303,1,1,1,0,290,1125,338,1,148,118,5,4.192814111709595,0
grid_4x4,medium,medium,baseline,42,6,6,6,0,411,1470,639,28,282,97,0,4.023963212966919,0
grid_4x4,light,medium,probes_c120,202,3,3,3,0,414,1509,601,42,269,113,6,4.268659830093384,0
grid_4x4,light,medium,probes_c120,404,3,3,3,0,415,1493,627,20,264,118,6,4.332475185394287,0
grid_4x4,medium,medium,passive_c80,404,2,6,0,6,338,1240,492,34,208,104,0,3.2596991062164307,0
grid_4x4,medium,medium,baseline,101,6,6,4,2,437,1630,613,73,287,117,0,4.3683061599731445,0
grid_4x4,medium,medium,passive,101,6,6,0,6,418,1566,580,102,271,117,0,4.083707809448242,0
grid_4x4,medium,medium,baseline,303,4,4,4,0,353,1273,538,21,232,95,0,4.455798149108887,0
grid_4x4,medium,medium,baseline,404,6,6,6,0,394,1411,617,6,272,92,0,4.435451984405518,0
grid_4x4,medium,medium,passive_c80,42,6,6,0,6,399,1497,542,86,250,118,0,3.956421136856079,0
grid_4x4,medium,medium,passive,202,5,6,0,6,422,1585,596,85,277,117,0,4.278098821640015,0
grid_4x4,medium,medium,passive,404,2,6,0,6,338,1240,492,34,208,104,0,4.448737382888794,0
grid_4x4,medium,medium,passive_c80,101,6,6,0,6,418,1566,580,102,271,117,0,4.45396876335144,0
grid_4x4,medium,medium,passive,42,6,6,0,6,399,1497,542,86,250,118,0,4.896880388259888,0
grid_4x4,medium,medium,passive_c120,42,6,6,6,0,411,1470,639,28,282,97,0,4.0155816078186035,0
grid_4x4,medium,medium,passive_c80,202,5,6,0,6,422,1585,596,85,277,117,0,4.484865188598633,0
grid_4x4,medium,medium,passive_c80,303,2,4,0,4,314,1197,413,34,184,107,0,4.389320135116577,0
grid_4x4,medium,medium,passive_c120,202,6,6,5,1,453,1648,689,55,309,113,0,4.018814325332642,0
grid_4x4,medium,medium,passive_c160,42,6,6,6,0,411,1470,639,28,282,97,0,3.6529242992401123,0
grid_4x4,medium,medium,passive_c120,101,6,6,4,2,437,1630,613,73,287,117,0,4.309807062149048,0
grid_4x4,medium,medium,passive_c120,303,4,4,4,0,353,1273,538,21,232,95,0,4.465425491333008,0
grid_4x4,medium,medium,passive_c120,404,6,6,6,0,394,1411,617,6,272,92,0,4.375310897827148,0
grid_4x4,medium,medium,passive_c160,101,6,6,4,2,437,1630,613,73,287,117,0,3.865725517272949,0
grid_4x4,medium,medium,probes_on,42,4,4,0,4,342,1336,406,66,177,135,6,3.6638107299804688,0
grid_4x4,medium,medium,passive_c160,202,6,6,5,1,453,1648,689,55,309,113,0,4.055096387863159,0
grid_4x4,medium,medium,probes_on,303,2,2,0,2,316,1232,357,34,164,126,5,3.4115402698516846,0
grid_4x4,medium,medium,passive_c160,303,4,4,4,0,353,1273,538,21,232,95,0,4.374883413314819,0
grid_4x4,medium,medium,passive_c160,404,6,6,6,0,394,1411,617,6,272,92,0,4.3050007820129395,0
grid_4x4,medium,medium,probes_on,101,4,4,0,4,377,1457,446,68,201,146,6,4.126616477966309,0
grid_4x4,medium,medium,probes_on,202,4,6,0,6,419,1551,568,68,253,132,6,4.200677871704102,0
grid_4x4,medium,medium,probes_c120,101,4,4,4,0,396,1487,520,43,233,131,6,3.964625835418701,0
grid_4x4,medium,medium,probes_on,404,6,6,0,6,478,1791,640,102,296,144,6,4.503780364990234,0
grid_4x4,medium,medium,probes_c120,202,5,6,4,2,456,1629,689,57,301,118,6,4.191724538803101,0
grid_4x4,medium,medium,probes_c120,404,6,6,5,1,475,1715,703,39,312,124,6,4.023328065872192,0
grid_4x4,medium,medium,probes_c120,42,4,4,4,0,324,1210,435,4,179,115,6,4.383862257003784,0
grid_4x4,burst,medium,passive_c80,101,5,6,4,2,398,1466,572,38,271,97,0,2.9623050689697266,0
grid_4x4,medium,medium,probes_c120,303,2,2,2,0,308,1197,356,2,164,118,5,4.280438661575317,0
grid_4x4,burst,medium,baseline,303,6,6,4,2,377,1387,527,35,232,115,0,3.927905559539795,0
grid_4x4,burst,medium,baseline,202,6,6,4,2,440,1573,699,55,309,101,0,4.1764302253723145,0
grid_4x4,burst,medium,baseline,42,5,6,6,0,372,1337,565,5,250,92,0,4.4869420528411865,0
grid_4x4,burst,medium,baseline,101,5,6,4,2,402,1481,575,54,271,101,0,4.495937347412109,0
grid_4x4,burst,medium,baseline,404,6,6,1,5,380,1442,508,52,208,141,0,4.224529504776001,0
grid_4x4,burst,medium,passive,42,5,6,4,2,376,1370,550,21,250,96,0,4.223386287689209,0
grid_4x4,burst,medium,passive,101,5,6,4,2,398,1466,572,38,271,97,0,4.3509252071380615,0
grid_4x4,burst,medium,passive,202,6,6,4,2,433,1602,631,47,293,110,0,4.242448329925537,0
grid_4x4,burst,medium,passive,404,5,6,3,3,420,1495,667,71,288,101,0,4.212964296340942,0
grid_4x4,burst,medium,passive,303,6,6,4,2,397,1454,577,55,264,103,0,4.377346515655518,0
grid_4x4,burst,medium,passive_c80,202,6,6,4,2,433,1602,631,47,293,110,0,3.998988628387451,0
grid_4x4,burst,medium,passive_c80,42,5,6,4,2,376,1370,550,21,250,96,0,4.49810528755188,0
grid_4x4,burst,medium,passive_c80,303,6,6,4,2,397,1454,577,55,264,103,0,3.994823455810547,0
grid_4x4,burst,medium,passive_c80,404,5,6,3,3,420,1495,667,71,288,101,0,3.9868404865264893,0
grid_4x4,burst,medium,passive_c120,42,5,6,6,0,372,1337,565,5,250,92,0,3.6469485759735107,0
grid_4x4,burst,medium,passive_c120,404,6,6,3,3,432,1580,639,80,272,127,0,3.3275365829467773,0
grid_4x4,burst,medium,passive_c120,101,5,6,5,1,398,1466,572,38,271,97,0,4.11897087097168,0
grid_4x4,burst,medium,passive_c120,202,6,6,5,1,453,1608,732,56,325,97,0,4.257394552230835,0
grid_4x4,burst,medium,passive_c120,303,6,6,5,1,385,1407,556,31,248,107,0,4.381155729293823,0
grid_4x4,burst,medium,passive_c160,42,5,6,6,0,372,1337,565,5,250,92,0,4.438477277755737,0
grid_4x4,burst,medium,passive_c160,101,5,6,5,1,398,1466,572,38,271,97,0,4.343804121017456,0
grid_4x4,burst,medium,passive_c160,202,6,6,5,1,453,1608,732,56,325,97,0,4.3090057373046875,0
grid_4x4,burst,medium,probes_c120,42,5,6,4,2,377,1427,477,63,211,131,6,3.759645700454712,0
grid_4x4,burst,medium,passive_c160,303,6,6,5,1,385,1407,556,31,248,107,0,4.3822009563446045,0
grid_4x4,burst,medium,passive_c160,404,6,6,3,3,432,1580,639,80,272,127,0,4.373203754425049,0
grid_4x4,burst,medium,probes_on,101,5,6,3,3,393,1511,472,52,217,141,6,4.352270126342773,0
grid_4x4,burst,medium,probes_on,42,5,6,3,3,377,1427,477,63,211,131,6,4.4690752029418945,0
grid_4x4,heavy,medium,baseline,404,12,12,10,2,528,1894,809,61,383,102,0,3.0384316444396973,0
grid_4x4,burst,medium,probes_on,303,6,6,3,3,418,1554,548,80,244,138,5,4.367325067520142,0
grid_4x4,burst,medium,probes_on,202,6,6,3,3,459,1711,612,68,285,136,6,4.466721773147583,0
grid_4x4,heavy,medium,passive,42,11,12,0,12,528,1995,701,187,346,140,0,3.1946561336517334,0
grid_4x4,burst,medium,probes_on,404,6,6,3,3,505,1863,691,93,312,152,6,4.4138524532318115,0
grid_4x4,heavy,medium,passive,101,10,12,0,12,514,1961,666,170,341,133,0,3.243422031402588,0
grid_4x4,burst,medium,probes_c120,101,5,6,4,2,393,1511,472,52,217,141,6,4.397109746932983,0
grid_4x4,burst,medium,probes_c120,202,6,6,5,1,447,1660,610,32,285,125,6,4.515568733215332,0
grid_4x4,heavy,medium,baseline,101,10,12,9,3,525,1902,775,97,373,110,0,4.240264892578125,0
grid_4x4,burst,medium,probes_c120,303,6,6,4,2,411,1537,525,54,228,146,6,4.521572589874268,0
grid_4x4,burst,medium,probes_c120,404,6,6,5,1,487,1747,740,50,312,135,6,4.541898727416992,0
grid_4x4,heavy,medium,baseline,42,11,12,9,3,513,1825,770,77,359,110,0,4.464027166366577,0
grid_4x4,heavy,medium,baseline,202,11,12,6,6,583,2145,840,158,420,119,0,4.371887683868408,0
grid_4x4,heavy,medium,passive,404,4,12,0,12,390,1425,549,68,240,116,0,2.985832452774048,0
grid_4x4,heavy,medium,baseline,303,7,8,7,1,413,1497,610,41,280,100,0,4.465641260147095,0
grid_4x4,heavy,medium,passive,202,9,12,0,12,518,1971,692,153,341,139,0,4.285913944244385,0
grid_4x4,heavy,medium,passive,303,3,8,0,8,342,1287,453,51,200,114,0,4.482024192810059,0
grid_4x4,heavy,medium,passive_c80,42,11,12,0,12,528,1995,701,187,346,140,0,4.382939100265503,0
grid_4x4,heavy,medium,passive_c80,101,10,12,0,12,514,1961,666,170,341,133,0,4.396909475326538,0
grid_4x4,heavy,medium,passive_c120,404,12,12,11,1,523,1844,833,45,383,97,0,3.2602720260620117,0
grid_4x4,heavy,medium,passive_c80,202,9,12,0,12,518,1971,692,153,341,139,0,4.262606620788574,0
grid_4x4,heavy,medium,passive_c120,42,11,12,11,1,518,1803,825,62,375,98,0,3.768375873565674,0
grid_4x4,heavy,medium,passive_c80,303,3,8,0,8,342,1287,453,51,200,114,0,4.000394821166992,0
grid_4x4,heavy,medium,passive_c120,101,10,12,11,1,496,1778,750,44,357,98,0,3.7771899700164795,0
grid_4x4,heavy,medium,passive_c120,202,11,12,9,3,570,2044,876,110,420,106,0,3.9469878673553467,0
grid_4x4,heavy,medium,passive_c80,404,4,12,0,12,390,1425,549,68,240,116,0,4.394509315490723,0
grid_4x4,heavy,medium,passive_c160,303,7,8,7,1,413,1497,610,41,280,100,0,3.823529005050659,0
grid_4x4,heavy,medium,passive_c160,404,12,12,11,1,523,1844,833,45,383,97,0,3.9191389083862305,0
grid_4x4,heavy,medium,passive_c160,101,10,12,11,1,496,1778,750,44,357,98,0,4.119744539260864,0
grid_4x4,heavy,medium,passive_c120,303,7,8,7,1,413,1497,610,41,280,100,0,4.4170005321502686,0
grid_4x4,heavy,medium,passive_c160,42,11,12,11,1,518,1803,825,62,375,98,0,4.387299299240112,0
grid_4x4,heavy,medium,passive_c160,202,11,12,9,3,570,2044,876,110,420,106,0,4.455990791320801,0
grid_4x4,heavy,medium,probes_on,303,4,4,0,4,359,1370,427,68,195,134,5,4.075430154800415,0
grid_4x4,heavy,medium,probes_on,101,6,8,0,8,427,1678,463,102,233,158,6,4.304624080657959,0
grid_4x4,heavy,medium,probes_on,202,9,12,0,12,536,2043,688,153,333,158,6,4.322417974472046,0
grid_4x4,heavy,medium,probes_on,404,11,12,0,12,591,2202,790,187,376,166,6,4.002706050872803,0
grid_4x4,heavy,medium,probes_on,42,8,8,0,8,436,1722,503,136,243,155,6,4.5098466873168945,0
grid_4x4,heavy,medium,probes_c120,404,11,12,9,3,618,2219,908,123,423,142,6,3.886268377304077,0
grid_4x4,heavy,medium,probes_c120,303,4,4,3,1,350,1304,441,29,189,130,5,4.16895604133606,0
grid_4x4,heavy,medium,probes_c120,42,8,8,6,2,428,1565,598,67,259,129,6,4.496964931488037,0
grid_4x4,heavy,medium,probes_c120,101,7,8,7,1,433,1598,591,40,265,130,6,4.497913122177124,0
grid_4x4,heavy,medium,probes_c120,202,12,12,10,2,563,1986,854,70,385,127,6,4.561083793640137,0
grid_4x4,sparse,medium,baseline,42,4,4,4,0,339,1278,467,25,218,96,0,4.332104206085205,0
grid_4x4,sparse,medium,baseline,101,5,5,5,0,390,1432,577,5,269,93,0,4.38381290435791,0
grid_4x4,sparse,medium,baseline,202,5,5,5,0,365,1324,556,5,245,93,0,4.109086990356445,0
grid_4x4,sparse,medium,baseline,303,3,3,2,1,325,1252,425,29,192,108,0,3.9289188385009766,0
grid_4x4,sparse,medium,passive,101,5,5,0,5,408,1553,541,85,263,115,0,3.6307754516601562,0
grid_4x4,sparse,medium,passive,202,5,5,0,5,404,1546,548,85,258,118,0,3.916243076324463,0
grid_4x4,sparse,medium,baseline,404,5,5,4,1,442,1645,649,70,301,110,0,4.389052629470825,0
grid_4x4,sparse,medium,passive,303,2,4,0,4,319,1178,464,34,188,107,0,4.159138202667236,0
grid_4x4,sparse,medium,passive,42,2,4,0,4,321,1240,412,34,190,107,0,4.419731140136719,0
grid_4x4,sparse,medium,passive,404,1,5,0,5,316,1171,444,17,191,100,0,4.306185960769653,0
grid_4x4,sparse,medium,passive_c80,42,2,4,0,4,321,1240,412,34,190,107,0,4.232717275619507,0
grid_4x4,sparse,medium,passive_c80,101,5,5,0,5,408,1553,541,85,263,115,0,4.256867408752441,0
grid_4x4,sparse,medium,passive_c120,303,3,3,2,1,325,1252,425,29,192,108,0,3.499664783477783,0
grid_4x4,sparse,medium,passive_c80,404,1,5,0,5,316,1171,444,17,191,100,0,3.976548671722412,0
grid_4x4,sparse,medium,passive_c80,202,5,5,0,5,404,1546,548,85,258,118,0,4.394112586975098,0
grid_4x4,sparse,medium,passive_c160,404,5,5,4,1,442,1645,649,70,301,110,0,3.2108750343322754,0
grid_4x4,sparse,medium,passive_c80,303,2,4,0,4,319,1178,464,34,188,107,0,4.267519950866699,0
grid_4x4,sparse,medium,passive_c120,202,5,5,5,0,365,1324,556,5,245,93,0,3.976475954055786,0
grid_4x4,sparse,medium,passive_c160,42,4,4,4,0,339,1278,467,25,218,96,0,3.9609789848327637,0
grid_4x4,sparse,medium,passive_c120,101,5,5,5,0,390,1432,577,5,269,93,0,4.331840753555298,0
grid_4x4,sparse,medium,passive_c120,404,5,5,4,1,442,1645,649,70,301,110,0,4.033719778060913,0
grid_4x4,sparse,medium,passive_c120,42,4,4,4,0,339,1278,467,25,218,96,0,4.4687182903289795,0
grid_4x4,sparse,medium,passive_c160,303,3,3,2,1,325,1252,425,29,192,108,0,4.035989999771118,0
grid_4x4,sparse,medium,passive_c160,202,5,5,5,0,365,1324,556,5,245,93,0,4.49494194984436,0
grid_4x4,sparse,medium,passive_c160,101,5,5,5,0,390,1432,577,5,269,93,0,4.563317060470581,0
grid_4x4,sparse,medium,probes_on,101,3,3,0,3,355,1376,398,51,192,135,6,4.351053476333618,0
grid_4x4,sparse,medium,probes_on,202,5,5,0,5,442,1712,558,85,271,137,6,4.216281414031982,0
grid_4x4,sparse,medium,probes_on,42,4,4,0,4,372,1448,443,68,209,132,6,4.503656625747681,0
grid_4x4,sparse,medium,probes_on,303,2,4,0,4,358,1368,438,34,197,130,6,4.379921913146973,0
grid_4x4,sparse,medium,probes_on,404,3,5,0,5,385,1454,496,51,227,126,6,4.273889064788818,0
grid_4x4,sparse,medium,probes_c120,42,4,4,4,0,339,1316,411,4,194,115,6,4.015527248382568,0
grid_4x4,sparse,medium,probes_c120,202,5,5,3,2,447,1701,579,87,272,139,6,4.147961378097534,0
grid_4x4,sparse,medium,probes_c120,101,2,2,2,0,306,1199,354,2,166,115,5,4.393871068954468,0
grid_4x4,sparse,medium,probes_c120,404,5,5,3,2,465,1697,678,88,305,122,6,3.9520263671875,0
grid_4x4,sparse,medium,probes_c120,303,4,5,3,2,425,1638,525,51,251,138,6,4.408792495727539,0
grid_5x5,light,medium,passive_c80,404,2,3,0,3,544,2128,959,52,362,156,0,4.562204837799072,0
grid_5x5,light,medium,baseline,42,2,3,3,0,551,2073,1045,59,377,150,0,6.027757883071899,0
grid_5x5,light,medium,baseline,202,3,3,3,0,503,1858,977,3,329,147,0,5.790660858154297,0
grid_5x5,light,medium,baseline,101,2,3,3,0,472,1853,812,2,305,145,0,6.164971113204956,0
grid_5x5,light,medium,passive_c80,101,1,3,0,3,453,1787,770,26,280,152,0,5.293770790100098,0
grid_5x5,light,medium,passive_c120,303,3,3,3,0,542,2035,1030,3,371,147,0,4.4699866771698,0
grid_5x5,light,medium,passive_c80,42,0,3,0,3,446,1716,798,0,277,149,0,5.701380729675293,0
grid_5x5,light,medium,passive,202,1,3,0,3,461,1743,854,26,279,157,0,5.92396092414856,0
grid_5x5,light,medium,baseline,404,3,3,3,0,587,2244,1092,31,412,147,0,6.347452640533447,0
grid_5x5,light,medium,baseline,303,3,3,3,0,542,2035,1030,3,371,147,0,6.48122763633728,0
grid_5x5,light,medium,passive,42,0,3,0,3,446,1716,798,0,277,149,0,6.344611167907715,0
grid_5x5,light,medium,passive,101,1,3,0,3,453,1787,770,26,280,152,0,6.33439564704895,0
grid_5x5,light,medium,passive,303,1,3,0,3,498,1877,929,26,321,155,0,6.195716381072998,0
grid_5x5,light,medium,passive_c80,202,1,3,0,3,461,1743,854,26,279,157,0,5.9414684772491455,0
grid_5x5,light,medium,passive_c160,42,2,3,3,0,551,2073,1045,59,377,150,0,4.836211442947388,0
grid_5x5,light,medium,passive,404,2,3,0,3,544,2128,959,52,362,156,0,6.481128215789795,0
grid_5x5,light,medium,passive_c120,42,2,3,3,0,551,2073,1045,59,377,150,0,6.011940240859985,0
grid_5x5,light,medium,passive_c80,303,1,3,0,3,498,1877,929,26,321,155,0,6.3292787075042725,0
grid_5x5,light,medium,passive_c120,202,3,3,3,0,503,1858,977,3,329,147,0,6.161055088043213,0
grid_5x5,light,medium,passive_c120,101,2,3,3,0,472,1853,812,2,305,145,0,6.4678053855896,0
grid_5x5,light,medium,passive_c160,202,3,3,3,0,503,1858,977,3,329,147,0,5.560612678527832,0
grid_5x5,light,medium,passive_c120,404,3,3,3,0,587,2244,1092,31,412,147,0,6.405081033706665,0
grid_5x5,light,medium,passive_c160,101,2,3,3,0,472,1853,812,2,305,145,0,6.215015649795532,0
grid_5x5,light,medium,passive_c160,303,3,3,3,0,542,2035,1030,3,371,147,0,6.116866111755371,0
grid_5x5,light,medium,probes_on,42,0,2,0,2,433,1701,716,0,250,157,6,6.255378723144531,0
grid_5x5,light,medium,passive_c160,404,3,3,3,0,587,2244,1092,31,412,147,0,6.4803314208984375,0
grid_5x5,light,medium,probes_on,101,1,2,0,2,489,1944,759,26,276,185,6,6.336971282958984,0
grid_5x5,light,medium,probes_on,202,2,2,1,1,491,1926,806,27,287,178,6,6.310665845870972,0
grid_5x5,light,medium,probes_on,303,1,3,0,3,558,1977,1139,26,365,163,6,5.976543188095093,0
grid_5x5,light,medium,probes_c120,101,1,2,2,0,482,1909,755,1,276,178,6,5.897077798843384,0
grid_5x5,medium,medium,passive_c80,42,4,6,0,6,577,2258,1001,104,377,173,0,4.704253435134888,0
grid_5x5,light,medium,probes_on,404,0,2,0,2,447,1711,774,0,267,156,6,6.294705867767334,0
grid_5x5,medium,medium,passive,42,4,6,0,6,577,2258,1001,104,377,173,0,5.474125385284424,0
grid_5x5,light,medium,probes_c120,42,1,2,2,0,457,1777,777,1,275,155,6,6.520142316818237,0
grid_5x5,light,medium,probes_c120,202,2,2,2,0,486,1877,827,2,287,173,6,6.243025779724121,0
grid_5x5,light,medium,probes_c120,404,2,2,2,0,560,2147,992,65,367,165,6,6.080050230026245,0
grid_5x5,medium,medium,baseline,404,6,6,6,0,703,2628,1357,69,512,156,0,5.857606649398804,0
grid_5x5,medium,medium,baseline,202,6,6,6,0,584,2135,1148,6,404,147,0,5.9594292640686035,0
grid_5x5,medium,medium,baseline,42,6,6,6,0,627,2353,1189,32,452,145,0,6.268239736557007,0
grid_5x5,medium,medium,baseline,303,6,6,6,0,654,2398,1290,37,471,152,0,6.108044862747192,0
grid_5x5,light,medium,probes_c120,303,3,3,3,0,633,2229,1319,34,440,160,6,6.5246500968933105,0
grid_5x5,medium,medium,baseline,101,6,6,6,0,605,2306,1107,32,430,145,0,6.3095128536224365,0
grid_5x5,medium,medium,passive,202,3,6,0,6,533,2040,954,78,329,174,0,6.130426645278931,0
grid_5x5,medium,medium,passive,404,4,6,0,6,610,2358,1089,104,412,167,0,5.845176696777344,0
grid_5x5,medium,medium,passive,101,6,6,0,6,615,2418,1048,156,405,181,0,6.321850299835205,0
grid_5x5,medium,medium,passive_c80,202,3,6,0,6,533,2040,954,78,329,174,0,5.199703931808472,0
grid_5x5,medium,medium,passive,303,2,6,0,6,535,2006,991,52,346,163,0,6.173441410064697,0
grid_5x5,medium,medium,passive_c80,101,6,6,0,6,615,2418,1048,156,405,181,0,6.0350501537323,0
grid_5x5,medium,medium,passive_c120,42,6,6,6,0,627,2353,1189,32,452,145,0,5.430446147918701,0
grid_5x5,medium,medium,passive_c80,303,2,6,0,6,535,2006,991,52,346,163,0,5.759428024291992,0
grid_5x5,medium,medium,passive_c80,404,4,6,0,6,610,2358,1089,104,412,167,0,6.4715211391448975,0
grid_5x5,medium,medium,passive_c120,101,6,6,6,0,605,2306,1107,32,430,145,0,6.3463945388793945,0
grid_5x5,medium,medium,passive_c160,42,6,6,6,0,627,2353,1189,32,452,145,0,5.213407039642334,0
grid_5x5,medium,medium,passive_c120,303,6,6,6,0,654,2398,1290,37,471,152,0,5.716599464416504,0
grid_5x5,medium,medium,passive_c120,202,6,6,6,0,584,2135,1148,6,404,147,0,6.04255747795105,0
grid_5x5,medium,medium,passive_c120,404,6,6,6,0,703,2628,1357,69,512,156,0,6.354290962219238,0
grid_5x5,medium,medium,probes_on,404,0,4,0,4,451,1721,774,0,267,158,6,4.759059429168701,0
grid_5x5,medium,medium,passive_c160,202,6,6,6,0,584,2135,1148,6,404,147,0,5.753221035003662,0
grid_5x5,medium,medium,probes_on,42,2,4,0,4,503,2009,804,52,300,173,6,5.45183801651001,0
grid_5x5,medium,medium,passive_c160,101,6,6,6,0,605,2306,1107,32,430,145,0,6.337855577468872,0
grid_5x5,medium,medium,probes_c120,101,4,4,3,1,593,2299,988,55,376,183,6,5.216378688812256,0
grid_5x5,medium,medium,probes_c120,404,4,4,3,1,567,2159,1001,40,367,169,6,5.076558589935303,0
grid_5x5,medium,medium,passive_c160,303,6,6,6,0,654,2398,1290,37,471,152,0,6.05416464805603,0
grid_5x5,medium,medium,probes_c120,303,5,6,4,2,727,2562,1501,87,515,173,6,5.422667503356934,0
grid_5x5,medium,medium,passive_c160,404,6,6,6,0,703,2628,1357,69,512,156,0,6.327490568161011,0
grid_5x5,medium,medium,probes_on,202,4,4,1,3,587,2317,957,105,362,194,6,6.1286399364471436,0
grid_5x5,medium,medium,probes_on,303,2,6,0,6,601,2141,1198,52,390,177,6,6.158412218093872,0
grid_5x5,medium,medium,probes_on,101,4,4,0,4,586,2322,915,104,351,202,6,6.505576848983765,0
grid_5x5,burst,medium,baseline,101,5,6,3,3,539,2124,890,51,330,180,0,5.754004716873169,0
grid_5x5,burst,medium,baseline,404,6,6,5,1,658,2507,1216,43,462,162,0,5.772111892700195,0
grid_5x5,medium,medium,probes_c120,42,4,4,2,2,589,2290,1010,95,375,180,6,6.494121551513672,0
grid_5x5,medium,medium,probes_c120,202,4,4,3,1,608,2391,999,86,387,189,6,6.392263174057007,0
grid_5x5,burst,medium,baseline,42,5,6,6,0,606,2266,1151,36,427,150,0,6.330677032470703,0
grid_5x5,burst,medium,baseline,303,6,6,6,0,621,2316,1186,6,444,147,0,6.161074638366699,0
grid_5x5,burst,medium,baseline,202,5,6,3,3,562,2099,1046,46,354,175,0,6.21381950378418,0
grid_5x5,burst,medium,passive,101,5,6,4,2,569,2200,1000,41,380,160,0,6.3323822021484375,0
grid_5x5,burst,medium,passive,42,4,6,4,2,551,2071,1033,4,377,147,0,6.353546857833862,0
grid_5x5,burst,medium,passive,202,5,6,4,2,617,2260,1217,82,429,154,0,6.335197448730469,0
grid_5x5,burst,medium,passive,303,6,6,3,3,652,2424,1224,95,446,174,0,5.7254414558410645,0
grid_5x5,burst,medium,passive_c80,42,4,6,4,2,551,2071,1033,4,377,147,0,5.412076711654663,0
grid_5x5,burst,medium,passive,404,6,6,3,3,681,2657,1198,106,462,184,0,6.353237628936768,0
grid_5x5,burst,medium,passive_c80,202,5,6,4,2,617,2260,1217,82,429,154,0,6.125752210617065,0
grid_5x5,burst,medium,passive_c80,101,5,6,4,2,569,2200,1000,41,380,160,0,6.434970378875732,0
grid_5x5,burst,medium,passive_c80,404,6,6,3,3,681,2657,1198,106,462,184,0,4.761681079864502,0
grid_5x5,burst,medium,passive_c80,303,6,6,3,3,652,2424,1224,95,446,174,0,6.332266807556152,0
grid_5x5,burst,medium,passive_c120,303,6,6,6,0,621,2316,1186,6,444,147,0,5.334359884262085,0
grid_5x5,burst,medium,passive_c120,42,5,6,6,0,606,2266,1151,36,427,150,0,6.17800760269165,0
grid_5x5,burst,medium,passive_c120,101,5,6,5,1,569,2200,1000,41,380,160,0,6.3108179569244385,0
grid_5x5,burst,medium,passive_c120,404,6,6,5,1,658,2507,1216,43,462,162,0,6.175178289413452,0
grid_5x5,burst,medium,probes_on,202,6,6,3,3,644,2489,1081,116,410,198,6,5.141256809234619,0
grid_5x5,burst,medium,passive_c120,202,5,6,4,2,608,2250,1160,72,404,170,0,6.459122657775879,0
grid_5x5,burst,medium,passive_c160,42,5,6,6,0,606,2266,1151,36,427,150,0,6.349693536758423,0
grid_5x5,burst,medium,passive_c160,101,5,6,5,1,569,2200,1000,41,380,160,0,6.22229790687561,0
grid_5x5,burst,medium,passive_c160,202,5,6,4,2,608,2250,1160,72,404,170,0,6.226633071899414,0
grid_5x5,burst,medium,passive_c160,303,6,6,6,0,621,2316,1186,6,444,147,0,6.195663690567017,0
grid_5x5,burst,medium,passive_c160,404,6,6,5,1,658,2507,1216,43,462,162,0,6.275874853134155,0
grid_5x5,burst,medium,probes_on,101,4,6,3,3,614,2408,985,71,376,201,6,6.228914737701416,0
grid_5x5,burst,medium,probes_on,42,5,6,3,3,626,2425,1060,103,400,188,6,6.249310255050659,0
grid_5x5,heavy,medium,baseline,202,12,12,9,3,785,2895,1522,113,575,165,0,4.398178577423096,0
grid_5x5,heavy,medium,baseline,101,10,12,9,3,752,2851,1376,110,553,158,0,4.9027419090271,0
grid_5x5,burst,medium,probes_on,404,5,6,3,3,607,2331,1049,72,392,180,6,6.392740488052368,0
grid_5x5,burst,medium,probes_c120,101,4,6,4,2,614,2408,985,71,376,201,6,6.23278021812439,0
grid_5x5,burst,medium,probes_c120,202,5,6,4,2,628,2421,1075,82,412,181,6,6.208677291870117,0
grid_5x5,burst,medium,probes_on,303,6,6,3,3,727,2619,1428,104,490,197,6,6.520235538482666,0
grid_5x5,burst,medium,probes_c120,42,5,6,4,2,626,2425,1060,103,400,188,6,6.488807678222656,0
grid_5x5,burst,medium,probes_c120,303,5,6,4,2,708,2488,1467,68,489,180,6,6.020327806472778,0
grid_5x5,burst,medium,probes_c120,404,6,6,4,2,634,2444,1091,75,417,181,6,6.22633695602417,0
grid_5x5,heavy,medium,baseline,42,11,12,7,5,812,3031,1532,161,576,192,0,6.358625411987305,0
grid_5x5,heavy,medium,passive,101,9,12,0,12,720,2880,1155,231,477,205,0,5.253464460372925,0
grid_5x5,heavy,medium,baseline,303,11,12,10,2,821,2994,1628,113,621,157,0,6.28606390953064,0
grid_5x5,heavy,medium,baseline,404,12,12,4,8,812,3145,1383,191,524,240,0,6.4152514934539795,0
grid_5x5,heavy,medium,passive,42,5,12,0,12,629,2442,1084,130,404,191,0,6.429542541503906,0
grid_5x5,heavy,medium,passive,202,6,12,0,12,640,2455,1124,156,404,197,0,5.777496814727783,0
grid_5x5,heavy,medium,passive_c120,101,10,12,10,2,747,2818,1382,85,553,153,0,4.4292919635772705,0
grid_5x5,heavy,medium,passive,303,3,12,0,12,578,2153,1051,78,371,174,0,6.078822135925293,0
grid_5x5,heavy,medium,passive,404,7,12,0,12,712,2776,1218,182,487,185,0,6.099194765090942,0
grid_5x5,heavy,medium,passive_c80,303,3,12,0,12,578,2153,1051,78,371,174,0,5.775603532791138,0
grid_5x5,heavy,medium,probes_on,101,6,8,0,8,658,2602,1022,156,401,218,6,4.643739938735962,0
grid_5x5,heavy,medium,passive_c80,101,9,12,0,12,720,2880,1155,231,477,205,0,6.32290506362915,0
grid_5x5,heavy,medium,passive_c120,303,11,12,11,1,816,2948,1645,88,621,152,0,5.540285587310791,0
grid_5x5,heavy,medium,passive_c80,202,6,12,0,12,640,2455,1124,156,404,197,0,6.328754186630249,0
grid_5x5,heavy,medium,passive_c80,42,5,12,0,12,629,2442,1084,130,404,191,0,6.511160135269165,0
grid_5x5,heavy,medium,passive_c120,42,11,12,9,3,820,3040,1571,130,601,175,0,6.083855390548706,0
grid_5x5,heavy,medium,passive_c80,404,7,12,0,12,712,2776,1218,182,487,185,0,6.35916805267334,0
grid_5x5,heavy,medium,passive_c120,404,12,12,9,3,891,3319,1684,172,650,192,0,5.936856508255005,0
grid_5x5,heavy,medium,passive_c120,202,12,12,10,2,845,3042,1703,156,622,175,0,6.352624177932739,0
grid_5x5,heavy,medium,passive_c160,101,10,12,10,2,747,2818,1382,85,553,153,0,6.203760385513306,0
grid_5x5,heavy,medium,passive_c160,42,11,12,9,3,820,3040,1571,130,601,175,0,6.357542514801025,0
grid_5x5,heavy,medium,probes_on,202,3,8,0,8,544,2123,876,78,310,201,6,5.704210042953491,0
grid_5x5,heavy,medium,probes_on,303,3,12,0,12,650,2391,1198,78,426,185,6,5.771886348724365,0
grid_5x5,heavy,medium,probes_c120,42,8,8,7,1,677,2515,1268,59,474,161,6,5.3262152671813965,0
grid_5x5,heavy,medium,passive_c160,202,12,12,10,2,845,3042,1703,156,622,175,0,6.51597261428833,0
grid_5x5,heavy,medium,passive_c160,303,11,12,11,1,816,2948,1645,88,621,152,0,6.527653217315674,0
grid_5x5,heavy,medium,probes_on,42,3,8,0,8,546,2186,858,78,325,186,6,6.5124592781066895,0
grid_5x5,heavy,medium,passive_c160,404,12,12,9,3,891,3319,1684,172,650,192,0,6.5360941886901855,0
grid_5x5,heavy,medium,probes_on,404,0,8,0,8,459,1760,756,0,267,162,6,6.320317983627319,0
grid_5x5,heavy,medium,probes_c120,101,7,8,8,0,671,2575,1142,34,451,179,6,5.802658796310425,0
grid_5x5,sparse,medium,baseline,42,5,5,4,1,626,2413,1117,70,433,163,0,5.231677293777466,0
grid_5x5,heavy,medium,probes_c120,202,8,8,8,0,697,2619,1264,60,484,173,6,6.511613368988037,0
grid_5x5,heavy,medium,probes_c120,404,8,8,8,0,670,2462,1271,34,475,154,6,5.959461450576782,0
grid_5x5,heavy,medium,probes_c120,303,9,12,10,2,850,3022,1739,85,639,164,6,6.366187810897827,0
grid_5x5,sparse,medium,passive,101,4,4,0,4,538,2099,925,79,345,168,0,4.567354679107666,0
grid_5x5,sparse,medium,baseline,202,4,4,3,1,590,2158,1178,81,409,152,0,5.900650501251221,0
grid_5x5,sparse,medium,baseline,101,5,5,4,1,616,2369,1109,41,427,160,0,6.325264930725098,0
grid_5x5,sparse,medium,baseline,303,5,5,3,2,682,2492,1368,95,478,173,0,5.743107318878174,0
grid_5x5,sparse,medium,passive,42,5,5,1,4,614,2490,981,119,405,180,0,5.498199939727783,0
grid_5x5,sparse,medium,passive,404,2,4,0,4,524,2063,904,52,340,157,0,5.34590220451355,0
grid_5x5,sparse,medium,baseline,404,4,4,4,0,625,2417,1127,66,439,155,0,6.169423818588257,0
grid_5x5,sparse,medium,passive,202,4,4,2,2,532,2036,969,80,349,157,0,5.968964338302612,0
grid_5x5,sparse,medium,passive,303,0,5,0,5,482,1798,910,0,306,152,0,5.978874921798706,0
grid_5x5,sparse,medium,passive_c80,101,4,4,0,4,538,2099,925,79,345,168,0,6.2813708782196045,0
grid_5x5,sparse,medium,passive_c120,404,4,4,4,0,625,2417,1127,66,439,155,0,5.181246042251587,0
grid_5x5,sparse,medium,passive_c80,42,5,5,1,4,614,2490,981,119,405,180,0,6.521507024765015,0
grid_5x5,sparse,medium,passive_c80,202,4,4,2,2,532,2036,969,80,349,157,0,6.168475389480591,0
grid_5x5,sparse,medium,passive_c80,404,2,4,0,4,524,2063,904,52,340,157,0,5.9362359046936035,0
grid_5x5,sparse,medium,passive_c80,303,0,5,0,5,482,1798,910,0,306,152,0,6.3072426319122314,0
grid_5x5,sparse,medium,passive_c120,101,5,5,4,1,616,2369,1109,41,427,160,0,6.244220972061157,0
grid_5x5,sparse,medium,passive_c120,42,5,5,4,1,626,2413,1117,70,433,163,0,6.437261343002319,0
grid_5x5,sparse,medium,passive_c120,303,5,5,3,2,682,2492,1368,95,478,173,0,5.905381917953491,0
grid_5x5,sparse,medium,passive_c120,202,4,4,3,1,590,2158,1178,81,409,152,0,6.031768560409546,0
grid_5x5,sparse,medium,passive_c160,202,4,4,3,1,590,2158,1178,81,409,152,0,5.9905619621276855,0
grid_5x5,sparse,medium,passive_c160,42,5,5,4,1,626,2413,1117,70,433,163,0,6.327228546142578,0
grid_5x5,sparse,medium,passive_c160,101,5,5,4,1,616,2369,1109,41,427,160,0,6.507047414779663,0
grid_3x3_nodiag,light,medium,baseline,202,1,2,2,0,173,379,114,12,99,54,0,2.2540032863616943,0
grid_5x5,sparse,medium,passive_c160,303,5,5,3,2,682,2492,1368,95,478,173,0,6.171456336975098,0
grid_5x5,sparse,medium,probes_on,42,3,5,0,5,582,2288,990,78,368,183,6,5.321052074432373,0
grid_3x3_nodiag,light,medium,baseline,42,3,3,3,0,210,452,145,35,129,56,0,2.8341400623321533,0
grid_5x5,sparse,medium,probes_on,101,4,4,0,4,505,2138,669,79,282,192,6,5.04775595664978,0
grid_3x3_nodiag,light,medium,baseline,101,2,2,2,0,178,389,118,24,97,59,0,2.822087049484253,0
grid_5x5,sparse,medium,passive_c160,404,4,4,4,0,625,2417,1127,66,439,155,0,6.326308965682983,0
grid_3x3_nodiag,light,medium,passive,202,2,2,0,2,169,367,114,17,90,59,0,2.232658863067627,0
grid_3x3_nodiag,light,medium,baseline,303,1,3,3,0,171,375,112,1,98,53,0,2.83815860748291,0
grid_5x5,sparse,medium,probes_on,202,2,2,0,2,482,1912,735,52,257,199,6,5.7308409214019775,0
grid_3x3_nodiag,light,medium,passive,101,2,2,0,2,163,377,87,20,84,59,0,2.845724105834961,0
grid_3x3_nodiag,light,medium,baseline,404,3,3,3,0,181,402,111,22,104,54,0,2.898430585861206,0
grid_3x3_nodiag,light,medium,passive,42,3,3,0,3,194,433,120,30,108,64,0,2.9081385135650635,0
grid_3x3_nodiag,light,medium,passive,404,1,3,0,3,147,333,80,10,71,56,0,2.323249101638794,0
grid_5x5,sparse,medium,probes_on,303,0,5,0,5,538,2008,989,0,335,174,6,5.672327280044556,0
grid_3x3_nodiag,light,medium,passive_c80,202,2,2,0,2,169,367,114,17,90,59,0,2.2230312824249268,0
grid_3x3_nodiag,light,medium,passive,303,2,3,0,3,175,402,95,20,93,61,0,2.849506139755249,0
grid_3x3_nodiag,light,medium,passive_c80,42,3,3,0,3,194,433,120,30,108,64,0,2.5843520164489746,0
grid_3x3_nodiag,light,medium,passive_c80,101,2,2,0,2,163,377,87,20,84,59,0,2.7891368865966797,0
grid_5x5,sparse,medium,probes_c120,42,4,4,3,1,633,2413,1126,70,417,180,6,5.638276815414429,0
grid_3x3_nodiag,light,medium,passive_c80,303,2,3,0,3,175,402,95,20,93,61,0,2.822192907333374,0
grid_3x3_nodiag,light,medium,passive_c80,404,1,3,0,3,147,333,80,10,71,56,0,2.9264960289001465,0
grid_3x3_nodiag,light,medium,passive_c160,101,2,2,2,0,178,389,118,24,97,59,0,2.1398203372955322,0
grid_5x5,sparse,medium,probes_on,404,0,5,0,5,474,1835,796,0,287,157,6,6.413207530975342,0
grid_5x5,sparse,medium,probes_c120,404,4,4,3,1,537,2129,860,55,346,158,6,5.564093112945557,0
grid_3x3_nodiag,light,medium,passive_c120,42,3,3,3,0,210,452,145,35,129,56,0,2.913722515106201,0
grid_3x3_nodiag,light,medium,passive_c120,101,2,2,2,0,178,389,118,24,97,59,0,2.8037166595458984,0
grid_5x5,sparse,medium,probes_c120,101,4,4,3,1,568,2260,904,55,355,182,6,6.369951486587524,0
grid_3x3_nodiag,light,medium,passive_c120,202,1,2,2,0,173,379,114,12,99,54,0,2.8778862953186035,0
grid_3x3_nodiag,light,medium,passive_c120,303,1,3,3,0,171,375,112,1,98,53,0,2.867131471633911,0
grid_3x3_nodiag,light,medium,passive_c120,404,3,3,3,0,181,402,111,22,104,54,0,2.846961736679077,0
grid_5x5,sparse,medium,probes_c120,202,2,2,2,0,472,1874,727,2,259,185,6,6.327791452407837,0
grid_5x5,sparse,medium,probes_c120,303,3,5,2,3,644,2370,1227,80,433,177,6,6.295160293579102,0
grid_3x3_nodiag,light,medium,passive_c160,42,3,3,3,0,210,452,145,35,129,56,0,2.8534367084503174,0
grid_3x3_nodiag,light,medium,passive_c160,303,1,3,3,0,171,375,112,1,98,53,0,2.676912784576416,0
grid_3x3_nodiag,light,medium,probes_on,101,2,2,0,2,193,446,95,20,77,90,6,2.3279294967651367,0
grid_3x3_nodiag,light,medium,probes_on,303,2,3,0,3,211,472,122,18,105,79,6,2.2976293563842773,0
grid_3x3_nodiag,light,medium,passive_c160,202,1,2,2,0,173,379,114,12,99,54,0,2.8904473781585693,0
grid_3x3_nodiag,light,medium,passive_c160,404,3,3,3,0,181,402,111,22,104,54,0,2.799009323120117,0
grid_3x3_nodiag,light,medium,probes_on,42,3,3,0,3,217,517,92,29,93,96,6,2.742993116378784,0
grid_3x3_nodiag,light,medium,probes_on,202,1,2,0,2,174,385,104,9,82,69,4,2.7459208965301514,0
grid_3x3_nodiag,light,medium,probes_c120,42,2,3,3,0,204,467,104,2,92,85,6,2.792088747024536,0
grid_3x3_nodiag,light,medium,probes_c120,202,1,2,2,0,181,395,113,12,88,69,4,2.7224559783935547,0
grid_3x3_nodiag,light,medium,probes_c120,101,1,2,2,0,194,437,106,13,83,85,6,2.850637912750244,0
grid_3x3_nodiag,light,medium,probes_on,404,1,3,0,3,160,349,91,10,74,60,6,2.9456069469451904,0
grid_3x3_nodiag,light,medium,probes_c120,303,2,3,3,0,219,478,139,10,117,74,6,2.7149763107299805,0
grid_3x3_nodiag,medium,medium,baseline,101,4,4,3,1,190,417,120,22,108,57,0,2.445836067199707,0
grid_3x3_nodiag,light,medium,probes_c120,404,2,3,3,0,188,399,122,19,104,55,6,2.9443812370300293,0
grid_3x3_nodiag,medium,medium,baseline,42,6,6,4,2,234,498,163,42,143,61,0,2.8547134399414062,0
grid_3x3_nodiag,medium,medium,baseline,303,3,6,6,0,202,435,138,3,124,53,0,2.4087183475494385,0
grid_3x3_nodiag,medium,medium,baseline,202,2,4,3,1,189,413,122,16,106,60,0,2.5463335514068604,0
grid_3x3_nodiag,medium,medium,passive_c80,42,6,6,0,6,225,494,141,47,122,75,0,2.3020875453948975,0
grid_3x3_nodiag,medium,medium,passive,42,6,6,0,6,225,494,141,47,122,75,0,2.652195930480957,0
grid_3x3_nodiag,medium,medium,passive,101,4,4,0,4,186,425,101,35,97,65,0,2.628631591796875,0
grid_3x3_nodiag,medium,medium,baseline,404,5,6,5,1,210,473,118,28,122,60,0,2.7209017276763916,0
grid_3x3_nodiag,medium,medium,passive,303,4,6,0,6,206,471,111,40,111,69,0,2.561999559402466,0
grid_3x3_nodiag,medium,medium,passive,202,4,4,0,4,192,423,122,30,101,67,0,2.6954100131988525,0
grid_3x3_nodiag,medium,medium,passive_c80,303,4,6,0,6,206,471,111,40,111,69,0,2.3647713661193848,0
grid_3x3_nodiag,medium,medium,passive,404,2,6,0,6,165,372,88,20,80,61,0,2.711775064468384,0
grid_3x3_nodiag,medium,medium,passive_c80,404,2,6,0,6,165,372,88,20,80,61,0,2.3956809043884277,0
grid_3x3_nodiag,medium,medium,passive_c80,202,4,4,0,4,192,423,122,30,101,67,0,2.7594411373138428,0
grid_3x3_nodiag,medium,medium,passive_c80,101,4,4,0,4,186,425,101,35,97,65,0,2.8403313159942627,0
grid_3x3_nodiag,medium,medium,passive_c120,42,6,6,4,2,234,498,163,42,143,61,0,2.7143592834472656,0
grid_3x3_nodiag,medium,medium,passive_c160,42,6,6,4,2,234,498,163,42,143,61,0,2.420689344406128,0
grid_3x3_nodiag,medium,medium,passive_c120,202,2,4,3,1,189,413,122,16,106,60,0,2.83143949508667,0
grid_3x3_nodiag,medium,medium,passive_c120,101,4,4,3,1,190,417,120,22,108,57,0,2.9006619453430176,0
grid_3x3_nodiag,medium,medium,passive_c160,101,4,4,3,1,190,417,120,22,108,57,0,2.492086887359619,0
grid_3x3_nodiag,medium,medium,passive_c120,303,3,6,6,0,202,435,138,3,124,53,0,2.932865858078003,0
grid_3x3_nodiag,medium,medium,passive_c120,404,5,6,5,1,210,473,118,28,122,60,0,2.7712113857269287,0
grid_3x3_nodiag,medium,medium,passive_c160,404,5,6,5,1,210,473,118,28,122,60,0,2.432661771774292,0
grid_3x3_nodiag,medium,medium,passive_c160,202,2,4,3,1,189,413,122,16,106,60,0,2.7064781188964844,0
grid_3x3_nodiag,medium,medium,probes_on,101,4,4,0,4,221,507,111,38,93,98,6,2.700254201889038,0
grid_3x3_nodiag,medium,medium,probes_on,42,6,6,0,6,253,597,110,51,112,107,6,2.852818489074707,0
grid_3x3_nodiag,medium,medium,passive_c160,303,3,6,6,0,202,435,138,3,124,53,0,2.922189950942993,0
grid_3x3_nodiag,medium,medium,probes_on,202,4,4,0,4,214,482,119,38,108,78,4,2.621721029281616,0
grid_3x3_nodiag,burst,medium,baseline,101,6,6,1,5,196,445,100,32,81,86,0,1.9473345279693604,0
grid_3x3_nodiag,medium,medium,probes_on,303,4,6,0,6,242,539,140,38,123,87,6,2.8495633602142334,0
grid_3x3_nodiag,medium,medium,probes_on,404,2,6,0,6,176,382,97,20,83,63,6,2.8727850914001465,0
grid_3x3_nodiag,medium,medium,probes_c120,42,4,6,5,1,242,549,126,19,115,94,6,2.8584604263305664,0
grid_3x3_nodiag,burst,medium,baseline,42,6,6,1,5,237,534,137,60,140,68,0,2.555931568145752,0
grid_3x3_nodiag,medium,medium,probes_c120,101,3,4,3,1,216,477,125,23,95,91,6,2.9267659187316895,0
grid_3x3_nodiag,medium,medium,probes_c120,303,4,6,6,0,258,549,176,26,147,77,6,2.7624199390411377,0
grid_3x3_nodiag,burst,medium,passive,42,5,6,4,2,220,473,150,23,134,59,0,2.3788301944732666,0
grid_3x3_nodiag,medium,medium,probes_c120,202,4,4,4,0,224,477,151,29,122,72,4,2.9212653636932373,0
grid_3x3_nodiag,medium,medium,probes_c120,404,4,6,4,2,218,463,140,36,119,65,6,2.8570737838745117,0
grid_3x3_nodiag,burst,medium,passive_c80,101,6,6,4,2,206,449,131,25,119,59,0,1.9383702278137207,0
grid_3x3_nodiag,burst,medium,baseline,202,,,0,0,142,308,98,0,75,51,0,2.874635696411133,0
grid_3x3_nodiag,burst,medium,baseline,303,5,6,2,4,222,481,146,46,129,65,0,2.822878837585449,0
grid_3x3_nodiag,burst,medium,baseline,404,6,6,1,5,192,443,88,33,79,84,0,2.893949270248413,0
grid_3x3_nodiag,burst,medium,passive,202,,,0,0,142,308,98,0,75,51,0,2.8163902759552,0
grid_3x3_nodiag,burst,medium,passive,101,6,6,4,2,206,449,131,25,119,59,0,2.849660634994507,0
grid_3x3_nodiag,burst,medium,passive_c120,101,6,6,5,1,215,457,147,30,123,62,0,1.9379713535308838,0
grid_3x3_nodiag,burst,medium,passive,303,6,6,4,2,222,489,136,30,128,65,0,2.859395980834961,0
grid_3x3_nodiag,burst,medium,passive_c80,42,5,6,4,2,220,473,150,23,134,59,0,2.7384355068206787,0
grid_3x3_nodiag,burst,medium,passive_c80,202,,,0,0,142,308,98,0,75,51,0,2.6866986751556396,0
grid_3x3_nodiag,burst,medium,passive,404,5,6,3,3,210,471,116,44,113,67,0,2.831763982772827,0
grid_3x3_nodiag,burst,medium,passive_c80,303,6,6,4,2,222,489,136,30,128,65,0,2.9297163486480713,0
grid_3x3_nodiag,burst,medium,passive_c80,404,5,6,3,3,210,471,116,44,113,67,0,2.8516409397125244,0
grid_3x3_nodiag,burst,medium,passive_c120,42,6,6,4,2,232,500,154,37,137,65,0,2.8431241512298584,0
grid_3x3_nodiag,burst,medium,passive_c120,202,,,0,0,142,308,98,0,75,51,0,2.6180529594421387,0
grid_3x3_nodiag,burst,medium,passive_c160,101,6,6,5,1,215,457,147,30,123,62,0,2.329902410507202,0
grid_3x3_nodiag,burst,medium,passive_c120,303,5,6,4,2,222,481,144,38,128,65,0,2.922694206237793,0
grid_3x3_nodiag,burst,medium,passive_c120,404,6,6,3,3,212,463,127,45,109,72,0,2.9194490909576416,0
grid_3x3_nodiag,burst,medium,passive_c160,42,6,6,4,2,232,500,154,37,137,65,0,2.9251911640167236,0
grid_3x3_nodiag,burst,medium,probes_on,42,6,6,4,2,243,545,132,23,118,91,6,2.402406930923462,0
grid_3x3_nodiag,burst,medium,probes_on,303,6,6,4,2,254,543,166,28,136,83,6,2.2647531032562256,0
grid_3x3_nodiag,burst,medium,probes_c120,42,6,6,5,1,249,554,140,23,125,89,6,2.2333357334136963,0
grid_3x3_nodiag,burst,medium,passive_c160,202,,,0,0,142,308,98,0,75,51,0,2.8656604290008545,0
grid_3x3_nodiag,burst,medium,probes_on,101,,,0,0,163,374,83,0,59,82,6,2.667638063430786,0
grid_3x3_nodiag,burst,medium,passive_c160,303,5,6,4,2,222,481,144,38,128,65,0,2.8541924953460693,0
grid_3x3_nodiag,burst,medium,passive_c160,404,6,6,3,3,212,463,127,45,109,72,0,2.8310492038726807,0
grid_3x3_nodiag,burst,medium,probes_on,202,5,6,4,2,230,494,147,33,119,78,4,2.763287305831909,0
grid_3x3_nodiag,burst,medium,probes_on,404,5,6,4,2,208,441,131,24,117,57,6,2.768951892852783,0
grid_3x3_nodiag,burst,medium,probes_c120,101,,,0,0,163,374,83,0,59,82,6,2.6438045501708984,0
grid_3x3_nodiag,heavy,medium,baseline,303,11,12,6,6,318,717,181,87,176,100,0,2.026071548461914,0
grid_3x3_nodiag,burst,medium,probes_c120,202,5,6,5,1,230,494,147,33,119,78,4,2.911073923110962,0
grid_3x3_nodiag,burst,medium,probes_c120,303,6,6,4,2,280,608,181,53,162,81,6,2.8804430961608887,0
grid_3x3_nodiag,burst,medium,probes_c120,404,6,6,4,2,228,489,141,40,132,60,6,2.82100772857666,0
grid_3x3_nodiag,heavy,medium,baseline,101,7,8,4,4,232,497,153,45,129,70,0,2.6251888275146484,0
grid_3x3_nodiag,heavy,medium,baseline,202,7,8,3,5,240,533,138,49,117,90,0,2.6345582008361816,0
grid_3x3_nodiag,heavy,medium,baseline,42,8,8,2,6,256,566,152,65,138,84,0,2.8013246059417725,0
grid_3x3_nodiag,heavy,medium,passive,42,7,8,0,8,244,537,151,69,138,75,0,2.774718999862671,0
grid_3x3_nodiag,heavy,medium,baseline,404,12,12,5,7,292,676,133,82,139,110,0,2.825623035430908,0
grid_3x3_nodiag,heavy,medium,passive,101,7,8,0,8,231,524,126,66,125,75,0,2.827610969543457,0
grid_3x3_nodiag,heavy,medium,passive_c80,404,4,12,0,12,201,456,98,40,98,71,0,2.022390127182007,0
grid_3x3_nodiag,heavy,medium,passive,303,8,12,0,12,251,562,137,63,130,85,0,2.7175700664520264,0
grid_3x3_nodiag,heavy,medium,passive,202,7,8,0,8,237,516,154,57,125,81,0,2.8994343280792236,0
grid_3x3_nodiag,heavy,medium,passive,404,4,12,0,12,201,456,98,40,98,71,0,2.8439781665802,0
grid_3x3_nodiag,heavy,medium,passive_c80,303,8,12,0,12,251,562,137,63,130,85,0,2.344935655593872,0
grid_3x3_nodiag,heavy,medium,passive_c80,42,7,8,0,8,244,537,151,69,138,75,0,2.8758997917175293,0
grid_3x3_nodiag,heavy,medium,passive_c160,101,7,8,7,1,235,503,157,35,142,60,0,1.8645288944244385,0
grid_3x3_nodiag,heavy,medium,passive_c80,101,7,8,0,8,231,524,126,66,125,75,0,2.8750369548797607,0
grid_3x3_nodiag,heavy,medium,passive_c120,42,8,8,4,4,276,610,166,76,156,84,0,2.5700342655181885,0
grid_3x3_nodiag,heavy,medium,passive_c80,202,7,8,0,8,237,516,154,57,125,81,0,2.912428379058838,0
grid_3x3_nodiag,heavy,medium,passive_c120,202,7,8,5,3,252,546,162,53,141,77,0,2.4944958686828613,0
grid_3x3_nodiag,heavy,medium,passive_c120,101,7,8,7,1,235,503,157,35,142,60,0,2.7844865322113037,0
grid_3x3_nodiag,heavy,medium,passive_c120,303,11,12,9,3,307,665,198,65,181,84,0,2.9344208240509033,0
grid_3x3_nodiag,heavy,medium,passive_c160,42,8,8,4,4,276,610,166,76,156,84,0,2.848223924636841,0
grid_3x3_nodiag,heavy,medium,passive_c120,404,11,12,8,4,306,672,181,86,178,84,0,2.882371187210083,0
grid_3x3_nodiag,heavy,medium,probes_c120,42,7,8,6,2,251,552,143,45,139,75,4,2.227597236633301,0
grid_3x3_nodiag,heavy,medium,passive_c160,303,11,12,9,3,307,665,198,65,181,84,0,2.7207069396972656,0
grid_3x3_nodiag,heavy,medium,passive_c160,202,7,8,5,3,252,546,162,53,141,77,0,2.8253676891326904,0
grid_3x3_nodiag,heavy,medium,probes_on,42,7,8,0,8,245,555,126,64,120,90,4,2.6681180000305176,0
grid_3x3_nodiag,heavy,medium,passive_c160,404,11,12,8,4,306,672,181,86,178,84,0,2.8570430278778076,0
grid_3x3_nodiag,heavy,medium,probes_on,101,8,8,0,8,278,643,133,75,126,114,6,2.699723958969116,0
grid_3x3_nodiag,heavy,medium,probes_on,404,4,12,0,12,211,458,113,38,99,74,6,2.62589955329895,0
grid_3x3_nodiag,heavy,medium,probes_on,202,7,8,0,8,254,557,153,64,131,88,4,2.752656936645508,0
grid_3x3_nodiag,heavy,medium,probes_on,303,8,12,0,12,288,625,172,62,143,103,6,2.9627957344055176,0
grid_3x3_nodiag,heavy,medium,probes_c120,101,7,8,6,2,286,634,164,58,150,96,6,2.860409736633301,0
grid_3x3_nodiag,sparse,medium,passive,101,2,2,0,2,158,354,94,15,79,59,0,2.026015281677246,0
grid_3x3_nodiag,heavy,medium,probes_c120,202,7,8,6,2,269,563,187,48,157,74,4,2.8476743698120117,0
grid_3x3_nodiag,sparse,medium,baseline,101,2,2,2,0,154,334,102,2,81,53,0,2.631657123565674,0
grid_3x3_nodiag,heavy,medium,probes_c120,303,8,12,10,2,318,684,204,38,191,83,6,2.8712940216064453,0
grid_3x3_nodiag,heavy,medium,probes_c120,404,12,12,9,3,320,673,210,75,182,89,6,2.873549699783325,0
grid_3x3_nodiag,sparse,medium,baseline,42,5,5,3,2,249,571,139,57,146,74,0,2.811115264892578,0
grid_3x3_nodiag,sparse,medium,passive,303,2,4,0,4,175,388,105,17,90,63,0,2.1353726387023926,0
grid_3x3_nodiag,sparse,medium,baseline,404,3,4,4,0,188,402,128,17,113,51,0,2.771683931350708,0
grid_3x3_nodiag,sparse,medium,baseline,303,3,4,3,1,205,467,114,28,118,62,0,2.8322956562042236,0
grid_3x3_nodiag,sparse,medium,baseline,202,2,4,4,0,186,387,142,2,113,51,0,2.8418474197387695,0
grid_3x3_nodiag,sparse,medium,passive,202,3,4,0,4,179,404,102,26,89,67,0,2.7137255668640137,0
grid_3x3_nodiag,sparse,medium,passive,42,4,4,0,4,196,439,116,37,105,67,0,2.8451600074768066,0
grid_3x3_nodiag,sparse,medium,passive,404,1,4,0,4,155,352,82,10,77,57,0,2.5638089179992676,0
grid_3x3_nodiag,sparse,medium,passive_c80,42,4,4,0,4,196,439,116,37,105,67,0,2.738724946975708,0
grid_3x3_nodiag,sparse,medium,passive_c80,404,1,4,0,4,155,352,82,10,77,57,0,2.2865772247314453,0
grid_3x3_nodiag,sparse,medium,passive_c80,101,2,2,0,2,158,354,94,15,79,59,0,2.834589719772339,0
grid_3x3_nodiag,sparse,medium,passive_c120,101,2,2,2,0,154,334,102,2,81,53,0,2.5359814167022705,0
grid_3x3_nodiag,sparse,medium,passive_c80,303,2,4,0,4,175,388,105,17,90,63,0,2.7190210819244385,0
grid_3x3_nodiag,sparse,medium,passive_c120,42,5,5,3,2,249,571,139,57,146,74,0,2.6793413162231445,0
grid_3x3_nodiag,sparse,medium,passive_c80,202,3,4,0,4,179,404,102,26,89,67,0,2.8903615474700928,0
grid_3x3_nodiag,sparse,medium,passive_c160,404,3,4,4,0,188,402,128,17,113,51,0,2.004714250564575,0
grid_3x3_nodiag,sparse,medium,passive_c120,202,2,4,4,0,186,387,142,2,113,51,0,2.8376641273498535,0
grid_3x3_nodiag,sparse,medium,passive_c120,303,3,4,3,1,205,467,114,28,118,62,0,2.8432226181030273,0
grid_3x3_nodiag,sparse,medium,passive_c160,202,2,4,4,0,186,387,142,2,113,51,0,2.539665460586548,0
grid_3x3_nodiag,sparse,medium,passive_c160,42,5,5,3,2,249,571,139,57,146,74,0,2.714745044708252,0
grid_3x3_nodiag,sparse,medium,passive_c120,404,3,4,4,0,188,402,128,17,113,51,0,2.8490962982177734,0
grid_3x3_nodiag,sparse,medium,passive_c160,101,2,2,2,0,154,334,102,2,81,53,0,2.8289709091186523,0
grid_3x3_nodiag,sparse,medium,passive_c160,303,3,4,3,1,205,467,114,28,118,62,0,2.8451719284057617,0
grid_3x3_nodiag,sparse,medium,probes_on,202,2,2,0,2,187,417,110,19,91,72,4,2.568680763244629,0
grid_3x3_nodiag,sparse,medium,probes_on,42,5,5,0,5,224,516,105,47,100,92,6,2.7443978786468506,0
grid_3x3_nodiag,sparse,medium,probes_on,101,3,3,0,3,218,500,114,28,101,89,6,2.6253957748413086,0
grid_3x3_nodiag,sparse,medium,probes_c120,42,3,3,3,0,193,423,116,4,98,69,4,2.4788265228271484,0
grid_3x3_nodiag,sparse,medium,probes_on,404,1,4,0,4,151,316,95,9,66,58,6,2.6135685443878174,0
grid_3x3_nodiag,sparse,medium,probes_on,303,3,5,0,5,227,518,120,27,112,85,6,2.9099204540252686,0
grid_3x3_nodiag,sparse,medium,probes_c120,202,2,2,2,0,204,456,119,26,106,72,4,2.609921455383301,0
grid_3x3_nodiag,sparse,medium,probes_c120,101,3,3,2,1,208,460,124,22,88,91,6,2.8522887229919434,0
grid_3x3_nodiag,sparse,medium,probes_c120,404,4,4,3,1,202,441,119,24,104,67,6,2.798823118209839,0
grid_3x3_nodiag,sparse,medium,probes_c120,303,3,5,4,1,235,531,126,25,122,81,6,2.894643783569336,0
grid_5x5_nodiag,light,medium,baseline,202,2,2,2,0,415,944,393,33,242,152,0,4.766615629196167,0
grid_5x5_nodiag,light,medium,baseline,101,2,3,3,0,520,1223,468,53,351,146,0,4.995970726013184,0
grid_5x5_nodiag,light,medium,passive,101,2,3,1,2,499,1187,433,52,327,150,0,4.800747632980347,0
grid_5x5_nodiag,light,medium,passive,404,2,2,1,1,410,953,374,25,239,151,0,4.706759214401245,0
grid_5x5_nodiag,light,medium,baseline,42,1,3,3,0,480,1114,446,26,314,145,0,5.932955741882324,0
grid_5x5_nodiag,light,medium,passive,202,2,2,0,2,396,911,362,50,219,157,0,5.386595726013184,0
grid_5x5_nodiag,light,medium,baseline,404,2,2,2,0,437,998,417,33,265,151,0,5.8465330600738525,0
grid_5x5_nodiag,light,medium,baseline,303,0,2,2,0,448,1058,404,0,283,147,0,6.170459270477295,0
grid_5x5_nodiag,light,medium,passive,42,1,3,1,2,464,1080,424,26,296,147,0,6.209468841552734,0
grid_5x5_nodiag,light,medium,passive_c80,202,2,2,0,2,396,911,362,50,219,157,0,6.031159162521362,0
grid_5x5_nodiag,light,medium,passive_c80,404,2,2,1,1,410,953,374,25,239,151,0,5.94266939163208,0
grid_5x5_nodiag,light,medium,passive_c120,42,1,3,3,0,480,1114,446,26,314,145,0,5.982611179351807,0
grid_5x5_nodiag,light,medium,passive_c80,101,2,3,1,2,499,1187,433,52,327,150,0,6.1994359493255615,0
grid_5x5_nodiag,light,medium,passive_c80,303,1,2,0,2,436,1042,375,26,263,154,0,6.121355772018433,0
grid_5x5_nodiag,light,medium,passive,303,1,2,0,2,436,1042,375,26,263,154,0,6.431512355804443,0
grid_5x5_nodiag,light,medium,passive_c80,42,1,3,1,2,464,1080,424,26,296,147,0,6.353502988815308,0
grid_5x5_nodiag,light,medium,passive_c120,101,2,3,3,0,520,1223,468,53,351,146,0,6.160660743713379,0
grid_5x5_nodiag,light,medium,passive_c120,202,2,2,2,0,415,944,393,33,242,152,0,6.13962459564209,0
grid_5x5_nodiag,light,medium,probes_on,101,2,3,1,2,539,1270,457,56,329,182,6,5.336002349853516,0
grid_5x5_nodiag,light,medium,passive_c120,303,0,2,2,0,448,1058,404,0,283,147,0,6.064034700393677,0
grid_5x5_nodiag,light,medium,passive_c160,42,1,3,3,0,480,1114,446,26,314,145,0,6.13941502571106,0
grid_5x5_nodiag,light,medium,passive_c160,101,2,3,3,0,520,1223,468,53,351,146,0,6.21219277381897,0
grid_5x5_nodiag,light,medium,passive_c160,404,2,2,2,0,437,998,417,33,265,151,0,5.936183214187622,0
grid_5x5_nodiag,light,medium,passive_c120,404,2,2,2,0,437,998,417,33,265,151,0,6.320219278335571,0
grid_5x5_nodiag,light,medium,probes_on,202,2,2,0,2,459,1086,370,45,246,187,6,5.6745078563690186,0
grid_5x5_nodiag,light,medium,passive_c160,202,2,2,2,0,415,944,393,33,242,152,0,6.31610369682312,0
grid_5x5_nodiag,light,medium,passive_c160,303,0,2,2,0,448,1058,404,0,283,147,0,6.332061767578125,0
grid_5x5_nodiag,light,medium,probes_on,42,0,3,0,3,449,1031,409,0,255,169,6,6.173358678817749,0
grid_5x5_nodiag,light,medium,probes_on,404,0,2,0,2,380,895,323,0,196,160,6,5.165940999984741,0
grid_5x5_nodiag,light,medium,probes_on,303,1,2,0,2,438,1018,385,25,243,170,6,6.205223083496094,0
grid_5x5_nodiag,light,medium,probes_c120,42,0,3,3,0,487,1117,452,0,302,160,6,5.927862882614136,0
grid_5x5_nodiag,medium,medium,passive,202,3,4,0,4,430,994,385,76,244,163,0,4.536045551300049,0
grid_5x5_nodiag,light,medium,probes_c120,303,1,2,2,0,452,1039,414,1,264,163,6,5.645813703536987,0
grid_5x5_nodiag,light,medium,probes_c120,101,2,3,3,0,532,1237,469,32,327,177,6,6.266201496124268,0
grid_5x5_nodiag,medium,medium,passive_c80,101,5,6,2,4,606,1406,559,119,414,165,0,4.197806358337402,0
grid_5x5_nodiag,light,medium,probes_c120,202,2,2,2,0,453,1075,364,2,250,177,6,6.252485990524292,0
grid_5x5_nodiag,medium,medium,passive,404,4,4,2,2,489,1120,459,74,309,156,0,4.694381237030029,0
grid_5x5_nodiag,medium,medium,passive_c120,202,3,4,3,1,443,1002,420,33,266,153,0,4.080622434616089,0
grid_5x5_nodiag,light,medium,probes_c120,404,2,2,2,0,429,982,397,2,245,158,6,6.280740261077881,0
grid_5x5_nodiag,medium,medium,baseline,42,5,6,4,2,614,1444,546,90,415,170,0,6.352510929107666,0
grid_5x5_nodiag,medium,medium,baseline,101,4,6,6,0,592,1362,560,36,415,150,0,6.075665473937988,0
grid_5x5_nodiag,medium,medium,passive,42,6,6,2,4,611,1424,548,128,417,165,0,5.767641305923462,0
grid_5x5_nodiag,medium,medium,baseline,404,3,4,4,0,479,1076,472,33,304,151,0,5.9434494972229,0
grid_5x5_nodiag,medium,medium,baseline,202,3,4,3,1,443,1002,420,33,266,153,0,6.145570516586304,0
grid_5x5_nodiag,medium,medium,passive,101,5,6,2,4,606,1406,559,119,414,165,0,5.980264902114868,0
grid_5x5_nodiag,medium,medium,passive,303,2,4,0,4,470,1126,395,51,287,161,0,6.044650077819824,0
grid_5x5_nodiag,medium,medium,baseline,303,3,4,4,0,563,1285,551,64,392,147,0,6.30099892616272,0
grid_5x5_nodiag,medium,medium,passive_c80,42,6,6,2,4,611,1424,548,128,417,165,0,6.190335035324097,0
grid_5x5_nodiag,medium,medium,passive_c80,202,3,4,0,4,430,994,385,76,244,163,0,6.1761815547943115,0
grid_5x5_nodiag,medium,medium,passive_c80,404,4,4,2,2,489,1120,459,74,309,156,0,6.190123081207275,0
grid_5x5_nodiag,medium,medium,passive_c80,303,2,4,0,4,470,1126,395,51,287,161,0,6.324105978012085,0
grid_5x5_nodiag,medium,medium,passive_c120,42,5,6,4,2,614,1444,546,90,415,170,0,6.220646381378174,0
grid_5x5_nodiag,medium,medium,passive_c120,303,3,4,4,0,563,1285,551,64,392,147,0,6.211884260177612,0
grid_5x5_nodiag,medium,medium,passive_c120,101,4,6,6,0,592,1362,560,36,415,150,0,6.297174453735352,0
grid_5x5_nodiag,medium,medium,passive_c160,42,5,6,4,2,614,1444,546,90,415,170,0,6.222877740859985,0
grid_5x5_nodiag,medium,medium,passive_c120,404,3,4,4,0,479,1076,472,33,304,151,0,6.327561378479004,0
grid_5x5_nodiag,medium,medium,passive_c160,101,4,6,6,0,592,1362,560,36,415,150,0,5.582799911499023,0
grid_5x5_nodiag,medium,medium,passive_c160,202,3,4,3,1,443,1002,420,33,266,153,0,5.690282583236694,0
grid_5x5_nodiag,medium,medium,passive_c160,303,3,4,4,0,563,1285,551,64,392,147,0,5.567117691040039,0
grid_5x5_nodiag,medium,medium,probes_c120,202,3,4,4,0,506,1183,425,28,294,182,6,4.7773895263671875,0
grid_5x5_nodiag,burst,medium,baseline,303,5,6,2,4,527,1247,442,54,307,192,0,4.211421966552734,0
grid_5x5_nodiag,medium,medium,probes_on,404,0,4,0,4,384,903,323,0,196,162,6,5.674961566925049,0
grid_5x5_nodiag,medium,medium,probes_on,42,4,6,0,6,573,1331,502,98,349,192,6,6.1177380084991455,0
grid_5x5_nodiag,medium,medium,probes_on,202,1,4,0,4,437,1041,340,19,221,189,6,5.94636869430542,0
grid_5x5_nodiag,burst,medium,baseline,101,4,6,2,4,512,1215,426,49,301,184,0,4.860840082168579,0
grid_5x5_nodiag,medium,medium,passive_c160,404,3,4,4,0,479,1076,472,33,304,151,0,6.301677465438843,0
grid_5x5_nodiag,medium,medium,probes_on,303,2,4,0,4,475,1112,403,47,264,183,6,6.1100640296936035,0
grid_5x5_nodiag,medium,medium,probes_on,101,6,6,1,5,652,1545,543,137,391,226,6,6.381054639816284,0
grid_5x5_nodiag,medium,medium,probes_c120,42,4,6,4,2,630,1462,560,77,400,196,6,5.915129661560059,0
grid_5x5_nodiag,medium,medium,probes_c120,101,6,6,4,2,675,1563,601,112,444,195,6,6.377037048339844,0
grid_5x5_nodiag,medium,medium,probes_c120,404,4,4,4,0,533,1213,496,58,334,167,6,5.880917310714722,0
grid_5x5_nodiag,burst,medium,baseline,42,5,6,3,3,524,1213,464,48,316,180,0,5.745055198669434,0
grid_5x5_nodiag,medium,medium,probes_c120,303,4,4,3,1,531,1228,474,41,310,190,6,6.146646499633789,0
grid_5x5_nodiag,burst,medium,passive,202,6,6,3,3,518,1181,470,91,306,182,0,4.656688690185547,0
grid_5x5_nodiag,burst,medium,baseline,404,6,6,1,5,471,1106,387,62,241,201,0,5.711239814758301,0
grid_5x5_nodiag,burst,medium,baseline,202,5,6,1,5,443,1035,364,56,220,195,0,6.057233810424805,0
grid_5x5_nodiag,burst,medium,passive,42,5,6,4,2,571,1303,535,66,377,165,0,6.043121337890625,0
grid_5x5_nodiag,burst,medium,passive,101,4,6,3,3,594,1377,540,92,396,169,0,6.009820938110352,0
grid_5x5_nodiag,burst,medium,passive,404,6,6,3,3,546,1266,485,99,335,181,0,6.189985990524292,0
grid_5x5_nodiag,burst,medium,passive,303,6,6,4,2,591,1343,567,80,405,157,0,6.334842681884766,0
grid_5x5_nodiag,burst,medium,passive_c80,42,5,6,4,2,571,1303,535,66,377,165,0,6.364087343215942,0
grid_5x5_nodiag,burst,medium,passive_c80,101,4,6,3,3,594,1377,540,92,396,169,0,6.365604400634766,0
grid_5x5_nodiag,burst,medium,passive_c80,202,6,6,3,3,518,1181,470,91,306,182,0,6.171248912811279,0
grid_5x5_nodiag,burst,medium,passive_c80,303,6,6,4,2,591,1343,567,80,405,157,0,6.25104546546936,0
grid_5x5_nodiag,burst,medium,passive_c80,404,6,6,3,3,546,1266,485,99,335,181,0,5.979997873306274,0
grid_5x5_nodiag,burst,medium,passive_c120,42,5,6,5,1,571,1303,535,66,377,165,0,5.729205369949341,0
grid_5x5_nodiag,burst,medium,passive_c120,404,6,6,4,2,542,1240,500,74,341,171,0,4.715261220932007,0
grid_5x5_nodiag,burst,medium,passive_c160,404,6,6,4,2,542,1240,500,74,341,171,0,4.860008955001831,0
grid_5x5_nodiag,burst,medium,passive_c120,303,5,6,4,2,604,1394,555,94,403,171,0,5.549906253814697,0
grid_5x5_nodiag,burst,medium,passive_c120,202,5,6,3,3,515,1162,480,95,309,176,0,5.7231340408325195,0
grid_5x5_nodiag,burst,medium,passive_c120,101,4,6,4,2,594,1377,540,92,396,169,0,6.365006685256958,0
grid_5x5_nodiag,burst,medium,passive_c160,101,4,6,4,2,594,1377,540,92,396,169,0,6.223963975906372,0
grid_5x5_nodiag,burst,medium,passive_c160,202,5,6,3,3,515,1162,480,95,309,176,0,6.107965707778931,0
grid_5x5_nodiag,burst,medium,probes_on,101,4,6,3,3,636,1432,605,103,417,184,6,6.001518249511719,0
grid_5x5_nodiag,burst,medium,passive_c160,42,5,6,5,1,571,1303,535,66,377,165,0,6.384307146072388,0
grid_5x5_nodiag,burst,medium,passive_c160,303,5,6,4,2,604,1394,555,94,403,171,0,6.353939533233643,0
grid_5x5_nodiag,burst,medium,probes_on,42,5,6,3,3,605,1373,557,78,378,192,6,6.349508285522461,0
grid_5x5_nodiag,burst,medium,probes_c120,303,6,6,4,2,575,1294,537,72,353,186,6,5.256998300552368,0
grid_5x5_nodiag,burst,medium,probes_c120,202,5,6,4,2,583,1349,497,68,344,204,6,5.496537446975708,0
grid_5x5_nodiag,burst,medium,probes_on,303,5,6,4,2,579,1326,524,65,362,183,6,5.794983625411987,0
grid_5x5_nodiag,burst,medium,probes_c120,404,6,6,5,1,568,1287,533,62,360,173,6,4.67184853553772,0
grid_5x5_nodiag,burst,medium,probes_on,202,6,6,2,4,617,1428,536,137,374,207,6,6.068046808242798,0
grid_5x5_nodiag,burst,medium,probes_c120,42,5,6,4,2,605,1373,557,78,378,192,6,6.047217845916748,0
grid_5x5_nodiag,burst,medium,probes_on,404,5,6,4,2,542,1228,501,63,328,179,6,6.18866491317749,0
grid_5x5_nodiag,burst,medium,probes_c120,101,4,6,4,2,636,1432,605,103,417,184,6,6.229558706283569,0
grid_5x5_nodiag,heavy,medium,passive,42,8,12,4,8,701,1609,640,151,486,179,0,5.045645713806152,0
grid_5x5_nodiag,heavy,medium,baseline,42,10,12,8,4,803,1820,766,183,580,182,0,6.212876796722412,0
grid_5x5_nodiag,heavy,medium,baseline,101,12,12,4,8,770,1817,638,204,479,248,0,5.9381103515625,0
grid_5x5_nodiag,heavy,medium,passive,202,3,12,4,8,557,1283,499,74,347,179,0,5.133431673049927,0
grid_5x5_nodiag,heavy,medium,passive,101,11,12,3,9,800,1815,760,258,566,194,0,5.728368759155273,0
grid_5x5_nodiag,heavy,medium,baseline,202,7,8,3,5,552,1253,503,130,336,183,0,6.30576491355896,0
grid_5x5_nodiag,heavy,medium,baseline,303,4,8,7,1,605,1383,578,47,424,152,0,6.314779281616211,0
grid_5x5_nodiag,heavy,medium,baseline,404,7,8,5,3,640,1466,594,123,422,186,0,6.31683874130249,0
grid_5x5_nodiag,heavy,medium,passive,303,3,8,0,8,507,1213,417,74,309,171,0,5.162007808685303,0
grid_5x5_nodiag,heavy,medium,passive_c80,42,8,12,4,8,701,1609,640,151,486,179,0,5.127816677093506,0
grid_5x5_nodiag,heavy,medium,passive,404,6,8,4,4,619,1395,604,146,422,166,0,6.10778284072876,0
grid_5x5_nodiag,heavy,medium,passive_c80,101,11,12,3,9,800,1815,760,258,566,194,0,5.868617296218872,0
grid_5x5_nodiag,heavy,medium,passive_c80,202,3,12,4,8,557,1283,499,74,347,179,0,6.101840019226074,0
grid_5x5_nodiag,heavy,medium,passive_c80,303,3,8,0,8,507,1213,417,74,309,171,0,6.104219675064087,0
grid_5x5_nodiag,heavy,medium,passive_c80,404,6,8,4,4,619,1395,604,146,422,166,0,5.419511079788208,0
grid_5x5_nodiag,heavy,medium,passive_c160,202,7,8,6,2,602,1318,608,126,405,163,0,5.333835124969482,0
grid_5x5_nodiag,heavy,medium,passive_c160,101,12,12,8,4,842,1954,754,206,573,224,0,5.373404026031494,0
grid_5x5_nodiag,heavy,medium,passive_c120,42,10,12,9,3,812,1835,781,178,579,191,0,6.146242380142212,0
grid_5x5_nodiag,heavy,medium,passive_c160,303,4,8,7,1,605,1383,578,47,424,152,0,5.715395927429199,0
grid_5x5_nodiag,heavy,medium,passive_c120,202,7,8,6,2,602,1318,608,126,405,163,0,6.172273635864258,0
grid_5x5_nodiag,heavy,medium,passive_c120,303,4,8,7,1,605,1383,578,47,424,152,0,6.070603370666504,0
grid_5x5_nodiag,heavy,medium,passive_c120,101,12,12,8,4,842,1954,754,206,573,224,0,6.2924065589904785,0
grid_5x5_nodiag,heavy,medium,probes_on,101,9,12,4,8,796,1840,711,199,537,216,6,5.697413206100464,0
grid_5x5_nodiag,heavy,medium,passive_c160,42,10,12,9,3,812,1835,781,178,579,191,0,6.337798595428467,0
grid_5x5_nodiag,heavy,medium,passive_c120,404,7,8,5,3,640,1466,594,123,422,186,0,6.446204662322998,0
grid_5x5_nodiag,heavy,medium,probes_on,42,7,12,0,12,648,1486,572,148,390,217,6,6.2601306438446045,0
grid_5x5_nodiag,heavy,medium,passive_c160,404,7,8,5,3,640,1466,594,123,422,186,0,6.348252296447754,0
grid_5x5_nodiag,heavy,medium,probes_c120,404,6,8,6,2,600,1373,540,84,362,200,6,4.2836737632751465,0
grid_5x5_nodiag,heavy,medium,probes_on,202,7,8,0,8,589,1353,505,173,339,213,6,6.33759880065918,0
grid_5x5_nodiag,heavy,medium,probes_on,404,0,8,0,8,392,921,321,0,196,166,6,5.80374550819397,0
grid_5x5_nodiag,heavy,medium,probes_on,303,4,8,0,8,534,1237,460,93,303,197,6,6.200669050216675,0
grid_5x5_nodiag,heavy,medium,probes_c120,42,8,12,10,2,835,1871,814,135,607,183,6,6.247941255569458,0
grid_5x5_nodiag,sparse,medium,baseline,202,3,4,4,0,472,1052,468,27,302,147,0,4.680634260177612,0
grid_5x5_nodiag,sparse,medium,baseline,42,2,5,5,0,546,1229,545,28,377,145,0,5.655625104904175,0
grid_5x5_nodiag,heavy,medium,probes_c120,101,9,12,10,2,794,1799,736,121,544,205,6,6.274661540985107,0
grid_5x5_nodiag,heavy,medium,probes_c120,202,7,8,6,2,655,1462,620,118,423,192,6,6.356350898742676,0
grid_5x5_nodiag,heavy,medium,probes_c120,303,5,8,5,3,559,1257,522,30,348,175,6,6.3144872188568115,0
grid_5x5_nodiag,sparse,medium,baseline,404,3,4,4,0,517,1197,487,51,347,146,0,4.681928873062134,0
grid_5x5_nodiag,sparse,medium,baseline,101,5,5,5,0,591,1342,573,56,417,146,0,6.197382688522339,0
grid_5x5_nodiag,sparse,medium,passive,42,5,5,1,4,557,1297,493,114,348,182,0,4.949991941452026,0
grid_5x5_nodiag,sparse,medium,baseline,303,4,4,2,2,554,1290,504,105,364,164,0,6.154528617858887,0
grid_5x5_nodiag,sparse,medium,passive,404,3,4,2,2,505,1153,477,81,316,165,0,5.085484027862549,0
grid_5x5_nodiag,sparse,medium,passive,303,2,4,0,4,453,1074,391,42,270,161,0,5.724209547042847,0
grid_5x5_nodiag,sparse,medium,passive_c80,101,2,4,2,2,446,1029,409,27,269,154,0,5.313356637954712,0
grid_5x5_nodiag,sparse,medium,passive,101,2,4,2,2,446,1029,409,27,269,154,0,6.339959621429443,0
grid_5x5_nodiag,sparse,medium,passive,202,2,3,0,3,423,987,375,50,241,161,0,6.201574325561523,0
grid_5x5_nodiag,sparse,medium,passive_c80,42,5,5,1,4,557,1297,493,114,348,182,0,6.174692153930664,0
star_3,light,medium,baseline,42,2,2,2,0,42,90,0,8,16,8,0,0.8837490081787109,0
grid_5x5_nodiag,sparse,medium,passive_c120,42,2,5,5,0,546,1229,545,28,377,145,0,5.871383905410767,0
grid_5x5_nodiag,sparse,medium,passive_c80,202,2,3,0,3,423,987,375,50,241,161,0,6.184330224990845,0
star_3,light,medium,baseline,101,2,2,2,0,42,90,0,8,16,8,0,0.9287850856781006,0
star_3,light,medium,baseline,303,2,2,2,0,42,90,0,8,16,8,0,0.8952677249908447,0
star_3,light,medium,baseline,202,2,2,2,0,42,90,0,8,16,8,0,0.960930585861206,0
grid_5x5_nodiag,sparse,medium,passive_c80,404,3,4,2,2,505,1153,477,81,316,165,0,6.318485498428345,0
grid_5x5_nodiag,sparse,medium,passive_c80,303,2,4,0,4,453,1074,391,42,270,161,0,6.344066143035889,0
grid_5x5_nodiag,sparse,medium,passive_c160,42,2,5,5,0,546,1229,545,28,377,145,0,5.5949366092681885,0
grid_5x5_nodiag,sparse,medium,passive_c120,101,5,5,5,0,591,1342,573,56,417,146,0,6.347113132476807,0
star_3,light,medium,passive,202,2,2,0,2,38,82,0,4,14,8,0,0.6449346542358398,0
grid_5x5_nodiag,sparse,medium,passive_c120,202,3,4,4,0,472,1052,468,27,302,147,0,6.336150169372559,0
star_3,light,medium,baseline,404,2,2,2,0,41,87,0,8,16,7,0,0.9321694374084473,0
grid_5x5_nodiag,sparse,medium,passive_c120,404,3,4,4,0,517,1197,487,51,347,146,0,6.22576904296875,0
grid_5x5_nodiag,sparse,medium,passive_c120,303,4,4,2,2,554,1290,504,105,364,164,0,6.31934928894043,0
star_3,light,medium,passive,42,2,2,0,2,38,82,0,4,14,8,0,0.9688410758972168,0
star_3,light,medium,passive,101,2,2,0,2,38,82,0,4,14,8,0,0.9460546970367432,0
star_3,light,medium,passive,303,2,2,0,2,38,82,0,4,14,8,0,0.9446616172790527,0
star_3,light,medium,passive,404,2,2,0,2,37,79,0,4,14,7,0,0.9413437843322754,0
star_3,light,medium,passive_c80,42,2,2,0,2,38,82,0,4,14,8,0,0.9662528038024902,0
grid_5x5_nodiag,sparse,medium,probes_on,404,1,4,0,4,431,1018,363,26,238,166,6,4.483726501464844,0
star_3,light,medium,passive_c80,101,2,2,0,2,38,82,0,4,14,8,0,0.9725675582885742,0
star_3,light,medium,passive_c80,303,2,2,0,2,38,82,0,4,14,8,0,0.7750346660614014,0
star_3,light,medium,passive_c80,202,2,2,0,2,38,82,0,4,14,8,0,0.9914047718048096,0
grid_5x5_nodiag,sparse,medium,passive_c160,202,3,4,4,0,472,1052,468,27,302,147,0,5.707977294921875,0
grid_5x5_nodiag,sparse,medium,passive_c160,101,5,5,5,0,591,1342,573,56,417,146,0,6.345106840133667,0
star_3,light,medium,passive_c80,404,2,2,0,2,37,79,0,4,14,7,0,0.8452730178833008,0
star_3,light,medium,passive_c120,42,2,2,2,0,42,90,0,8,16,8,0,0.802847146987915,0
grid_5x5_nodiag,sparse,medium,passive_c160,404,3,4,4,0,517,1197,487,51,347,146,0,5.486709356307983,0
star_3,light,medium,passive_c120,101,2,2,2,0,42,90,0,8,16,8,0,0.9699587821960449,0
grid_5x5_nodiag,sparse,medium,passive_c160,303,4,4,2,2,554,1290,504,105,364,164,0,6.102944374084473,0
star_3,light,medium,passive_c120,404,2,2,2,0,41,87,0,8,16,7,0,0.8160512447357178,0
star_3,light,medium,passive_c160,101,2,2,2,0,42,90,0,8,16,8,0,0.8337311744689941,0
star_3,light,medium,passive_c120,202,2,2,2,0,42,90,0,8,16,8,0,0.9777998924255371,0
star_3,light,medium,passive_c120,303,2,2,2,0,42,90,0,8,16,8,0,0.9490694999694824,0
star_3,light,medium,passive_c160,42,2,2,2,0,42,90,0,8,16,8,0,0.9615345001220703,0
star_3,light,medium,passive_c160,404,2,2,2,0,41,87,0,8,16,7,0,0.8319394588470459,0
star_3,light,medium,passive_c160,202,2,2,2,0,42,90,0,8,16,8,0,0.9528653621673584,0
star_3,light,medium,passive_c160,303,2,2,2,0,42,90,0,8,16,8,0,0.9440522193908691,0
star_3,light,medium,probes_on,42,2,2,0,2,38,82,0,4,14,8,0,0.8424131870269775,0
star_3,light,medium,probes_on,404,2,2,0,2,37,79,0,4,14,7,0,0.8274955749511719,0
star_3,light,medium,probes_on,202,2,2,0,2,38,82,0,4,14,8,0,0.8721275329589844,0
star_3,light,medium,probes_on,101,2,2,0,2,38,82,0,4,14,8,0,0.9910550117492676,0
star_3,light,medium,probes_on,303,2,2,0,2,38,82,0,4,14,8,0,0.98746657371521,0
star_3,light,medium,probes_c120,42,2,2,2,0,42,90,0,8,16,8,0,0.9799072742462158,0
star_3,light,medium,probes_c120,303,2,2,2,0,42,90,0,8,16,8,0,0.6490151882171631,0
grid_5x5_nodiag,sparse,medium,probes_c120,42,4,5,5,0,589,1335,551,35,382,175,6,5.30788254737854,0
grid_5x5_nodiag,sparse,medium,probes_on,101,3,4,1,3,571,1320,508,77,347,194,6,6.104819059371948,0
grid_5x5_nodiag,sparse,medium,probes_on,202,3,3,0,3,443,1024,373,72,221,194,6,5.925153017044067,0
star_3,light,medium,probes_c120,101,2,2,2,0,42,90,0,8,16,8,0,0.8990330696105957,0
grid_5x5_nodiag,sparse,medium,probes_on,42,3,5,2,3,590,1376,515,74,375,185,6,6.238763093948364,0
star_3,light,medium,probes_c120,202,2,2,2,0,42,90,0,8,16,8,0,0.9603707790374756,0
star_3,medium,medium,baseline,101,6,6,2,4,58,122,0,16,16,16,0,0.7836506366729736,0
grid_5x5_nodiag,sparse,medium,probes_c120,202,2,3,2,1,478,1108,410,33,256,194,6,4.915863275527954,0
star_3,light,medium,probes_c120,404,2,2,2,0,41,87,0,8,16,7,0,0.9202077388763428,0
star_3,medium,medium,baseline,42,6,6,2,4,58,122,0,16,16,16,0,0.9173800945281982,0
grid_5x5_nodiag,sparse,medium,probes_c120,101,4,4,3,1,610,1365,589,78,393,185,6,5.526545524597168,0
star_3,medium,medium,baseline,202,6,6,2,4,58,122,0,16,16,16,0,0.8912348747253418,0
star_3,medium,medium,passive,303,6,6,2,4,58,122,0,16,18,14,0,0.7530736923217773,0
star_3,medium,medium,baseline,303,6,6,2,4,58,122,0,16,16,16,0,0.939784049987793,0
star_3,medium,medium,baseline,404,6,6,2,4,57,119,0,16,16,15,0,0.9296672344207764,0
star_3,medium,medium,passive,42,6,6,2,4,58,122,0,16,18,14,0,0.8880288600921631,0
grid_5x5_nodiag,sparse,medium,probes_on,303,1,4,0,4,470,1118,385,24,260,183,6,6.2348761558532715,0
star_3,medium,medium,passive,101,6,6,2,4,58,122,0,16,18,14,0,0.9373757839202881,0
star_3,medium,medium,passive,404,6,6,2,4,57,119,0,16,18,13,0,0.8366396427154541,0
star_3,medium,medium,passive,202,6,6,2,4,58,122,0,16,18,14,0,0.9392621517181396,0
star_3,medium,medium,passive_c80,42,6,6,2,4,58,122,0,16,18,14,0,0.8235960006713867,0
star_3,medium,medium,passive_c80,202,6,6,2,4,58,122,0,16,18,14,0,0.80265212059021,0
star_3,medium,medium,passive_c80,404,6,6,2,4,57,119,0,16,18,13,0,0.7407619953155518,0
star_3,medium,medium,passive_c80,101,6,6,2,4,58,122,0,16,18,14,0,0.9704790115356445,0
star_3,medium,medium,passive_c80,303,6,6,2,4,58,122,0,16,18,14,0,0.9518857002258301,0
star_3,medium,medium,passive_c120,303,6,6,4,2,62,130,0,20,20,14,0,0.8980185985565186,0
star_3,medium,medium,passive_c120,42,6,6,4,2,62,130,0,20,20,14,0,0.9429872035980225,0
star_3,medium,medium,passive_c160,404,6,6,4,2,61,127,0,20,20,13,0,0.6640450954437256,0
star_3,medium,medium,passive_c120,101,6,6,4,2,62,130,0,20,20,14,0,0.9367799758911133,0
star_3,medium,medium,passive_c120,202,6,6,4,2,62,130,0,20,20,14,0,0.9382166862487793,0
star_3,medium,medium,passive_c120,404,6,6,4,2,61,127,0,20,20,13,0,0.9458105564117432,0
star_3,medium,medium,passive_c160,101,6,6,4,2,62,130,0,20,20,14,0,0.9029033184051514,0
star_3,medium,medium,passive_c160,42,6,6,4,2,62,130,0,20,20,14,0,0.9454042911529541,0
star_3,medium,medium,passive_c160,202,6,6,4,2,62,130,0,20,20,14,0,0.8689010143280029,0
star_3,medium,medium,passive_c160,303,6,6,4,2,62,130,0,20,20,14,0,0.8480415344238281,0
star_3,medium,medium,probes_on,404,6,6,2,4,57,119,0,16,18,13,0,0.6862664222717285,0
star_3,medium,medium,probes_on,42,6,6,2,4,58,122,0,16,18,14,0,0.9504566192626953,0
star_3,medium,medium,probes_on,101,6,6,2,4,58,122,0,16,18,14,0,0.9558663368225098,0
star_3,medium,medium,probes_on,202,6,6,2,4,58,122,0,16,18,14,0,0.9380505084991455,0
star_3,burst,medium,baseline,42,6,6,1,5,56,118,0,14,14,17,0,0.7740545272827148,0
star_3,medium,medium,probes_on,303,6,6,2,4,58,122,0,16,18,14,0,0.9527220726013184,0
star_3,medium,medium,probes_c120,101,6,6,4,2,62,130,0,20,20,14,0,0.9111015796661377,0
star_3,medium,medium,probes_c120,404,6,6,4,2,61,127,0,20,20,13,0,0.8669028282165527,0
star_3,medium,medium,probes_c120,42,6,6,4,2,62,130,0,20,20,14,0,0.9741189479827881,0
star_3,medium,medium,probes_c120,303,6,6,4,2,62,130,0,20,20,14,0,0.9514191150665283,0
star_3,burst,medium,baseline,101,6,6,1,5,56,118,0,14,14,17,0,0.9199979305267334,0
star_3,medium,medium,probes_c120,202,6,6,4,2,62,130,0,20,20,14,0,0.9758296012878418,0
star_3,burst,medium,baseline,303,6,6,1,5,56,118,0,14,14,17,0,0.9067046642303467,0
star_3,burst,medium,baseline,202,6,6,1,5,56,118,0,14,14,17,0,0.9499120712280273,0
grid_5x5_nodiag,sparse,medium,probes_c120,303,2,5,3,2,514,1173,471,33,306,178,6,5.723798513412476,0
star_3,burst,medium,baseline,404,6,6,1,5,55,115,0,14,14,16,0,0.9289987087249756,0
star_3,burst,medium,passive_c80,42,6,6,3,3,60,126,0,18,19,14,0,0.7855079174041748,0
star_3,burst,medium,passive_c120,101,6,6,3,3,60,126,0,18,18,15,0,0.6366977691650391,0
star_3,burst,medium,passive,42,6,6,3,3,60,126,0,18,19,14,0,0.9121508598327637,0
star_3,burst,medium,passive,101,6,6,3,3,60,126,0,18,19,14,0,0.9377162456512451,0
star_3,burst,medium,passive_c80,101,6,6,3,3,60,126,0,18,19,14,0,0.8796567916870117,0
star_3,burst,medium,passive_c80,404,6,6,3,3,59,123,0,18,19,13,0,0.782886266708374,0
star_3,burst,medium,passive,303,6,6,3,3,60,126,0,18,19,14,0,0.9285345077514648,0
star_3,burst,medium,passive,202,6,6,3,3,60,126,0,18,19,14,0,0.9416882991790771,0
star_3,burst,medium,passive,404,6,6,3,3,59,123,0,18,19,13,0,0.9339666366577148,0
star_3,burst,medium,passive_c80,303,6,6,3,3,60,126,0,18,19,14,0,0.8538448810577393,0
star_3,burst,medium,passive_c120,42,6,6,3,3,60,126,0,18,18,15,0,0.8500955104827881,0
star_3,burst,medium,passive_c80,202,6,6,3,3,60,126,0,18,19,14,0,0.9478275775909424,0
star_3,burst,medium,passive_c160,101,6,6,3,3,60,126,0,18,18,15,0,0.7362515926361084,0
star_3,burst,medium,passive_c120,202,6,6,3,3,60,126,0,18,18,15,0,0.8721010684967041,0
star_3,burst,medium,passive_c120,404,6,6,3,3,59,123,0,18,18,14,0,0.8486714363098145,0
star_3,burst,medium,passive_c160,42,6,6,3,3,60,126,0,18,18,15,0,0.8462662696838379,0
star_3,burst,medium,passive_c120,303,6,6,3,3,60,126,0,18,18,15,0,0.931617021560669,0
grid_5x5_nodiag,sparse,medium,probes_c120,404,4,4,3,1,543,1292,453,75,323,188,6,6.1010496616363525,0
star_3,burst,medium,passive_c160,202,6,6,3,3,60,126,0,18,18,15,0,0.8994596004486084,0
star_3,burst,medium,passive_c160,303,6,6,3,3,60,126,0,18,18,15,0,0.9574780464172363,0
star_3,burst,medium,passive_c160,404,6,6,3,3,59,123,0,18,18,14,0,0.9471566677093506,0
star_3,burst,medium,probes_on,42,6,6,3,3,60,126,0,18,19,14,0,0.925370454788208,0
star_3,burst,medium,probes_on,101,6,6,3,3,60,126,0,18,19,14,0,0.9567413330078125,0
star_3,burst,medium,probes_on,202,6,6,3,3,60,126,0,18,19,14,0,0.9636919498443604,0
star_3,burst,medium,probes_c120,101,6,6,3,3,60,126,0,18,18,15,0,0.8413574695587158,0
star_3,burst,medium,probes_on,303,6,6,3,3,60,126,0,18,19,14,0,0.9760000705718994,0
star_3,burst,medium,probes_on,404,6,6,3,3,59,123,0,18,19,13,0,0.9624371528625488,0
star_3,burst,medium,probes_c120,42,6,6,3,3,60,126,0,18,18,15,0,0.954766035079956,0
star_3,burst,medium,probes_c120,303,6,6,3,3,60,126,0,18,18,15,0,0.8981273174285889,0
star_3,burst,medium,probes_c120,404,6,6,3,3,59,123,0,18,18,14,0,0.9092404842376709,0
star_3,burst,medium,probes_c120,202,6,6,3,3,60,126,0,18,18,15,0,0.9414784908294678,0
star_3,heavy,medium,baseline,404,12,12,2,10,81,167,0,28,16,27,0,0.8637657165527344,0
star_3,heavy,medium,passive,42,12,12,6,6,90,186,0,36,26,22,0,0.8589341640472412,0
star_3,heavy,medium,baseline,101,12,12,2,10,82,170,0,28,16,28,0,0.8799417018890381,0
star_3,heavy,medium,baseline,42,12,12,2,10,82,170,0,28,16,28,0,0.9073963165283203,0
star_3,heavy,medium,baseline,303,12,12,2,10,82,170,0,28,16,28,0,0.9233384132385254,0
star_3,heavy,medium,baseline,202,12,12,2,10,82,170,0,28,16,28,0,0.935187816619873,0
star_3,heavy,medium,passive,101,12,12,6,6,90,186,0,36,26,22,0,0.9371249675750732,0
star_3,heavy,medium,passive,202,12,12,6,6,90,186,0,36,26,22,0,0.9692966938018799,0
star_3,heavy,medium,passive_c80,42,12,12,6,6,90,186,0,36,26,22,0,0.792902946472168,0
star_3,heavy,medium,passive,303,12,12,6,6,90,186,0,36,26,22,0,0.9505693912506104,0
star_3,heavy,medium,passive,404,12,12,6,6,89,183,0,36,26,21,0,0.8771381378173828,0
star_3,heavy,medium,passive_c80,202,12,12,6,6,90,186,0,36,26,22,0,0.779700517654419,0
star_3,heavy,medium,passive_c80,303,12,12,6,6,90,186,0,36,26,22,0,0.8744819164276123,0
star_3,heavy,medium,passive_c80,101,12,12,6,6,90,186,0,36,26,22,0,0.9292027950286865,0
star_3,heavy,medium,passive_c80,404,12,12,6,6,89,183,0,36,26,21,0,0.8429038524627686,0
star_3,heavy,medium,passive_c120,42,12,12,6,6,90,186,0,36,24,24,0,0.9160220623016357,0
star_3,heavy,medium,passive_c120,303,12,12,6,6,90,186,0,36,24,24,0,0.8198270797729492,0
star_3,heavy,medium,passive_c120,202,12,12,6,6,90,186,0,36,24,24,0,0.8933227062225342,0
star_3,heavy,medium,passive_c120,101,12,12,6,6,90,186,0,36,24,24,0,0.9404551982879639,0
star_3,heavy,medium,probes_on,42,12,12,6,6,90,186,0,36,26,22,0,0.6782619953155518,0
star_3,heavy,medium,passive_c120,404,12,12,6,6,89,183,0,36,24,23,0,0.9144387245178223,0
star_3,heavy,medium,probes_on,202,12,12,6,6,90,186,0,36,26,22,0,0.7079710960388184,0
star_3,heavy,medium,passive_c160,42,12,12,6,6,90,186,0,36,24,24,0,0.9273347854614258,0
star_3,heavy,medium,passive_c160,101,12,12,6,6,90,186,0,36,24,24,0,0.9433350563049316,0
star_3,heavy,medium,passive_c160,303,12,12,6,6,90,186,0,36,24,24,0,0.9012613296508789,0
star_3,heavy,medium,probes_on,101,12,12,6,6,90,186,0,36,26,22,0,0.8622348308563232,0
star_3,heavy,medium,passive_c160,202,12,12,6,6,90,186,0,36,24,24,0,0.9679601192474365,0
star_3,heavy,medium,passive_c160,404,12,12,6,6,89,183,0,36,24,23,0,0.9624216556549072,0
star_3,heavy,medium,probes_c120,202,12,12,6,6,90,186,0,36,24,24,0,0.843468427658081,0
star_3,heavy,medium,probes_c120,42,12,12,6,6,90,186,0,36,24,24,0,0.9173998832702637,0
star_3,heavy,medium,probes_on,303,12,12,6,6,90,186,0,36,26,22,0,0.938544750213623,0
star_3,heavy,medium,probes_on,404,12,12,6,6,89,183,0,36,26,21,0,0.9719638824462891,0
star_3,heavy,medium,probes_c120,404,12,12,6,6,89,183,0,36,24,23,0,0.8617782592773438,0
star_3,sparse,medium,baseline,202,5,5,2,3,54,114,0,14,16,14,0,0.7910287380218506,0
star_3,heavy,medium,probes_c120,101,12,12,6,6,90,186,0,36,24,24,0,0.9766378402709961,0
star_3,heavy,medium,probes_c120,303,12,12,6,6,90,186,0,36,24,24,0,0.953052282333374,0
star_3,sparse,medium,baseline,101,5,5,2,3,54,114,0,14,16,14,0,0.847111701965332,0
star_3,sparse,medium,baseline,303,5,5,2,3,54,114,0,14,16,14,0,0.8910782337188721,0
star_3,sparse,medium,baseline,42,5,5,2,3,54,114,0,14,16,14,0,0.9428606033325195,0
star_3,sparse,medium,baseline,404,5,5,2,3,53,111,0,14,16,13,0,0.9445319175720215,0
star_3,sparse,medium,passive,42,5,5,0,5,50,106,0,10,17,11,0,0.8268954753875732,0
star_3,sparse,medium,passive,101,5,5,0,5,50,106,0,10,17,11,0,0.953040361404419,0
star_3,sparse,medium,passive,202,5,5,0,5,50,106,0,10,17,11,0,0.935518741607666,0
star_3,sparse,medium,passive_c80,404,5,5,0,5,49,103,0,10,17,10,0,0.7185409069061279,0
star_3,sparse,medium,passive_c80,42,5,5,0,5,50,106,0,10,17,11,0,0.8451218605041504,0
star_3,sparse,medium,passive_c80,101,5,5,0,5,50,106,0,10,17,11,0,0.8270971775054932,0
star_3,sparse,medium,passive,404,5,5,0,5,49,103,0,10,17,10,0,0.925163984298706,0
star_3,sparse,medium,passive,303,5,5,0,5,50,106,0,10,17,11,0,0.9675023555755615,0
star_3,sparse,medium,passive_c80,202,5,5,0,5,50,106,0,10,17,11,0,0.8935763835906982,0
star_3,sparse,medium,passive_c120,42,5,5,3,2,56,118,0,16,18,13,0,0.8860535621643066,0
star_3,sparse,medium,passive_c80,303,5,5,0,5,50,106,0,10,17,11,0,0.9347939491271973,0
star_3,sparse,medium,passive_c120,202,5,5,3,2,56,118,0,16,18,13,0,0.8768985271453857,0
star_3,sparse,medium,passive_c120,303,5,5,3,2,56,118,0,16,18,13,0,0.8548505306243896,0
star_3,sparse,medium,passive_c120,101,5,5,3,2,56,118,0,16,18,13,0,0.9364070892333984,0
star_3,sparse,medium,probes_on,404,5,5,0,5,49,103,0,10,17,10,0,0.6518762111663818,0
star_3,sparse,medium,passive_c160,42,5,5,3,2,56,118,0,16,18,13,0,0.9551985263824463,0
star_3,sparse,medium,passive_c120,404,5,5,3,2,55,115,0,16,18,12,0,0.964379072189331,0
star_3,sparse,medium,passive_c160,303,5,5,3,2,56,118,0,16,18,13,0,0.8878178596496582,0
star_3,sparse,medium,passive_c160,101,5,5,3,2,56,118,0,16,18,13,0,0.9541707038879395,0
star_3,sparse,medium,probes_on,42,5,5,0,5,50,106,0,10,17,11,0,0.9106805324554443,0
star_3,sparse,medium,passive_c160,202,5,5,3,2,56,118,0,16,18,13,0,0.969691276550293,0
star_3,sparse,medium,passive_c160,404,5,5,3,2,55,115,0,16,18,12,0,0.9374363422393799,0
star_3,sparse,medium,probes_on,101,5,5,0,5,50,106,0,10,17,11,0,0.9213035106658936,0
star_3,sparse,medium,probes_on,303,5,5,0,5,50,106,0,10,17,11,0,0.950519323348999,0
star_3,sparse,medium,probes_on,202,5,5,0,5,50,106,0,10,17,11,0,0.9838347434997559,0
star_3,sparse,medium,probes_c120,42,5,5,3,2,56,118,0,16,18,13,0,0.9006822109222412,0
star_3,sparse,medium,probes_c120,303,5,5,3,2,56,118,0,16,18,13,0,0.8781132698059082,0
star_3,sparse,medium,probes_c120,101,5,5,3,2,56,118,0,16,18,13,0,0.9772076606750488,0
star_3,sparse,medium,probes_c120,202,5,5,3,2,56,118,0,16,18,13,0,0.9904382228851318,0
star_3,sparse,medium,probes_c120,404,5,5,3,2,55,115,0,16,18,12,0,0.8763587474822998,0
star_5,light,medium,baseline,303,3,3,3,0,64,204,0,12,26,9,0,1.232654333114624,0
star_5,light,medium,baseline,42,3,3,3,0,64,204,0,12,26,9,0,1.3529822826385498,0
star_5,light,medium,baseline,101,3,3,3,0,64,204,0,12,26,9,0,1.3262264728546143,0
star_5,light,medium,passive,202,3,3,0,3,58,186,0,6,23,9,0,1.1773810386657715,0
star_5,light,medium,baseline,202,3,3,3,0,64,204,0,12,26,9,0,1.342846393585205,0
star_5,light,medium,baseline,404,3,3,3,0,63,199,0,12,26,8,0,1.3234853744506836,0
star_5,light,medium,passive,101,3,3,0,3,58,186,0,6,23,9,0,1.3057773113250732,0
star_5,light,medium,passive,42,3,3,0,3,58,186,0,6,23,9,0,1.360257625579834,0
star_5,light,medium,passive,303,3,3,0,3,58,186,0,6,23,9,0,1.2491683959960938,0
star_5,light,medium,passive,404,3,3,0,3,57,181,0,6,23,8,0,1.2592637538909912,0
star_5,light,medium,passive_c80,101,3,3,0,3,58,186,0,6,23,9,0,1.2436435222625732,0
star_5,light,medium,passive_c120,42,3,3,3,0,64,204,0,12,26,9,0,1.0863263607025146,0
star_5,light,medium,passive_c80,303,3,3,0,3,58,186,0,6,23,9,0,1.175067663192749,0
star_5,light,medium,passive_c80,42,3,3,0,3,58,186,0,6,23,9,0,1.3709793090820312,0
star_5,light,medium,passive_c80,202,3,3,0,3,58,186,0,6,23,9,0,1.369145393371582,0
star_5,light,medium,passive_c160,404,3,3,3,0,63,199,0,12,26,8,0,1.0001118183135986,0
star_5,light,medium,passive_c80,404,3,3,0,3,57,181,0,6,23,8,0,1.348189353942871,0
star_5,light,medium,passive_c120,101,3,3,3,0,64,204,0,12,26,9,0,1.2983968257904053,0
star_5,light,medium,passive_c120,303,3,3,3,0,64,204,0,12,26,9,0,1.2867763042449951,0
star_5,light,medium,passive_c120,404,3,3,3,0,63,199,0,12,26,8,0,1.279909372329712,0
star_5,light,medium,probes_on,202,3,3,0,3,58,186,0,6,23,9,0,1.0222229957580566,0
star_5,light,medium,passive_c160,42,3,3,3,0,64,204,0,12,26,9,0,1.311999797821045,0
star_5,light,medium,passive_c120,202,3,3,3,0,64,204,0,12,26,9,0,1.3625328540802002,0
star_5,light,medium,passive_c160,101,3,3,3,0,64,204,0,12,26,9,0,1.3542544841766357,0
star_5,light,medium,passive_c160,202,3,3,3,0,64,204,0,12,26,9,0,1.3850984573364258,0
star_5,light,medium,passive_c160,303,3,3,3,0,64,204,0,12,26,9,0,1.3708372116088867,0
star_5,light,medium,probes_on,42,3,3,0,3,58,186,0,6,23,9,0,1.3833122253417969,0
star_5,light,medium,probes_on,101,3,3,0,3,58,186,0,6,23,9,0,1.3289449214935303,0
star_5,light,medium,probes_c120,202,3,3,3,0,64,204,0,12,26,9,0,1.0732688903808594,0
star_5,light,medium,probes_on,404,3,3,0,3,57,181,0,6,23,8,0,1.290658712387085,0
star_5,light,medium,probes_c120,404,3,3,3,0,63,199,0,12,26,8,0,1.174333095550537,0
star_5,light,medium,probes_c120,42,3,3,3,0,64,204,0,12,26,9,0,1.3132333755493164,0
star_5,light,medium,probes_c120,101,3,3,3,0,64,204,0,12,26,9,0,1.3618168830871582,0
star_5,medium,medium,baseline,42,6,6,4,2,78,246,0,20,28,14,0,1.2928874492645264,0
star_5,light,medium,probes_on,303,3,3,0,3,58,186,0,6,23,9,0,1.4701588153839111,0
star_5,medium,medium,passive,101,6,6,0,6,70,222,0,12,26,12,0,1.0893511772155762,0
star_5,medium,medium,baseline,202,6,6,4,2,78,246,0,20,28,14,0,1.2316203117370605,0
star_5,medium,medium,baseline,101,6,6,4,2,78,246,0,20,28,14,0,1.333625316619873,0
star_5,light,medium,probes_c120,303,3,3,3,0,64,204,0,12,26,9,0,1.403179407119751,0
star_5,medium,medium,baseline,404,6,6,4,2,77,241,0,20,28,13,0,1.2581243515014648,0
star_5,medium,medium,baseline,303,6,6,4,2,78,246,0,20,28,14,0,1.3682472705841064,0
star_5,medium,medium,passive,303,6,6,0,6,70,222,0,12,26,12,0,1.2817814350128174,0
star_5,medium,medium,passive,42,6,6,0,6,70,222,0,12,26,12,0,1.398374080657959,0
star_5,medium,medium,passive,404,6,6,0,6,69,217,0,12,26,11,0,1.2452163696289062,0
star_5,medium,medium,passive,202,6,6,0,6,70,222,0,12,26,12,0,1.3993115425109863,0
star_5,medium,medium,passive_c80,42,6,6,0,6,70,222,0,12,26,12,0,1.3713881969451904,0
star_5,medium,medium,passive_c80,404,6,6,0,6,69,217,0,12,26,11,0,1.3494696617126465,0
star_5,medium,medium,passive_c80,101,6,6,0,6,70,222,0,12,26,12,0,1.409073829650879,0
star_5,medium,medium,passive_c80,202,6,6,0,6,70,222,0,12,26,12,0,1.4034624099731445,0
star_5,medium,medium,passive_c80,303,6,6,0,6,70,222,0,12,26,12,0,1.4041497707366943,0
star_5,medium,medium,passive_c120,202,6,6,4,2,78,246,0,20,28,14,0,1.250812292098999,0
star_5,medium,medium,passive_c120,42,6,6,4,2,78,246,0,20,28,14,0,1.3733901977539062,0
star_5,medium,medium,passive_c120,404,6,6,4,2,77,241,0,20,28,13,0,1.2263202667236328,0
star_5,medium,medium,passive_c120,101,6,6,4,2,78,246,0,20,28,14,0,1.3996543884277344,0
star_5,medium,medium,passive_c120,303,6,6,4,2,78,246,0,20,28,14,0,1.3330857753753662,0
star_5,medium,medium,passive_c160,42,6,6,4,2,78,246,0,20,28,14,0,1.3937993049621582,0
star_5,medium,medium,passive_c160,101,6,6,4,2,78,246,0,20,28,14,0,1.3599073886871338,0
star_5,medium,medium,probes_on,404,6,6,0,6,69,217,0,12,26,11,0,1.0617687702178955,0
star_5,medium,medium,probes_on,42,6,6,0,6,70,222,0,12,26,12,0,1.1483025550842285,0
star_5,medium,medium,probes_on,303,6,6,0,6,70,222,0,12,26,12,0,1.1840550899505615,0
star_5,medium,medium,passive_c160,202,6,6,4,2,78,246,0,20,28,14,0,1.3425533771514893,0
star_5,burst,medium,baseline,101,6,6,1,5,72,228,0,14,22,17,0,0.9565129280090332,0
star_5,medium,medium,passive_c160,404,6,6,4,2,77,241,0,20,28,13,0,1.337686538696289,0
star_5,medium,medium,passive_c160,303,6,6,4,2,78,246,0,20,28,14,0,1.380049228668213,0
star_5,medium,medium,probes_on,101,6,6,0,6,70,222,0,12,26,12,0,1.344956636428833,0
star_5,burst,medium,baseline,404,6,6,1,5,71,223,0,14,22,16,0,0.9041697978973389,0
star_5,medium,medium,probes_c120,202,6,6,4,2,78,246,0,20,28,14,0,1.3098852634429932,0
star_5,medium,medium,probes_on,202,6,6,0,6,70,222,0,12,26,12,0,1.4106082916259766,0
star_5,medium,medium,probes_c120,42,6,6,4,2,78,246,0,20,28,14,0,1.3785927295684814,0
star_5,medium,medium,probes_c120,101,6,6,4,2,78,246,0,20,28,14,0,1.3823952674865723,0
star_5,medium,medium,probes_c120,404,6,6,4,2,77,241,0,20,28,13,0,1.21830153465271,0
star_5,medium,medium,probes_c120,303,6,6,4,2,78,246,0,20,28,14,0,1.4041399955749512,0
star_5,burst,medium,baseline,42,6,6,1,5,72,228,0,14,22,17,0,1.3491361141204834,0
star_5,burst,medium,passive,42,6,6,3,3,76,240,0,18,27,14,0,1.167370319366455,0
star_5,burst,medium,baseline,202,6,6,1,5,72,228,0,14,22,17,0,1.3120651245117188,0
star_5,burst,medium,baseline,303,6,6,1,5,72,228,0,14,22,17,0,1.3608512878417969,0
star_5,burst,medium,passive,404,6,6,3,3,75,235,0,18,27,13,0,1.2810659408569336,0
star_5,burst,medium,passive_c80,202,6,6,3,3,76,240,0,18,27,14,0,1.2296414375305176,0
star_5,burst,medium,passive,101,6,6,3,3,76,240,0,18,27,14,0,1.3917133808135986,0
star_5,burst,medium,passive,202,6,6,3,3,76,240,0,18,27,14,0,1.40313720703125,0
star_5,burst,medium,passive_c80,101,6,6,3,3,76,240,0,18,27,14,0,1.3412628173828125,0
star_5,burst,medium,passive_c80,42,6,6,3,3,76,240,0,18,27,14,0,1.3824055194854736,0
star_5,burst,medium,passive,303,6,6,3,3,76,240,0,18,27,14,0,1.539447546005249,0
star_5,burst,medium,passive_c80,303,6,6,3,3,76,240,0,18,27,14,0,1.3696844577789307,0
star_5,burst,medium,passive_c160,101,6,6,3,3,76,240,0,18,26,15,0,1.0310862064361572,0
star_5,burst,medium,passive_c120,42,6,6,3,3,76,240,0,18,26,15,0,1.320249319076538,0
star_5,burst,medium,passive_c80,404,6,6,3,3,75,235,0,18,27,13,0,1.3571162223815918,0
star_5,burst,medium,passive_c120,303,6,6,3,3,76,240,0,18,26,15,0,1.232306957244873,0
star_5,burst,medium,probes_on,42,6,6,3,3,76,240,0,18,27,14,0,1.0555071830749512,0
star_5,burst,medium,passive_c120,101,6,6,3,3,76,240,0,18,26,15,0,1.375014305114746,0
star_5,burst,medium,passive_c160,42,6,6,3,3,76,240,0,18,26,15,0,1.2889010906219482,0
star_5,burst,medium,passive_c160,202,6,6,3,3,76,240,0,18,26,15,0,1.2045464515686035,0
star_5,burst,medium,passive_c120,202,6,6,3,3,76,240,0,18,26,15,0,1.3694572448730469,0
star_5,burst,medium,passive_c120,404,6,6,3,3,75,235,0,18,26,14,0,1.4031636714935303,0
star_5,burst,medium,passive_c160,404,6,6,3,3,75,235,0,18,26,14,0,1.3165619373321533,0
star_5,burst,medium,passive_c160,303,6,6,3,3,76,240,0,18,26,15,0,1.353325605392456,0
star_5,burst,medium,probes_on,202,6,6,3,3,76,240,0,18,27,14,0,1.2974016666412354,0
star_5,burst,medium,probes_on,303,6,6,3,3,76,240,0,18,27,14,0,1.337878704071045,0
star_5,burst,medium,probes_c120,42,6,6,3,3,76,240,0,18,26,15,0,1.1975436210632324,0
star_5,burst,medium,probes_on,101,6,6,3,3,76,240,0,18,27,14,0,1.389843463897705,0
star_5,burst,medium,probes_on,404,6,6,3,3,75,235,0,18,27,13,0,1.335968017578125,0
star_5,burst,medium,probes_c120,202,6,6,3,3,76,240,0,18,26,15,0,1.2569336891174316,0
star_5,burst,medium,probes_c120,101,6,6,3,3,76,240,0,18,26,15,0,1.318612813949585,0
star_5,burst,medium,probes_c120,404,6,6,3,3,75,235,0,18,26,14,0,1.3710448741912842,0
star_5,heavy,medium,baseline,101,12,12,4,8,102,318,0,32,28,26,0,1.2935559749603271,0
star_5,heavy,medium,baseline,42,12,12,4,8,102,318,0,32,28,26,0,1.3549323081970215,0
star_5,heavy,medium,baseline,202,12,12,4,8,102,318,0,32,28,26,0,1.3405234813690186,0
star_5,heavy,medium,baseline,303,12,12,4,8,102,318,0,32,28,26,0,1.3676955699920654,0
star_5,heavy,medium,baseline,404,12,12,4,8,101,313,0,32,28,25,0,1.3377747535705566,0
star_5,burst,medium,probes_c120,303,6,6,3,3,76,240,0,18,26,15,0,1.565082311630249,0
star_5,heavy,medium,passive,202,12,12,0,12,94,294,0,24,32,18,0,1.1278800964355469,0
star_5,heavy,medium,passive,42,12,12,0,12,94,294,0,24,32,18,0,1.357637882232666,0
star_5,heavy,medium,passive,303,12,12,0,12,94,294,0,24,32,18,0,1.0512866973876953,0
star_5,heavy,medium,passive,101,12,12,0,12,94,294,0,24,32,18,0,1.317596197128296,0
star_5,heavy,medium,passive_c80,101,12,12,0,12,94,294,0,24,32,18,0,1.0245940685272217,0
star_5,heavy,medium,passive_c80,42,12,12,0,12,94,294,0,24,32,18,0,1.262763261795044,0
star_5,heavy,medium,passive_c120,202,12,12,8,4,110,342,0,40,36,22,0,1.0025691986083984,0
star_5,heavy,medium,passive,404,12,12,0,12,93,289,0,24,32,17,0,1.3964614868164062,0
star_5,heavy,medium,passive_c80,202,12,12,0,12,94,294,0,24,32,18,0,1.367499589920044,0
star_5,heavy,medium,passive_c80,303,12,12,0,12,94,294,0,24,32,18,0,1.33870267868042,0
star_5,heavy,medium,passive_c80,404,12,12,0,12,93,289,0,24,32,17,0,1.3970191478729248,0
star_5,heavy,medium,passive_c120,303,12,12,8,4,110,342,0,40,36,22,0,1.2325010299682617,0
star_5,heavy,medium,passive_c120,42,12,12,8,4,110,342,0,40,36,22,0,1.402526617050171,0
star_5,heavy,medium,passive_c120,101,12,12,8,4,110,342,0,40,36,22,0,1.3720273971557617,0
star_5,heavy,medium,passive_c120,404,12,12,8,4,109,337,0,40,36,21,0,1.369870901107788,0
star_5,heavy,medium,passive_c160,101,12,12,8,4,110,342,0,40,36,22,0,1.330505609512329,0
star_5,heavy,medium,passive_c160,303,12,12,8,4,110,342,0,40,36,22,0,1.2639920711517334,0
star_5,heavy,medium,passive_c160,42,12,12,8,4,110,342,0,40,36,22,0,1.3801007270812988,0
star_5,heavy,medium,passive_c160,202,12,12,8,4,110,342,0,40,36,22,0,1.3850748538970947,0
star_5,heavy,medium,passive_c160,404,12,12,8,4,109,337,0,40,36,21,0,1.3679568767547607,0
star_5,heavy,medium,probes_on,42,12,12,0,12,94,294,0,24,32,18,0,1.3516476154327393,0
star_5,heavy,medium,probes_on,202,12,12,0,12,94,294,0,24,32,18,0,1.2006185054779053,0
star_5,heavy,medium,probes_on,303,12,12,0,12,94,294,0,24,32,18,0,1.1972260475158691,0
star_5,heavy,medium,probes_on,101,12,12,0,12,94,294,0,24,32,18,0,1.2766408920288086,0
star_5,heavy,medium,probes_on,404,12,12,0,12,93,289,0,24,32,17,0,1.4079694747924805,0
star_5,heavy,medium,probes_c120,404,12,12,8,4,109,337,0,40,36,21,0,1.2785727977752686,0
star_5,sparse,medium,baseline,101,5,5,4,1,74,234,0,18,28,12,0,1.2370057106018066,0
star_5,heavy,medium,probes_c120,303,12,12,8,4,110,342,0,40,36,22,0,1.3361027240753174,0
star_5,heavy,medium,probes_c120,42,12,12,8,4,110,342,0,40,36,22,0,1.4277868270874023,0
star_5,heavy,medium,probes_c120,101,12,12,8,4,110,342,0,40,36,22,0,1.426912784576416,0
star_5,heavy,medium,probes_c120,202,12,12,8,4,110,342,0,40,36,22,0,1.418348789215088,0
star_5,sparse,medium,baseline,202,5,5,4,1,74,234,0,18,28,12,0,1.2986855506896973,0
star_5,sparse,medium,baseline,42,5,5,4,1,74,234,0,18,28,12,0,1.3853850364685059,0
star_5,sparse,medium,passive,202,5,5,0,5,66,210,0,10,25,11,0,1.0873463153839111,0
star_5,sparse,medium,baseline,404,5,5,4,1,73,229,0,18,28,11,0,1.3187932968139648,0
star_5,sparse,medium,passive,404,5,5,0,5,65,205,0,10,25,10,0,1.0664710998535156,0
star_5,sparse,medium,baseline,303,5,5,4,1,74,234,0,18,28,12,0,1.358879804611206,0
star_5,sparse,medium,passive,42,5,5,0,5,66,210,0,10,25,11,0,1.2827379703521729,0
star_5,sparse,medium,passive_c80,303,5,5,0,5,66,210,0,10,25,11,0,1.1134181022644043,0
star_5,sparse,medium,passive,101,5,5,0,5,66,210,0,10,25,11,0,1.372091293334961,0
star_5,sparse,medium,passive_c80,42,5,5,0,5,66,210,0,10,25,11,0,1.2996835708618164,0
star_5,sparse,medium,passive,303,5,5,0,5,66,210,0,10,25,11,0,1.3986103534698486,0
star_5,sparse,medium,passive_c80,101,5,5,0,5,66,210,0,10,25,11,0,1.364945650100708,0
star_5,sparse,medium,passive_c80,404,5,5,0,5,65,205,0,10,25,10,0,1.2519164085388184,0
star_5,sparse,medium,passive_c80,202,5,5,0,5,66,210,0,10,25,11,0,1.3187978267669678,0
star_5,sparse,medium,passive_c120,42,5,5,4,1,74,234,0,18,28,12,0,1.3327903747558594,0
star_5,sparse,medium,passive_c160,101,5,5,4,1,74,234,0,18,28,12,0,1.0851414203643799,0
star_5,sparse,medium,passive_c120,303,5,5,4,1,74,234,0,18,28,12,0,1.2155227661132812,0
star_5,sparse,medium,passive_c120,101,5,5,4,1,74,234,0,18,28,12,0,1.374652624130249,0
star_5,sparse,medium,passive_c120,202,5,5,4,1,74,234,0,18,28,12,0,1.3559293746948242,0
star_5,sparse,medium,passive_c120,404,5,5,4,1,73,229,0,18,28,11,0,1.3252408504486084,0
star_5,sparse,medium,probes_on,303,5,5,0,5,66,210,0,10,25,11,0,1.0033094882965088,0
star_5,sparse,medium,passive_c160,42,5,5,4,1,74,234,0,18,28,12,0,1.3653042316436768,0
star_5,sparse,medium,passive_c160,202,5,5,4,1,74,234,0,18,28,12,0,1.1852819919586182,0
star_5,sparse,medium,passive_c160,303,5,5,4,1,74,234,0,18,28,12,0,1.2142581939697266,0
star_5,sparse,medium,passive_c160,404,5,5,4,1,73,229,0,18,28,11,0,1.2815470695495605,0
star_5,sparse,medium,probes_on,42,5,5,0,5,66,210,0,10,25,11,0,1.2902228832244873,0
star_5,sparse,medium,probes_c120,303,5,5,4,1,74,234,0,18,28,12,0,1.0378527641296387,0
star_5,sparse,medium,probes_on,404,5,5,0,5,65,205,0,10,25,10,0,1.3043029308319092,0
star_5,sparse,medium,probes_c120,42,5,5,4,1,74,234,0,18,28,12,0,1.3308179378509521,0
star_5,sparse,medium,probes_on,202,5,5,0,5,66,210,0,10,25,11,0,1.4246037006378174,0
star_5,sparse,medium,probes_on,101,5,5,0,5,66,210,0,10,25,11,0,1.431619644165039,0
star_5,sparse,medium,probes_c120,101,5,5,4,1,74,234,0,18,28,12,0,1.3946573734283447,0
star_5,sparse,medium,probes_c120,202,5,5,4,1,74,234,0,18,28,12,0,1.3699212074279785,0
star_5,sparse,medium,probes_c120,404,5,5,4,1,73,229,0,18,28,11,0,1.3602066040039062,0
star_8,light,medium,passive_c80,101,3,3,0,3,82,390,0,6,35,9,0,1.447533130645752,0
star_8,light,medium,baseline,42,3,3,3,0,88,417,0,12,38,9,0,1.9976754188537598,0
star_8,light,medium,passive_c120,202,3,3,3,0,87,407,0,12,37,9,0,1.3152058124542236,0
star_8,light,medium,baseline,101,3,3,3,0,88,417,0,12,38,9,0,2.0118417739868164,0
star_8,light,medium,passive,42,3,3,0,3,82,390,0,6,35,9,0,1.9028894901275635,0
star_8,light,medium,baseline,202,3,3,3,0,87,407,0,12,37,9,0,2.0444588661193848,0
star_8,light,medium,baseline,303,3,3,3,0,88,417,0,12,38,9,0,2.073521375656128,0
star_8,light,medium,passive,202,3,3,0,3,81,380,0,6,34,9,0,1.9478023052215576,0
star_8,light,medium,baseline,404,3,3,3,0,87,409,0,12,38,8,0,2.081482410430908,0
star_8,light,medium,passive,101,3,3,0,3,82,390,0,6,35,9,0,2.031975030899048,0
star_8,light,medium,passive_c160,42,3,3,3,0,88,417,0,12,38,9,0,1.4433231353759766,0
star_8,light,medium,passive,303,3,3,0,3,82,390,0,6,35,9,0,2.014404773712158,0
star_8,light,medium,passive,404,3,3,0,3,81,382,0,6,35,8,0,1.9918384552001953,0
star_8,light,medium,passive_c160,404,3,3,3,0,87,409,0,12,38,8,0,1.349452257156372,0
star_8,light,medium,passive_c80,42,3,3,0,3,82,390,0,6,35,9,0,2.045022487640381,0
star_8,light,medium,passive_c80,202,3,3,0,3,81,380,0,6,34,9,0,1.9426777362823486,0
star_8,light,medium,passive_c80,404,3,3,0,3,81,382,0,6,35,8,0,1.935124397277832,0
star_8,light,medium,passive_c80,303,3,3,0,3,82,390,0,6,35,9,0,2.0862488746643066,0
star_8,light,medium,passive_c120,42,3,3,3,0,88,417,0,12,38,9,0,2.0881094932556152,0
star_8,light,medium,passive_c120,101,3,3,3,0,88,417,0,12,38,9,0,2.0826759338378906,0
star_8,light,medium,passive_c120,404,3,3,3,0,87,409,0,12,38,8,0,1.9460370540618896,0
star_8,light,medium,passive_c160,202,3,3,3,0,87,407,0,12,37,9,0,1.8313050270080566,0
star_8,light,medium,passive_c120,303,3,3,3,0,88,417,0,12,38,9,0,2.050759792327881,0
star_8,light,medium,passive_c160,101,3,3,3,0,88,417,0,12,38,9,0,2.0365374088287354,0
star_8,light,medium,passive_c160,303,3,3,3,0,88,417,0,12,38,9,0,2.0529890060424805,0
star_8,light,medium,probes_on,202,3,3,0,3,81,380,0,6,34,9,0,1.926353931427002,0
star_8,light,medium,probes_on,42,3,3,0,3,82,390,0,6,35,9,0,2.054452419281006,0
star_8,light,medium,probes_on,101,3,3,0,3,82,390,0,6,35,9,0,2.04653263092041,0
star_8,light,medium,probes_on,303,3,3,0,3,82,390,0,6,35,9,0,1.8410670757293701,0
star_8,light,medium,probes_c120,303,3,3,3,0,88,417,0,12,38,9,0,1.591005563735962,0
star_8,light,medium,probes_on,404,3,3,0,3,81,382,0,6,35,8,0,1.7980828285217285,0
star_8,light,medium,probes_c120,42,3,3,3,0,88,417,0,12,38,9,0,2.0558953285217285,0
star_8,medium,medium,baseline,202,6,6,6,0,105,488,0,24,43,12,0,1.8338148593902588,0
star_8,light,medium,probes_c120,101,3,3,3,0,88,417,0,12,38,9,0,2.0442447662353516,0
star_8,light,medium,probes_c120,202,3,3,3,0,87,407,0,12,37,9,0,2.0261168479919434,0
star_8,medium,medium,baseline,404,6,6,6,0,105,490,0,24,44,11,0,1.8124253749847412,0
star_8,medium,medium,passive,42,5,6,0,6,91,427,0,10,37,11,0,1.815774917602539,0
star_8,medium,medium,baseline,42,6,6,6,0,106,498,0,24,44,12,0,2.0480847358703613,0
star_8,light,medium,probes_c120,404,3,3,3,0,87,409,0,12,38,8,0,2.0938100814819336,0
star_8,medium,medium,baseline,101,6,6,6,0,106,498,0,24,44,12,0,2.0473978519439697,0
star_8,medium,medium,passive,101,6,6,0,6,94,444,0,12,38,12,0,1.9550373554229736,0
star_8,medium,medium,baseline,303,6,6,6,0,106,498,0,24,44,12,0,2.0235395431518555,0
star_8,medium,medium,passive,303,6,6,0,6,94,444,0,12,38,12,0,1.9524614810943604,0
star_8,medium,medium,passive,202,6,6,0,6,93,434,0,12,37,12,0,1.9878389835357666,0
star_8,medium,medium,passive_c80,101,6,6,0,6,94,444,0,12,38,12,0,1.729421854019165,0
star_8,medium,medium,passive_c80,404,6,6,0,6,93,436,0,12,38,11,0,1.6526098251342773,0
star_8,medium,medium,passive,404,6,6,0,6,93,436,0,12,38,11,0,2.0088300704956055,0
star_8,medium,medium,passive_c80,42,5,6,0,6,91,427,0,10,37,11,0,2.1034586429595947,0
star_8,medium,medium,passive_c80,303,6,6,0,6,94,444,0,12,38,12,0,1.9610319137573242,0
star_8,medium,medium,passive_c80,202,6,6,0,6,93,434,0,12,37,12,0,2.058081865310669,0
star_8,medium,medium,passive_c120,101,6,6,6,0,106,498,0,24,44,12,0,1.957364797592163,0
star_8,medium,medium,passive_c120,42,6,6,6,0,106,498,0,24,44,12,0,2.0772647857666016,0
star_8,medium,medium,passive_c120,404,6,6,6,0,105,490,0,24,44,11,0,1.776604175567627,0
star_8,medium,medium,passive_c120,303,6,6,6,0,106,498,0,24,44,12,0,1.848015308380127,0
star_8,medium,medium,passive_c160,42,6,6,6,0,106,498,0,24,44,12,0,1.8279714584350586,0
star_8,medium,medium,passive_c120,202,6,6,6,0,105,488,0,24,43,12,0,2.0669713020324707,0
star_8,medium,medium,passive_c160,202,6,6,6,0,105,488,0,24,43,12,0,1.7781131267547607,0
star_8,medium,medium,passive_c160,303,6,6,6,0,106,498,0,24,44,12,0,1.8009793758392334,0
star_8,medium,medium,passive_c160,101,6,6,6,0,106,498,0,24,44,12,0,2.045872211456299,0
star_8,medium,medium,probes_on,42,5,6,0,6,91,427,0,10,37,11,0,1.6517894268035889,0
star_8,medium,medium,probes_c120,101,6,6,6,0,106,498,0,24,44,12,0,1.5981872081756592,0
star_8,medium,medium,passive_c160,404,6,6,6,0,105,490,0,24,44,11,0,1.8024015426635742,0
star_8,burst,medium,baseline,202,6,6,1,5,95,443,0,14,33,17,0,1.73187255859375,0
star_8,medium,medium,probes_on,404,6,6,0,6,93,436,0,12,38,11,0,1.9869580268859863,0
star_8,medium,medium,probes_on,101,6,6,0,6,94,444,0,12,38,12,0,2.0428061485290527,0
star_8,medium,medium,probes_on,202,6,6,0,6,93,434,0,12,37,12,0,2.045592784881592,0
star_8,medium,medium,probes_c120,202,6,6,6,0,105,488,0,24,43,12,0,1.9027724266052246,0
star_8,burst,medium,baseline,101,6,6,1,5,96,453,0,14,34,17,0,1.8426530361175537,0
star_8,burst,medium,passive,101,6,6,3,3,100,471,0,18,39,14,0,1.4973454475402832,0
star_8,medium,medium,probes_on,303,6,6,0,6,94,444,0,12,38,12,0,2.1357827186584473,0
star_8,burst,medium,baseline,42,6,6,1,5,96,453,0,14,34,17,0,1.9615435600280762,0
star_8,medium,medium,probes_c120,42,6,6,6,0,106,498,0,24,44,12,0,2.112546682357788,0
star_8,medium,medium,probes_c120,303,6,6,6,0,106,498,0,24,44,12,0,2.115187406539917,0
star_8,medium,medium,probes_c120,404,6,6,6,0,105,490,0,24,44,11,0,2.0958685874938965,0
star_8,burst,medium,baseline,303,6,6,1,5,96,453,0,14,34,17,0,2.030895709991455,0
star_8,burst,medium,baseline,404,6,6,1,5,95,445,0,14,34,16,0,2.011850595474243,0
star_8,burst,medium,passive,404,6,6,3,3,99,463,0,18,39,13,0,1.7454485893249512,0
star_8,burst,medium,passive,42,6,6,3,3,100,471,0,18,39,14,0,2.1054704189300537,0
star_8,burst,medium,passive,202,6,6,3,3,99,461,0,18,38,14,0,2.072275400161743,0
star_8,burst,medium,passive,303,6,6,3,3,100,471,0,18,39,14,0,2.0484750270843506,0
star_8,burst,medium,passive_c80,202,6,6,3,3,99,461,0,18,38,14,0,1.9469072818756104,0
star_8,burst,medium,passive_c80,101,6,6,3,3,100,471,0,18,39,14,0,2.033362627029419,0
star_8,burst,medium,passive_c80,42,6,6,3,3,100,471,0,18,39,14,0,2.0488038063049316,0
star_8,burst,medium,passive_c80,303,6,6,3,3,100,471,0,18,39,14,0,2.064492702484131,0
star_8,burst,medium,passive_c80,404,6,6,3,3,99,463,0,18,39,13,0,1.9304676055908203,0
star_8,burst,medium,passive_c120,202,6,6,3,3,99,461,0,18,37,15,0,1.6712665557861328,0
star_8,burst,medium,passive_c120,42,6,6,3,3,100,471,0,18,38,15,0,1.9902586936950684,0
star_8,burst,medium,passive_c120,101,6,6,3,3,100,471,0,18,38,15,0,1.8572604656219482,0
star_8,burst,medium,passive_c120,303,6,6,3,3,100,471,0,18,38,15,0,2.039762258529663,0
star_8,burst,medium,passive_c120,404,6,6,3,3,99,463,0,18,38,14,0,1.996424913406372,0
star_8,burst,medium,passive_c160,303,6,6,3,3,100,471,0,18,38,15,0,1.8299221992492676,0
star_8,burst,medium,passive_c160,202,6,6,3,3,99,461,0,18,37,15,0,1.8405990600585938,0
star_8,burst,medium,passive_c160,42,6,6,3,3,100,471,0,18,38,15,0,1.8815233707427979,0
star_8,burst,medium,probes_on,42,6,6,3,3,100,471,0,18,39,14,0,1.8264999389648438,0
star_8,burst,medium,probes_on,404,6,6,3,3,99,463,0,18,39,13,0,1.7981679439544678,0
star_8,burst,medium,probes_on,101,6,6,3,3,100,471,0,18,39,14,0,1.9295294284820557,0
star_8,burst,medium,passive_c160,101,6,6,3,3,100,471,0,18,38,15,0,2.0379180908203125,0
star_8,burst,medium,passive_c160,404,6,6,3,3,99,463,0,18,38,14,0,1.9979097843170166,0
star_8,burst,medium,probes_on,303,6,6,3,3,100,471,0,18,39,14,0,1.9680304527282715,0
star_8,burst,medium,probes_c120,42,6,6,3,3,100,471,0,18,38,15,0,1.8837039470672607,0
star_8,burst,medium,probes_on,202,6,6,3,3,99,461,0,18,38,14,0,2.0541820526123047,0
star_8,burst,medium,probes_c120,101,6,6,3,3,100,471,0,18,38,15,0,1.9031896591186523,0
star_8,burst,medium,probes_c120,404,6,6,3,3,99,463,0,18,38,14,0,1.7458643913269043,0
star_8,burst,medium,probes_c120,303,6,6,3,3,100,471,0,18,38,15,0,1.8971078395843506,0
star_8,burst,medium,probes_c120,202,6,6,3,3,99,461,0,18,37,15,0,2.003443479537964,0
star_8,heavy,medium,baseline,202,11,12,8,4,127,578,2,36,44,21,0,1.6297633647918701,0
star_8,heavy,medium,passive,42,10,12,0,12,111,508,2,20,41,16,0,1.593174934387207,0
star_8,heavy,medium,baseline,42,11,12,8,4,128,588,2,36,45,21,0,2.0255088806152344,0
star_8,heavy,medium,baseline,303,11,12,8,4,128,588,2,36,45,21,0,1.8430635929107666,0
star_8,heavy,medium,baseline,404,11,12,8,4,127,580,2,36,45,20,0,1.8597681522369385,0
star_8,heavy,medium,baseline,101,11,12,8,4,128,588,2,36,45,21,0,2.061361312866211,0
star_8,heavy,medium,passive,101,11,12,0,12,114,525,2,22,42,17,0,2.0819504261016846,0
star_8,heavy,medium,passive,202,11,12,0,12,113,515,2,22,41,17,0,1.9685564041137695,0
star_8,heavy,medium,passive,404,11,12,0,12,113,517,2,22,42,16,0,1.9490993022918701,0
star_8,heavy,medium,passive,303,11,12,0,12,114,525,2,22,42,17,0,2.0461435317993164,0
star_8,heavy,medium,passive_c120,303,11,12,8,4,128,588,2,36,45,21,0,1.418501853942871,0
star_8,heavy,medium,passive_c80,42,10,12,0,12,111,508,2,20,41,16,0,2.0410361289978027,0
star_8,heavy,medium,passive_c80,202,11,12,0,12,113,515,2,22,41,17,0,1.8880906105041504,0
star_8,heavy,medium,passive_c80,101,11,12,0,12,114,525,2,22,42,17,0,1.9470384120941162,0
star_8,heavy,medium,passive_c120,404,11,12,8,4,127,580,2,36,45,20,0,1.7139511108398438,0
star_8,heavy,medium,passive_c120,42,11,12,8,4,128,588,2,36,45,21,0,1.9989516735076904,0
star_8,heavy,medium,passive_c80,404,11,12,0,12,113,517,2,22,42,16,0,2.0347564220428467,0
star_8,heavy,medium,passive_c80,303,11,12,0,12,114,525,2,22,42,17,0,2.066279172897339,0
star_8,heavy,medium,probes_on,404,11,12,0,12,113,517,2,22,42,16,0,1.4314532279968262,0
star_8,heavy,medium,passive_c160,202,11,12,8,4,127,578,2,36,44,21,0,1.7811851501464844,0
star_8,heavy,medium,passive_c120,202,11,12,8,4,127,578,2,36,44,21,0,1.952892541885376,0
star_8,heavy,medium,passive_c120,101,11,12,8,4,128,588,2,36,45,21,0,2.063218593597412,0
star_8,heavy,medium,passive_c160,42,11,12,8,4,128,588,2,36,45,21,0,2.035038948059082,0
star_8,heavy,medium,passive_c160,101,11,12,8,4,128,588,2,36,45,21,0,1.954094409942627,0
star_8,heavy,medium,probes_on,101,11,12,0,12,114,525,2,22,42,17,0,1.8096249103546143,0
star_8,heavy,medium,passive_c160,404,11,12,8,4,127,580,2,36,45,20,0,1.9131793975830078,0
star_8,heavy,medium,probes_on,42,10,12,0,12,111,508,2,20,41,16,0,1.8802845478057861,0
star_8,heavy,medium,passive_c160,303,11,12,8,4,128,588,2,36,45,21,0,2.056920289993286,0
star_8,heavy,medium,probes_on,202,11,12,0,12,113,515,2,22,41,17,0,2.055037260055542,0
star_8,heavy,medium,probes_on,303,11,12,0,12,114,525,2,22,42,17,0,2.103550434112549,0
star_8,heavy,medium,probes_c120,101,11,12,8,4,128,588,2,36,45,21,0,1.9619956016540527,0
star_8,heavy,medium,probes_c120,202,11,12,8,4,127,578,2,36,44,21,0,2.0320825576782227,0
star_8,heavy,medium,probes_c120,42,11,12,8,4,128,588,2,36,45,21,0,2.1008245944976807,0
star_8,heavy,medium,probes_c120,303,11,12,8,4,128,588,2,36,45,21,0,2.1104161739349365,0
star_8,sparse,medium,baseline,303,5,5,5,0,100,471,0,20,42,11,0,1.4636917114257812,0
star_8,sparse,medium,baseline,202,5,5,5,0,99,461,0,20,41,11,0,1.6091854572296143,0
star_8,heavy,medium,probes_c120,404,11,12,8,4,127,580,2,36,45,20,0,2.099731206893921,0
star_8,sparse,medium,baseline,42,5,5,5,0,100,471,0,20,42,11,0,2.076601028442383,0
star_8,sparse,medium,baseline,101,5,5,5,0,100,471,0,20,42,11,0,2.0162384510040283,0
star_8,sparse,medium,baseline,404,5,5,5,0,99,463,0,20,42,10,0,2.0208678245544434,0
star_8,sparse,medium,passive,202,5,5,0,5,89,416,0,10,36,11,0,1.785940170288086,0
star_8,sparse,medium,passive,303,5,5,0,5,90,426,0,10,37,11,0,1.7026376724243164,0
star_8,sparse,medium,passive_c80,202,5,5,0,5,89,416,0,10,36,11,0,1.6332027912139893,0
star_8,sparse,medium,passive,42,5,5,0,5,90,426,0,10,37,11,0,2.051936626434326,0
star_8,sparse,medium,passive,101,5,5,0,5,90,426,0,10,37,11,0,2.034982204437256,0
star_8,sparse,medium,passive_c80,101,5,5,0,5,90,426,0,10,37,11,0,1.7969403266906738,0
star_8,sparse,medium,passive_c120,202,5,5,5,0,99,461,0,20,41,11,0,1.6716241836547852,0
star_8,sparse,medium,passive_c80,303,5,5,0,5,90,426,0,10,37,11,0,1.8389372825622559,0
star_8,sparse,medium,passive_c120,303,5,5,5,0,100,471,0,20,42,11,0,1.749145269393921,0
star_8,sparse,medium,passive,404,5,5,0,5,89,418,0,10,37,10,0,2.0278208255767822,0
star_8,sparse,medium,passive_c80,404,5,5,0,5,89,418,0,10,37,10,0,2.071864366531372,0
star_8,sparse,medium,passive_c80,42,5,5,0,5,90,426,0,10,37,11,0,2.130329132080078,0
star_8,sparse,medium,passive_c160,101,5,5,5,0,100,471,0,20,42,11,0,1.6553516387939453,0
star_8,sparse,medium,passive_c120,101,5,5,5,0,100,471,0,20,42,11,0,2.040595293045044,0
star_8,sparse,medium,passive_c120,42,5,5,5,0,100,471,0,20,42,11,0,2.06183123588562,0
star_8,sparse,medium,passive_c160,42,5,5,5,0,100,471,0,20,42,11,0,1.9123764038085938,0
star_8,sparse,medium,passive_c120,404,5,5,5,0,99,463,0,20,42,10,0,2.0551490783691406,0
star_8,sparse,medium,passive_c160,202,5,5,5,0,99,461,0,20,41,11,0,1.7320923805236816,0
star_8,sparse,medium,probes_on,202,5,5,0,5,89,416,0,10,36,11,0,1.7527873516082764,0
star_8,sparse,medium,probes_on,42,5,5,0,5,90,426,0,10,37,11,0,1.8877716064453125,0
star_8,sparse,medium,passive_c160,303,5,5,5,0,100,471,0,20,42,11,0,2.099909543991089,0
star_8,sparse,medium,passive_c160,404,5,5,5,0,99,463,0,20,42,10,0,2.0319528579711914,0
star_8,sparse,medium,probes_on,303,5,5,0,5,90,426,0,10,37,11,0,2.0368387699127197,0
star_8,sparse,medium,probes_on,101,5,5,0,5,90,426,0,10,37,11,0,2.0975422859191895,0
star_8,sparse,medium,probes_on,404,5,5,0,5,89,418,0,10,37,10,0,1.971437931060791,0
star_8,sparse,medium,probes_c120,101,5,5,5,0,100,471,0,20,42,11,0,1.9339048862457275,0
star_8,sparse,medium,probes_c120,42,5,5,5,0,100,471,0,20,42,11,0,1.9685654640197754,0
star_8,sparse,medium,probes_c120,202,5,5,5,0,99,461,0,20,41,11,0,2.040005683898926,0
star_8,sparse,medium,probes_c120,404,5,5,5,0,99,463,0,20,42,10,0,2.0472753047943115,0
star_8,sparse,medium,probes_c120,303,5,5,5,0,100,471,0,20,42,11,0,2.1025054454803467,0
star_10,light,medium,baseline,303,3,3,3,0,104,599,0,12,46,9,0,2.1636979579925537,0
star_10,light,medium,passive,202,3,3,0,3,97,554,0,6,42,9,0,1.9775285720825195,0
star_10,light,medium,passive,42,3,3,0,3,98,566,0,6,43,9,0,2.1635918617248535,0
star_10,light,medium,passive_c80,303,3,3,0,3,98,566,0,6,43,9,0,1.8400330543518066,0
star_10,light,medium,baseline,42,3,3,3,0,104,599,0,12,46,9,0,2.460123062133789,0
star_10,light,medium,baseline,101,3,3,3,0,104,599,0,12,46,9,0,2.433908462524414,0
star_10,light,medium,baseline,202,3,3,3,0,103,587,0,12,45,9,0,2.4324445724487305,0
star_10,light,medium,baseline,404,3,3,3,0,103,589,0,12,46,8,0,2.448399782180786,0
star_10,light,medium,passive_c120,42,3,3,3,0,104,599,0,12,46,9,0,1.983191967010498,0
star_10,light,medium,passive,101,3,3,0,3,98,566,0,6,43,9,0,2.4033751487731934,0
star_10,light,medium,passive,404,3,3,0,3,97,556,0,6,43,8,0,2.4345943927764893,0
star_10,light,medium,passive_c80,101,3,3,0,3,98,566,0,6,43,9,0,2.4324629306793213,0
star_10,light,medium,passive_c80,202,3,3,0,3,97,554,0,6,42,9,0,2.4770922660827637,0
star_10,light,medium,passive,303,3,3,0,3,98,566,0,6,43,9,0,2.576683282852173,0
star_10,light,medium,passive_c80,42,3,3,0,3,98,566,0,6,43,9,0,2.5577499866485596,0
star_10,light,medium,passive_c80,404,3,3,0,3,97,556,0,6,43,8,0,2.501116991043091,0
star_10,light,medium,passive_c120,404,3,3,3,0,103,589,0,12,46,8,0,2.1873655319213867,0
star_10,light,medium,passive_c120,202,3,3,3,0,103,587,0,12,45,9,0,2.4226560592651367,0
star_10,light,medium,passive_c120,101,3,3,3,0,104,599,0,12,46,9,0,2.459472417831421,0
star_10,light,medium,passive_c120,303,3,3,3,0,104,599,0,12,46,9,0,2.348047971725464,0
star_10,light,medium,passive_c160,404,3,3,3,0,103,589,0,12,46,8,0,1.922583818435669,0
star_10,light,medium,passive_c160,42,3,3,3,0,104,599,0,12,46,9,0,2.545128583908081,0
star_10,light,medium,passive_c160,101,3,3,3,0,104,599,0,12,46,9,0,2.5483691692352295,0
star_10,light,medium,passive_c160,202,3,3,3,0,103,587,0,12,45,9,0,2.4615087509155273,0
star_10,light,medium,probes_on,42,3,3,0,3,98,566,0,6,43,9,0,2.1724653244018555,0
star_10,light,medium,probes_on,101,3,3,0,3,98,566,0,6,43,9,0,2.136547327041626,0
star_10,light,medium,passive_c160,303,3,3,3,0,104,599,0,12,46,9,0,2.561119794845581,0
star_10,light,medium,probes_on,202,3,3,0,3,97,554,0,6,42,9,0,2.205247163772583,0
star_10,light,medium,probes_on,303,3,3,0,3,98,566,0,6,43,9,0,2.152587652206421,0
star_10,light,medium,probes_on,404,3,3,0,3,97,556,0,6,43,8,0,2.5031235218048096,0
star_10,light,medium,probes_c120,42,3,3,3,0,104,599,0,12,46,9,0,2.453075408935547,0
star_10,light,medium,probes_c120,101,3,3,3,0,104,599,0,12,46,9,0,2.429617166519165,0
star_10,light,medium,probes_c120,404,3,3,3,0,103,589,0,12,46,8,0,2.3227875232696533,0
star_10,medium,medium,baseline,202,6,6,6,0,121,686,0,24,51,12,0,2.2143774032592773,0
star_10,light,medium,probes_c120,202,3,3,3,0,103,587,0,12,45,9,0,2.501251220703125,0
star_10,medium,medium,passive,42,5,6,0,6,107,611,0,10,45,11,0,1.967618465423584,0
star_10,light,medium,probes_c120,303,3,3,3,0,104,599,0,12,46,9,0,2.5042221546173096,0
star_10,medium,medium,baseline,42,6,6,6,0,122,698,0,24,52,12,0,2.444960594177246,0
star_10,medium,medium,baseline,101,6,6,6,0,122,698,0,24,52,12,0,2.4295058250427246,0
star_10,medium,medium,passive,303,6,6,0,6,110,632,0,12,46,12,0,2.0243022441864014,0
star_10,medium,medium,baseline,303,6,6,6,0,122,698,0,24,52,12,0,2.310666561126709,0
star_10,medium,medium,baseline,404,6,6,6,0,121,688,0,24,52,11,0,2.3755791187286377,0
star_10,medium,medium,passive,202,6,6,0,6,109,620,0,12,45,12,0,2.3768773078918457,0
star_10,medium,medium,passive,101,6,6,0,6,110,632,0,12,46,12,0,2.565704822540283,0
star_10,medium,medium,passive_c80,202,6,6,0,6,109,620,0,12,45,12,0,2.133066415786743,0
star_10,medium,medium,passive_c80,101,6,6,0,6,110,632,0,12,46,12,0,2.293421745300293,0
star_10,medium,medium,passive,404,6,6,0,6,109,622,0,12,46,11,0,2.4731595516204834,0
star_10,medium,medium,passive_c80,42,5,6,0,6,107,611,0,10,45,11,0,2.469005823135376,0
star_10,medium,medium,passive_c80,303,6,6,0,6,110,632,0,12,46,12,0,2.5657594203948975,0
star_10,medium,medium,passive_c120,101,6,6,6,0,122,698,0,24,52,12,0,2.327605724334717,0
star_10,medium,medium,passive_c160,101,6,6,6,0,122,698,0,24,52,12,0,1.9599320888519287,0
star_10,medium,medium,passive_c80,404,6,6,0,6,109,622,0,12,46,11,0,2.5169529914855957,0
star_10,medium,medium,passive_c120,42,6,6,6,0,122,698,0,24,52,12,0,2.4933323860168457,0
star_10,medium,medium,passive_c120,202,6,6,6,0,121,686,0,24,51,12,0,2.3365533351898193,0
star_10,medium,medium,passive_c160,202,6,6,6,0,121,686,0,24,51,12,0,1.7657363414764404,0
star_10,medium,medium,passive_c160,42,6,6,6,0,122,698,0,24,52,12,0,2.319169521331787,0
star_10,medium,medium,passive_c120,303,6,6,6,0,122,698,0,24,52,12,0,2.492007255554199,0
star_10,medium,medium,passive_c120,404,6,6,6,0,121,688,0,24,52,11,0,2.5529792308807373,0
star_10,medium,medium,probes_on,42,5,6,0,6,107,611,0,10,45,11,0,2.299501657485962,0
star_10,medium,medium,passive_c160,404,6,6,6,0,121,688,0,24,52,11,0,2.3681488037109375,0
star_10,medium,medium,probes_c120,202,6,6,6,0,121,686,0,24,51,12,0,2.1354098320007324,0
star_10,medium,medium,passive_c160,303,6,6,6,0,122,698,0,24,52,12,0,2.496694803237915,0
star_10,medium,medium,probes_c120,303,6,6,6,0,122,698,0,24,52,12,0,2.1693150997161865,0
star_10,medium,medium,probes_c120,404,6,6,6,0,121,688,0,24,52,11,0,2.032949209213257,0
star_10,medium,medium,probes_on,101,6,6,0,6,110,632,0,12,46,12,0,2.495595932006836,0
star_10,medium,medium,probes_c120,101,6,6,6,0,122,698,0,24,52,12,0,2.28769588470459,0
star_10,medium,medium,probes_on,202,6,6,0,6,109,620,0,12,45,12,0,2.5395123958587646,0
star_10,medium,medium,probes_on,303,6,6,0,6,110,632,0,12,46,12,0,2.4973552227020264,0
star_10,medium,medium,probes_on,404,6,6,0,6,109,622,0,12,46,11,0,2.4619996547698975,0
star_10,medium,medium,probes_c120,42,6,6,6,0,122,698,0,24,52,12,0,2.4311790466308594,0
star_10,burst,medium,baseline,202,6,6,1,5,111,631,0,14,41,17,0,2.037867546081543,0
star_10,burst,medium,baseline,42,6,6,1,5,112,643,0,14,42,17,0,2.5124731063842773,0
star_10,burst,medium,passive,42,6,6,3,3,116,665,0,18,47,14,0,2.133409023284912,0
star_10,burst,medium,baseline,101,6,6,1,5,112,643,0,14,42,17,0,2.536057949066162,0
star_10,burst,medium,baseline,303,6,6,1,5,112,643,0,14,42,17,0,2.4480345249176025,0
star_10,burst,medium,baseline,404,6,6,1,5,111,633,0,14,42,16,0,2.4691367149353027,0
star_10,burst,medium,passive_c80,303,6,6,3,3,116,665,0,18,47,14,0,1.907829999923706,0
star_10,burst,medium,passive_c120,42,6,6,3,3,116,665,0,18,46,15,0,1.867964267730713,0
star_10,burst,medium,passive,404,6,6,3,3,115,655,0,18,47,13,0,2.2497191429138184,0
star_10,burst,medium,passive,101,6,6,3,3,116,665,0,18,47,14,0,2.5441925525665283,0
star_10,burst,medium,passive,202,6,6,3,3,115,653,0,18,46,14,0,2.492110252380371,0
star_10,burst,medium,passive,303,6,6,3,3,116,665,0,18,47,14,0,2.498967170715332,0
star_10,burst,medium,passive_c80,202,6,6,3,3,115,653,0,18,46,14,0,2.3874316215515137,0
star_10,burst,medium,passive_c80,101,6,6,3,3,116,665,0,18,47,14,0,2.499415159225464,0
star_10,burst,medium,passive_c80,42,6,6,3,3,116,665,0,18,47,14,0,2.545069694519043,0
star_10,burst,medium,passive_c120,101,6,6,3,3,116,665,0,18,46,15,0,1.841773509979248,0
star_10,burst,medium,passive_c80,404,6,6,3,3,115,655,0,18,47,13,0,2.4863271713256836,0
star_10,burst,medium,passive_c160,202,6,6,3,3,115,653,0,18,45,15,0,2.148686170578003,0
star_10,burst,medium,probes_on,202,6,6,3,3,115,653,0,18,46,14,0,2.080827236175537,0
star_10,burst,medium,passive_c120,202,6,6,3,3,115,653,0,18,45,15,0,2.463178873062134,0
star_10,burst,medium,passive_c120,303,6,6,3,3,116,665,0,18,46,15,0,2.490504503250122,0
star_10,burst,medium,passive_c160,42,6,6,3,3,116,665,0,18,46,15,0,2.473144769668579,0
star_10,burst,medium,passive_c120,404,6,6,3,3,115,655,0,18,46,14,0,2.530266761779785,0
star_10,burst,medium,passive_c160,303,6,6,3,3,116,665,0,18,46,15,0,2.4593873023986816,0
star_10,burst,medium,passive_c160,101,6,6,3,3,116,665,0,18,46,15,0,2.4864377975463867,0
star_10,burst,medium,probes_on,303,6,6,3,3,116,665,0,18,47,14,0,2.203557014465332,0
star_10,burst,medium,probes_on,101,6,6,3,3,116,665,0,18,47,14,0,2.4613037109375,0
star_10,burst,medium,probes_on,42,6,6,3,3,116,665,0,18,47,14,0,2.505561351776123,0
star_10,burst,medium,passive_c160,404,6,6,3,3,115,655,0,18,46,14,0,2.538159132003784,0
star_10,burst,medium,probes_on,404,6,6,3,3,115,655,0,18,47,13,0,2.2276978492736816,0
star_10,burst,medium,probes_c120,42,6,6,3,3,116,665,0,18,46,15,0,2.5574207305908203,0
star_10,burst,medium,probes_c120,101,6,6,3,3,116,665,0,18,46,15,0,2.5655481815338135,0
star_10,burst,medium,probes_c120,202,6,6,3,3,115,653,0,18,45,15,0,2.4391729831695557,0
star_10,burst,medium,probes_c120,404,6,6,3,3,115,655,0,18,46,14,0,2.250458240509033,0
star_10,heavy,medium,baseline,101,11,12,10,2,148,830,2,40,57,19,0,2.119837999343872,0
star_10,burst,medium,probes_c120,303,6,6,3,3,116,665,0,18,46,15,0,2.466157913208008,0
star_10,heavy,medium,passive,101,11,12,0,12,130,731,2,22,50,17,0,2.058370351791382,0
star_10,heavy,medium,passive,202,11,12,0,12,129,719,2,22,49,17,0,2.0565078258514404,0
star_10,heavy,medium,passive,303,11,12,0,12,130,731,2,22,50,17,0,2.0634961128234863,0
star_10,heavy,medium,baseline,42,11,12,10,2,148,830,2,40,57,19,0,2.5054640769958496,0
star_10,heavy,medium,baseline,404,11,12,10,2,147,820,2,40,57,18,0,2.243486166000366,0
star_10,heavy,medium,baseline,202,11,12,10,2,147,818,2,40,56,19,0,2.483710765838623,0
star_10,heavy,medium,passive,42,10,12,0,12,127,710,2,20,49,16,0,2.3034000396728516,0
star_10,heavy,medium,baseline,303,11,12,10,2,148,830,2,40,57,19,0,2.55041241645813,0
star_10,heavy,medium,passive_c80,42,10,12,0,12,127,710,2,20,49,16,0,1.9141309261322021,0
star_10,heavy,medium,passive,404,11,12,0,12,129,721,2,22,50,16,0,2.482470989227295,0
star_10,heavy,medium,passive_c80,202,11,12,0,12,129,719,2,22,49,17,0,1.9916775226593018,0
star_10,heavy,medium,passive_c80,303,11,12,0,12,130,731,2,22,50,17,0,2.2121269702911377,0
star_10,heavy,medium,passive_c80,101,11,12,0,12,130,731,2,22,50,17,0,2.5444328784942627,0
star_10,heavy,medium,passive_c120,404,11,12,10,2,147,820,2,40,57,18,0,2.169694185256958,0
star_10,heavy,medium,passive_c120,42,11,12,10,2,148,830,2,40,57,19,0,2.3101935386657715,0
star_10,heavy,medium,passive_c80,404,11,12,0,12,129,721,2,22,50,16,0,2.4576876163482666,0
star_10,heavy,medium,passive_c120,101,11,12,10,2,148,830,2,40,57,19,0,2.475369930267334,0
star_10,heavy,medium,passive_c120,202,11,12,10,2,147,818,2,40,56,19,0,2.465057373046875,0
star_10,heavy,medium,passive_c120,303,11,12,10,2,148,830,2,40,57,19,0,2.484363079071045,0
star_10,heavy,medium,passive_c160,42,11,12,10,2,148,830,2,40,57,19,0,2.4801549911499023,0
star_10,heavy,medium,passive_c160,101,11,12,10,2,148,830,2,40,57,19,0,2.463243007659912,0
star_10,heavy,medium,passive_c160,404,11,12,10,2,147,820,2,40,57,18,0,1.8982179164886475,0
star_10,heavy,medium,passive_c160,202,11,12,10,2,147,818,2,40,56,19,0,2.522251605987549,0
star_10,heavy,medium,probes_on,101,11,12,0,12,130,731,2,22,50,17,0,2.2120091915130615,0
star_10,heavy,medium,passive_c160,303,11,12,10,2,148,830,2,40,57,19,0,2.3761043548583984,0
star_10,heavy,medium,probes_c120,303,11,12,10,2,148,830,2,40,57,19,0,1.9089951515197754,0
star_10,heavy,medium,probes_on,42,10,12,0,12,127,710,2,20,49,16,0,2.503587484359741,0
star_10,heavy,medium,probes_on,303,11,12,0,12,130,731,2,22,50,17,0,2.415832042694092,0
star_10,heavy,medium,probes_on,202,11,12,0,12,129,719,2,22,49,17,0,2.4269144535064697,0
star_10,sparse,medium,baseline,202,5,5,5,0,115,653,0,20,49,11,0,1.9177062511444092,0
star_10,heavy,medium,probes_c120,42,11,12,10,2,148,830,2,40,57,19,0,2.425466775894165,0
star_10,heavy,medium,probes_on,404,11,12,0,12,129,721,2,22,50,16,0,2.493628740310669,0
star_10,heavy,medium,probes_c120,101,11,12,10,2,148,830,2,40,57,19,0,2.4865870475769043,0
star_10,heavy,medium,probes_c120,202,11,12,10,2,147,818,2,40,56,19,0,2.46860933303833,0
star_10,sparse,medium,passive,42,5,5,0,5,106,610,0,10,45,11,0,1.6425447463989258,0
star_10,sparse,medium,baseline,101,5,5,5,0,116,665,0,20,50,11,0,2.2806529998779297,0
star_10,heavy,medium,probes_c120,404,11,12,10,2,147,820,2,40,57,18,0,2.534224271774292,0
star_10,sparse,medium,baseline,42,5,5,5,0,116,665,0,20,50,11,0,2.50823974609375,0
star_10,sparse,medium,baseline,404,5,5,5,0,115,655,0,20,50,10,0,2.302091121673584,0
star_10,sparse,medium,baseline,303,5,5,5,0,116,665,0,20,50,11,0,2.468620777130127,0
star_10,sparse,medium,passive,202,5,5,0,5,105,598,0,10,44,11,0,2.519458055496216,0
star_10,sparse,medium,passive,101,5,5,0,5,106,610,0,10,45,11,0,2.5332131385803223,0
star_10,sparse,medium,passive_c80,303,5,5,0,5,106,610,0,10,45,11,0,2.187047243118286,0
star_10,sparse,medium,passive,303,5,5,0,5,106,610,0,10,45,11,0,2.5496020317077637,0
star_10,sparse,medium,passive,404,5,5,0,5,105,600,0,10,45,10,0,2.4117889404296875,0
star_10,sparse,medium,passive_c80,404,5,5,0,5,105,600,0,10,45,10,0,2.2384355068206787,0
star_10,sparse,medium,passive_c80,101,5,5,0,5,106,610,0,10,45,11,0,2.475825786590576,0
star_10,sparse,medium,passive_c80,42,5,5,0,5,106,610,0,10,45,11,0,2.4919800758361816,0
star_10,sparse,medium,passive_c80,202,5,5,0,5,105,598,0,10,44,11,0,2.4404635429382324,0
star_10,sparse,medium,passive_c120,404,5,5,5,0,115,655,0,20,50,10,0,1.8659658432006836,0
star_10,sparse,medium,passive_c120,202,5,5,5,0,115,653,0,20,49,11,0,2.0087978839874268,0
star_10,sparse,medium,passive_c120,42,5,5,5,0,116,665,0,20,50,11,0,2.5171518325805664,0
star_10,sparse,medium,passive_c120,101,5,5,5,0,116,665,0,20,50,11,0,2.549220085144043,0
star_10,sparse,medium,passive_c120,303,5,5,5,0,116,665,0,20,50,11,0,2.38769793510437,0
star_10,sparse,medium,passive_c160,42,5,5,5,0,116,665,0,20,50,11,0,2.258546829223633,0
star_10,sparse,medium,probes_c120,101,5,5,5,0,116,665,0,20,50,11,0,1.7744903564453125,0
star_10,sparse,medium,passive_c160,101,5,5,5,0,116,665,0,20,50,11,0,2.4424028396606445,0
star_10,sparse,medium,probes_on,303,5,5,0,5,106,610,0,10,45,11,0,2.09938907623291,0
star_10,sparse,medium,passive_c160,202,5,5,5,0,115,653,0,20,49,11,0,2.515544891357422,0
star_10,sparse,medium,passive_c160,404,5,5,5,0,115,655,0,20,50,10,0,2.419325828552246,0
star_10,sparse,medium,passive_c160,303,5,5,5,0,116,665,0,20,50,11,0,2.564020872116089,0
star_10,sparse,medium,probes_c120,42,5,5,5,0,116,665,0,20,50,11,0,2.2452445030212402,0
star_10,sparse,medium,probes_on,42,5,5,0,5,106,610,0,10,45,11,0,2.4987950325012207,0
star_10,sparse,medium,probes_on,101,5,5,0,5,106,610,0,10,45,11,0,2.49438738822937,0
star_10,sparse,medium,probes_on,202,5,5,0,5,105,598,0,10,44,11,0,2.4790194034576416,0
star_10,sparse,medium,probes_on,404,5,5,0,5,105,600,0,10,45,10,0,2.4291980266571045,0
star_10,sparse,medium,probes_c120,202,5,5,5,0,115,653,0,20,49,11,0,2.4845898151397705,0
star_10,sparse,medium,probes_c120,303,5,5,5,0,116,665,0,20,50,11,0,2.526493787765503,0
dstar_4,light,medium,passive,202,2,2,0,2,92,290,26,6,42,14,0,1.9667150974273682,0
dstar_4,light,medium,baseline,404,3,3,3,0,95,283,32,9,45,10,0,2.129956007003784,0
dstar_4,light,medium,baseline,42,3,3,3,0,100,310,30,9,49,11,0,2.255995273590088,0
dstar_4,light,medium,baseline,101,3,3,3,0,99,313,26,7,47,13,0,2.264223337173462,0
dstar_4,light,medium,passive_c80,42,3,3,0,3,97,309,24,9,45,14,0,1.825920581817627,0
dstar_4,light,medium,baseline,202,2,2,2,0,94,293,29,6,44,13,0,2.2343509197235107,0
dstar_4,light,medium,baseline,303,3,3,3,0,97,300,29,6,46,12,0,2.228689193725586,0
dstar_4,light,medium,passive_c80,101,3,3,0,3,98,316,22,9,45,15,0,1.7447597980499268,0
dstar_4,light,medium,passive,101,3,3,0,3,98,316,22,9,45,15,0,2.2111401557922363,0
dstar_4,light,medium,passive,42,3,3,0,3,97,309,24,9,45,14,0,2.2208080291748047,0
star_10,sparse,medium,probes_c120,404,5,5,5,0,115,655,0,20,50,10,0,2.4039721488952637,0
dstar_4,light,medium,passive,303,3,3,0,3,97,310,23,9,44,15,0,2.153547525405884,0
dstar_4,light,medium,passive,404,3,3,0,3,92,282,26,9,41,13,0,2.257625102996826,0
dstar_4,light,medium,passive_c120,101,3,3,3,0,99,313,26,7,47,13,0,1.6680099964141846,0
dstar_4,light,medium,passive_c80,202,2,2,0,2,92,290,26,6,42,14,0,2.0366079807281494,0
dstar_4,light,medium,passive_c120,42,3,3,3,0,100,310,30,9,49,11,0,1.8492014408111572,0
dstar_4,light,medium,passive_c80,404,3,3,0,3,92,282,26,9,41,13,0,2.078275203704834,0
dstar_4,light,medium,passive_c80,303,3,3,0,3,97,310,23,9,44,15,0,2.2969324588775635,0
dstar_4,light,medium,passive_c160,303,3,3,3,0,97,300,29,6,46,12,0,1.8006701469421387,0
dstar_4,light,medium,passive_c160,202,2,2,2,0,94,293,29,6,44,13,0,1.8367676734924316,0
dstar_4,light,medium,passive_c160,404,3,3,3,0,95,283,32,9,45,10,0,1.8333652019500732,0
dstar_4,light,medium,passive_c120,303,3,3,3,0,97,300,29,6,46,12,0,2.080254077911377,0
dstar_4,light,medium,passive_c160,101,3,3,3,0,99,313,26,7,47,13,0,1.9751744270324707,0
dstar_4,light,medium,passive_c120,202,2,2,2,0,94,293,29,6,44,13,0,2.225745677947998,0
dstar_4,light,medium,passive_c120,404,3,3,3,0,95,283,32,9,45,10,0,2.21598482131958,0
dstar_4,light,medium,passive_c160,42,3,3,3,0,100,310,30,9,49,11,0,2.261380434036255,0
dstar_4,light,medium,probes_on,42,3,3,0,3,102,325,25,9,44,18,2,2.1482574939727783,0
dstar_4,light,medium,probes_c120,42,3,3,3,0,102,315,31,6,46,15,2,1.8552427291870117,0
dstar_4,light,medium,probes_on,101,3,3,0,3,103,337,22,9,46,18,1,2.24564266204834,0
dstar_4,medium,medium,baseline,303,6,6,6,0,124,399,29,24,58,18,0,1.7895073890686035,0
dstar_4,light,medium,probes_on,202,2,2,0,2,92,280,32,6,38,17,1,2.2162294387817383,0
dstar_4,light,medium,probes_c120,303,3,3,3,0,102,322,28,6,47,15,1,2.1052775382995605,0
dstar_4,light,medium,probes_on,303,3,3,0,3,102,332,22,9,45,18,1,2.202908515930176,0
dstar_4,medium,medium,baseline,202,5,5,5,0,121,392,29,24,56,19,0,2.0073816776275635,0
dstar_4,light,medium,probes_c120,101,3,3,3,0,100,317,27,3,46,15,1,2.1994426250457764,0
dstar_4,light,medium,probes_c120,404,3,3,3,0,98,297,29,6,43,14,2,2.1726317405700684,0
dstar_4,medium,medium,baseline,42,6,6,6,0,127,409,30,27,61,17,0,2.133319616317749,0
dstar_4,light,medium,probes_c120,202,2,2,2,0,93,277,36,5,40,15,1,2.2507588863372803,0
dstar_4,light,medium,probes_on,404,3,3,0,3,98,306,24,9,41,17,2,2.28415584564209,0
dstar_4,medium,medium,baseline,101,6,6,6,0,126,412,26,25,59,19,0,2.1837148666381836,0
dstar_4,medium,medium,baseline,404,6,6,6,0,122,382,32,27,57,16,0,2.159853935241699,0
dstar_4,medium,medium,passive,42,6,6,0,6,115,375,24,18,51,20,0,2.123394250869751,0
dstar_4,medium,medium,passive_c80,404,6,6,0,6,110,348,26,18,47,19,0,1.5445070266723633,0
dstar_4,medium,medium,passive,202,5,5,0,5,110,356,26,15,48,20,0,2.1247732639312744,0
dstar_4,medium,medium,passive,303,6,6,0,6,115,376,23,18,50,21,0,2.046520948410034,0
dstar_4,medium,medium,passive,101,6,6,0,6,116,382,22,18,51,21,0,2.203338861465454,0
dstar_4,medium,medium,passive_c80,303,6,6,0,6,115,376,23,18,50,21,0,1.7352430820465088,0
dstar_4,medium,medium,passive_c80,42,6,6,0,6,115,375,24,18,51,20,0,1.8591198921203613,0
dstar_4,medium,medium,passive,404,6,6,0,6,110,348,26,18,47,19,0,2.248854875564575,0
dstar_4,medium,medium,passive_c120,101,6,6,6,0,126,412,26,25,59,19,0,1.943206787109375,0
dstar_4,medium,medium,passive_c80,202,5,5,0,5,110,356,26,15,48,20,0,2.1423561573028564,0
dstar_4,medium,medium,passive_c80,101,6,6,0,6,116,382,22,18,51,21,0,2.2358312606811523,0
dstar_4,medium,medium,passive_c120,42,6,6,6,0,127,409,30,27,61,17,0,2.282278299331665,0
dstar_4,medium,medium,passive_c120,202,5,5,5,0,121,392,29,24,56,19,0,2.260798454284668,0
dstar_4,medium,medium,passive_c120,303,6,6,6,0,124,399,29,24,58,18,0,2.018728494644165,0
dstar_4,medium,medium,probes_on,303,6,6,0,6,120,398,22,18,51,24,1,1.7631111145019531,0
dstar_4,medium,medium,probes_c120,303,6,6,6,0,129,421,28,24,59,21,1,1.4732823371887207,0
dstar_4,medium,medium,probes_c120,101,6,6,6,0,122,393,29,16,56,19,1,1.7844901084899902,0
dstar_4,medium,medium,passive_c120,404,6,6,6,0,122,382,32,27,57,16,0,2.2248966693878174,0
dstar_4,medium,medium,passive_c160,42,6,6,6,0,127,409,30,27,61,17,0,2.220186710357666,0
dstar_4,medium,medium,passive_c160,101,6,6,6,0,126,412,26,25,59,19,0,2.2502336502075195,0
dstar_4,medium,medium,passive_c160,303,6,6,6,0,124,399,29,24,58,18,0,2.1390397548675537,0
dstar_4,medium,medium,passive_c160,404,6,6,6,0,122,382,32,27,57,16,0,2.1523444652557373,0
dstar_4,burst,medium,baseline,42,6,6,1,5,114,364,26,19,53,16,0,1.57822847366333,0
dstar_4,medium,medium,passive_c160,202,5,5,5,0,121,392,29,24,56,19,0,2.2541587352752686,0
dstar_4,medium,medium,probes_on,404,6,6,0,6,116,372,24,18,47,23,2,2.1477580070495605,0
dstar_4,medium,medium,probes_on,42,6,6,0,6,120,391,25,18,50,24,2,2.284874200820923,0
dstar_4,medium,medium,probes_on,202,5,5,0,5,110,346,32,15,44,23,1,2.2161500453948975,0
dstar_4,medium,medium,probes_on,101,6,6,0,6,121,403,22,18,52,24,1,2.2329108715057373,0
dstar_4,medium,medium,probes_c120,42,6,6,6,0,129,414,31,24,58,21,2,2.2929787635803223,0
dstar_4,medium,medium,probes_c120,202,5,5,5,0,120,376,36,23,52,21,1,2.2062525749206543,0
dstar_4,medium,medium,probes_c120,404,6,6,6,0,125,396,29,24,55,20,2,2.1908230781555176,0
dstar_4,burst,medium,baseline,202,6,6,2,4,110,341,29,14,44,21,0,2.0926125049591064,0
dstar_4,burst,medium,baseline,101,6,6,3,3,111,349,26,13,47,19,0,2.1670756340026855,0
dstar_4,burst,medium,baseline,404,6,6,2,4,108,330,30,17,49,14,0,2.190586566925049,0
dstar_4,burst,medium,baseline,303,6,6,2,4,113,358,27,17,52,16,0,2.2349936962127686,0
dstar_4,burst,medium,passive,202,6,6,4,2,111,342,33,13,50,16,0,2.1652913093566895,0
dstar_4,burst,medium,passive,42,6,6,3,3,115,361,30,18,55,14,0,2.2689285278320312,0
dstar_4,burst,medium,passive,101,6,6,4,2,115,361,30,16,55,14,0,2.2565016746520996,0
dstar_4,burst,medium,passive,303,6,6,3,3,115,364,27,18,52,17,0,2.223963499069214,0
dstar_4,burst,medium,passive,404,6,6,3,3,114,352,30,22,53,14,0,2.269855499267578,0
dstar_4,burst,medium,passive_c120,42,6,6,3,3,117,369,28,20,53,17,0,1.6045091152191162,0
dstar_4,burst,medium,passive_c80,101,6,6,4,2,115,361,30,16,55,14,0,2.0621581077575684,0
dstar_4,burst,medium,passive_c80,42,6,6,3,3,115,361,30,18,55,14,0,2.278097152709961,0
dstar_4,burst,medium,passive_c160,404,6,6,4,2,113,345,32,20,53,13,0,1.5269458293914795,0
dstar_4,burst,medium,passive_c80,202,6,6,4,2,111,342,33,13,50,16,0,2.1150736808776855,0
dstar_4,burst,medium,probes_on,42,6,6,3,3,120,377,31,18,54,18,2,1.7534980773925781,0
dstar_4,burst,medium,passive_c80,303,6,6,3,3,115,364,27,18,52,17,0,2.140228509902954,0
dstar_4,burst,medium,passive_c80,404,6,6,3,3,114,352,30,22,53,14,0,2.1508004665374756,0
dstar_4,burst,medium,passive_c120,303,6,6,4,2,114,357,29,16,52,16,0,2.0185725688934326,0
dstar_4,burst,medium,passive_c120,101,6,6,5,1,111,346,29,11,51,15,0,2.2287747859954834,0
dstar_4,burst,medium,passive_c120,202,6,6,5,1,110,335,35,11,50,15,0,2.202251672744751,0
dstar_4,burst,medium,passive_c120,404,6,6,4,2,113,345,32,20,53,13,0,2.1465952396392822,0
dstar_4,burst,medium,passive_c160,42,6,6,3,3,117,369,28,20,53,17,0,2.2142982482910156,0
dstar_4,burst,medium,passive_c160,303,6,6,4,2,114,357,29,16,52,16,0,2.103320837020874,0
dstar_4,burst,medium,passive_c160,202,6,6,5,1,110,335,35,11,50,15,0,2.1379547119140625,0
dstar_4,burst,medium,passive_c160,101,6,6,5,1,111,346,29,11,51,15,0,2.281376600265503,0
dstar_4,burst,medium,probes_on,101,6,6,4,2,117,372,29,13,54,17,1,2.250645637512207,0
dstar_4,burst,medium,probes_on,202,6,6,3,3,114,346,36,17,46,21,1,2.175856590270996,0
dstar_4,burst,medium,probes_on,303,6,6,4,2,116,368,28,13,51,19,1,2.2429745197296143,0
dstar_4,burst,medium,probes_on,404,6,6,3,3,116,360,28,18,49,19,2,2.261270761489868,0
dstar_4,burst,medium,probes_c120,101,6,6,5,1,116,365,31,11,54,16,1,2.106354236602783,0
dstar_4,burst,medium,probes_c120,42,6,6,5,1,118,363,35,14,54,16,2,2.2214581966400146,0
dstar_4,burst,medium,probes_c120,404,6,6,4,2,115,351,32,16,51,16,2,1.811697006225586,0
dstar_4,burst,medium,probes_c120,202,6,6,3,3,118,362,36,21,50,20,1,2.2634119987487793,0
dstar_4,burst,medium,probes_c120,303,6,6,5,1,115,359,32,11,53,16,1,1.9453084468841553,0
dstar_4,heavy,medium,baseline,42,12,12,8,4,163,531,32,49,71,29,0,2.0385591983795166,0
dstar_4,heavy,medium,baseline,303,12,12,8,4,162,528,30,48,67,32,0,1.795438528060913,0
dstar_4,heavy,medium,baseline,202,10,10,8,2,144,462,34,34,60,28,0,1.9291660785675049,0
dstar_4,heavy,medium,baseline,101,11,12,10,2,156,508,32,39,67,29,0,2.188164234161377,0
dstar_4,heavy,medium,baseline,404,12,12,9,3,154,492,34,41,66,27,0,2.012773036956787,0
dstar_4,heavy,medium,passive,101,11,12,0,12,143,469,26,31,59,29,0,1.8798778057098389,0
dstar_4,heavy,medium,passive_c80,42,12,12,0,12,147,486,25,35,62,29,0,1.8067898750305176,0
dstar_4,heavy,medium,passive,42,12,12,0,12,147,486,25,35,62,29,0,2.2694709300994873,0
dstar_4,heavy,medium,passive,202,10,10,0,10,136,444,28,30,56,28,0,2.0139029026031494,0
dstar_4,heavy,medium,passive,404,12,12,0,12,141,453,28,36,57,28,0,2.224416494369507,0
dstar_4,heavy,medium,passive_c80,101,11,12,0,12,143,469,26,31,59,29,0,2.156306505203247,0
dstar_4,heavy,medium,passive,303,12,12,0,12,145,476,25,35,59,30,0,2.280343770980835,0
dstar_4,heavy,medium,passive_c80,202,10,10,0,10,136,444,28,30,56,28,0,2.0933358669281006,0
dstar_4,heavy,medium,passive_c80,303,12,12,0,12,145,476,25,35,59,30,0,2.1435165405273438,0
dstar_4,heavy,medium,passive_c120,202,10,10,8,2,144,462,34,34,60,28,0,2.062466859817505,0
dstar_4,heavy,medium,passive_c80,404,12,12,0,12,141,453,28,36,57,28,0,2.2337470054626465,0
dstar_4,heavy,medium,passive_c120,42,12,12,8,4,163,531,32,49,71,29,0,2.287386178970337,0
dstar_4,heavy,medium,passive_c120,101,11,12,10,2,156,508,32,39,67,29,0,2.285780906677246,0
dstar_4,heavy,medium,passive_c120,303,12,12,8,4,162,528,30,48,67,32,0,2.2054731845855713,0
dstar_4,heavy,medium,passive_c120,404,12,12,9,3,154,492,34,41,66,27,0,2.0703279972076416,0
dstar_4,heavy,medium,passive_c160,101,11,12,10,2,156,508,32,39,67,29,0,1.8858215808868408,0
dstar_4,heavy,medium,passive_c160,42,12,12,8,4,163,531,32,49,71,29,0,2.280317544937134,0
dstar_4,heavy,medium,probes_on,42,11,12,0,12,152,509,23,33,63,32,2,1.986112117767334,0
dstar_4,heavy,medium,probes_on,303,12,12,0,12,149,491,26,34,59,33,1,1.727020025253296,0
dstar_4,heavy,medium,passive_c160,303,12,12,8,4,162,528,30,48,67,32,0,2.171973943710327,0
dstar_4,heavy,medium,passive_c160,404,12,12,9,3,154,492,34,41,66,27,0,2.1699612140655518,0
dstar_4,heavy,medium,passive_c160,202,10,10,8,2,144,462,34,34,60,28,0,2.2624359130859375,0
dstar_4,heavy,medium,probes_on,101,11,12,0,12,151,507,24,33,63,32,1,2.14888072013855,0
dstar_4,heavy,medium,probes_c120,101,11,12,9,3,165,545,32,43,71,32,1,1.8907420635223389,0
dstar_4,heavy,medium,probes_on,202,10,10,0,10,140,458,30,30,56,31,1,2.2557690143585205,0
dstar_4,heavy,medium,probes_c120,42,11,12,8,4,168,553,31,46,75,29,2,2.0954573154449463,0
dstar_4,heavy,medium,probes_on,404,11,12,0,12,145,471,26,33,57,31,2,2.21081280708313,0
dstar_4,heavy,medium,probes_c120,303,12,12,9,3,160,512,36,43,64,33,1,2.102715492248535,0
dstar_4,heavy,medium,probes_c120,202,10,10,7,3,148,470,38,39,58,32,1,2.213358163833618,0
dstar_4,sparse,medium,baseline,101,5,5,5,0,111,348,31,15,51,16,0,2.049302101135254,0
dstar_4,sparse,medium,baseline,42,4,4,4,0,104,320,32,14,47,15,0,2.0655272006988525,0
dstar_4,heavy,medium,probes_c120,404,11,12,9,3,156,498,34,40,63,31,2,2.19516921043396,0
dstar_4,sparse,medium,baseline,303,5,5,5,0,111,350,29,15,51,16,0,2.0591042041778564,0
dstar_4,sparse,medium,passive_c80,202,3,3,0,3,99,318,25,9,44,17,0,1.6185638904571533,0
dstar_4,sparse,medium,passive_c80,101,5,5,0,5,108,349,23,15,47,19,0,1.7536797523498535,0
dstar_4,sparse,medium,baseline,202,3,3,3,0,107,343,28,16,50,16,0,2.171095371246338,0
dstar_4,sparse,medium,passive,42,4,4,0,4,100,312,28,12,43,17,0,2.1504409313201904,0
dstar_4,sparse,medium,baseline,404,5,5,5,0,111,348,31,15,53,14,0,2.1535985469818115,0
dstar_4,sparse,medium,passive,202,3,3,0,3,99,318,25,9,44,17,0,2.13232159614563,0
dstar_4,sparse,medium,passive,101,5,5,0,5,108,349,23,15,47,19,0,2.2345924377441406,0
dstar_4,sparse,medium,passive,404,4,4,0,4,99,309,26,12,43,16,0,2.0250637531280518,0
dstar_4,sparse,medium,passive_c80,42,4,4,0,4,100,312,28,12,43,17,0,2.0693037509918213,0
dstar_4,sparse,medium,passive,303,4,4,0,4,99,310,25,12,42,17,0,2.228177070617676,0
dstar_4,sparse,medium,passive_c120,42,4,4,4,0,104,320,32,14,47,15,0,1.7715342044830322,0
dstar_4,sparse,medium,passive_c80,404,4,4,0,4,99,309,26,12,43,16,0,1.8638784885406494,0
dstar_4,sparse,medium,passive_c80,303,4,4,0,4,99,310,25,12,42,17,0,2.231415271759033,0
dstar_4,sparse,medium,passive_c120,303,5,5,5,0,111,350,29,15,51,16,0,1.952089548110962,0
dstar_4,sparse,medium,passive_c120,202,3,3,3,0,107,343,28,16,50,16,0,1.9871041774749756,0
dstar_4,sparse,medium,passive_c120,101,5,5,5,0,111,348,31,15,51,16,0,2.2823517322540283,0
dstar_4,sparse,medium,passive_c120,404,5,5,5,0,111,348,31,15,53,14,0,2.2789041996002197,0
dstar_4,sparse,medium,passive_c160,42,4,4,4,0,104,320,32,14,47,15,0,2.271395444869995,0
dstar_4,sparse,medium,probes_on,202,4,4,0,4,104,325,31,12,42,21,1,1.5575850009918213,0
dstar_4,sparse,medium,passive_c160,101,5,5,5,0,111,348,31,15,51,16,0,2.2792696952819824,0
dstar_4,sparse,medium,passive_c160,202,3,3,3,0,107,343,28,16,50,16,0,2.2549636363983154,0
dstar_4,sparse,medium,passive_c160,303,5,5,5,0,111,350,29,15,51,16,0,2.288421630859375,0
dstar_4,sparse,medium,passive_c160,404,5,5,5,0,111,348,31,15,53,14,0,2.2635934352874756,0
dstar_4,sparse,medium,probes_on,42,4,4,0,4,110,358,24,12,47,21,2,2.184929132461548,0
dstar_4,sparse,medium,probes_c120,42,4,4,4,0,119,389,26,18,54,20,2,1.6599664688110352,0
dstar_4,sparse,medium,probes_on,101,4,4,0,4,109,358,23,12,47,21,1,2.248535633087158,0
dstar_4,sparse,medium,probes_on,303,5,5,0,5,112,364,24,15,47,22,1,2.1552271842956543,0
dstar_4,sparse,medium,probes_on,404,5,5,0,5,111,355,24,15,46,21,2,2.165128231048584,0
dstar_4,sparse,medium,probes_c120,404,4,4,4,0,103,311,32,9,44,16,2,2.0480334758758545,0
dstar_4,sparse,medium,probes_c120,101,4,4,4,0,113,366,27,14,51,19,1,2.243042469024658,0
dstar_4,sparse,medium,probes_c120,202,4,4,4,0,114,363,31,17,51,19,1,2.1705517768859863,0
dstar_4,sparse,medium,probes_c120,303,5,5,5,0,116,371,29,15,52,19,1,2.250365734100342,0
tree_d3f2,light,medium,baseline,404,1,2,2,0,351,649,160,17,225,86,0,3.865938186645508,0
tree_d3f2,light,medium,passive,202,2,2,0,2,355,671,149,32,220,95,0,4.1304686069488525,0
tree_d3f2,light,medium,baseline,42,2,2,2,0,396,744,171,34,268,86,0,4.757236003875732,0
tree_d3f2,light,medium,baseline,303,2,2,2,0,378,720,152,38,243,93,0,4.6071531772613525,0
tree_d3f2,light,medium,passive_c120,404,1,2,2,0,351,649,160,17,225,86,0,3.58958101272583,0
tree_d3f2,light,medium,passive,101,2,2,0,2,393,737,172,32,258,95,0,4.866778135299683,0
tree_d3f2,light,medium,baseline,101,2,2,2,0,417,778,185,34,288,87,0,5.090420722961426,0
tree_d3f2,light,medium,baseline,202,2,2,2,0,370,687,166,25,242,87,0,5.0985705852508545,0
tree_d3f2,light,medium,passive_c80,42,2,2,0,2,372,718,143,32,238,94,0,4.5978899002075195,0
tree_d3f2,light,medium,passive,42,2,2,0,2,372,718,143,32,238,94,0,5.082723379135132,0
tree_d3f2,light,medium,passive,404,1,2,0,2,328,620,136,16,195,94,0,4.89107346534729,0
tree_d3f2,light,medium,passive,303,2,2,0,2,340,650,133,22,203,97,0,5.112638473510742,0
tree_d3f2,light,medium,passive_c160,303,2,2,2,0,378,720,152,38,243,93,0,4.2048163414001465,0
tree_d3f2,light,medium,passive_c80,404,1,2,0,2,328,620,136,16,195,94,0,4.908693552017212,0
tree_d3f2,light,medium,passive_c80,101,2,2,0,2,393,737,172,32,258,95,0,5.251862049102783,0
tree_d3f2,light,medium,passive_c80,303,2,2,0,2,340,650,133,22,203,97,0,5.1126463413238525,0
tree_d3f2,light,medium,passive_c120,303,2,2,2,0,378,720,152,38,243,93,0,4.863785266876221,0
tree_d3f2,light,medium,passive_c80,202,2,2,0,2,355,671,149,32,220,95,0,5.257728338241577,0
tree_d3f2,light,medium,passive_c120,101,2,2,2,0,417,778,185,34,288,87,0,5.255559206008911,0
tree_d3f2,light,medium,passive_c120,42,2,2,2,0,396,744,171,34,268,86,0,5.262197017669678,0
tree_d3f2,light,medium,passive_c120,202,2,2,2,0,370,687,166,25,242,87,0,5.243005275726318,0
tree_d3f2,light,medium,passive_c160,101,2,2,2,0,417,778,185,34,288,87,0,5.0270726680755615,0
tree_d3f2,light,medium,passive_c160,42,2,2,2,0,396,744,171,34,268,86,0,5.132286548614502,0
tree_d3f2,light,medium,passive_c160,202,2,2,2,0,370,687,166,25,242,87,0,4.979501485824585,0
tree_d3f2,light,medium,passive_c160,404,1,2,2,0,351,649,160,17,225,86,0,5.014765501022339,0
tree_d3f2,light,medium,probes_on,42,3,3,0,3,434,856,159,48,267,119,6,5.161804437637329,0
tree_d3f2,light,medium,probes_on,101,2,2,0,2,404,775,168,29,235,123,6,5.2544310092926025,0
tree_d3f2,light,medium,probes_on,202,2,2,0,2,434,843,177,32,265,123,6,5.1684889793396,0
tree_d3f2,light,medium,probes_on,303,2,2,0,2,368,721,131,25,202,120,6,4.497225284576416,0
tree_d3f2,light,medium,probes_on,404,2,2,0,2,364,713,132,29,201,117,6,4.587037801742554,0
tree_d3f2,light,medium,probes_c120,404,2,2,2,0,399,785,143,42,234,117,6,4.404287815093994,0
tree_d3f2,medium,medium,passive,101,4,4,0,4,432,818,184,61,285,103,0,3.6316940784454346,0
tree_d3f2,medium,medium,passive,404,2,4,0,4,350,660,147,32,210,98,0,3.46878719329834,0
tree_d3f2,light,medium,probes_c120,101,2,2,2,0,439,832,194,42,268,123,6,4.916897535324097,0
tree_d3f2,light,medium,probes_c120,202,2,2,2,0,446,855,191,25,284,115,6,4.707398891448975,0
tree_d3f2,light,medium,probes_c120,42,3,3,3,0,471,903,197,55,309,111,6,5.179860353469849,0
tree_d3f2,medium,medium,baseline,42,5,5,5,0,480,899,211,70,344,86,0,4.705743789672852,0
tree_d3f2,medium,medium,baseline,202,5,5,5,0,466,860,218,76,325,91,0,4.807327508926392,0
tree_d3f2,light,medium,probes_c120,303,2,2,2,0,403,778,156,38,239,116,6,5.059866905212402,0
tree_d3f2,medium,medium,baseline,101,4,4,4,0,484,900,222,69,341,95,0,5.071889400482178,0
tree_d3f2,medium,medium,baseline,404,2,4,4,0,389,718,180,38,255,90,0,4.962622165679932,0
tree_d3f2,medium,medium,baseline,303,3,3,3,0,411,776,173,55,273,93,0,5.214779376983643,0
tree_d3f2,medium,medium,passive,202,3,5,0,5,370,702,152,36,223,103,0,4.771759271621704,0
tree_d3f2,medium,medium,passive_c120,202,5,5,5,0,466,860,218,76,325,91,0,4.004750490188599,0
tree_d3f2,medium,medium,passive,42,5,5,0,5,414,799,160,59,262,106,0,5.155326843261719,0
tree_d3f2,medium,medium,passive_c80,303,3,3,0,3,368,707,143,45,225,101,0,4.8700785636901855,0
tree_d3f2,medium,medium,passive,303,3,3,0,3,368,707,143,45,225,101,0,5.236156940460205,0
tree_d3f2,medium,medium,passive_c80,42,5,5,0,5,414,799,160,59,262,106,0,5.215206861495972,0
tree_d3f2,medium,medium,passive_c120,101,4,4,4,0,484,900,222,69,341,95,0,4.83057165145874,0
tree_d3f2,medium,medium,passive_c80,404,2,4,0,4,350,660,147,32,210,98,0,4.9059319496154785,0
tree_d3f2,medium,medium,passive_c80,101,4,4,0,4,432,818,184,61,285,103,0,5.135169744491577,0
tree_d3f2,medium,medium,passive_c80,202,3,5,0,5,370,702,152,36,223,103,0,5.171380043029785,0
tree_d3f2,medium,medium,passive_c120,42,5,5,5,0,480,899,211,70,344,86,0,5.171204090118408,0
tree_d3f2,medium,medium,passive_c160,42,5,5,5,0,480,899,211,70,344,86,0,4.694543838500977,0
tree_d3f2,medium,medium,passive_c120,404,2,4,4,0,389,718,180,38,255,90,0,4.87809944152832,0
tree_d3f2,medium,medium,passive_c120,303,3,3,3,0,411,776,173,55,273,93,0,4.984955072402954,0
tree_d3f2,medium,medium,passive_c160,101,4,4,4,0,484,900,222,69,341,95,0,4.820437908172607,0
tree_d3f2,medium,medium,probes_on,404,2,4,0,4,377,745,131,32,204,125,6,3.9252121448516846,0
tree_d3f2,medium,medium,passive_c160,202,5,5,5,0,466,860,218,76,325,91,0,4.833262920379639,0
tree_d3f2,medium,medium,passive_c160,404,2,4,4,0,389,718,180,38,255,90,0,4.843268394470215,0
tree_d3f2,medium,medium,passive_c160,303,3,3,3,0,411,776,173,55,273,93,0,5.092817068099976,0
tree_d3f2,medium,medium,probes_on,42,6,6,0,6,473,923,183,72,288,131,6,5.155349969863892,0
tree_d3f2,medium,medium,probes_on,101,3,3,0,3,427,817,181,45,250,129,6,5.150869369506836,0
tree_d3f2,medium,medium,probes_on,202,4,4,0,4,464,899,191,52,283,131,6,5.152137279510498,0
tree_d3f2,medium,medium,probes_on,303,3,3,0,3,393,772,140,45,221,124,6,5.135923624038696,0
tree_d3f2,medium,medium,probes_c120,303,3,3,3,0,440,846,176,59,269,120,6,4.6372597217559814,0
tree_d3f2,burst,medium,baseline,303,6,6,1,5,395,783,132,46,213,133,0,3.8696699142456055,0
tree_d3f2,medium,medium,probes_c120,42,6,6,6,0,565,1061,258,101,396,109,6,5.221328496932983,0
tree_d3f2,medium,medium,probes_c120,101,3,3,3,0,467,873,218,52,291,125,6,5.164895534515381,0
tree_d3f2,medium,medium,probes_c120,202,4,4,4,0,513,976,229,60,337,123,6,5.175888538360596,0
tree_d3f2,burst,medium,passive_c80,101,6,6,3,3,510,956,227,96,360,99,0,3.4125068187713623,0
tree_d3f2,medium,medium,probes_c120,404,2,4,4,0,427,835,158,38,264,113,6,4.918222427368164,0
tree_d3f2,burst,medium,baseline,42,6,6,1,5,468,899,189,97,313,106,0,4.9491355419158936,0
tree_d3f2,burst,medium,passive,42,6,6,3,3,489,921,214,99,340,98,0,4.4858338832855225,0
tree_d3f2,burst,medium,baseline,202,6,6,2,4,454,857,196,89,302,103,0,4.874253034591675,0
tree_d3f2,burst,medium,passive_c80,42,6,6,3,3,489,921,214,99,340,98,0,4.206426382064819,0
tree_d3f2,burst,medium,baseline,101,6,6,1,5,486,919,210,94,330,107,0,5.2098228931427,0
tree_d3f2,burst,medium,baseline,404,,,0,0,302,567,127,0,180,86,0,4.932006359100342,0
tree_d3f2,burst,medium,passive,202,5,6,3,3,448,851,189,75,292,107,0,5.019823312759399,0
tree_d3f2,burst,medium,passive,303,6,6,3,3,457,871,186,86,305,101,0,5.033321142196655,0
tree_d3f2,burst,medium,passive,101,6,6,3,3,510,956,227,96,360,99,0,5.1385498046875,0
tree_d3f2,burst,medium,passive,404,,,0,0,302,567,127,0,180,86,0,5.119068384170532,0
tree_d3f2,burst,medium,passive_c80,303,6,6,3,3,457,871,186,86,305,101,0,4.8197877407073975,0
tree_d3f2,burst,medium,passive_c80,404,,,0,0,302,567,127,0,180,86,0,4.046176195144653,0
tree_d3f2,burst,medium,passive_c80,202,5,6,3,3,448,851,189,75,292,107,0,5.229589462280273,0
tree_d3f2,burst,medium,passive_c120,42,6,6,3,3,489,924,211,99,340,98,0,4.595914840698242,0
tree_d3f2,burst,medium,passive_c120,101,6,6,3,3,513,959,231,99,363,99,0,5.125369548797607,0
tree_d3f2,burst,medium,passive_c160,42,6,6,3,3,489,924,211,99,340,98,0,4.290976524353027,0
tree_d3f2,burst,medium,passive_c120,202,5,6,4,2,451,849,197,67,299,103,0,4.820651531219482,0
tree_d3f2,burst,medium,probes_on,202,5,6,3,3,527,1028,212,75,337,135,6,4.188211917877197,0
tree_d3f2,burst,medium,passive_c120,404,,,0,0,302,567,127,0,180,86,0,4.997819423675537,0
tree_d3f2,burst,medium,passive_c120,303,6,6,3,3,441,852,169,70,273,117,0,5.1363325119018555,0
tree_d3f2,burst,medium,passive_c160,101,6,6,3,3,513,959,231,99,363,99,0,4.91351580619812,0
tree_d3f2,heavy,medium,baseline,42,10,10,9,1,620,1159,281,150,459,98,0,3.591510534286499,0
tree_d3f2,burst,medium,probes_on,303,,,0,0,331,643,121,0,179,110,6,4.644840478897095,0
tree_d3f2,burst,medium,passive_c160,202,5,6,4,2,451,849,197,67,299,103,0,5.170102119445801,0
tree_d3f2,burst,medium,passive_c160,303,6,6,3,3,441,852,169,70,273,117,0,5.022704124450684,0
tree_d3f2,burst,medium,passive_c160,404,,,0,0,302,567,127,0,180,86,0,5.1491148471832275,0
tree_d3f2,burst,medium,probes_on,101,6,6,3,3,526,993,237,98,340,129,6,5.190373182296753,0
tree_d3f2,burst,medium,probes_on,42,6,6,3,3,532,1021,223,99,354,121,6,5.272092580795288,0
tree_d3f2,burst,medium,probes_on,404,6,6,3,3,470,908,186,89,284,129,6,5.286259889602661,0
tree_d3f2,burst,medium,probes_c120,42,6,6,3,3,503,978,199,70,309,137,6,5.307296276092529,0
tree_d3f2,burst,medium,probes_c120,101,6,6,3,3,506,973,213,78,298,151,6,5.163980007171631,0
tree_d3f2,burst,medium,probes_c120,202,6,6,4,2,557,1063,244,91,377,123,6,5.17379355430603,0
tree_d3f2,burst,medium,probes_c120,404,6,6,3,3,455,893,167,67,257,141,6,4.953673601150513,0
tree_d3f2,burst,medium,probes_c120,303,,,0,0,331,643,121,0,179,110,6,5.2646472454071045,0
tree_d3f2,heavy,medium,baseline,202,7,8,6,2,518,965,236,125,359,103,0,4.75084376335144,0
tree_d3f2,heavy,medium,passive,42,10,10,0,10,515,997,201,136,333,126,0,4.4822869300842285,0
tree_d3f2,heavy,medium,baseline,303,5,6,5,1,459,876,186,81,303,105,0,4.939975023269653,0
tree_d3f2,heavy,medium,baseline,404,3,7,6,1,431,793,203,50,293,90,0,4.913792848587036,0
tree_d3f2,heavy,medium,baseline,101,7,7,6,1,536,1002,237,110,386,95,0,5.209027051925659,0
tree_d3f2,heavy,medium,passive,202,8,9,0,9,474,911,192,113,300,121,0,4.8417441844940186,0
tree_d3f2,heavy,medium,passive,101,6,7,0,7,462,878,194,85,299,114,0,5.1478893756866455,0
tree_d3f2,heavy,medium,passive,303,5,6,0,6,414,799,159,80,258,109,0,5.0570619106292725,0
tree_d3f2,heavy,medium,passive_c80,42,10,10,0,10,515,997,201,136,333,126,0,4.534854173660278,0
tree_d3f2,heavy,medium,passive,404,4,7,0,7,397,760,159,64,240,110,0,5.253053665161133,0
tree_d3f2,heavy,medium,passive_c80,101,6,7,0,7,462,878,194,85,299,114,0,5.132300615310669,0
tree_d3f2,heavy,medium,passive_c120,202,7,8,6,2,518,965,236,125,359,103,0,4.589062452316284,0
tree_d3f2,heavy,medium,passive_c120,303,5,6,5,1,459,876,186,81,303,105,0,4.570534706115723,0
tree_d3f2,heavy,medium,passive_c80,303,5,6,0,6,414,799,159,80,258,109,0,5.0373358726501465,0
tree_d3f2,heavy,medium,passive_c80,404,4,7,0,7,397,760,159,64,240,110,0,5.084823131561279,0
tree_d3f2,heavy,medium,passive_c80,202,8,9,0,9,474,911,192,113,300,121,0,5.246845960617065,0
tree_d3f2,heavy,medium,passive_c120,42,10,10,9,1,620,1159,281,150,459,98,0,5.123982191085815,0
tree_d3f2,heavy,medium,probes_on,404,3,5,0,5,390,756,147,48,219,121,6,3.687117576599121,0
tree_d3f2,heavy,medium,passive_c120,101,7,7,6,1,536,1002,237,110,386,95,0,5.1300272941589355,0
tree_d3f2,heavy,medium,passive_c160,101,7,7,6,1,536,1002,237,110,386,95,0,4.61594033241272,0
tree_d3f2,heavy,medium,probes_c120,303,7,7,5,2,546,1034,237,125,359,126,6,3.4795777797698975,0
tree_d3f2,heavy,medium,passive_c160,42,10,10,9,1,620,1159,281,150,459,98,0,4.9109039306640625,0
tree_d3f2,heavy,medium,passive_c120,404,3,7,6,1,431,793,203,50,293,90,0,5.200466632843018,0
tree_d3f2,heavy,medium,probes_on,303,7,7,0,7,471,938,159,105,277,138,6,4.174994230270386,0
tree_d3f2,heavy,medium,passive_c160,202,7,8,6,2,518,965,236,125,359,103,0,5.06328272819519,0
tree_d3f2,heavy,medium,passive_c160,303,5,6,5,1,459,876,186,81,303,105,0,5.008345603942871,0
tree_d3f2,heavy,medium,probes_on,101,5,7,0,7,475,915,196,80,283,138,6,5.060132265090942,0
tree_d3f2,heavy,medium,passive_c160,404,3,7,6,1,431,793,203,50,293,90,0,5.13651704788208,0
tree_d3f2,heavy,medium,probes_on,42,11,12,0,12,570,1119,212,155,357,148,6,5.229531288146973,0
tree_d3f2,heavy,medium,probes_on,202,8,9,0,9,527,1018,217,113,326,142,6,5.286186933517456,0
tree_d3f2,heavy,medium,probes_c120,202,8,9,7,2,594,1113,275,114,404,126,6,4.883168935775757,0
tree_d3f2,heavy,medium,probes_c120,42,11,12,9,3,671,1288,283,168,447,151,6,4.961346626281738,0
tree_d3f2,heavy,medium,probes_c120,404,3,5,4,1,425,808,175,50,264,109,6,4.269881963729858,0
tree_d3f2,heavy,medium,probes_c120,101,6,7,6,1,553,1037,253,102,370,123,6,5.263781785964966,0
tree_d3f2,sparse,medium,baseline,42,5,5,5,0,501,923,239,85,364,86,0,4.8906567096710205,0
tree_d3f2,sparse,medium,baseline,101,4,4,4,0,448,823,209,72,309,91,0,4.609935283660889,0
tree_d3f2,sparse,medium,baseline,303,2,3,3,0,396,755,159,42,256,97,0,4.243589162826538,0
tree_d3f2,sparse,medium,baseline,202,4,4,4,0,443,832,193,66,296,99,0,4.92268180847168,0
tree_d3f2,sparse,medium,passive,101,4,4,0,4,390,741,159,50,243,103,0,4.154349327087402,0
tree_d3f2,sparse,medium,passive_c80,202,3,4,0,4,401,753,176,48,255,103,0,3.973003625869751,0
tree_d3f2,sparse,medium,passive,303,3,3,0,3,371,714,143,48,228,101,0,4.360840559005737,0
tree_d3f2,sparse,medium,passive,42,4,4,0,4,442,850,180,64,296,102,0,4.611067771911621,0
tree_d3f2,sparse,medium,passive,202,3,4,0,4,401,753,176,48,255,103,0,4.648855924606323,0
tree_d3f2,sparse,medium,baseline,404,3,4,4,0,425,775,209,55,289,90,0,5.080559968948364,0
tree_d3f2,sparse,medium,passive_c80,404,2,3,0,3,332,621,143,32,193,98,0,4.564312696456909,0
tree_d3f2,sparse,medium,passive,404,2,3,0,3,332,621,143,32,193,98,0,5.044357061386108,0
tree_d3f2,sparse,medium,passive_c80,42,4,4,0,4,442,850,180,64,296,102,0,5.011169672012329,0
tree_d3f2,sparse,medium,passive_c80,303,3,3,0,3,371,714,143,48,228,101,0,4.946537017822266,0
tree_d3f2,sparse,medium,passive_c80,101,4,4,0,4,390,741,159,50,243,103,0,5.153181314468384,0
tree_d3f2,sparse,medium,passive_c120,42,5,5,5,0,501,923,239,85,364,86,0,4.8776867389678955,0
tree_d3f2,sparse,medium,passive_c120,101,4,4,4,0,448,823,209,72,309,91,0,5.056224346160889,0
tree_d3f2,sparse,medium,passive_c120,202,4,4,4,0,443,832,193,66,296,99,0,5.117324113845825,0
tree_d3f2,sparse,medium,passive_c160,42,5,5,5,0,501,923,239,85,364,86,0,4.474826097488403,0
tree_d3f2,sparse,medium,passive_c160,101,4,4,4,0,448,823,209,72,309,91,0,4.4693238735198975,0
tree_d3f2,sparse,medium,passive_c120,303,2,3,3,0,396,755,159,42,256,97,0,5.075491189956665,0
tree_d3f2,sparse,medium,passive_c120,404,3,4,4,0,425,775,209,55,289,90,0,5.002116918563843,0
tree_d3f2,sparse,medium,probes_on,101,3,3,0,3,419,821,159,48,242,129,6,4.427215337753296,0
tree_d3f2,sparse,medium,passive_c160,303,2,3,3,0,396,755,159,42,256,97,0,4.631136178970337,0
tree_d3f2,sparse,medium,probes_on,42,4,4,0,4,447,876,167,64,272,125,6,4.713360548019409,0
tree_d3f2,sparse,medium,passive_c160,202,4,4,4,0,443,832,193,66,296,99,0,4.887728214263916,0
tree_d3f2,sparse,medium,passive_c160,404,3,4,4,0,425,775,209,55,289,90,0,4.742236614227295,0
tree_d3f2,sparse,medium,probes_on,202,4,5,0,5,462,899,186,64,276,135,6,4.459202766418457,0
tree_d3f2,sparse,medium,probes_on,303,3,3,0,3,401,785,148,48,229,124,6,4.258258104324341,0
tree_d3f2,sparse,medium,probes_on,404,0,2,0,2,320,629,110,0,159,117,6,3.783461093902588,0
tree_d3f2,sparse,medium,probes_c120,42,3,3,3,0,456,884,179,55,290,115,6,3.4080910682678223,0
tree_d3f2,sparse,medium,probes_c120,202,3,3,3,0,469,892,205,52,293,125,6,3.3641340732574463,0
tree_d3f2,sparse,medium,probes_c120,101,3,3,3,0,450,853,196,48,284,115,6,3.839228391647339,0
tree_d3f2,sparse,medium,probes_c120,404,1,2,2,0,357,681,143,17,202,109,6,3.2995107173919678,0
tree_d3f2,sparse,medium,probes_c120,303,3,3,3,0,424,808,175,59,253,120,6,3.6697585582733154,0
