topology,workload,advert,feature,seed,delivered,sent,alice_flood,alice_direct,radio_tx,radio_rx,collisions,ackpath_tx,total_flood_tx,total_direct_tx,probes_fired,wall_s,rc
chain_6,medium,medium,p3_c40_mp1_pen1_h2,42,6,6,0,6,102,206,29,26,43,38,1,0.9433932304382324,0
chain_6,medium,medium,p3_c40_mp2_pen1_h0,101,6,6,0,6,111,232,14,29,50,35,0,0.943396806716919,0
chain_6,medium,medium,p3_c40_mp1_pen0_h0,101,6,6,3,3,112,233,22,32,52,37,0,1.0051064491271973,0
chain_6,medium,medium,p3_c40_mp2_pen1_h0,42,6,6,0,6,98,188,27,27,37,35,0,1.242492914199829,0
chain_6,medium,medium,p3_c40_mp1_pen0_h5,101,6,6,3,3,116,233,31,33,53,38,2,1.2454988956451416,0
chain_6,medium,medium,p3_c40_mp1_pen0_h2,101,6,6,3,3,116,233,31,33,53,38,2,1.293318510055542,0
chain_6,medium,medium,baseline,202,6,6,1,5,101,217,17,22,35,45,0,1.3487701416015625,0
chain_6,medium,medium,p3_c40_mp1_pen0_h2,42,6,6,3,3,106,212,31,25,43,40,1,1.3725407123565674,0
chain_6,medium,medium,p3_c40_mp1_pen0_h0,42,6,6,3,3,99,190,36,31,37,39,0,1.3738722801208496,0
chain_6,medium,medium,p3_c40_mp2_pen1_h0,202,6,6,0,6,110,222,23,27,49,35,0,1.379763126373291,0
chain_6,medium,medium,baseline,42,6,6,1,5,94,180,32,28,40,33,0,1.3827645778656006,0
chain_6,medium,medium,p3_c40_mp1_pen0_h5,202,6,6,3,3,98,189,34,20,40,36,1,1.3829753398895264,0
chain_6,medium,medium,p3_c40_mp1_pen1_h5,202,6,6,0,6,99,198,30,26,40,38,1,1.3853025436401367,0
chain_6,medium,medium,p3_c40_mp2_pen1_h2,202,6,6,0,6,106,209,27,27,41,38,1,1.3839421272277832,0
chain_6,medium,medium,p3_c40_mp1_pen0_h0,202,6,6,3,3,111,221,35,31,49,39,0,1.3921265602111816,0
chain_6,medium,medium,baseline,101,6,6,1,5,100,218,13,22,34,45,0,1.3946623802185059,0
chain_6,medium,medium,p3_c40_mp1_pen1_h0,42,6,6,0,6,91,178,29,26,36,35,0,1.3980896472930908,0
chain_6,medium,medium,p3_c40_mp1_pen1_h5,101,6,6,0,6,109,230,19,29,49,38,2,1.3993768692016602,0
chain_6,medium,medium,p3_c40_mp1_pen1_h2,202,6,6,0,6,99,198,30,26,40,38,1,1.4105863571166992,0
chain_6,medium,medium,p3_c40_mp1_pen1_h2,101,6,6,0,6,109,230,19,29,49,38,2,1.4134376049041748,0
chain_6,medium,medium,p3_c40_mp1_pen1_h0,101,6,6,0,6,104,219,17,28,49,35,0,1.4183826446533203,0
chain_6,medium,medium,p3_c40_mp1_pen1_h0,202,6,6,0,6,105,221,20,28,50,35,0,1.4217119216918945,0
chain_6,medium,medium,p3_c40_mp1_pen1_h5,42,6,6,0,6,102,206,29,26,43,38,1,1.422975778579712,0
chain_6,medium,medium,p3_c40_mp2_pen1_h2,42,6,6,0,6,109,217,26,27,44,38,1,1.4235012531280518,0
chain_6,medium,medium,p3_c40_mp1_pen0_h5,42,6,6,3,3,106,212,31,25,43,40,1,1.4277663230895996,0
chain_6,medium,medium,p3_c40_mp2_pen1_h5,42,6,6,0,6,109,217,26,27,44,38,1,1.4282715320587158,0
chain_6,medium,medium,p3_c40_mp2_pen1_h2,101,6,6,0,6,113,228,23,27,47,38,2,1.4297513961791992,0
chain_6,medium,medium,p3_c40_mp1_pen0_h2,202,6,6,3,3,98,189,34,20,40,36,1,1.4319062232971191,0
chain_6,medium,medium,p3_c40_mp2_pen1_h5,101,6,6,0,6,113,228,23,27,47,38,2,1.2161147594451904,0
chain_6,medium,medium,p3_c40_mp2_pen0_h5,42,6,6,3,3,109,215,31,25,43,40,1,0.9412081241607666,0
chain_6,medium,medium,p3_c40_mp2_pen1_h5,202,6,6,0,6,106,209,27,27,41,38,1,1.383169174194336,0
chain_6,medium,medium,p3_c40_mp2_pen0_h0,42,6,6,3,3,103,188,39,32,46,31,0,1.371727466583252,0
chain_6,medium,medium,p3_c40_mp2_pen0_h5,101,6,6,3,3,113,216,34,26,54,32,2,1.0072612762451172,0
chain_6,medium,medium,p3_c40_mp3_pen0_h0,202,6,6,3,3,118,231,33,32,50,39,0,1.0034284591674805,0
chain_6,medium,medium,p3_c40_mp2_pen0_h0,202,6,6,3,3,111,224,26,27,49,37,0,1.3489551544189453,0
chain_6,medium,medium,p3_c40_mp2_pen0_h0,101,6,6,3,3,108,218,23,24,48,35,0,1.3909657001495361,0
chain_6,medium,medium,p3_c40_mp2_pen0_h2,42,6,6,3,3,109,215,31,25,43,40,1,1.3644254207611084,0
chain_6,medium,medium,p3_c40_mp3_pen0_h2,202,6,6,3,3,105,196,33,21,45,32,1,1.2987215518951416,0
chain_6,medium,medium,p3_c40_mp2_pen0_h2,101,6,6,3,3,113,216,34,26,54,32,2,1.3849213123321533,0
chain_6,medium,medium,p3_c40_mp3_pen1_h0,202,6,6,0,6,114,216,31,25,47,35,0,1.3636274337768555,0
chain_6,medium,medium,p3_c40_mp3_pen0_h2,101,6,6,3,3,123,240,32,33,54,38,2,1.3234126567840576,0
chain_6,medium,medium,p3_c40_mp3_pen1_h0,42,6,6,0,6,103,191,28,26,36,35,0,1.370192050933838,0
chain_6,medium,medium,p3_c40_mp2_pen0_h2,202,6,6,3,3,102,193,33,21,45,32,1,1.3844728469848633,0
chain_6,medium,medium,p3_c40_mp2_pen0_h5,202,6,6,3,3,102,193,33,21,45,32,1,1.379502534866333,0
chain_6,medium,medium,p3_c40_mp3_pen1_h2,42,6,6,0,6,114,214,31,26,43,38,1,1.3868169784545898,0
chain_6,medium,medium,p3_c40_mp3_pen1_h5,42,6,6,0,6,114,214,31,26,43,38,1,1.3924098014831543,0
chain_6,medium,medium,p3_c40_mp3_pen1_h0,101,6,6,0,6,114,223,23,26,47,35,0,1.412283182144165,0
chain_6,medium,medium,p3_c40_mp3_pen1_h2,202,6,6,0,6,111,208,32,26,40,38,1,1.4195325374603271,0
chain_6,medium,medium,p3_c40_mp3_pen0_h0,42,6,6,3,3,101,187,32,26,40,33,0,1.4086391925811768,0
chain_6,medium,medium,p3_c40_mp3_pen1_h2,101,6,6,0,6,118,228,27,26,46,38,2,1.4369871616363525,0
chain_6,medium,medium,p3_c40_mp3_pen1_h5,101,6,6,0,6,118,228,27,26,46,38,2,1.4273183345794678,0
chain_6,medium,medium,p3_c40_mp3_pen0_h0,101,6,6,3,3,113,229,21,26,48,37,0,1.4193356037139893,0
chain_6,medium,medium,p3_c40_mp3_pen0_h2,42,6,6,3,3,111,213,30,24,44,38,1,1.41917085647583,0
chain_6,medium,medium,p3_c40_mp3_pen1_h5,202,6,6,0,6,111,208,32,26,40,38,1,1.4415807723999023,0
chain_6,medium,medium,p3_c40_mp3_pen0_h5,42,6,6,3,3,111,213,30,24,44,38,1,1.423790693283081,0
chain_6,medium,medium,p3_c40_mp3_pen0_h5,101,6,6,3,3,123,240,32,33,54,38,2,1.434025526046753,0
chain_6,medium,medium,p3_c40_mp3_pen0_h5,202,6,6,3,3,105,196,33,21,45,32,1,1.2687537670135498,0
chain_6,medium,medium,p3_c100_mp1_pen1_h0,42,6,6,0,6,91,178,29,26,36,35,0,1.11478853225708,0
chain_6,medium,medium,p3_c100_mp1_pen1_h2,42,6,6,0,6,102,206,29,26,43,38,1,1.273369312286377,0
chain_6,medium,medium,p3_c100_mp1_pen1_h0,101,6,6,0,6,104,219,17,28,49,35,0,1.3867735862731934,0
chain_6,medium,medium,p3_c100_mp1_pen1_h2,101,6,6,0,6,109,230,19,29,49,38,2,1.2900454998016357,0
chain_6,medium,medium,p3_c100_mp1_pen1_h0,202,6,6,0,6,105,221,20,28,50,35,0,1.3574705123901367,0
chain_6,medium,medium,p3_c100_mp1_pen1_h5,202,6,6,0,6,99,198,30,26,40,38,1,1.1077420711517334,0
chain_6,medium,medium,p3_c100_mp1_pen1_h2,202,6,6,0,6,99,198,30,26,40,38,1,1.2806062698364258,0
chain_6,medium,medium,p3_c100_mp2_pen1_h2,42,6,6,0,6,109,217,26,27,44,38,1,1.0984795093536377,0
chain_6,medium,medium,p3_c100_mp1_pen0_h2,101,6,6,3,3,116,233,31,33,53,38,2,1.2663986682891846,0
chain_6,medium,medium,p3_c100_mp1_pen1_h5,42,6,6,0,6,102,206,29,26,43,38,1,1.389357328414917,0
chain_6,medium,medium,p3_c100_mp2_pen1_h0,202,6,6,0,6,110,222,23,27,49,35,0,1.2010600566864014,0
chain_6,medium,medium,p3_c100_mp1_pen1_h5,101,6,6,0,6,109,230,19,29,49,38,2,1.4328434467315674,0
chain_6,medium,medium,p3_c100_mp1_pen0_h0,101,6,6,3,3,112,233,22,32,52,37,0,1.3837225437164307,0
chain_6,medium,medium,p3_c100_mp1_pen0_h0,42,6,6,3,3,99,190,36,31,37,39,0,1.4008533954620361,0
chain_6,medium,medium,p3_c100_mp1_pen0_h2,42,6,6,3,3,106,212,31,25,43,40,1,1.3893101215362549,0
chain_6,medium,medium,p3_c100_mp2_pen1_h0,101,6,6,0,6,111,232,14,29,50,35,0,1.3246567249298096,0
chain_6,medium,medium,p3_c100_mp1_pen0_h2,202,6,6,3,3,98,189,34,20,40,36,1,1.3939950466156006,0
chain_6,medium,medium,p3_c100_mp1_pen0_h0,202,6,6,3,3,111,221,35,31,49,39,0,1.4064147472381592,0
chain_6,medium,medium,p3_c100_mp1_pen0_h5,42,6,6,3,3,106,212,31,25,43,40,1,1.389528751373291,0
chain_6,medium,medium,p3_c100_mp1_pen0_h5,202,6,6,3,3,98,189,34,20,40,36,1,1.3837623596191406,0
chain_6,medium,medium,p3_c100_mp1_pen0_h5,101,6,6,3,3,116,233,31,33,53,38,2,1.3993909358978271,0
chain_6,medium,medium,p3_c100_mp2_pen1_h0,42,6,6,0,6,98,188,27,27,37,35,0,1.4052355289459229,0
chain_6,medium,medium,p3_c100_mp2_pen1_h2,101,6,6,0,6,113,228,23,27,47,38,2,1.4183194637298584,0
chain_6,medium,medium,p3_c100_mp2_pen1_h2,202,6,6,0,6,106,209,27,27,41,38,1,1.4158577919006348,0
chain_6,medium,medium,p3_c100_mp2_pen1_h5,42,6,6,0,6,109,217,26,27,44,38,1,1.42498779296875,0
chain_6,medium,medium,p3_c100_mp2_pen1_h5,202,6,6,0,6,106,209,27,27,41,38,1,1.4197943210601807,0
chain_6,medium,medium,p3_c100_mp2_pen1_h5,101,6,6,0,6,113,228,23,27,47,38,2,1.4355268478393555,0
chain_6,medium,medium,p3_c100_mp2_pen0_h0,42,6,6,3,3,103,188,39,32,46,31,0,1.1537187099456787,0
chain_6,medium,medium,p3_c100_mp2_pen0_h0,101,6,6,3,3,108,218,23,24,48,35,0,1.3639440536499023,0
chain_6,medium,medium,p3_c100_mp2_pen0_h2,202,6,6,3,3,102,193,33,21,45,32,1,1.204845666885376,0
chain_6,medium,medium,p3_c100_mp2_pen0_h5,42,6,6,3,3,109,215,31,25,43,40,1,1.1620657444000244,0
chain_6,medium,medium,p3_c100_mp2_pen0_h2,42,6,6,3,3,109,215,31,25,43,40,1,1.2978737354278564,0
chain_6,medium,medium,p3_c100_mp2_pen0_h0,202,6,6,3,3,111,224,26,27,49,37,0,1.3936214447021484,0
chain_6,medium,medium,p3_c100_mp2_pen0_h2,101,6,6,3,3,113,216,34,26,54,32,2,1.3481767177581787,0
chain_6,medium,medium,p3_c100_mp2_pen0_h5,101,6,6,3,3,113,216,34,26,54,32,2,1.2399041652679443,0
chain_6,medium,medium,p3_c100_mp2_pen0_h5,202,6,6,3,3,102,193,33,21,45,32,1,1.3598520755767822,0
chain_6,medium,medium,p3_c100_mp3_pen0_h0,42,6,6,3,3,101,187,32,26,40,33,0,1.1597850322723389,0
chain_6,medium,medium,p3_c100_mp3_pen1_h0,202,6,6,0,6,114,216,31,25,47,35,0,1.3382854461669922,0
chain_6,medium,medium,p3_c100_mp3_pen1_h0,42,6,6,0,6,103,191,28,26,36,35,0,1.3800067901611328,0
chain_6,medium,medium,p3_c100_mp3_pen1_h5,101,6,6,0,6,118,228,27,26,46,38,2,1.2588353157043457,0
chain_6,medium,medium,p3_c100_mp3_pen1_h0,101,6,6,0,6,114,223,23,26,47,35,0,1.39459228515625,0
chain_6,medium,medium,p3_c100_mp3_pen1_h2,42,6,6,0,6,114,214,31,26,43,38,1,1.3273348808288574,0
chain_6,medium,medium,p3_c100_mp3_pen0_h5,202,6,6,3,3,105,196,33,21,45,32,1,1.2327454090118408,0
chain_6,medium,medium,p3_c100_mp3_pen1_h2,202,6,6,0,6,111,208,32,26,40,38,1,1.385955572128296,0
chain_6,medium,medium,p3_c100_mp3_pen1_h2,101,6,6,0,6,118,228,27,26,46,38,2,1.3875043392181396,0
chain_6,medium,medium,p3_c100_mp3_pen0_h0,202,6,6,3,3,118,231,33,32,50,39,0,1.3636317253112793,0
chain_6,medium,medium,p3_c100_mp3_pen1_h5,42,6,6,0,6,114,214,31,26,43,38,1,1.4205994606018066,0
chain_6,medium,medium,p3_c100_mp3_pen0_h5,101,6,6,3,3,123,240,32,33,54,38,2,1.296248197555542,0
chain_6,medium,medium,p3_c100_mp3_pen1_h5,202,6,6,0,6,111,208,32,26,40,38,1,1.422253131866455,0
chain_6,medium,medium,p3_c100_mp3_pen0_h2,42,6,6,3,3,111,213,30,24,44,38,1,1.3971667289733887,0
chain_6,medium,medium,p3_c100_mp3_pen0_h0,101,6,6,3,3,113,229,21,26,48,37,0,1.421567440032959,0
chain_6,medium,medium,p3_c100_mp3_pen0_h2,101,6,6,3,3,123,240,32,33,54,38,2,1.389857292175293,0
chain_6,medium,medium,p3_c100_mp3_pen0_h2,202,6,6,3,3,105,196,33,21,45,32,1,1.4239633083343506,0
chain_6,medium,medium,p3_c100_mp3_pen0_h5,42,6,6,3,3,111,213,30,24,44,38,1,1.4299449920654297,0
chain_6,medium,medium,p3_c105_mp1_pen1_h0,42,6,6,4,2,94,176,33,23,41,31,0,1.4104375839233398,0
chain_6,medium,medium,p3_c105_mp1_pen1_h0,101,6,6,4,2,110,224,27,28,50,37,0,1.4254529476165771,0
chain_6,medium,medium,p3_c105_mp1_pen1_h0,202,6,6,4,2,113,232,24,28,55,35,0,1.3296682834625244,0
chain_6,medium,medium,p3_c105_mp1_pen1_h2,101,6,6,4,2,114,229,29,28,51,38,2,1.2895379066467285,0
chain_6,medium,medium,p3_c105_mp1_pen1_h2,42,6,6,4,2,105,209,30,23,44,38,1,1.3974034786224365,0
chain_6,medium,medium,p3_c105_mp1_pen1_h5,42,6,6,4,2,105,209,30,23,44,38,1,1.3495700359344482,0
chain_6,medium,medium,p3_c105_mp1_pen1_h5,202,6,6,4,2,102,195,35,22,45,34,1,1.3005807399749756,0
chain_6,medium,medium,p3_c105_mp1_pen1_h2,202,6,6,4,2,102,195,35,22,45,34,1,1.420224666595459,0
chain_6,medium,medium,p3_c105_mp1_pen1_h5,101,6,6,4,2,114,229,29,28,51,38,2,1.4147114753723145,0
chain_6,medium,medium,p3_c105_mp1_pen0_h0,101,6,6,4,2,110,224,27,28,50,37,0,1.226991891860962,0
chain_6,medium,medium,p3_c105_mp2_pen1_h0,42,6,6,3,3,101,189,36,30,38,37,0,1.039135456085205,0
chain_6,medium,medium,p3_c105_mp1_pen0_h0,42,6,6,4,2,94,176,33,23,41,31,0,1.3135030269622803,0
chain_6,medium,medium,p3_c105_mp1_pen0_h0,202,6,6,4,2,113,232,24,28,55,35,0,1.3634681701660156,0
chain_6,medium,medium,p3_c105_mp1_pen0_h2,202,6,6,4,2,102,195,35,22,45,34,1,1.3415672779083252,0
chain_6,medium,medium,p3_c105_mp1_pen0_h2,42,6,6,4,2,105,209,30,23,44,38,1,1.3595738410949707,0
chain_6,medium,medium,p3_c105_mp1_pen0_h2,101,6,6,4,2,114,229,29,28,51,38,2,1.3608436584472656,0
chain_6,medium,medium,p3_c105_mp2_pen1_h0,101,6,6,4,2,113,231,24,29,51,37,0,1.2972512245178223,0
chain_6,medium,medium,p3_c105_mp1_pen0_h5,42,6,6,4,2,105,209,30,23,44,38,1,1.4421801567077637,0
chain_6,medium,medium,p3_c105_mp2_pen1_h2,202,6,6,4,2,104,197,35,22,45,34,1,1.3055853843688965,0
chain_6,medium,medium,p3_c105_mp1_pen0_h5,101,6,6,4,2,114,229,29,28,51,38,2,1.3799374103546143,0
chain_6,medium,medium,p3_c105_mp2_pen1_h0,202,6,6,4,2,114,229,27,27,54,35,0,1.35190749168396,0
chain_6,medium,medium,p3_c105_mp2_pen1_h2,42,6,6,4,2,107,211,30,23,44,38,1,1.361344814300537,0
chain_6,medium,medium,p3_c105_mp2_pen0_h0,42,6,6,3,3,101,189,36,30,38,37,0,1.2498345375061035,0
chain_6,medium,medium,p3_c105_mp1_pen0_h5,202,6,6,4,2,102,195,35,22,45,34,1,1.4247591495513916,0
chain_6,medium,medium,p3_c105_mp2_pen1_h2,101,6,6,3,3,118,237,30,31,46,44,2,1.3792011737823486,0
chain_6,medium,medium,p3_c105_mp2_pen1_h5,101,6,6,3,3,118,237,30,31,46,44,2,1.3580007553100586,0
chain_6,medium,medium,p3_c105_mp2_pen1_h5,42,6,6,4,2,107,211,30,23,44,38,1,1.392524242401123,0
chain_6,medium,medium,p3_c105_mp2_pen1_h5,202,6,6,4,2,104,197,35,22,45,34,1,1.390406847000122,0
chain_6,medium,medium,p3_c105_mp2_pen0_h0,101,6,6,4,2,113,231,24,29,51,37,0,1.4179446697235107,0
chain_6,medium,medium,p3_c105_mp2_pen0_h0,202,6,6,4,2,114,229,27,27,54,35,0,1.4048902988433838,0
chain_6,medium,medium,p3_c105_mp2_pen0_h2,42,6,6,4,2,107,211,30,23,44,38,1,1.3553194999694824,0
chain_6,medium,medium,p3_c105_mp2_pen0_h2,202,6,6,4,2,104,197,35,22,45,34,1,1.2080142498016357,0
chain_6,medium,medium,p3_c105_mp2_pen0_h2,101,6,6,3,3,118,237,30,31,46,44,2,1.2849488258361816,0
chain_6,medium,medium,p3_c105_mp2_pen0_h5,42,6,6,4,2,107,211,30,23,44,38,1,1.2204008102416992,0
chain_6,medium,medium,p3_c105_mp2_pen0_h5,101,6,6,3,3,118,237,30,31,46,44,2,1.3024513721466064,0
chain_6,medium,medium,p3_c105_mp2_pen0_h5,202,6,6,4,2,104,197,35,22,45,34,1,1.299009084701538,0
chain_6,medium,medium,p3_c105_mp3_pen1_h0,101,6,6,4,2,113,223,28,27,51,35,0,1.3049633502960205,0
chain_6,medium,medium,p3_c105_mp3_pen1_h0,42,6,6,3,3,103,189,35,29,39,35,0,1.374305248260498,0
chain_6,medium,medium,p3_c105_mp3_pen1_h2,42,6,6,4,2,109,213,30,23,44,38,1,1.250110149383545,0
chain_6,medium,medium,p3_c105_mp3_pen1_h0,202,6,6,4,2,111,222,25,22,50,35,0,1.3624529838562012,0
chain_6,medium,medium,p3_c105_mp3_pen1_h2,101,6,6,3,3,122,245,27,32,47,44,2,1.269416093826294,0
chain_6,medium,medium,p3_c105_mp3_pen0_h2,101,6,6,3,3,122,245,27,32,47,44,2,1.1251001358032227,0
chain_6,medium,medium,p3_c105_mp3_pen1_h2,202,6,6,4,2,109,208,31,24,51,31,1,1.3788046836853027,0
chain_6,medium,medium,p3_c105_mp3_pen1_h5,202,6,6,4,2,109,208,31,24,51,31,1,1.31614089012146,0
chain_6,medium,medium,p3_c105_mp3_pen1_h5,42,6,6,4,2,109,213,30,23,44,38,1,1.3958611488342285,0
chain_6,medium,medium,p3_c105_mp3_pen1_h5,101,6,6,3,3,122,245,27,32,47,44,2,1.406069278717041,0
chain_6,medium,medium,p3_c105_mp3_pen0_h0,202,6,6,4,2,111,222,25,22,50,35,0,1.2836289405822754,0
chain_6,medium,medium,p3_c105_mp3_pen0_h0,42,6,6,3,3,103,189,35,29,39,35,0,1.3439855575561523,0
chain_6,medium,medium,p3_c105_mp3_pen0_h2,42,6,6,4,2,109,213,30,23,44,38,1,1.3316724300384521,0
chain_6,medium,medium,p3_c105_mp3_pen0_h2,202,6,6,4,2,109,208,31,24,51,31,1,1.319373607635498,0
chain_6,medium,medium,p3_c105_mp3_pen0_h5,101,6,6,3,3,122,245,27,32,47,44,2,1.3175907135009766,0
chain_6,medium,medium,p3_c105_mp3_pen0_h0,101,6,6,4,2,113,223,28,27,51,35,0,1.3840374946594238,0
chain_6,medium,medium,p3_c105_mp3_pen0_h5,202,6,6,4,2,109,208,31,24,51,31,1,1.343005657196045,0
chain_6,medium,medium,p3_c105_mp3_pen0_h5,42,6,6,4,2,109,213,30,23,44,38,1,1.373741626739502,0
chain_6,medium,medium,p3_c120_mp1_pen1_h0,42,6,6,4,2,94,176,33,23,41,31,0,1.3516829013824463,0
chain_6,medium,medium,p3_c120_mp1_pen1_h0,101,6,6,4,2,110,224,27,28,50,37,0,1.388275384902954,0
chain_6,medium,medium,p3_c120_mp1_pen1_h0,202,6,6,4,2,113,232,24,28,55,35,0,1.3525667190551758,0
chain_6,medium,medium,p3_c120_mp1_pen1_h2,42,6,6,4,2,105,209,30,23,44,38,1,1.3286986351013184,0
chain_6,medium,medium,p3_c120_mp1_pen1_h2,101,6,6,4,2,114,229,29,28,51,38,2,1.4334895610809326,0
chain_6,medium,medium,p3_c120_mp1_pen1_h2,202,6,6,4,2,102,195,35,22,45,34,1,1.3877322673797607,0
chain_6,medium,medium,p3_c120_mp1_pen1_h5,42,6,6,4,2,105,209,30,23,44,38,1,1.436906099319458,0
chain_6,medium,medium,p3_c120_mp1_pen1_h5,101,6,6,4,2,114,229,29,28,51,38,2,1.4104814529418945,0
chain_6,medium,medium,p3_c120_mp1_pen0_h0,101,6,6,4,2,110,224,27,28,50,37,0,1.1904711723327637,0
chain_6,medium,medium,p3_c120_mp1_pen1_h5,202,6,6,4,2,102,195,35,22,45,34,1,1.3525125980377197,0
chain_6,medium,medium,p3_c120_mp1_pen0_h0,42,6,6,4,2,94,176,33,23,41,31,0,1.350989818572998,0
chain_6,medium,medium,p3_c120_mp1_pen0_h0,202,6,6,4,2,113,232,24,28,55,35,0,1.3740270137786865,0
chain_6,medium,medium,p3_c120_mp1_pen0_h5,101,6,6,4,2,114,229,29,28,51,38,2,1.1015536785125732,0
chain_6,medium,medium,p3_c120_mp1_pen0_h2,202,6,6,4,2,102,195,35,22,45,34,1,1.23771071434021,0
chain_6,medium,medium,p3_c120_mp1_pen0_h2,101,6,6,4,2,114,229,29,28,51,38,2,1.3731639385223389,0
chain_6,medium,medium,p3_c120_mp1_pen0_h2,42,6,6,4,2,105,209,30,23,44,38,1,1.4396514892578125,0
chain_6,medium,medium,p3_c120_mp1_pen0_h5,42,6,6,4,2,105,209,30,23,44,38,1,1.385451078414917,0
chain_6,medium,medium,p3_c120_mp2_pen1_h0,202,6,6,4,2,114,229,27,27,54,35,0,1.271928310394287,0
chain_6,medium,medium,p3_c120_mp2_pen1_h0,101,6,6,4,2,113,231,24,29,51,37,0,1.34932541847229,0
chain_6,medium,medium,p3_c120_mp1_pen0_h5,202,6,6,4,2,102,195,35,22,45,34,1,1.3815810680389404,0
chain_6,medium,medium,p3_c120_mp2_pen1_h0,42,6,6,3,3,101,189,36,30,38,37,0,1.4004075527191162,0
chain_6,medium,medium,p3_c120_mp2_pen1_h5,101,6,6,3,3,118,237,30,31,46,44,2,1.3040015697479248,0
chain_6,medium,medium,p3_c120_mp2_pen1_h2,42,6,6,4,2,107,211,30,23,44,38,1,1.3945503234863281,0
chain_6,medium,medium,p3_c120_mp2_pen1_h2,202,6,6,4,2,104,197,35,22,45,34,1,1.3633460998535156,0
chain_6,medium,medium,p3_c120_mp2_pen1_h5,42,6,6,4,2,107,211,30,23,44,38,1,1.3496360778808594,0
chain_6,medium,medium,p3_c120_mp2_pen0_h0,101,6,6,4,2,113,231,24,29,51,37,0,1.3236074447631836,0
chain_6,medium,medium,p3_c120_mp2_pen1_h2,101,6,6,3,3,118,237,30,31,46,44,2,1.4221198558807373,0
chain_6,medium,medium,p3_c120_mp2_pen1_h5,202,6,6,4,2,104,197,35,22,45,34,1,1.3772685527801514,0
chain_6,medium,medium,p3_c120_mp2_pen0_h0,42,6,6,3,3,101,189,36,30,38,37,0,1.3756272792816162,0
chain_6,medium,medium,p3_c120_mp2_pen0_h0,202,6,6,4,2,114,229,27,27,54,35,0,1.3160803318023682,0
chain_6,medium,medium,p3_c120_mp2_pen0_h2,42,6,6,4,2,107,211,30,23,44,38,1,1.3102681636810303,0
chain_6,medium,medium,p3_c120_mp2_pen0_h2,202,6,6,4,2,104,197,35,22,45,34,1,1.2193069458007812,0
chain_6,medium,medium,p3_c120_mp2_pen0_h2,101,6,6,3,3,118,237,30,31,46,44,2,1.4298055171966553,0
chain_6,medium,medium,p3_c120_mp2_pen0_h5,202,6,6,4,2,104,197,35,22,45,34,1,1.1492929458618164,0
chain_6,medium,medium,p3_c120_mp3_pen1_h0,101,6,6,4,2,113,223,28,27,51,35,0,1.1597614288330078,0
chain_6,medium,medium,p3_c120_mp2_pen0_h5,42,6,6,4,2,107,211,30,23,44,38,1,1.3140172958374023,0
chain_6,medium,medium,p3_c120_mp2_pen0_h5,101,6,6,3,3,118,237,30,31,46,44,2,1.354447364807129,0
chain_6,medium,medium,p3_c120_mp3_pen1_h0,42,6,6,3,3,103,189,35,29,39,35,0,1.3641881942749023,0
chain_6,medium,medium,p3_c120_mp3_pen1_h0,202,6,6,4,2,111,222,25,22,50,35,0,1.361715316772461,0
chain_6,medium,medium,p3_c120_mp3_pen1_h2,101,6,6,3,3,122,245,27,32,47,44,2,1.38663649559021,0
chain_6,medium,medium,p3_c120_mp3_pen1_h2,202,6,6,4,2,109,208,31,24,51,31,1,1.3892936706542969,0
chain_6,medium,medium,p3_c120_mp3_pen1_h2,42,6,6,4,2,109,213,30,23,44,38,1,1.4324297904968262,0
chain_6,medium,medium,p3_c120_mp3_pen1_h5,42,6,6,4,2,109,213,30,23,44,38,1,1.3965880870819092,0
chain_6,medium,medium,p3_c120_mp3_pen1_h5,101,6,6,3,3,122,245,27,32,47,44,2,1.398510456085205,0
chain_6,medium,medium,p3_c120_mp3_pen1_h5,202,6,6,4,2,109,208,31,24,51,31,1,1.362746238708496,0
chain_6,medium,medium,p3_c120_mp3_pen0_h5,101,6,6,3,3,122,245,27,32,47,44,2,1.2444560527801514,0
chain_6,medium,medium,p3_c120_mp3_pen0_h0,101,6,6,4,2,113,223,28,27,51,35,0,1.348358392715454,0
chain_6,medium,medium,p3_c120_mp3_pen0_h0,42,6,6,3,3,103,189,35,29,39,35,0,1.4261021614074707,0
chain_6,medium,medium,p3_c120_mp3_pen0_h2,42,6,6,4,2,109,213,30,23,44,38,1,1.3356845378875732,0
chain_6,medium,medium,p3_c120_mp3_pen0_h0,202,6,6,4,2,111,222,25,22,50,35,0,1.3964817523956299,0
chain_6,medium,medium,p3_c120_mp3_pen0_h5,202,6,6,4,2,109,208,31,24,51,31,1,1.2894482612609863,0
chain_6,medium,medium,p3_c120_mp3_pen0_h2,101,6,6,3,3,122,245,27,32,47,44,2,1.3942785263061523,0
chain_6,medium,medium,p3_c160_mp1_pen1_h0,202,6,6,4,2,113,232,24,28,55,35,0,1.3006274700164795,0
chain_6,medium,medium,p3_c120_mp3_pen0_h2,202,6,6,4,2,109,208,31,24,51,31,1,1.3967304229736328,0
chain_6,medium,medium,p3_c160_mp1_pen1_h2,42,6,6,4,2,105,209,30,23,44,38,1,1.218419075012207,0
chain_6,medium,medium,p3_c160_mp1_pen1_h2,101,6,6,4,2,114,229,29,28,51,38,2,1.2144496440887451,0
chain_6,medium,medium,p3_c160_mp1_pen1_h0,42,6,6,4,2,94,176,33,23,41,31,0,1.3814001083374023,0
chain_6,medium,medium,p3_c120_mp3_pen0_h5,42,6,6,4,2,109,213,30,23,44,38,1,1.4330034255981445,0
chain_6,medium,medium,p3_c160_mp1_pen1_h0,101,6,6,4,2,110,224,27,28,50,37,0,1.388383150100708,0
chain_6,medium,medium,p3_c160_mp1_pen1_h5,202,6,6,4,2,102,195,35,22,45,34,1,1.188277244567871,0
chain_6,medium,medium,p3_c160_mp1_pen1_h2,202,6,6,4,2,102,195,35,22,45,34,1,1.3863303661346436,0
chain_6,medium,medium,p3_c160_mp1_pen1_h5,42,6,6,4,2,105,209,30,23,44,38,1,1.3850047588348389,0
chain_6,medium,medium,p3_c160_mp1_pen1_h5,101,6,6,4,2,114,229,29,28,51,38,2,1.4087145328521729,0
chain_6,medium,medium,p3_c160_mp1_pen0_h0,42,6,6,4,2,94,176,33,23,41,31,0,1.387833595275879,0
chain_6,medium,medium,p3_c160_mp1_pen0_h0,101,6,6,4,2,110,224,27,28,50,37,0,1.371880054473877,0
chain_6,medium,medium,p3_c160_mp1_pen0_h2,42,6,6,4,2,105,209,30,23,44,38,1,1.349411964416504,0
chain_6,medium,medium,p3_c160_mp1_pen0_h0,202,6,6,4,2,113,232,24,28,55,35,0,1.3925304412841797,0
chain_6,medium,medium,p3_c160_mp1_pen0_h5,202,6,6,4,2,102,195,35,22,45,34,1,1.157496452331543,0
chain_6,medium,medium,p3_c160_mp1_pen0_h2,202,6,6,4,2,102,195,35,22,45,34,1,1.3311758041381836,0
chain_6,medium,medium,p3_c160_mp1_pen0_h2,101,6,6,4,2,114,229,29,28,51,38,2,1.3424997329711914,0
chain_6,medium,medium,p3_c160_mp1_pen0_h5,101,6,6,4,2,114,229,29,28,51,38,2,1.3167638778686523,0
chain_6,medium,medium,p3_c160_mp2_pen1_h2,42,6,6,4,2,107,211,30,23,44,38,1,1.1426608562469482,0
chain_6,medium,medium,p3_c160_mp1_pen0_h5,42,6,6,4,2,105,209,30,23,44,38,1,1.4139180183410645,0
chain_6,medium,medium,p3_c160_mp2_pen1_h0,42,6,6,3,3,101,189,36,30,38,37,0,1.3425519466400146,0
chain_6,medium,medium,p3_c160_mp2_pen0_h0,42,6,6,3,3,101,189,36,30,38,37,0,1.2149364948272705,0
chain_6,medium,medium,p3_c160_mp2_pen1_h0,202,6,6,4,2,114,229,27,27,54,35,0,1.397017240524292,0
chain_6,medium,medium,p3_c160_mp2_pen1_h0,101,6,6,4,2,113,231,24,29,51,37,0,1.4107167720794678,0
chain_6,medium,medium,p3_c160_mp2_pen1_h2,202,6,6,4,2,104,197,35,22,45,34,1,1.3616347312927246,0
chain_6,medium,medium,p3_c160_mp2_pen0_h0,202,6,6,4,2,114,229,27,27,54,35,0,1.3199691772460938,0
chain_6,medium,medium,p3_c160_mp2_pen0_h2,42,6,6,4,2,107,211,30,23,44,38,1,1.2797322273254395,0
chain_6,medium,medium,p3_c160_mp2_pen1_h2,101,6,6,3,3,118,237,30,31,46,44,2,1.4464621543884277,0
chain_6,medium,medium,p3_c160_mp2_pen0_h0,101,6,6,4,2,113,231,24,29,51,37,0,1.347987174987793,0
chain_6,medium,medium,p3_c160_mp2_pen1_h5,42,6,6,4,2,107,211,30,23,44,38,1,1.4336814880371094,0
chain_6,medium,medium,p3_c160_mp2_pen1_h5,202,6,6,4,2,104,197,35,22,45,34,1,1.391754388809204,0
chain_6,medium,medium,p3_c160_mp2_pen1_h5,101,6,6,3,3,118,237,30,31,46,44,2,1.4302117824554443,0
chain_6,medium,medium,p3_c160_mp2_pen0_h2,101,6,6,3,3,118,237,30,31,46,44,2,1.4457783699035645,0
chain_6,medium,medium,p3_c160_mp2_pen0_h2,202,6,6,4,2,104,197,35,22,45,34,1,1.4265491962432861,0
chain_6,medium,medium,p3_c160_mp2_pen0_h5,42,6,6,4,2,107,211,30,23,44,38,1,1.352107048034668,0
chain_6,medium,medium,p3_c160_mp2_pen0_h5,101,6,6,3,3,118,237,30,31,46,44,2,1.384817361831665,0
chain_6,medium,medium,p3_c160_mp2_pen0_h5,202,6,6,4,2,104,197,35,22,45,34,1,1.3936598300933838,0
chain_6,medium,medium,p3_c160_mp3_pen1_h0,42,6,6,3,3,103,189,35,29,39,35,0,1.3649520874023438,0
chain_6,medium,medium,p3_c160_mp3_pen1_h0,202,6,6,4,2,111,222,25,22,50,35,0,1.2723870277404785,0
chain_6,medium,medium,p3_c160_mp3_pen1_h0,101,6,6,4,2,113,223,28,27,51,35,0,1.3804724216461182,0
chain_6,medium,medium,p3_c160_mp3_pen1_h2,202,6,6,4,2,109,208,31,24,51,31,1,1.2020790576934814,0
chain_6,medium,medium,p3_c160_mp3_pen1_h2,101,6,6,3,3,122,245,27,32,47,44,2,1.349963903427124,0
chain_6,medium,medium,p3_c160_mp3_pen1_h2,42,6,6,4,2,109,213,30,23,44,38,1,1.3845093250274658,0
chain_6,medium,medium,p3_c160_mp3_pen0_h0,42,6,6,3,3,103,189,35,29,39,35,0,1.2444114685058594,0
chain_6,medium,medium,p3_c160_mp3_pen1_h5,42,6,6,4,2,109,213,30,23,44,38,1,1.3680522441864014,0
chain_6,medium,medium,p3_c160_mp3_pen1_h5,202,6,6,4,2,109,208,31,24,51,31,1,1.330927848815918,0
chain_6,medium,medium,p3_c160_mp3_pen1_h5,101,6,6,3,3,122,245,27,32,47,44,2,1.4025733470916748,0
chain_6,medium,medium,p3_c160_mp3_pen0_h0,101,6,6,4,2,113,223,28,27,51,35,0,1.3124585151672363,0
chain_6,medium,medium,p3_c160_mp3_pen0_h5,42,6,6,4,2,109,213,30,23,44,38,1,1.1138012409210205,0
chain_6,heavy,medium,baseline,101,11,12,2,10,132,281,23,36,38,62,0,1.0907516479492188,0
chain_6,medium,medium,p3_c160_mp3_pen0_h0,202,6,6,4,2,111,222,25,22,50,35,0,1.38385009765625,0
chain_6,medium,medium,p3_c160_mp3_pen0_h2,42,6,6,4,2,109,213,30,23,44,38,1,1.3887250423431396,0
chain_6,medium,medium,p3_c160_mp3_pen0_h2,101,6,6,3,3,122,245,27,32,47,44,2,1.3372795581817627,0
chain_6,heavy,medium,baseline,202,12,12,1,11,144,282,46,53,66,45,0,1.231776237487793,0
chain_6,medium,medium,p3_c160_mp3_pen0_h5,101,6,6,3,3,122,245,27,32,47,44,2,1.326967716217041,0
chain_6,heavy,medium,baseline,42,12,12,4,8,141,277,37,47,69,39,0,1.3394057750701904,0
chain_6,medium,medium,p3_c160_mp3_pen0_h5,202,6,6,4,2,109,208,31,24,51,31,1,1.366870641708374,0
chain_6,medium,medium,p3_c160_mp3_pen0_h2,202,6,6,4,2,109,208,31,24,51,31,1,1.4231970310211182,0
chain_6,heavy,medium,p3_c40_mp1_pen1_h2,42,12,12,0,12,145,296,35,54,62,50,1,1.2449305057525635,0
chain_6,heavy,medium,p3_c40_mp1_pen1_h0,42,12,12,0,12,140,284,35,54,61,47,0,1.3643138408660889,0
chain_6,heavy,medium,p3_c40_mp1_pen1_h0,101,10,12,0,12,139,288,29,45,64,45,0,1.3870675563812256,0
chain_6,heavy,medium,p3_c40_mp1_pen1_h0,202,12,12,0,12,148,302,37,54,69,47,0,1.3850865364074707,0
chain_6,heavy,medium,p3_c40_mp1_pen1_h2,101,10,12,0,12,140,280,39,44,60,48,2,1.4161198139190674,0
chain_6,heavy,medium,p3_c40_mp1_pen1_h2,202,12,12,0,12,150,312,31,56,67,50,1,1.2921116352081299,0
chain_6,heavy,medium,p3_c40_mp1_pen0_h0,101,10,12,7,5,151,300,42,48,69,47,0,1.1635491847991943,0
chain_6,heavy,medium,p3_c40_mp1_pen0_h0,42,12,12,6,6,149,291,47,56,59,53,0,1.3063304424285889,0
chain_6,heavy,medium,p3_c40_mp1_pen1_h5,42,12,12,0,12,145,296,35,54,62,50,1,1.3758063316345215,0
chain_6,heavy,medium,p3_c40_mp1_pen1_h5,101,10,12,0,12,140,280,39,44,60,48,2,1.378946304321289,0
chain_6,heavy,medium,p3_c40_mp1_pen1_h5,202,12,12,0,12,150,312,31,56,67,50,1,1.3755931854248047,0
chain_6,heavy,medium,p3_c40_mp1_pen0_h0,202,12,12,6,6,160,319,45,58,72,51,0,1.3861536979675293,0
chain_6,heavy,medium,p3_c40_mp1_pen0_h2,42,12,12,6,6,155,309,41,56,63,54,1,1.3712751865386963,0
chain_6,heavy,medium,p3_c40_mp1_pen0_h2,101,10,12,6,6,154,306,44,48,63,54,2,1.416412115097046,0
chain_6,heavy,medium,p3_c40_mp1_pen0_h5,42,12,12,6,6,155,309,41,56,63,54,1,1.3887152671813965,0
chain_6,heavy,medium,p3_c40_mp1_pen0_h2,202,12,12,7,5,153,298,47,46,66,50,1,1.413344144821167,0
chain_6,heavy,medium,p3_c40_mp2_pen1_h2,101,10,12,0,12,155,305,33,45,63,48,2,1.137319564819336,0
chain_6,heavy,medium,p3_c40_mp2_pen1_h0,42,12,12,0,12,147,277,42,50,56,47,0,1.3650927543640137,0
chain_6,heavy,medium,p3_c40_mp1_pen0_h5,202,12,12,7,5,153,298,47,46,66,50,1,1.3976378440856934,0
chain_6,heavy,medium,p3_c40_mp1_pen0_h5,101,10,12,6,6,154,306,44,48,63,54,2,1.4449501037597656,0
chain_6,heavy,medium,p3_c40_mp2_pen0_h0,101,10,12,7,5,156,303,41,46,73,43,0,1.0890169143676758,0
chain_6,heavy,medium,p3_c40_mp2_pen1_h0,101,10,12,0,12,153,303,31,45,66,45,0,1.4227969646453857,0
chain_6,heavy,medium,p3_c40_mp2_pen1_h0,202,12,12,0,12,160,311,40,54,69,47,0,1.3471555709838867,0
chain_6,heavy,medium,p3_c40_mp2_pen1_h2,42,12,12,0,12,156,303,38,51,61,50,1,1.3603692054748535,0
chain_6,heavy,medium,p3_c40_mp2_pen1_h2,202,12,12,0,12,159,311,38,54,64,50,1,1.3722114562988281,0
chain_6,heavy,medium,p3_c40_mp2_pen1_h5,42,12,12,0,12,156,303,38,51,61,50,1,1.4053809642791748,0
chain_6,heavy,medium,p3_c40_mp2_pen0_h0,42,12,12,6,6,156,295,54,59,55,57,0,1.3758909702301025,0
chain_6,heavy,medium,p3_c40_mp2_pen1_h5,101,10,12,0,12,155,305,33,45,63,48,2,1.397247314453125,0
chain_6,heavy,medium,p3_c40_mp2_pen1_h5,202,12,12,0,12,159,311,38,54,64,50,1,1.392146348953247,0
chain_6,heavy,medium,p3_c40_mp2_pen0_h0,202,12,12,6,6,163,310,54,55,69,51,0,1.3992102146148682,0
chain_6,heavy,medium,p3_c40_mp2_pen0_h2,101,10,12,6,6,167,327,43,55,73,50,2,1.2963833808898926,0
chain_6,heavy,medium,p3_c40_mp2_pen0_h2,42,12,12,6,6,159,305,49,52,59,56,1,1.3936834335327148,0
chain_6,heavy,medium,p3_c40_mp2_pen0_h2,202,12,12,6,6,162,312,50,55,62,56,1,1.326080322265625,0
chain_6,heavy,medium,p3_c40_mp2_pen0_h5,101,10,12,6,6,167,327,43,55,73,50,2,1.3079853057861328,0
chain_6,heavy,medium,p3_c40_mp2_pen0_h5,42,12,12,6,6,159,305,49,52,59,56,1,1.3374149799346924,0
chain_6,heavy,medium,p3_c40_mp3_pen1_h0,42,12,12,0,12,166,314,33,55,63,47,0,1.3474111557006836,0
chain_6,heavy,medium,p3_c40_mp2_pen0_h5,202,12,12,6,6,162,312,50,55,62,56,1,1.4048652648925781,0
chain_6,heavy,medium,p3_c40_mp3_pen1_h0,101,11,12,0,12,170,326,32,48,69,46,0,1.4056501388549805,0
chain_6,heavy,medium,p3_c40_mp3_pen1_h0,202,12,12,0,12,172,332,30,56,69,47,0,1.3807661533355713,0
chain_6,heavy,medium,p3_c40_mp3_pen1_h5,101,11,12,0,12,173,331,33,50,67,49,2,1.0650825500488281,0
chain_6,heavy,medium,p3_c40_mp3_pen1_h2,202,12,12,0,12,163,298,44,49,56,50,1,1.1789312362670898,0
chain_6,heavy,medium,p3_c40_mp3_pen1_h2,42,12,12,0,12,168,315,38,53,61,50,1,1.421593427658081,0
chain_6,heavy,medium,p3_c40_mp3_pen1_h2,101,11,12,0,12,173,331,33,50,67,49,2,1.427142858505249,0
chain_6,heavy,medium,p3_c40_mp3_pen1_h5,202,12,12,0,12,163,298,44,49,56,50,1,1.3767693042755127,0
chain_6,heavy,medium,p3_c40_mp3_pen1_h5,42,12,12,0,12,168,315,38,53,61,50,1,1.3952536582946777,0
chain_6,heavy,medium,p3_c40_mp3_pen0_h5,42,12,12,6,6,173,334,47,63,62,60,1,1.176720142364502,0
chain_6,heavy,medium,p3_c40_mp3_pen0_h0,42,12,12,6,6,164,316,40,57,62,53,0,1.3758015632629395,0
chain_6,heavy,medium,p3_c40_mp3_pen0_h0,101,10,12,7,5,166,322,41,51,75,46,0,1.3744797706604004,0
chain_6,heavy,medium,p3_c40_mp3_pen0_h0,202,12,12,7,5,160,303,45,48,67,47,0,1.4163131713867188,0
chain_6,heavy,medium,p3_c40_mp3_pen0_h2,101,10,12,6,6,166,318,41,47,67,50,2,1.3879990577697754,0
chain_6,heavy,medium,p3_c40_mp3_pen0_h2,42,12,12,6,6,173,334,47,63,62,60,1,1.4156067371368408,0
chain_6,heavy,medium,p3_c40_mp3_pen0_h2,202,12,12,7,5,154,285,49,44,57,50,1,1.3992860317230225,0
chain_6,heavy,medium,p3_c40_mp3_pen0_h5,101,10,12,6,6,166,318,41,47,67,50,2,1.4053080081939697,0
chain_6,heavy,medium,p3_c100_mp1_pen1_h0,42,12,12,0,12,140,284,35,54,61,47,0,1.339463233947754,0
chain_6,heavy,medium,p3_c40_mp3_pen0_h5,202,12,12,7,5,154,285,49,44,57,50,1,1.3841986656188965,0
chain_6,heavy,medium,p3_c100_mp1_pen1_h0,101,10,12,0,12,139,288,29,45,64,45,0,1.39039945602417,0
chain_6,heavy,medium,p3_c100_mp1_pen1_h0,202,12,12,0,12,148,302,37,54,69,47,0,1.4143261909484863,0
chain_6,heavy,medium,p3_c100_mp1_pen1_h2,42,12,12,0,12,145,296,35,54,62,50,1,1.376509428024292,0
chain_6,heavy,medium,p3_c100_mp1_pen1_h2,101,10,12,0,12,140,280,39,44,60,48,2,1.361501693725586,0
chain_6,heavy,medium,p3_c100_mp1_pen1_h2,202,12,12,0,12,150,312,31,56,67,50,1,1.387599229812622,0
chain_6,heavy,medium,p3_c100_mp1_pen1_h5,42,12,12,0,12,145,296,35,54,62,50,1,1.1281235218048096,0
chain_6,heavy,medium,p3_c100_mp1_pen1_h5,101,10,12,0,12,140,280,39,44,60,48,2,1.2000524997711182,0
chain_6,heavy,medium,p3_c100_mp1_pen1_h5,202,12,12,0,12,150,312,31,56,67,50,1,1.3577940464019775,0
chain_6,heavy,medium,p3_c100_mp1_pen0_h0,42,12,12,6,6,149,291,47,56,59,53,0,1.3509037494659424,0
chain_6,heavy,medium,p3_c100_mp1_pen0_h0,101,10,12,7,5,151,300,42,48,69,47,0,1.3518180847167969,0
chain_6,heavy,medium,p3_c100_mp1_pen0_h0,202,12,12,6,6,160,319,45,58,72,51,0,1.382469892501831,0
chain_6,heavy,medium,p3_c100_mp1_pen0_h2,42,12,12,6,6,155,309,41,56,63,54,1,1.3931200504302979,0
chain_6,heavy,medium,p3_c100_mp1_pen0_h2,101,10,12,6,6,154,306,44,48,63,54,2,1.3736751079559326,0
chain_6,heavy,medium,p3_c100_mp1_pen0_h2,202,12,12,7,5,153,298,47,46,66,50,1,1.411236047744751,0
chain_6,heavy,medium,p3_c100_mp1_pen0_h5,101,10,12,6,6,154,306,44,48,63,54,2,1.3188681602478027,0
chain_6,heavy,medium,p3_c100_mp1_pen0_h5,42,12,12,6,6,155,309,41,56,63,54,1,1.4101040363311768,0
chain_6,heavy,medium,p3_c100_mp1_pen0_h5,202,12,12,7,5,153,298,47,46,66,50,1,1.2612993717193604,0
chain_6,heavy,medium,p3_c100_mp2_pen0_h0,42,12,12,6,6,156,295,54,59,55,57,0,0.9941613674163818,0
chain_6,heavy,medium,p3_c100_mp2_pen1_h5,202,12,12,0,12,159,311,38,54,64,50,1,1.0919489860534668,0
chain_6,heavy,medium,p3_c100_mp2_pen1_h0,101,10,12,0,12,153,303,31,45,66,45,0,1.3697922229766846,0
chain_6,heavy,medium,p3_c100_mp2_pen1_h0,42,12,12,0,12,147,277,42,50,56,47,0,1.3965275287628174,0
chain_6,heavy,medium,p3_c100_mp2_pen1_h2,42,12,12,0,12,156,303,38,51,61,50,1,1.3963465690612793,0
chain_6,heavy,medium,p3_c100_mp2_pen1_h0,202,12,12,0,12,160,311,40,54,69,47,0,1.4083220958709717,0
chain_6,heavy,medium,p3_c100_mp2_pen1_h2,202,12,12,0,12,159,311,38,54,64,50,1,1.3605549335479736,0
chain_6,heavy,medium,p3_c100_mp2_pen1_h2,101,10,12,0,12,155,305,33,45,63,48,2,1.3854115009307861,0
chain_6,heavy,medium,p3_c100_mp2_pen1_h5,101,10,12,0,12,155,305,33,45,63,48,2,1.386643886566162,0
chain_6,heavy,medium,p3_c100_mp2_pen1_h5,42,12,12,0,12,156,303,38,51,61,50,1,1.4681544303894043,0
chain_6,heavy,medium,p3_c100_mp2_pen0_h0,202,12,12,6,6,163,310,54,55,69,51,0,1.2619359493255615,0
chain_6,heavy,medium,p3_c100_mp2_pen0_h0,101,10,12,7,5,156,303,41,46,73,43,0,1.346550703048706,0
chain_6,heavy,medium,p3_c100_mp2_pen0_h2,42,12,12,6,6,159,305,49,52,59,56,1,1.3505289554595947,0
chain_6,heavy,medium,p3_c100_mp2_pen0_h5,42,12,12,6,6,159,305,49,52,59,56,1,1.326355218887329,0
chain_6,heavy,medium,p3_c100_mp2_pen0_h2,202,12,12,6,6,162,312,50,55,62,56,1,1.4187474250793457,0
chain_6,heavy,medium,p3_c100_mp2_pen0_h2,101,10,12,6,6,167,327,43,55,73,50,2,1.4459943771362305,0
chain_6,heavy,medium,p3_c100_mp2_pen0_h5,101,10,12,6,6,167,327,43,55,73,50,2,1.4030795097351074,0
chain_6,heavy,medium,p3_c100_mp2_pen0_h5,202,12,12,6,6,162,312,50,55,62,56,1,1.356781005859375,0
chain_6,heavy,medium,p3_c100_mp3_pen1_h0,42,12,12,0,12,166,314,33,55,63,47,0,1.3536031246185303,0
chain_6,heavy,medium,p3_c100_mp3_pen1_h0,101,11,12,0,12,170,326,32,48,69,46,0,1.3756744861602783,0
chain_6,heavy,medium,p3_c100_mp3_pen1_h2,101,11,12,0,12,173,331,33,50,67,49,2,1.2500665187835693,0
chain_6,heavy,medium,p3_c100_mp3_pen1_h2,202,12,12,0,12,163,298,44,49,56,50,1,1.2343008518218994,0
chain_6,heavy,medium,p3_c100_mp3_pen1_h0,202,12,12,0,12,172,332,30,56,69,47,0,1.3694157600402832,0
chain_6,heavy,medium,p3_c100_mp3_pen1_h2,42,12,12,0,12,168,315,38,53,61,50,1,1.378782033920288,0
chain_6,heavy,medium,p3_c100_mp3_pen1_h5,101,11,12,0,12,173,331,33,50,67,49,2,1.3728938102722168,0
chain_6,heavy,medium,p3_c100_mp3_pen1_h5,42,12,12,0,12,168,315,38,53,61,50,1,1.4097890853881836,0
chain_6,heavy,medium,p3_c100_mp3_pen0_h0,101,10,12,7,5,166,322,41,51,75,46,0,1.2947218418121338,0
chain_6,heavy,medium,p3_c100_mp3_pen0_h0,42,12,12,6,6,164,316,40,57,62,53,0,1.346095323562622,0
chain_6,heavy,medium,p3_c100_mp3_pen1_h5,202,12,12,0,12,163,298,44,49,56,50,1,1.3839077949523926,0
chain_6,heavy,medium,p3_c100_mp3_pen0_h2,42,12,12,6,6,173,334,47,63,62,60,1,1.2482986450195312,0
chain_6,heavy,medium,p3_c100_mp3_pen0_h0,202,12,12,7,5,160,303,45,48,67,47,0,1.3474156856536865,0
chain_6,heavy,medium,p3_c100_mp3_pen0_h5,202,12,12,7,5,154,285,49,44,57,50,1,1.2137515544891357,0
chain_6,heavy,medium,p3_c100_mp3_pen0_h2,101,10,12,6,6,166,318,41,47,67,50,2,1.34867262840271,0
chain_6,heavy,medium,p3_c105_mp1_pen1_h0,42,12,12,8,4,144,269,50,44,67,41,0,1.1999433040618896,0
chain_6,heavy,medium,p3_c100_mp3_pen0_h5,42,12,12,6,6,173,334,47,63,62,60,1,1.3804056644439697,0
chain_6,heavy,medium,p3_c100_mp3_pen0_h2,202,12,12,7,5,154,285,49,44,57,50,1,1.4271941184997559,0
chain_6,heavy,medium,p3_c100_mp3_pen0_h5,101,10,12,6,6,166,318,41,47,67,50,2,1.4096276760101318,0
chain_6,heavy,medium,p3_c105_mp1_pen1_h0,202,12,12,7,5,153,296,50,52,67,49,0,1.2904560565948486,0
chain_6,heavy,medium,p3_c105_mp1_pen1_h0,101,11,12,8,4,149,293,40,41,72,42,0,1.368781566619873,0
chain_6,heavy,medium,p3_c105_mp1_pen1_h2,42,12,12,8,4,154,293,54,49,66,50,1,1.4190123081207275,0
chain_6,heavy,medium,p3_c105_mp1_pen1_h2,101,10,12,7,5,155,307,44,49,67,51,2,1.3528025150299072,0
chain_6,heavy,medium,p3_c105_mp1_pen1_h5,42,12,12,8,4,154,293,54,49,66,50,1,1.2680671215057373,0
chain_6,heavy,medium,p3_c105_mp1_pen1_h2,202,12,12,7,5,156,310,44,51,64,54,1,1.421919345855713,0
chain_6,heavy,medium,p3_c105_mp1_pen1_h5,101,10,12,7,5,155,307,44,49,67,51,2,1.442028284072876,0
chain_6,heavy,medium,p3_c105_mp1_pen1_h5,202,12,12,7,5,156,310,44,51,64,54,1,1.3905110359191895,0
chain_6,heavy,medium,p3_c105_mp1_pen0_h0,42,12,12,8,4,144,269,50,44,67,41,0,1.3758375644683838,0
chain_6,heavy,medium,p3_c105_mp1_pen0_h0,101,11,12,8,4,149,293,40,41,72,42,0,1.3201587200164795,0
chain_6,heavy,medium,p3_c105_mp1_pen0_h0,202,12,12,7,5,153,296,50,52,67,49,0,1.1872260570526123,0
chain_6,heavy,medium,p3_c105_mp1_pen0_h2,101,10,12,7,5,155,307,44,49,67,51,2,1.3525805473327637,0
chain_6,heavy,medium,p3_c105_mp1_pen0_h2,42,12,12,8,4,154,293,54,49,66,50,1,1.365614891052246,0
chain_6,heavy,medium,p3_c105_mp1_pen0_h5,42,12,12,8,4,154,293,54,49,66,50,1,1.2939531803131104,0
chain_6,heavy,medium,p3_c105_mp1_pen0_h2,202,12,12,7,5,156,310,44,51,64,54,1,1.3687412738800049,0
chain_6,heavy,medium,p3_c105_mp1_pen0_h5,202,12,12,7,5,156,310,44,51,64,54,1,1.3387987613677979,0
chain_6,heavy,medium,p3_c105_mp2_pen1_h0,42,12,12,8,4,155,295,47,52,69,45,0,1.3706812858581543,0
chain_6,heavy,medium,p3_c105_mp2_pen1_h0,202,12,12,8,4,148,269,56,42,67,41,0,1.3431236743927002,0
chain_6,heavy,medium,p3_c105_mp1_pen0_h5,101,10,12,7,5,155,307,44,49,67,51,2,1.4398179054260254,0
chain_6,heavy,medium,p3_c105_mp2_pen1_h5,101,10,12,7,5,161,299,58,51,71,47,2,1.2476274967193604,0
chain_6,heavy,medium,p3_c105_mp2_pen1_h2,42,12,12,7,5,163,324,40,54,64,56,1,1.367063283920288,0
chain_6,heavy,medium,p3_c105_mp2_pen1_h0,101,11,12,8,4,156,302,42,46,74,42,0,1.4076342582702637,0
chain_6,heavy,medium,p3_c105_mp2_pen1_h2,101,10,12,7,5,161,299,58,51,71,47,2,1.3709347248077393,0
chain_6,heavy,medium,p3_c105_mp2_pen0_h0,101,11,12,8,4,156,302,42,46,74,42,0,1.2057740688323975,0
chain_6,heavy,medium,p3_c105_mp2_pen0_h0,202,12,12,8,4,148,269,56,42,67,41,0,1.204071283340454,0
chain_6,heavy,medium,p3_c105_mp2_pen1_h5,42,12,12,7,5,163,324,40,54,64,56,1,1.3731260299682617,0
chain_6,heavy,medium,p3_c105_mp2_pen1_h2,202,12,12,7,5,160,307,52,52,61,56,1,1.4193811416625977,0
chain_6,heavy,medium,p3_c105_mp2_pen0_h0,42,12,12,8,4,155,295,47,52,69,45,0,1.2746014595031738,0
chain_6,heavy,medium,p3_c105_mp2_pen0_h2,42,12,12,7,5,163,324,40,54,64,56,1,1.2121918201446533,0
chain_6,heavy,medium,p3_c105_mp2_pen1_h5,202,12,12,7,5,160,307,52,52,61,56,1,1.4113059043884277,0
chain_6,heavy,medium,p3_c105_mp2_pen0_h2,202,12,12,7,5,160,307,52,52,61,56,1,1.2991037368774414,0
chain_6,heavy,medium,p3_c105_mp3_pen1_h0,101,12,12,7,5,167,324,42,54,69,51,0,1.0883524417877197,0
chain_6,heavy,medium,p3_c105_mp2_pen0_h2,101,10,12,7,5,161,299,58,51,71,47,2,1.4359056949615479,0
chain_6,heavy,medium,p3_c105_mp2_pen0_h5,42,12,12,7,5,163,324,40,54,64,56,1,1.404503583908081,0
chain_6,heavy,medium,p3_c105_mp2_pen0_h5,101,10,12,7,5,161,299,58,51,71,47,2,1.3911535739898682,0
chain_6,heavy,medium,p3_c105_mp2_pen0_h5,202,12,12,7,5,160,307,52,52,61,56,1,1.4263100624084473,0
chain_6,heavy,medium,p3_c105_mp3_pen1_h0,42,12,12,8,4,153,282,49,45,66,43,0,1.4124219417572021,0
chain_6,heavy,medium,p3_c105_mp3_pen1_h0,202,12,12,6,6,168,309,56,59,69,49,0,1.3574137687683105,0
chain_6,heavy,medium,p3_c105_mp3_pen1_h2,42,12,12,7,5,168,329,40,54,64,56,1,1.3825087547302246,0
chain_6,heavy,medium,p3_c105_mp3_pen1_h2,202,12,12,7,5,164,309,51,51,62,54,1,1.3525097370147705,0
chain_6,heavy,medium,p3_c105_mp3_pen1_h5,101,11,12,7,5,177,341,43,60,80,48,2,1.3184385299682617,0
chain_6,heavy,medium,p3_c105_mp3_pen1_h2,101,11,12,7,5,177,341,43,60,80,48,2,1.368537425994873,0
chain_6,heavy,medium,p3_c105_mp3_pen1_h5,42,12,12,7,5,168,329,40,54,64,56,1,1.3720314502716064,0
chain_6,heavy,medium,p3_c105_mp3_pen0_h0,101,12,12,7,5,167,324,42,54,69,51,0,1.1316797733306885,0
chain_6,heavy,medium,p3_c105_mp3_pen0_h5,101,11,12,7,5,177,341,43,60,80,48,2,1.097808837890625,0
chain_6,heavy,medium,p3_c105_mp3_pen1_h5,202,12,12,7,5,164,309,51,51,62,54,1,1.3392751216888428,0
chain_6,heavy,medium,p3_c105_mp3_pen0_h0,202,12,12,6,6,168,309,56,59,69,49,0,1.2574214935302734,0
chain_6,heavy,medium,p3_c105_mp3_pen0_h2,101,11,12,7,5,177,341,43,60,80,48,2,1.2906787395477295,0
chain_6,heavy,medium,p3_c105_mp3_pen0_h2,42,12,12,7,5,168,329,40,54,64,56,1,1.3262910842895508,0
chain_6,heavy,medium,p3_c105_mp3_pen0_h0,42,12,12,8,4,153,282,49,45,66,43,0,1.3687617778778076,0
chain_6,heavy,medium,p3_c120_mp1_pen1_h0,42,12,12,8,4,144,269,50,44,67,41,0,1.3021807670593262,0
chain_6,heavy,medium,p3_c105_mp3_pen0_h2,202,12,12,7,5,164,309,51,51,62,54,1,1.4246699810028076,0
chain_6,heavy,medium,p3_c120_mp1_pen1_h0,202,12,12,7,5,153,296,50,52,67,49,0,1.351592779159546,0
chain_6,heavy,medium,p3_c105_mp3_pen0_h5,42,12,12,7,5,168,329,40,54,64,56,1,1.4283397197723389,0
chain_6,heavy,medium,p3_c120_mp1_pen1_h0,101,11,12,8,4,149,293,40,41,72,42,0,1.3884563446044922,0
chain_6,heavy,medium,p3_c105_mp3_pen0_h5,202,12,12,7,5,164,309,51,51,62,54,1,1.4175658226013184,0
chain_6,heavy,medium,p3_c120_mp1_pen1_h2,101,10,12,7,5,155,307,44,49,67,51,2,1.31947922706604,0
chain_6,heavy,medium,p3_c120_mp1_pen1_h2,42,12,12,8,4,154,293,54,49,66,50,1,1.400479793548584,0
chain_6,heavy,medium,p3_c120_mp1_pen1_h2,202,12,12,7,5,156,310,44,51,64,54,1,1.3246614933013916,0
chain_6,heavy,medium,p3_c120_mp1_pen1_h5,202,12,12,7,5,156,310,44,51,64,54,1,1.3459064960479736,0
chain_6,heavy,medium,p3_c120_mp1_pen1_h5,42,12,12,8,4,154,293,54,49,66,50,1,1.437985897064209,0
chain_6,heavy,medium,p3_c120_mp1_pen1_h5,101,10,12,7,5,155,307,44,49,67,51,2,1.3986175060272217,0
chain_6,heavy,medium,p3_c120_mp1_pen0_h0,42,12,12,8,4,144,269,50,44,67,41,0,1.3366878032684326,0
chain_6,heavy,medium,p3_c120_mp1_pen0_h0,202,12,12,7,5,153,296,50,52,67,49,0,1.392305850982666,0
chain_6,heavy,medium,p3_c120_mp1_pen0_h5,42,12,12,8,4,154,293,54,49,66,50,1,1.1273953914642334,0
chain_6,heavy,medium,p3_c120_mp1_pen0_h2,42,12,12,8,4,154,293,54,49,66,50,1,1.3442587852478027,0
chain_6,heavy,medium,p3_c120_mp1_pen0_h0,101,11,12,8,4,149,293,40,41,72,42,0,1.4284334182739258,0
chain_6,heavy,medium,p3_c120_mp1_pen0_h2,101,10,12,7,5,155,307,44,49,67,51,2,1.30977201461792,0
chain_6,heavy,medium,p3_c120_mp1_pen0_h2,202,12,12,7,5,156,310,44,51,64,54,1,1.2908477783203125,0
chain_6,heavy,medium,p3_c120_mp1_pen0_h5,101,10,12,7,5,155,307,44,49,67,51,2,1.387324333190918,0
chain_6,heavy,medium,p3_c120_mp1_pen0_h5,202,12,12,7,5,156,310,44,51,64,54,1,1.3885400295257568,0
chain_6,heavy,medium,p3_c120_mp2_pen1_h5,101,10,12,7,5,161,299,58,51,71,47,2,1.0261356830596924,0
chain_6,heavy,medium,p3_c120_mp2_pen1_h0,42,12,12,8,4,155,295,47,52,69,45,0,1.3516762256622314,0
chain_6,heavy,medium,p3_c120_mp2_pen1_h0,101,11,12,8,4,156,302,42,46,74,42,0,1.3625586032867432,0
chain_6,heavy,medium,p3_c120_mp2_pen1_h0,202,12,12,8,4,148,269,56,42,67,41,0,1.3597021102905273,0
chain_6,heavy,medium,p3_c120_mp2_pen1_h5,42,12,12,7,5,163,324,40,54,64,56,1,1.2797033786773682,0
chain_6,heavy,medium,p3_c120_mp2_pen1_h2,42,12,12,7,5,163,324,40,54,64,56,1,1.4041571617126465,0
chain_6,heavy,medium,p3_c120_mp2_pen1_h2,101,10,12,7,5,161,299,58,51,71,47,2,1.4349009990692139,0
chain_6,heavy,medium,p3_c120_mp2_pen1_h2,202,12,12,7,5,160,307,52,52,61,56,1,1.4277591705322266,0
chain_6,heavy,medium,p3_c120_mp2_pen0_h0,42,12,12,8,4,155,295,47,52,69,45,0,1.2963812351226807,0
chain_6,heavy,medium,p3_c120_mp2_pen1_h5,202,12,12,7,5,160,307,52,52,61,56,1,1.3864574432373047,0
chain_6,heavy,medium,p3_c120_mp2_pen0_h2,101,10,12,7,5,161,299,58,51,71,47,2,1.3082246780395508,0
chain_6,heavy,medium,p3_c120_mp2_pen0_h0,101,11,12,8,4,156,302,42,46,74,42,0,1.3562121391296387,0
chain_6,heavy,medium,p3_c120_mp2_pen0_h0,202,12,12,8,4,148,269,56,42,67,41,0,1.376892328262329,0
chain_6,heavy,medium,p3_c120_mp2_pen0_h2,42,12,12,7,5,163,324,40,54,64,56,1,1.433485507965088,0
chain_6,heavy,medium,p3_c120_mp2_pen0_h2,202,12,12,7,5,160,307,52,52,61,56,1,1.3876140117645264,0
chain_6,heavy,medium,p3_c120_mp2_pen0_h5,42,12,12,7,5,163,324,40,54,64,56,1,1.2949273586273193,0
chain_6,heavy,medium,p3_c120_mp3_pen1_h0,42,12,12,8,4,153,282,49,45,66,43,0,1.3134310245513916,0
chain_6,heavy,medium,p3_c120_mp2_pen0_h5,101,10,12,7,5,161,299,58,51,71,47,2,1.4092068672180176,0
chain_6,heavy,medium,p3_c120_mp2_pen0_h5,202,12,12,7,5,160,307,52,52,61,56,1,1.4181227684020996,0
chain_6,heavy,medium,p3_c120_mp3_pen1_h0,101,12,12,7,5,167,324,42,54,69,51,0,1.3879272937774658,0
chain_6,heavy,medium,p3_c120_mp3_pen1_h5,42,12,12,7,5,168,329,40,54,64,56,1,1.2579212188720703,0
chain_6,heavy,medium,p3_c120_mp3_pen1_h5,101,11,12,7,5,177,341,43,60,80,48,2,1.2302734851837158,0
chain_6,heavy,medium,p3_c120_mp3_pen1_h0,202,12,12,6,6,168,309,56,59,69,49,0,1.4109866619110107,0
chain_6,heavy,medium,p3_c120_mp3_pen1_h2,42,12,12,7,5,168,329,40,54,64,56,1,1.3913700580596924,0
chain_6,heavy,medium,p3_c120_mp3_pen1_h2,202,12,12,7,5,164,309,51,51,62,54,1,1.3866446018218994,0
chain_6,heavy,medium,p3_c120_mp3_pen1_h2,101,11,12,7,5,177,341,43,60,80,48,2,1.4224669933319092,0
chain_6,heavy,medium,p3_c120_mp3_pen0_h0,101,12,12,7,5,167,324,42,54,69,51,0,1.2659783363342285,0
chain_6,heavy,medium,p3_c120_mp3_pen0_h0,42,12,12,8,4,153,282,49,45,66,43,0,1.29042387008667,0
chain_6,heavy,medium,p3_c120_mp3_pen0_h5,42,12,12,7,5,168,329,40,54,64,56,1,1.137681245803833,0
chain_6,heavy,medium,p3_c120_mp3_pen0_h0,202,12,12,6,6,168,309,56,59,69,49,0,1.3340072631835938,0
chain_6,heavy,medium,p3_c120_mp3_pen1_h5,202,12,12,7,5,164,309,51,51,62,54,1,1.4182894229888916,0
chain_6,heavy,medium,p3_c120_mp3_pen0_h2,202,12,12,7,5,164,309,51,51,62,54,1,1.2743573188781738,0
chain_6,heavy,medium,p3_c120_mp3_pen0_h2,42,12,12,7,5,168,329,40,54,64,56,1,1.3780622482299805,0
chain_6,heavy,medium,p3_c120_mp3_pen0_h2,101,11,12,7,5,177,341,43,60,80,48,2,1.396000862121582,0
chain_6,heavy,medium,p3_c160_mp1_pen1_h0,42,12,12,8,4,144,269,50,44,67,41,0,1.2813258171081543,0
chain_6,heavy,medium,p3_c160_mp1_pen1_h2,42,12,12,8,4,154,293,54,49,66,50,1,1.2608373165130615,0
chain_6,heavy,medium,p3_c120_mp3_pen0_h5,101,11,12,7,5,177,341,43,60,80,48,2,1.4135632514953613,0
chain_6,heavy,medium,p3_c120_mp3_pen0_h5,202,12,12,7,5,164,309,51,51,62,54,1,1.4157123565673828,0
chain_6,heavy,medium,p3_c160_mp1_pen1_h0,202,12,12,7,5,153,296,50,52,67,49,0,1.3091785907745361,0
chain_6,heavy,medium,p3_c160_mp1_pen1_h2,101,10,12,7,5,155,307,44,49,67,51,2,1.3194561004638672,0
chain_6,heavy,medium,p3_c160_mp1_pen1_h0,101,11,12,8,4,149,293,40,41,72,42,0,1.421783685684204,0
chain_6,heavy,medium,p3_c160_mp1_pen1_h2,202,12,12,7,5,156,310,44,51,64,54,1,1.332056999206543,0
chain_6,heavy,medium,p3_c160_mp1_pen1_h5,101,10,12,7,5,155,307,44,49,67,51,2,1.358403205871582,0
chain_6,heavy,medium,p3_c160_mp1_pen1_h5,42,12,12,8,4,154,293,54,49,66,50,1,1.4189622402191162,0
chain_6,heavy,medium,p3_c160_mp1_pen1_h5,202,12,12,7,5,156,310,44,51,64,54,1,1.2721295356750488,0
chain_6,heavy,medium,p3_c160_mp1_pen0_h0,101,11,12,8,4,149,293,40,41,72,42,0,1.2496581077575684,0
chain_6,heavy,medium,p3_c160_mp1_pen0_h0,202,12,12,7,5,153,296,50,52,67,49,0,1.303184986114502,0
chain_6,heavy,medium,p3_c160_mp1_pen0_h0,42,12,12,8,4,144,269,50,44,67,41,0,1.3968696594238281,0
chain_6,heavy,medium,p3_c160_mp1_pen0_h5,42,12,12,8,4,154,293,54,49,66,50,1,1.1473369598388672,0
chain_6,heavy,medium,p3_c160_mp1_pen0_h2,42,12,12,8,4,154,293,54,49,66,50,1,1.3753035068511963,0
chain_6,heavy,medium,p3_c160_mp1_pen0_h5,101,10,12,7,5,155,307,44,49,67,51,2,1.3046176433563232,0
chain_6,heavy,medium,p3_c160_mp1_pen0_h2,101,10,12,7,5,155,307,44,49,67,51,2,1.3496787548065186,0
chain_6,heavy,medium,p3_c160_mp1_pen0_h2,202,12,12,7,5,156,310,44,51,64,54,1,1.3846046924591064,0
chain_6,heavy,medium,p3_c160_mp1_pen0_h5,202,12,12,7,5,156,310,44,51,64,54,1,1.3949370384216309,0
chain_6,heavy,medium,p3_c160_mp2_pen1_h0,42,12,12,8,4,155,295,47,52,69,45,0,1.344477891921997,0
chain_6,heavy,medium,p3_c160_mp2_pen1_h0,101,11,12,8,4,156,302,42,46,74,42,0,1.3847854137420654,0
chain_6,heavy,medium,p3_c160_mp2_pen1_h2,42,12,12,7,5,163,324,40,54,64,56,1,1.333972692489624,0
chain_6,heavy,medium,p3_c160_mp2_pen1_h0,202,12,12,8,4,148,269,56,42,67,41,0,1.3620901107788086,0
chain_6,heavy,medium,p3_c160_mp2_pen1_h2,101,10,12,7,5,161,299,58,51,71,47,2,1.4312164783477783,0
chain_6,heavy,medium,p3_c160_mp2_pen1_h5,42,12,12,7,5,163,324,40,54,64,56,1,1.331101655960083,0
chain_6,heavy,medium,p3_c160_mp2_pen1_h2,202,12,12,7,5,160,307,52,52,61,56,1,1.4123525619506836,0
chain_6,heavy,medium,p3_c160_mp2_pen1_h5,101,10,12,7,5,161,299,58,51,71,47,2,1.3160655498504639,0
chain_6,heavy,medium,p3_c160_mp2_pen1_h5,202,12,12,7,5,160,307,52,52,61,56,1,1.402916669845581,0
chain_6,heavy,medium,p3_c160_mp2_pen0_h0,42,12,12,8,4,155,295,47,52,69,45,0,1.3558382987976074,0
chain_6,heavy,medium,p3_c160_mp2_pen0_h0,101,11,12,8,4,156,302,42,46,74,42,0,1.373056173324585,0
chain_6,heavy,medium,p3_c160_mp2_pen0_h2,202,12,12,7,5,160,307,52,52,61,56,1,1.3125910758972168,0
chain_6,heavy,medium,p3_c160_mp2_pen0_h0,202,12,12,8,4,148,269,56,42,67,41,0,1.4094727039337158,0
chain_6,heavy,medium,p3_c160_mp2_pen0_h2,42,12,12,7,5,163,324,40,54,64,56,1,1.428725242614746,0
chain_6,heavy,medium,p3_c160_mp2_pen0_h5,42,12,12,7,5,163,324,40,54,64,56,1,1.328160047531128,0
chain_6,heavy,medium,p3_c160_mp2_pen0_h2,101,10,12,7,5,161,299,58,51,71,47,2,1.4084501266479492,0
chain_6,heavy,medium,p3_c160_mp2_pen0_h5,101,10,12,7,5,161,299,58,51,71,47,2,1.3599913120269775,0
chain_6,heavy,medium,p3_c160_mp2_pen0_h5,202,12,12,7,5,160,307,52,52,61,56,1,1.3925714492797852,0
chain_6,heavy,medium,p3_c160_mp3_pen1_h0,42,12,12,8,4,153,282,49,45,66,43,0,1.353301763534546,0
chain_6,heavy,medium,p3_c160_mp3_pen1_h2,101,11,12,7,5,177,341,43,60,80,48,2,1.1758534908294678,0
chain_6,heavy,medium,p3_c160_mp3_pen1_h0,101,12,12,7,5,167,324,42,54,69,51,0,1.4064416885375977,0
chain_6,heavy,medium,p3_c160_mp3_pen1_h0,202,12,12,6,6,168,309,56,59,69,49,0,1.3257198333740234,0
chain_6,heavy,medium,p3_c160_mp3_pen1_h2,42,12,12,7,5,168,329,40,54,64,56,1,1.2836756706237793,0
chain_6,heavy,medium,p3_c160_mp3_pen1_h2,202,12,12,7,5,164,309,51,51,62,54,1,1.2208237648010254,0
chain_6,heavy,medium,p3_c160_mp3_pen1_h5,101,11,12,7,5,177,341,43,60,80,48,2,1.2667994499206543,0
chain_6,heavy,medium,p3_c160_mp3_pen1_h5,42,12,12,7,5,168,329,40,54,64,56,1,1.3243238925933838,0
chain_6,heavy,medium,p3_c160_mp3_pen1_h5,202,12,12,7,5,164,309,51,51,62,54,1,1.3567419052124023,0
chain_6,heavy,medium,p3_c160_mp3_pen0_h0,42,12,12,8,4,153,282,49,45,66,43,0,1.3969175815582275,0
chain_6,heavy,medium,p3_c160_mp3_pen0_h0,202,12,12,6,6,168,309,56,59,69,49,0,1.2929635047912598,0
chain_6,heavy,medium,p3_c160_mp3_pen0_h0,101,12,12,7,5,167,324,42,54,69,51,0,1.3570592403411865,0
chain_6,heavy,medium,p3_c160_mp3_pen0_h2,101,11,12,7,5,177,341,43,60,80,48,2,1.3649334907531738,0
chain_6,heavy,medium,p3_c160_mp3_pen0_h2,42,12,12,7,5,168,329,40,54,64,56,1,1.3994159698486328,0
chain_6,heavy,medium,p3_c160_mp3_pen0_h5,42,12,12,7,5,168,329,40,54,64,56,1,1.2561595439910889,0
chain_6,heavy,medium,p3_c160_mp3_pen0_h5,202,12,12,7,5,164,309,51,51,62,54,1,1.3121082782745361,0
chain_6,sparse,medium,baseline,101,5,5,1,4,93,196,19,19,33,41,0,1.1818501949310303,0
chain_6,heavy,medium,p3_c160_mp3_pen0_h2,202,12,12,7,5,164,309,51,51,62,54,1,1.411363124847412,0
chain_6,heavy,medium,p3_c160_mp3_pen0_h5,101,11,12,7,5,177,341,43,60,80,48,2,1.386054515838623,0
chain_6,sparse,medium,p3_c40_mp1_pen1_h0,101,5,5,0,5,100,208,22,23,49,33,0,1.254584550857544,0
chain_6,sparse,medium,baseline,202,5,5,1,4,89,183,23,19,29,41,0,1.340120792388916,0
chain_6,sparse,medium,baseline,42,5,5,1,4,86,177,21,19,26,41,0,1.3870930671691895,0
chain_6,sparse,medium,p3_c40_mp1_pen1_h0,42,5,5,0,5,90,183,22,24,39,33,0,1.3793177604675293,0
chain_6,sparse,medium,p3_c40_mp1_pen1_h2,101,5,5,0,5,96,198,21,23,40,36,2,1.3680047988891602,0
chain_6,sparse,medium,p3_c40_mp1_pen1_h0,202,5,5,0,5,89,177,26,23,38,33,0,1.397400140762329,0
chain_6,sparse,medium,p3_c40_mp1_pen1_h2,42,5,5,0,5,91,183,26,21,36,36,1,1.4146971702575684,0
chain_6,sparse,medium,p3_c40_mp1_pen1_h5,42,5,5,0,5,91,183,26,21,36,36,1,1.2558915615081787,0
chain_6,sparse,medium,p3_c40_mp1_pen1_h2,202,5,5,0,5,99,201,28,22,44,36,1,1.394726037979126,0
chain_6,sparse,medium,p3_c40_mp1_pen1_h5,202,5,5,0,5,99,201,28,22,44,36,1,1.274395227432251,0
chain_6,sparse,medium,p3_c40_mp1_pen1_h5,101,5,5,0,5,96,198,21,23,40,36,2,1.280731439590454,0
chain_6,sparse,medium,p3_c40_mp1_pen0_h0,42,5,5,0,5,90,183,22,24,39,33,0,1.3672244548797607,0
chain_6,sparse,medium,p3_c40_mp1_pen0_h0,202,5,5,0,5,89,177,26,23,38,33,0,1.365978717803955,0
chain_6,sparse,medium,p3_c40_mp1_pen0_h0,101,5,5,0,5,100,208,22,23,49,33,0,1.373575210571289,0
chain_6,sparse,medium,p3_c40_mp1_pen0_h2,42,5,5,0,5,91,183,26,21,36,36,1,1.39280366897583,0
chain_6,sparse,medium,p3_c40_mp1_pen0_h2,202,5,5,0,5,99,201,28,22,44,36,1,1.317479133605957,0
chain_6,sparse,medium,p3_c40_mp1_pen0_h2,101,5,5,0,5,96,198,21,23,40,36,2,1.3922967910766602,0
chain_6,sparse,medium,p3_c40_mp1_pen0_h5,42,5,5,0,5,91,183,26,21,36,36,1,1.3830978870391846,0
chain_6,sparse,medium,p3_c40_mp1_pen0_h5,101,5,5,0,5,96,198,21,23,40,36,2,1.3325798511505127,0
chain_6,sparse,medium,p3_c40_mp2_pen1_h0,42,5,5,0,5,98,192,26,22,42,33,0,1.377958059310913,0
chain_6,sparse,medium,p3_c40_mp1_pen0_h5,202,5,5,0,5,99,201,28,22,44,36,1,1.4103004932403564,0
chain_6,sparse,medium,p3_c40_mp2_pen1_h0,202,5,5,0,5,99,196,25,24,43,33,0,1.338484525680542,0
chain_6,sparse,medium,p3_c40_mp2_pen1_h2,101,5,5,0,5,102,206,20,24,41,36,2,1.245685338973999,0
chain_6,sparse,medium,p3_c40_mp2_pen1_h0,101,5,5,0,5,95,189,22,22,39,33,0,1.3991074562072754,0
chain_6,sparse,medium,p3_c40_mp2_pen1_h2,42,5,5,0,5,94,182,27,21,34,36,1,1.3877861499786377,0
chain_6,sparse,medium,p3_c40_mp2_pen1_h5,101,5,5,0,5,102,206,20,24,41,36,2,1.2440185546875,0
chain_6,sparse,medium,p3_c40_mp2_pen0_h0,202,5,5,0,5,99,196,25,24,43,33,0,1.0808393955230713,0
chain_6,sparse,medium,p3_c40_mp2_pen1_h2,202,5,5,0,5,101,197,29,22,41,36,1,1.3947386741638184,0
chain_6,sparse,medium,p3_c40_mp2_pen1_h5,202,5,5,0,5,101,197,29,22,41,36,1,1.23069167137146,0
chain_6,sparse,medium,p3_c40_mp2_pen1_h5,42,5,5,0,5,94,182,27,21,34,36,1,1.4239959716796875,0
chain_6,sparse,medium,p3_c40_mp2_pen0_h0,101,5,5,0,5,95,189,22,22,39,33,0,1.2497947216033936,0
chain_6,sparse,medium,p3_c40_mp2_pen0_h0,42,5,5,0,5,98,192,26,22,42,33,0,1.3996331691741943,0
chain_6,sparse,medium,p3_c40_mp2_pen0_h2,42,5,5,0,5,94,182,27,21,34,36,1,1.2927961349487305,0
chain_6,sparse,medium,p3_c40_mp2_pen0_h2,101,5,5,0,5,102,206,20,24,41,36,2,1.3604133129119873,0
chain_6,sparse,medium,p3_c40_mp2_pen0_h5,202,5,5,0,5,101,197,29,22,41,36,1,1.2908170223236084,0
chain_6,sparse,medium,p3_c40_mp2_pen0_h5,42,5,5,0,5,94,182,27,21,34,36,1,1.3885605335235596,0
chain_6,sparse,medium,p3_c40_mp3_pen1_h0,42,5,5,0,5,96,174,31,21,35,33,0,1.3062446117401123,0
chain_6,sparse,medium,p3_c40_mp2_pen0_h2,202,5,5,0,5,101,197,29,22,41,36,1,1.4226129055023193,0
chain_6,sparse,medium,p3_c40_mp2_pen0_h5,101,5,5,0,5,102,206,20,24,41,36,2,1.4301178455352783,0
chain_6,sparse,medium,p3_c40_mp3_pen1_h0,202,5,5,0,5,100,194,22,23,39,33,0,1.3677301406860352,0
chain_6,sparse,medium,p3_c40_mp3_pen1_h2,42,5,5,0,5,99,184,28,21,34,36,1,1.39066481590271,0
chain_6,sparse,medium,p3_c40_mp3_pen1_h0,101,5,5,0,5,105,205,24,20,44,33,0,1.4141294956207275,0
chain_6,sparse,medium,p3_c40_mp3_pen1_h2,101,5,5,0,5,109,210,28,21,43,36,2,1.3505825996398926,0
chain_6,sparse,medium,p3_c40_mp3_pen1_h2,202,5,5,0,5,101,192,27,22,36,36,1,1.2803452014923096,0
chain_6,sparse,medium,p3_c40_mp3_pen1_h5,42,5,5,0,5,99,184,28,21,34,36,1,1.3352890014648438,0
chain_6,sparse,medium,p3_c40_mp3_pen1_h5,202,5,5,0,5,101,192,27,22,36,36,1,1.3417930603027344,0
chain_6,sparse,medium,p3_c40_mp3_pen1_h5,101,5,5,0,5,109,210,28,21,43,36,2,1.403014898300171,0
chain_6,sparse,medium,p3_c40_mp3_pen0_h0,42,5,5,0,5,96,174,31,21,35,33,0,1.2834091186523438,0
chain_6,sparse,medium,p3_c100_mp1_pen1_h0,42,5,5,0,5,90,183,22,24,39,33,0,1.0843713283538818,0
chain_6,sparse,medium,p3_c40_mp3_pen0_h2,101,5,5,0,5,109,210,28,21,43,36,2,1.2590851783752441,0
chain_6,sparse,medium,p3_c40_mp3_pen0_h5,42,5,5,0,5,99,184,28,21,34,36,1,1.2510583400726318,0
chain_6,sparse,medium,p3_c40_mp3_pen0_h0,101,5,5,0,5,105,205,24,20,44,33,0,1.386437177658081,0
chain_6,sparse,medium,p3_c40_mp3_pen0_h0,202,5,5,0,5,100,194,22,23,39,33,0,1.3921027183532715,0
chain_6,sparse,medium,p3_c40_mp3_pen0_h2,42,5,5,0,5,99,184,28,21,34,36,1,1.392254114151001,0
chain_6,sparse,medium,p3_c100_mp1_pen1_h0,202,5,5,0,5,89,177,26,23,38,33,0,1.1756587028503418,0
chain_6,sparse,medium,p3_c40_mp3_pen0_h2,202,5,5,0,5,101,192,27,22,36,36,1,1.3749275207519531,0
chain_6,sparse,medium,p3_c40_mp3_pen0_h5,202,5,5,0,5,101,192,27,22,36,36,1,1.3422088623046875,0
chain_6,sparse,medium,p3_c40_mp3_pen0_h5,101,5,5,0,5,109,210,28,21,43,36,2,1.3926961421966553,0
chain_6,sparse,medium,p3_c100_mp1_pen1_h0,101,5,5,0,5,100,208,22,23,49,33,0,1.4423043727874756,0
chain_6,sparse,medium,p3_c100_mp1_pen1_h2,42,5,5,0,5,91,183,26,21,36,36,1,1.3035717010498047,0
chain_6,sparse,medium,p3_c100_mp1_pen1_h2,101,5,5,0,5,96,198,21,23,40,36,2,1.4342608451843262,0
chain_6,sparse,medium,p3_c100_mp1_pen0_h0,202,5,5,0,5,89,177,26,23,38,33,0,1.0377576351165771,0
chain_6,sparse,medium,p3_c100_mp1_pen1_h5,202,5,5,0,5,99,201,28,22,44,36,1,1.2938957214355469,0
chain_6,sparse,medium,p3_c100_mp1_pen0_h0,42,5,5,0,5,90,183,22,24,39,33,0,1.3036625385284424,0
chain_6,sparse,medium,p3_c100_mp1_pen1_h2,202,5,5,0,5,99,201,28,22,44,36,1,1.401540756225586,0
chain_6,sparse,medium,p3_c100_mp1_pen1_h5,42,5,5,0,5,91,183,26,21,36,36,1,1.3762426376342773,0
chain_6,sparse,medium,p3_c100_mp1_pen1_h5,101,5,5,0,5,96,198,21,23,40,36,2,1.4265978336334229,0
chain_6,sparse,medium,p3_c100_mp1_pen0_h0,101,5,5,0,5,100,208,22,23,49,33,0,1.34609055519104,0
chain_6,sparse,medium,p3_c100_mp1_pen0_h2,202,5,5,0,5,99,201,28,22,44,36,1,1.28584885597229,0
chain_6,sparse,medium,p3_c100_mp1_pen0_h2,101,5,5,0,5,96,198,21,23,40,36,2,1.35691237449646,0
chain_6,sparse,medium,p3_c100_mp1_pen0_h2,42,5,5,0,5,91,183,26,21,36,36,1,1.3949577808380127,0
chain_6,sparse,medium,p3_c100_mp1_pen0_h5,42,5,5,0,5,91,183,26,21,36,36,1,1.368988275527954,0
chain_6,sparse,medium,p3_c100_mp1_pen0_h5,101,5,5,0,5,96,198,21,23,40,36,2,1.3910086154937744,0
chain_6,sparse,medium,p3_c100_mp1_pen0_h5,202,5,5,0,5,99,201,28,22,44,36,1,1.3061530590057373,0
chain_6,sparse,medium,p3_c100_mp2_pen1_h2,202,5,5,0,5,101,197,29,22,41,36,1,1.176147222518921,0
chain_6,sparse,medium,p3_c100_mp2_pen1_h0,101,5,5,0,5,95,189,22,22,39,33,0,1.3420262336730957,0
chain_6,sparse,medium,p3_c100_mp2_pen1_h0,202,5,5,0,5,99,196,25,24,43,33,0,1.305673360824585,0
chain_6,sparse,medium,p3_c100_mp2_pen1_h0,42,5,5,0,5,98,192,26,22,42,33,0,1.4025979042053223,0
chain_6,sparse,medium,p3_c100_mp2_pen1_h2,42,5,5,0,5,94,182,27,21,34,36,1,1.3807096481323242,0
chain_6,sparse,medium,p3_c100_mp2_pen1_h2,101,5,5,0,5,102,206,20,24,41,36,2,1.4111580848693848,0
chain_6,sparse,medium,p3_c100_mp2_pen1_h5,42,5,5,0,5,94,182,27,21,34,36,1,1.355600118637085,0
chain_6,sparse,medium,p3_c100_mp2_pen0_h0,42,5,5,0,5,98,192,26,22,42,33,0,1.3241863250732422,0
chain_6,sparse,medium,p3_c100_mp2_pen1_h5,101,5,5,0,5,102,206,20,24,41,36,2,1.3826467990875244,0
chain_6,sparse,medium,p3_c100_mp2_pen1_h5,202,5,5,0,5,101,197,29,22,41,36,1,1.3690648078918457,0
chain_6,sparse,medium,p3_c100_mp2_pen0_h0,101,5,5,0,5,95,189,22,22,39,33,0,1.329068660736084,0
chain_6,sparse,medium,p3_c100_mp2_pen0_h0,202,5,5,0,5,99,196,25,24,43,33,0,1.3254292011260986,0
chain_6,sparse,medium,p3_c100_mp2_pen0_h2,42,5,5,0,5,94,182,27,21,34,36,1,1.327925205230713,0
chain_6,sparse,medium,p3_c100_mp2_pen0_h5,202,5,5,0,5,101,197,29,22,41,36,1,1.226184368133545,0
chain_6,sparse,medium,p3_c100_mp2_pen0_h2,101,5,5,0,5,102,206,20,24,41,36,2,1.4327476024627686,0
chain_6,sparse,medium,p3_c100_mp2_pen0_h2,202,5,5,0,5,101,197,29,22,41,36,1,1.3743391036987305,0
chain_6,sparse,medium,p3_c100_mp2_pen0_h5,101,5,5,0,5,102,206,20,24,41,36,2,1.3641648292541504,0
chain_6,sparse,medium,p3_c100_mp3_pen1_h0,202,5,5,0,5,100,194,22,23,39,33,0,1.2807257175445557,0
chain_6,sparse,medium,p3_c100_mp2_pen0_h5,42,5,5,0,5,94,182,27,21,34,36,1,1.4247519969940186,0
chain_6,sparse,medium,p3_c100_mp3_pen1_h0,42,5,5,0,5,96,174,31,21,35,33,0,1.404024600982666,0
chain_6,sparse,medium,p3_c100_mp3_pen1_h0,101,5,5,0,5,105,205,24,20,44,33,0,1.401540756225586,0
chain_6,sparse,medium,p3_c100_mp3_pen1_h5,42,5,5,0,5,99,184,28,21,34,36,1,1.1503329277038574,0
chain_6,sparse,medium,p3_c100_mp3_pen1_h2,42,5,5,0,5,99,184,28,21,34,36,1,1.404564619064331,0
chain_6,sparse,medium,p3_c100_mp3_pen1_h2,101,5,5,0,5,109,210,28,21,43,36,2,1.3671534061431885,0
chain_6,sparse,medium,p3_c100_mp3_pen1_h2,202,5,5,0,5,101,192,27,22,36,36,1,1.3931710720062256,0
chain_6,sparse,medium,p3_c100_mp3_pen1_h5,202,5,5,0,5,101,192,27,22,36,36,1,1.250626564025879,0
chain_6,sparse,medium,p3_c100_mp3_pen1_h5,101,5,5,0,5,109,210,28,21,43,36,2,1.4118053913116455,0
chain_6,sparse,medium,p3_c100_mp3_pen0_h0,42,5,5,0,5,96,174,31,21,35,33,0,1.339651346206665,0
chain_6,sparse,medium,p3_c100_mp3_pen0_h0,202,5,5,0,5,100,194,22,23,39,33,0,1.3521087169647217,0
chain_6,sparse,medium,p3_c100_mp3_pen0_h2,202,5,5,0,5,101,192,27,22,36,36,1,1.2231566905975342,0
chain_6,sparse,medium,p3_c100_mp3_pen0_h0,101,5,5,0,5,105,205,24,20,44,33,0,1.4122645854949951,0
chain_6,sparse,medium,p3_c100_mp3_pen0_h2,42,5,5,0,5,99,184,28,21,34,36,1,1.4021031856536865,0
chain_6,sparse,medium,p3_c100_mp3_pen0_h2,101,5,5,0,5,109,210,28,21,43,36,2,1.4380395412445068,0
chain_6,sparse,medium,p3_c105_mp1_pen1_h0,42,5,5,3,2,98,196,28,29,40,37,0,1.2529315948486328,0
chain_6,sparse,medium,p3_c100_mp3_pen0_h5,202,5,5,0,5,101,192,27,22,36,36,1,1.3062074184417725,0
chain_6,sparse,medium,p3_c100_mp3_pen0_h5,101,5,5,0,5,109,210,28,21,43,36,2,1.399242877960205,0
chain_6,sparse,medium,p3_c100_mp3_pen0_h5,42,5,5,0,5,99,184,28,21,34,36,1,1.4282824993133545,0
chain_6,sparse,medium,p3_c105_mp1_pen1_h0,202,5,5,3,2,100,200,28,27,44,35,0,1.2828106880187988,0
chain_6,sparse,medium,p3_c105_mp1_pen1_h0,101,5,5,3,2,107,226,19,29,49,37,0,1.3774065971374512,0
chain_6,sparse,medium,p3_c105_mp1_pen1_h2,101,5,5,3,2,106,209,35,27,43,40,2,1.3083627223968506,0
chain_6,sparse,medium,p3_c105_mp1_pen1_h2,42,5,5,3,2,91,178,29,21,32,38,1,1.4290227890014648,0
chain_6,sparse,medium,p3_c105_mp1_pen1_h5,42,5,5,3,2,91,178,29,21,32,38,1,1.368988275527954,0
chain_6,sparse,medium,p3_c105_mp1_pen1_h2,202,5,5,3,2,100,204,25,23,41,38,1,1.4120419025421143,0
chain_6,sparse,medium,p3_c105_mp1_pen0_h0,202,5,5,3,2,100,200,28,27,44,35,0,1.2665033340454102,0
chain_6,sparse,medium,p3_c105_mp1_pen0_h0,101,5,5,3,2,107,226,19,29,49,37,0,1.30780029296875,0
chain_6,sparse,medium,p3_c105_mp1_pen1_h5,202,5,5,3,2,100,204,25,23,41,38,1,1.3654050827026367,0
chain_6,sparse,medium,p3_c105_mp1_pen0_h2,202,5,5,3,2,100,204,25,23,41,38,1,1.1621758937835693,0
chain_6,sparse,medium,p3_c105_mp1_pen0_h0,42,5,5,3,2,98,196,28,29,40,37,0,1.3823578357696533,0
chain_6,sparse,medium,p3_c105_mp1_pen1_h5,101,5,5,3,2,106,209,35,27,43,40,2,1.468937635421753,0
chain_6,sparse,medium,p3_c105_mp1_pen0_h2,42,5,5,3,2,91,178,29,21,32,38,1,1.4105703830718994,0
chain_6,sparse,medium,p3_c105_mp1_pen0_h2,101,5,5,3,2,106,209,35,27,43,40,2,1.354665994644165,0
chain_6,sparse,medium,p3_c105_mp1_pen0_h5,42,5,5,3,2,91,178,29,21,32,38,1,1.352966070175171,0
chain_6,sparse,medium,p3_c105_mp2_pen1_h0,42,5,5,3,2,95,183,31,28,35,37,0,1.2296104431152344,0
chain_6,sparse,medium,p3_c105_mp1_pen0_h5,101,5,5,3,2,106,209,35,27,43,40,2,1.3335447311401367,0
chain_6,sparse,medium,p3_c105_mp1_pen0_h5,202,5,5,3,2,100,204,25,23,41,38,1,1.3813395500183105,0
chain_6,sparse,medium,p3_c105_mp2_pen1_h2,42,5,5,3,2,94,184,27,22,33,38,1,1.1957573890686035,0
chain_6,sparse,medium,p3_c105_mp2_pen1_h0,202,5,5,3,2,102,202,28,27,44,35,0,1.320058822631836,0
chain_6,sparse,medium,p3_c105_mp2_pen1_h0,101,5,5,3,2,108,223,22,28,48,37,0,1.4183614253997803,0
chain_6,sparse,medium,p3_c105_mp2_pen1_h5,101,5,5,3,2,107,208,34,26,44,38,2,1.2090356349945068,0
chain_6,sparse,medium,p3_c105_mp2_pen1_h2,202,5,5,3,2,103,209,24,23,42,38,1,1.3042376041412354,0
chain_6,sparse,medium,p3_c105_mp2_pen1_h2,101,5,5,3,2,107,208,34,26,44,38,2,1.4007999897003174,0
chain_6,sparse,medium,p3_c105_mp2_pen1_h5,202,5,5,3,2,103,209,24,23,42,38,1,1.3519649505615234,0
chain_6,sparse,medium,p3_c105_mp2_pen1_h5,42,5,5,3,2,94,184,27,22,33,38,1,1.3882207870483398,0
chain_6,sparse,medium,p3_c105_mp2_pen0_h0,101,5,5,3,2,108,223,22,28,48,37,0,1.3585257530212402,0
chain_6,sparse,medium,p3_c105_mp2_pen0_h2,202,5,5,3,2,103,209,24,23,42,38,1,1.2071833610534668,0
chain_6,sparse,medium,p3_c105_mp2_pen0_h0,42,5,5,3,2,95,183,31,28,35,37,0,1.3715837001800537,0
chain_6,sparse,medium,p3_c105_mp2_pen0_h0,202,5,5,3,2,102,202,28,27,44,35,0,1.3768510818481445,0
chain_6,sparse,medium,p3_c105_mp2_pen0_h2,42,5,5,3,2,94,184,27,22,33,38,1,1.3694093227386475,0
chain_6,sparse,medium,p3_c105_mp2_pen0_h2,101,5,5,3,2,107,208,34,26,44,38,2,1.3770756721496582,0
chain_6,sparse,medium,p3_c105_mp2_pen0_h5,42,5,5,3,2,94,184,27,22,33,38,1,1.2789883613586426,0
chain_6,sparse,medium,p3_c105_mp2_pen0_h5,202,5,5,3,2,103,209,24,23,42,38,1,1.338336706161499,0
chain_6,sparse,medium,p3_c105_mp2_pen0_h5,101,5,5,3,2,107,208,34,26,44,38,2,1.4017722606658936,0
chain_6,sparse,medium,p3_c105_mp3_pen1_h0,202,5,5,3,2,103,203,28,21,44,35,0,1.346039056777954,0
chain_6,sparse,medium,p3_c105_mp3_pen1_h5,42,5,5,3,2,95,181,30,21,32,38,1,1.1993508338928223,0
chain_6,sparse,medium,p3_c105_mp3_pen1_h0,42,5,5,3,2,97,185,31,28,35,37,0,1.4169247150421143,0
chain_6,sparse,medium,p3_c105_mp3_pen1_h0,101,5,5,3,2,109,220,25,27,47,37,0,1.4180800914764404,0
chain_6,sparse,medium,p3_c105_mp3_pen1_h2,42,5,5,3,2,95,181,30,21,32,38,1,1.3668651580810547,0
chain_6,sparse,medium,p3_c105_mp3_pen1_h2,101,5,5,3,2,110,212,33,25,47,36,2,1.3461833000183105,0
chain_6,sparse,medium,p3_c105_mp3_pen1_h5,101,5,5,3,2,110,212,33,25,47,36,2,1.2471072673797607,0
chain_6,sparse,medium,p3_c105_mp3_pen1_h2,202,5,5,3,2,109,218,26,27,45,38,1,1.412198781967163,0
chain_6,sparse,medium,p3_c105_mp3_pen0_h0,42,5,5,3,2,97,185,31,28,35,37,0,1.287888765335083,0
chain_6,sparse,medium,p3_c105_mp3_pen1_h5,202,5,5,3,2,109,218,26,27,45,38,1,1.387394905090332,0
chain_6,sparse,medium,p3_c105_mp3_pen0_h0,101,5,5,3,2,109,220,25,27,47,37,0,1.3078887462615967,0
chain_6,sparse,medium,p3_c105_mp3_pen0_h2,42,5,5,3,2,95,181,30,21,32,38,1,1.2080528736114502,0
chain_6,sparse,medium,p3_c105_mp3_pen0_h0,202,5,5,3,2,103,203,28,21,44,35,0,1.336254596710205,0
chain_6,sparse,medium,p3_c105_mp3_pen0_h2,101,5,5,3,2,110,212,33,25,47,36,2,1.3069500923156738,0
chain_6,sparse,medium,p3_c105_mp3_pen0_h5,42,5,5,3,2,95,181,30,21,32,38,1,1.2637865543365479,0
chain_6,sparse,medium,p3_c105_mp3_pen0_h5,202,5,5,3,2,109,218,26,27,45,38,1,1.234870433807373,0
chain_6,sparse,medium,p3_c105_mp3_pen0_h2,202,5,5,3,2,109,218,26,27,45,38,1,1.4370815753936768,0
chain_6,sparse,medium,p3_c105_mp3_pen0_h5,101,5,5,3,2,110,212,33,25,47,36,2,1.4324393272399902,0
chain_6,sparse,medium,p3_c120_mp1_pen1_h0,42,5,5,3,2,98,196,28,29,40,37,0,1.3681552410125732,0
chain_6,sparse,medium,p3_c120_mp1_pen1_h2,202,5,5,3,2,100,204,25,23,41,38,1,1.3372788429260254,0
chain_6,sparse,medium,p3_c120_mp1_pen1_h5,42,5,5,3,2,91,178,29,21,32,38,1,1.2101752758026123,0
chain_6,sparse,medium,p3_c120_mp1_pen1_h0,101,5,5,3,2,107,226,19,29,49,37,0,1.3837265968322754,0
chain_6,sparse,medium,p3_c120_mp1_pen1_h0,202,5,5,3,2,100,200,28,27,44,35,0,1.3922903537750244,0
chain_6,sparse,medium,p3_c120_mp1_pen1_h2,101,5,5,3,2,106,209,35,27,43,40,2,1.4206018447875977,0
chain_6,sparse,medium,p3_c120_mp1_pen1_h2,42,5,5,3,2,91,178,29,21,32,38,1,1.4495320320129395,0
chain_6,sparse,medium,p3_c120_mp1_pen1_h5,101,5,5,3,2,106,209,35,27,43,40,2,1.3070006370544434,0
chain_6,sparse,medium,p3_c120_mp1_pen0_h5,42,5,5,3,2,91,178,29,21,32,38,1,1.1682064533233643,0
chain_6,sparse,medium,p3_c120_mp1_pen1_h5,202,5,5,3,2,100,204,25,23,41,38,1,1.392371416091919,0
chain_6,sparse,medium,p3_c120_mp1_pen0_h0,202,5,5,3,2,100,200,28,27,44,35,0,1.3650946617126465,0
chain_6,sparse,medium,p3_c120_mp1_pen0_h0,101,5,5,3,2,107,226,19,29,49,37,0,1.408881664276123,0
chain_6,sparse,medium,p3_c120_mp1_pen0_h0,42,5,5,3,2,98,196,28,29,40,37,0,1.4384739398956299,0
chain_6,sparse,medium,p3_c120_mp1_pen0_h2,101,5,5,3,2,106,209,35,27,43,40,2,1.3659882545471191,0
chain_6,sparse,medium,p3_c120_mp1_pen0_h2,42,5,5,3,2,91,178,29,21,32,38,1,1.3956923484802246,0
chain_6,sparse,medium,p3_c120_mp1_pen0_h2,202,5,5,3,2,100,204,25,23,41,38,1,1.4428033828735352,0
chain_6,sparse,medium,p3_c120_mp2_pen1_h0,202,5,5,3,2,102,202,28,27,44,35,0,1.1762497425079346,0
chain_6,sparse,medium,p3_c120_mp2_pen1_h0,42,5,5,3,2,95,183,31,28,35,37,0,1.344496488571167,0
chain_6,sparse,medium,p3_c120_mp1_pen0_h5,202,5,5,3,2,100,204,25,23,41,38,1,1.442530632019043,0
chain_6,sparse,medium,p3_c120_mp1_pen0_h5,101,5,5,3,2,106,209,35,27,43,40,2,1.458096981048584,0
chain_6,sparse,medium,p3_c120_mp2_pen1_h0,101,5,5,3,2,108,223,22,28,48,37,0,1.4071600437164307,0
chain_6,sparse,medium,p3_c120_mp2_pen1_h2,101,5,5,3,2,107,208,34,26,44,38,2,1.3304409980773926,0
chain_6,sparse,medium,p3_c120_mp2_pen1_h2,42,5,5,3,2,94,184,27,22,33,38,1,1.3679022789001465,0
chain_6,sparse,medium,p3_c120_mp2_pen1_h2,202,5,5,3,2,103,209,24,23,42,38,1,1.3479902744293213,0
chain_6,sparse,medium,p3_c120_mp2_pen1_h5,42,5,5,3,2,94,184,27,22,33,38,1,1.361638069152832,0
chain_6,sparse,medium,p3_c120_mp2_pen1_h5,101,5,5,3,2,107,208,34,26,44,38,2,1.3562877178192139,0
chain_6,sparse,medium,p3_c120_mp2_pen0_h2,202,5,5,3,2,103,209,24,23,42,38,1,1.1498727798461914,0
chain_6,sparse,medium,p3_c120_mp2_pen0_h0,42,5,5,3,2,95,183,31,28,35,37,0,1.3147916793823242,0
chain_6,sparse,medium,p3_c120_mp2_pen0_h0,202,5,5,3,2,102,202,28,27,44,35,0,1.2188684940338135,0
chain_6,sparse,medium,p3_c120_mp2_pen1_h5,202,5,5,3,2,103,209,24,23,42,38,1,1.432194709777832,0
chain_6,sparse,medium,p3_c120_mp2_pen0_h0,101,5,5,3,2,108,223,22,28,48,37,0,1.3245880603790283,0
chain_6,sparse,medium,p3_c120_mp2_pen0_h2,101,5,5,3,2,107,208,34,26,44,38,2,1.3593840599060059,0
chain_6,sparse,medium,p3_c120_mp2_pen0_h2,42,5,5,3,2,94,184,27,22,33,38,1,1.3864307403564453,0
chain_6,sparse,medium,p3_c120_mp2_pen0_h5,42,5,5,3,2,94,184,27,22,33,38,1,1.3913159370422363,0
chain_6,sparse,medium,p3_c120_mp2_pen0_h5,101,5,5,3,2,107,208,34,26,44,38,2,1.373967170715332,0
chain_6,sparse,medium,p3_c120_mp2_pen0_h5,202,5,5,3,2,103,209,24,23,42,38,1,1.392200231552124,0
chain_6,sparse,medium,p3_c120_mp3_pen1_h0,202,5,5,3,2,103,203,28,21,44,35,0,1.2578458786010742,0
chain_6,sparse,medium,p3_c120_mp3_pen1_h0,42,5,5,3,2,97,185,31,28,35,37,0,1.3753058910369873,0
chain_6,sparse,medium,p3_c120_mp3_pen1_h0,101,5,5,3,2,109,220,25,27,47,37,0,1.3401548862457275,0
chain_6,sparse,medium,p3_c120_mp3_pen0_h0,42,5,5,3,2,97,185,31,28,35,37,0,1.150730848312378,0
chain_6,sparse,medium,p3_c120_mp3_pen1_h2,42,5,5,3,2,95,181,30,21,32,38,1,1.3917906284332275,0
chain_6,sparse,medium,p3_c120_mp3_pen1_h2,202,5,5,3,2,109,218,26,27,45,38,1,1.3753924369812012,0
chain_6,sparse,medium,p3_c120_mp3_pen1_h2,101,5,5,3,2,110,212,33,25,47,36,2,1.4043843746185303,0
chain_6,sparse,medium,p3_c120_mp3_pen1_h5,42,5,5,3,2,95,181,30,21,32,38,1,1.3794946670532227,0
chain_6,sparse,medium,p3_c120_mp3_pen1_h5,202,5,5,3,2,109,218,26,27,45,38,1,1.3599789142608643,0
chain_6,sparse,medium,p3_c120_mp3_pen0_h0,101,5,5,3,2,109,220,25,27,47,37,0,1.2857027053833008,0
chain_6,sparse,medium,p3_c120_mp3_pen1_h5,101,5,5,3,2,110,212,33,25,47,36,2,1.4351179599761963,0
chain_6,sparse,medium,p3_c120_mp3_pen0_h0,202,5,5,3,2,103,203,28,21,44,35,0,1.367429494857788,0
chain_6,sparse,medium,p3_c120_mp3_pen0_h2,42,5,5,3,2,95,181,30,21,32,38,1,1.3088388442993164,0
chain_6,sparse,medium,p3_c120_mp3_pen0_h5,42,5,5,3,2,95,181,30,21,32,38,1,1.1989431381225586,0
chain_6,sparse,medium,p3_c120_mp3_pen0_h2,101,5,5,3,2,110,212,33,25,47,36,2,1.3408596515655518,0
chain_6,sparse,medium,p3_c120_mp3_pen0_h2,202,5,5,3,2,109,218,26,27,45,38,1,1.3863039016723633,0
chain_6,sparse,medium,p3_c120_mp3_pen0_h5,101,5,5,3,2,110,212,33,25,47,36,2,1.4125688076019287,0
chain_6,sparse,medium,p3_c120_mp3_pen0_h5,202,5,5,3,2,109,218,26,27,45,38,1,1.3960270881652832,0
chain_6,sparse,medium,p3_c160_mp1_pen1_h5,101,5,5,3,2,106,209,35,27,43,40,2,1.1144335269927979,0
chain_6,sparse,medium,p3_c160_mp1_pen1_h0,42,5,5,3,2,98,196,28,29,40,37,0,1.4021711349487305,0
chain_6,sparse,medium,p3_c160_mp1_pen1_h2,101,5,5,3,2,106,209,35,27,43,40,2,1.3445327281951904,0
chain_6,sparse,medium,p3_c160_mp1_pen1_h0,101,5,5,3,2,107,226,19,29,49,37,0,1.4488310813903809,0
chain_6,sparse,medium,p3_c160_mp1_pen1_h0,202,5,5,3,2,100,200,28,27,44,35,0,1.435896873474121,0
chain_6,sparse,medium,p3_c160_mp1_pen1_h2,42,5,5,3,2,91,178,29,21,32,38,1,1.4524602890014648,0
chain_6,sparse,medium,p3_c160_mp1_pen0_h0,42,5,5,3,2,98,196,28,29,40,37,0,1.169818639755249,0
chain_6,sparse,medium,p3_c160_mp1_pen1_h2,202,5,5,3,2,100,204,25,23,41,38,1,1.4363548755645752,0
chain_6,sparse,medium,p3_c160_mp1_pen1_h5,42,5,5,3,2,91,178,29,21,32,38,1,1.4249184131622314,0
chain_6,sparse,medium,p3_c160_mp1_pen1_h5,202,5,5,3,2,100,204,25,23,41,38,1,1.386042594909668,0
chain_6,sparse,medium,p3_c160_mp1_pen0_h0,101,5,5,3,2,107,226,19,29,49,37,0,1.3662700653076172,0
chain_6,sparse,medium,p3_c160_mp1_pen0_h2,42,5,5,3,2,91,178,29,21,32,38,1,1.321596622467041,0
chain_6,sparse,medium,p3_c160_mp1_pen0_h0,202,5,5,3,2,100,200,28,27,44,35,0,1.4239730834960938,0
chain_6,sparse,medium,p3_c160_mp1_pen0_h5,101,5,5,3,2,106,209,35,27,43,40,2,1.2884671688079834,0
chain_6,sparse,medium,p3_c160_mp1_pen0_h2,101,5,5,3,2,106,209,35,27,43,40,2,1.402453899383545,0
chain_6,sparse,medium,p3_c160_mp1_pen0_h2,202,5,5,3,2,100,204,25,23,41,38,1,1.3912909030914307,0
chain_6,sparse,medium,p3_c160_mp1_pen0_h5,202,5,5,3,2,100,204,25,23,41,38,1,1.3693549633026123,0
chain_6,sparse,medium,p3_c160_mp1_pen0_h5,42,5,5,3,2,91,178,29,21,32,38,1,1.4057574272155762,0
chain_6,sparse,medium,p3_c160_mp2_pen1_h2,101,5,5,3,2,107,208,34,26,44,38,2,1.2684605121612549,0
chain_6,sparse,medium,p3_c160_mp2_pen1_h0,101,5,5,3,2,108,223,22,28,48,37,0,1.417107105255127,0
chain_6,sparse,medium,p3_c160_mp2_pen1_h2,202,5,5,3,2,103,209,24,23,42,38,1,1.2215216159820557,0
chain_6,sparse,medium,p3_c160_mp2_pen1_h0,42,5,5,3,2,95,183,31,28,35,37,0,1.4417054653167725,0
chain_6,sparse,medium,p3_c160_mp2_pen1_h0,202,5,5,3,2,102,202,28,27,44,35,0,1.4219377040863037,0
chain_6,sparse,medium,p3_c160_mp2_pen1_h2,42,5,5,3,2,94,184,27,22,33,38,1,1.4497931003570557,0
chain_6,sparse,medium,p3_c160_mp2_pen1_h5,101,5,5,3,2,107,208,34,26,44,38,2,1.340592622756958,0
chain_6,sparse,medium,p3_c160_mp2_pen1_h5,42,5,5,3,2,94,184,27,22,33,38,1,1.4522216320037842,0
chain_6,sparse,medium,p3_c160_mp2_pen0_h0,101,5,5,3,2,108,223,22,28,48,37,0,1.2483851909637451,0
chain_6,sparse,medium,p3_c160_mp2_pen0_h0,202,5,5,3,2,102,202,28,27,44,35,0,1.266925573348999,0
chain_6,sparse,medium,p3_c160_mp2_pen1_h5,202,5,5,3,2,103,209,24,23,42,38,1,1.4334681034088135,0
chain_6,sparse,medium,p3_c160_mp2_pen0_h0,42,5,5,3,2,95,183,31,28,35,37,0,1.393005609512329,0
chain_6,sparse,medium,p3_c160_mp2_pen0_h2,101,5,5,3,2,107,208,34,26,44,38,2,1.3022770881652832,0
chain_6,sparse,medium,p3_c160_mp2_pen0_h2,202,5,5,3,2,103,209,24,23,42,38,1,1.3268537521362305,0
chain_6,sparse,medium,p3_c160_mp2_pen0_h2,42,5,5,3,2,94,184,27,22,33,38,1,1.3945562839508057,0
chain_6,sparse,medium,p3_c160_mp2_pen0_h5,202,5,5,3,2,103,209,24,23,42,38,1,1.2481639385223389,0
chain_6,sparse,medium,p3_c160_mp2_pen0_h5,42,5,5,3,2,94,184,27,22,33,38,1,1.3964600563049316,0
chain_6,sparse,medium,p3_c160_mp3_pen1_h0,42,5,5,3,2,97,185,31,28,35,37,0,1.3151531219482422,0
chain_6,sparse,medium,p3_c160_mp2_pen0_h5,101,5,5,3,2,107,208,34,26,44,38,2,1.4209303855895996,0
chain_6,sparse,medium,p3_c160_mp3_pen1_h0,101,5,5,3,2,109,220,25,27,47,37,0,1.3498032093048096,0
chain_6,sparse,medium,p3_c160_mp3_pen1_h0,202,5,5,3,2,103,203,28,21,44,35,0,1.2949018478393555,0
chain_6,sparse,medium,p3_c160_mp3_pen1_h2,42,5,5,3,2,95,181,30,21,32,38,1,1.3012259006500244,0
chain_6,sparse,medium,p3_c160_mp3_pen1_h2,202,5,5,3,2,109,218,26,27,45,38,1,1.2430057525634766,0
chain_6,sparse,medium,p3_c160_mp3_pen1_h2,101,5,5,3,2,110,212,33,25,47,36,2,1.4146983623504639,0
chain_6,sparse,medium,p3_c160_mp3_pen1_h5,202,5,5,3,2,109,218,26,27,45,38,1,1.3475697040557861,0
chain_6,sparse,medium,p3_c160_mp3_pen0_h0,42,5,5,3,2,97,185,31,28,35,37,0,1.3374416828155518,0
chain_6,sparse,medium,p3_c160_mp3_pen1_h5,42,5,5,3,2,95,181,30,21,32,38,1,1.3965747356414795,0
chain_6,sparse,medium,p3_c160_mp3_pen1_h5,101,5,5,3,2,110,212,33,25,47,36,2,1.43440842628479,0
chain_6,sparse,medium,p3_c160_mp3_pen0_h2,42,5,5,3,2,95,181,30,21,32,38,1,1.3053231239318848,0
chain_6,sparse,medium,p3_c160_mp3_pen0_h0,101,5,5,3,2,109,220,25,27,47,37,0,1.3435051441192627,0
chain_6,sparse,medium,p3_c160_mp3_pen0_h2,202,5,5,3,2,109,218,26,27,45,38,1,1.3085463047027588,0
chain_6,sparse,medium,p3_c160_mp3_pen0_h5,101,5,5,3,2,110,212,33,25,47,36,2,1.1288979053497314,0
chain_6,sparse,medium,p3_c160_mp3_pen0_h2,101,5,5,3,2,110,212,33,25,47,36,2,1.3686082363128662,0
chain_6,sparse,medium,p3_c160_mp3_pen0_h0,202,5,5,3,2,103,203,28,21,44,35,0,1.396850347518921,0
chain_6,sparse,medium,p3_c160_mp3_pen0_h5,42,5,5,3,2,95,181,30,21,32,38,1,1.375563144683838,0
chain_6,sparse,medium,p3_c160_mp3_pen0_h5,202,5,5,3,2,109,218,26,27,45,38,1,1.3352422714233398,0
chain_10,medium,medium,baseline,202,,,0,0,81,145,9,0,28,45,0,1.678621768951416,0
chain_10,medium,medium,p3_c40_mp1_pen1_h0,202,,,0,0,81,145,9,0,28,45,0,2.007066249847412,0
chain_10,medium,medium,p3_c40_mp1_pen1_h0,42,0,6,0,6,137,250,10,0,46,77,0,2.092165231704712,0
chain_10,medium,medium,baseline,42,6,6,1,5,218,407,8,63,62,135,0,2.235663414001465,0
chain_10,medium,medium,baseline,101,6,6,1,5,221,413,8,60,68,132,0,2.2439255714416504,0
chain_10,medium,medium,p3_c40_mp1_pen1_h2,42,0,6,0,6,147,268,10,0,46,85,2,2.230116367340088,0
chain_10,medium,medium,p3_c40_mp1_pen1_h0,101,6,6,3,3,242,455,6,81,100,119,0,2.2646055221557617,0
chain_10,medium,medium,p3_c40_mp1_pen1_h2,202,,,0,0,81,145,9,0,28,45,0,2.1389365196228027,0
chain_10,medium,medium,p3_c40_mp1_pen1_h5,42,0,6,0,6,165,300,12,0,46,101,4,2.107717275619507,0
chain_10,medium,medium,p3_c40_mp1_pen1_h2,101,6,6,3,3,252,468,11,81,100,127,2,2.2108492851257324,0
chain_10,medium,medium,p3_c40_mp1_pen1_h5,202,,,0,0,81,145,9,0,28,45,0,2.1386446952819824,0
chain_10,medium,medium,p3_c40_mp1_pen0_h5,42,2,6,3,3,194,351,16,22,79,94,4,1.7006025314331055,0
chain_10,medium,medium,p3_c40_mp1_pen1_h5,101,6,6,3,3,282,527,9,81,100,154,5,2.240389585494995,0
chain_10,medium,medium,p3_c40_mp1_pen0_h0,101,6,6,3,3,242,455,6,81,100,119,0,2.2146520614624023,0
chain_10,medium,medium,p3_c40_mp1_pen0_h0,42,3,6,3,3,178,326,12,31,79,81,0,2.262009620666504,0
chain_10,medium,medium,p3_c40_mp1_pen0_h0,202,,,0,0,81,145,9,0,28,45,0,2.201714038848877,0
chain_10,medium,medium,p3_c40_mp2_pen1_h5,42,0,6,0,6,171,306,12,0,46,101,4,1.6851353645324707,0
chain_10,medium,medium,p3_c40_mp2_pen1_h2,42,0,6,0,6,153,274,10,0,46,85,2,1.9433372020721436,0
chain_10,medium,medium,p3_c40_mp1_pen0_h5,101,6,6,3,3,282,527,9,81,100,154,5,2.075185775756836,0
chain_10,medium,medium,p3_c40_mp1_pen0_h2,42,3,6,3,3,188,342,14,31,79,89,2,2.2313709259033203,0
chain_10,medium,medium,p3_c40_mp1_pen0_h2,202,,,0,0,81,145,9,0,28,45,0,2.2030885219573975,0
chain_10,medium,medium,p3_c40_mp1_pen0_h2,101,6,6,3,3,252,468,11,81,100,127,2,2.234236240386963,0
chain_10,medium,medium,p3_c40_mp1_pen0_h5,202,,,0,0,81,145,9,0,28,45,0,2.1531312465667725,0
chain_10,medium,medium,p3_c40_mp2_pen1_h0,202,,,0,0,81,145,9,0,28,45,0,2.2108571529388428,0
chain_10,medium,medium,p3_c40_mp2_pen1_h0,101,6,6,3,3,242,455,6,81,100,119,0,2.247560977935791,0
chain_10,medium,medium,p3_c40_mp2_pen1_h0,42,0,6,0,6,143,256,10,0,46,77,0,2.2560572624206543,0
chain_10,medium,medium,p3_c40_mp2_pen1_h2,101,6,6,3,3,252,468,11,81,100,127,2,2.2373874187469482,0
chain_10,medium,medium,p3_c40_mp2_pen1_h2,202,,,0,0,81,145,9,0,28,45,0,2.213439464569092,0
chain_10,medium,medium,p3_c40_mp2_pen1_h5,101,6,6,3,3,282,527,9,81,100,154,5,2.0262551307678223,0
chain_10,medium,medium,p3_c40_mp2_pen1_h5,202,,,0,0,81,145,9,0,28,45,0,1.8173439502716064,0
chain_10,medium,medium,p3_c40_mp2_pen0_h0,42,3,6,3,3,181,329,12,31,79,81,0,2.201507568359375,0
chain_10,medium,medium,p3_c40_mp2_pen0_h0,101,6,6,3,3,242,455,6,81,100,119,0,2.1993627548217773,0
chain_10,medium,medium,p3_c40_mp3_pen1_h2,101,6,6,3,3,252,468,11,81,100,127,2,1.6409978866577148,0
chain_10,medium,medium,p3_c40_mp2_pen0_h0,202,,,0,0,81,145,9,0,28,45,0,2.197629451751709,0
chain_10,medium,medium,p3_c40_mp2_pen0_h2,101,6,6,3,3,252,468,11,81,100,127,2,2.099489688873291,0
chain_10,medium,medium,p3_c40_mp2_pen0_h5,101,6,6,3,3,282,527,9,81,100,154,5,2.097813129425049,0
chain_10,medium,medium,p3_c40_mp2_pen0_h5,42,5,6,3,3,255,471,10,72,94,132,4,2.144782543182373,0
chain_10,medium,medium,p3_c40_mp2_pen0_h2,42,3,6,3,3,191,345,14,31,79,89,2,2.188114881515503,0
chain_10,medium,medium,p3_c40_mp2_pen0_h2,202,,,0,0,81,145,9,0,28,45,0,2.191415548324585,0
chain_10,medium,medium,p3_c40_mp2_pen0_h5,202,,,0,0,81,145,9,0,28,45,0,2.1587846279144287,0
chain_10,medium,medium,p3_c40_mp3_pen1_h0,42,0,6,0,6,149,262,10,0,46,77,0,2.249638319015503,0
chain_10,medium,medium,p3_c40_mp3_pen0_h0,202,,,0,0,81,145,9,0,28,45,0,1.7571651935577393,0
chain_10,medium,medium,p3_c40_mp3_pen1_h0,202,,,0,0,81,145,9,0,28,45,0,2.0808889865875244,0
chain_10,medium,medium,p3_c40_mp3_pen1_h0,101,6,6,3,3,242,455,6,81,100,119,0,2.2601141929626465,0
chain_10,medium,medium,p3_c40_mp3_pen1_h2,42,0,6,0,6,159,280,10,0,46,85,2,2.213338613510132,0
chain_10,medium,medium,p3_c40_mp3_pen0_h0,42,3,6,3,3,184,332,12,31,79,81,0,2.095991373062134,0
chain_10,medium,medium,p3_c40_mp3_pen1_h5,42,0,6,0,6,177,312,12,0,46,101,4,2.1904053688049316,0
chain_10,medium,medium,p3_c40_mp3_pen0_h2,42,3,6,3,3,194,348,14,31,79,89,2,1.9475743770599365,0
chain_10,medium,medium,p3_c40_mp3_pen0_h0,101,6,6,3,3,242,455,6,81,100,119,0,2.0952742099761963,0
chain_10,medium,medium,p3_c40_mp3_pen1_h2,202,,,0,0,81,145,9,0,28,45,0,2.2542190551757812,0
chain_10,medium,medium,p3_c40_mp3_pen1_h5,202,,,0,0,81,145,9,0,28,45,0,2.2009801864624023,0
chain_10,medium,medium,p3_c40_mp3_pen1_h5,101,6,6,3,3,282,527,9,81,100,154,5,2.2533907890319824,0
chain_10,medium,medium,p3_c40_mp3_pen0_h5,42,3,6,3,3,212,382,14,31,79,105,4,2.0902767181396484,0
chain_10,medium,medium,p3_c40_mp3_pen0_h2,202,,,0,0,81,145,9,0,28,45,0,2.150012731552124,0
chain_10,medium,medium,p3_c40_mp3_pen0_h2,101,6,6,3,3,252,468,11,81,100,127,2,2.3151659965515137,0
chain_10,medium,medium,p3_c40_mp3_pen0_h5,101,6,6,3,3,282,527,9,81,100,154,5,2.2548370361328125,0
chain_10,medium,medium,p3_c40_mp3_pen0_h5,202,,,0,0,81,145,9,0,28,45,0,2.1338772773742676,0
chain_10,medium,medium,p3_c100_mp1_pen1_h0,42,0,6,0,6,137,250,10,0,46,77,0,2.006977081298828,0
chain_10,medium,medium,p3_c100_mp1_pen1_h0,101,6,6,3,3,242,455,6,81,100,119,0,2.006574869155884,0
chain_10,medium,medium,p3_c100_mp1_pen1_h0,202,,,0,0,81,145,9,0,28,45,0,2.0938796997070312,0
chain_10,medium,medium,p3_c100_mp1_pen1_h2,202,,,0,0,81,145,9,0,28,45,0,2.1328985691070557,0
chain_10,medium,medium,p3_c100_mp1_pen1_h2,42,0,6,0,6,147,268,10,0,46,85,2,2.2377660274505615,0
chain_10,medium,medium,p3_c100_mp1_pen1_h2,101,6,6,3,3,252,468,11,81,100,127,2,2.2219181060791016,0
chain_10,medium,medium,p3_c100_mp1_pen0_h2,202,,,0,0,81,145,9,0,28,45,0,1.8341119289398193,0
chain_10,medium,medium,p3_c100_mp1_pen1_h5,202,,,0,0,81,145,9,0,28,45,0,2.198334217071533,0
chain_10,medium,medium,p3_c100_mp1_pen0_h0,42,3,6,3,3,178,326,12,31,79,81,0,2.178701639175415,0
chain_10,medium,medium,p3_c100_mp1_pen1_h5,101,6,6,3,3,282,527,9,81,100,154,5,2.245988368988037,0
chain_10,medium,medium,p3_c100_mp1_pen0_h0,101,6,6,3,3,242,455,6,81,100,119,0,2.1488287448883057,0
chain_10,medium,medium,p3_c100_mp1_pen1_h5,42,0,6,0,6,165,300,12,0,46,101,4,2.2869060039520264,0
chain_10,medium,medium,p3_c100_mp2_pen1_h2,202,,,0,0,81,145,9,0,28,45,0,1.523862600326538,0
chain_10,medium,medium,p3_c100_mp1_pen0_h5,202,,,0,0,81,145,9,0,28,45,0,1.8382022380828857,0
chain_10,medium,medium,p3_c100_mp1_pen0_h0,202,,,0,0,81,145,9,0,28,45,0,2.2133636474609375,0
chain_10,medium,medium,p3_c100_mp1_pen0_h2,42,3,6,3,3,188,342,14,31,79,89,2,2.290322780609131,0
chain_10,medium,medium,p3_c100_mp2_pen1_h0,101,6,6,3,3,242,455,6,81,100,119,0,2.00105881690979,0
chain_10,medium,medium,p3_c100_mp2_pen1_h2,101,6,6,3,3,252,468,11,81,100,127,2,1.935049057006836,0
chain_10,medium,medium,p3_c100_mp1_pen0_h2,101,6,6,3,3,252,468,11,81,100,127,2,2.2948431968688965,0
chain_10,medium,medium,p3_c100_mp2_pen1_h0,202,,,0,0,81,145,9,0,28,45,0,2.0464882850646973,0
chain_10,medium,medium,p3_c100_mp1_pen0_h5,42,2,6,3,3,194,351,16,22,79,94,4,2.211822986602783,0
chain_10,medium,medium,p3_c100_mp2_pen1_h0,42,0,6,0,6,143,256,10,0,46,77,0,2.1436538696289062,0
chain_10,medium,medium,p3_c100_mp2_pen1_h2,42,0,6,0,6,153,274,10,0,46,85,2,2.1429378986358643,0
chain_10,medium,medium,p3_c100_mp1_pen0_h5,101,6,6,3,3,282,527,9,81,100,154,5,2.2768595218658447,0
chain_10,medium,medium,p3_c100_mp2_pen1_h5,42,0,6,0,6,171,306,12,0,46,101,4,2.207813024520874,0
chain_10,medium,medium,p3_c100_mp2_pen1_h5,101,6,6,3,3,282,527,9,81,100,154,5,2.2150723934173584,0
chain_10,medium,medium,p3_c100_mp2_pen1_h5,202,,,0,0,81,145,9,0,28,45,0,2.286043405532837,0
chain_10,medium,medium,p3_c100_mp2_pen0_h0,42,3,6,3,3,181,329,12,31,79,81,0,2.1911282539367676,0
chain_10,medium,medium,p3_c100_mp2_pen0_h0,101,6,6,3,3,242,455,6,81,100,119,0,2.2419919967651367,0
chain_10,medium,medium,p3_c100_mp2_pen0_h5,42,5,6,3,3,255,471,10,72,94,132,4,1.6763896942138672,0
chain_10,medium,medium,p3_c100_mp2_pen0_h0,202,,,0,0,81,145,9,0,28,45,0,2.112079381942749,0
chain_10,medium,medium,p3_c100_mp3_pen1_h0,202,,,0,0,81,145,9,0,28,45,0,1.8156495094299316,0
chain_10,medium,medium,p3_c100_mp2_pen0_h2,42,3,6,3,3,191,345,14,31,79,89,2,2.2321832180023193,0
chain_10,medium,medium,p3_c100_mp2_pen0_h2,101,6,6,3,3,252,468,11,81,100,127,2,2.220268726348877,0
chain_10,medium,medium,p3_c100_mp2_pen0_h2,202,,,0,0,81,145,9,0,28,45,0,2.1651759147644043,0
chain_10,medium,medium,p3_c100_mp3_pen1_h2,101,6,6,3,3,252,468,11,81,100,127,2,2.0669825077056885,0
chain_10,medium,medium,p3_c100_mp2_pen0_h5,101,6,6,3,3,282,527,9,81,100,154,5,2.249516487121582,0
chain_10,medium,medium,p3_c100_mp2_pen0_h5,202,,,0,0,81,145,9,0,28,45,0,2.183711051940918,0
chain_10,medium,medium,p3_c100_mp3_pen1_h2,42,0,6,0,6,159,280,10,0,46,85,2,2.145883321762085,0
chain_10,medium,medium,p3_c100_mp3_pen1_h0,42,0,6,0,6,149,262,10,0,46,77,0,2.2315142154693604,0
chain_10,medium,medium,p3_c100_mp3_pen0_h0,42,3,6,3,3,184,332,12,31,79,81,0,1.882657766342163,0
chain_10,medium,medium,p3_c100_mp3_pen0_h0,202,,,0,0,81,145,9,0,28,45,0,1.8707962036132812,0
chain_10,medium,medium,p3_c100_mp3_pen1_h0,101,6,6,3,3,242,455,6,81,100,119,0,2.2626395225524902,0
chain_10,medium,medium,p3_c100_mp3_pen1_h2,202,,,0,0,81,145,9,0,28,45,0,2.2152373790740967,0
chain_10,medium,medium,p3_c100_mp3_pen0_h0,101,6,6,3,3,242,455,6,81,100,119,0,2.0317015647888184,0
chain_10,medium,medium,p3_c100_mp3_pen0_h2,202,,,0,0,81,145,9,0,28,45,0,1.966508388519287,0
chain_10,medium,medium,p3_c100_mp3_pen1_h5,42,0,6,0,6,177,312,12,0,46,101,4,2.3106818199157715,0
chain_10,medium,medium,p3_c100_mp3_pen1_h5,202,,,0,0,81,145,9,0,28,45,0,2.2452144622802734,0
chain_10,medium,medium,p3_c100_mp3_pen1_h5,101,6,6,3,3,282,527,9,81,100,154,5,2.3110475540161133,0
chain_10,medium,medium,p3_c100_mp3_pen0_h5,42,3,6,3,3,212,382,14,31,79,105,4,2.065687656402588,0
chain_10,medium,medium,p3_c100_mp3_pen0_h2,42,3,6,3,3,194,348,14,31,79,89,2,2.2499196529388428,0
chain_10,medium,medium,p3_c100_mp3_pen0_h2,101,6,6,3,3,252,468,11,81,100,127,2,2.2346010208129883,0
chain_10,medium,medium,p3_c100_mp3_pen0_h5,101,6,6,3,3,282,527,9,81,100,154,5,2.28350567817688,0
chain_10,medium,medium,p3_c100_mp3_pen0_h5,202,,,0,0,81,145,9,0,28,45,0,2.216953992843628,0
chain_10,medium,medium,p3_c105_mp1_pen1_h0,42,6,6,4,2,231,429,10,76,105,103,0,2.2952356338500977,0
chain_10,medium,medium,p3_c105_mp1_pen1_h0,101,6,6,3,3,242,455,6,81,100,119,0,2.2186875343322754,0
chain_10,medium,medium,p3_c105_mp1_pen1_h0,202,,,0,0,81,145,9,0,28,45,0,2.2062277793884277,0
chain_10,medium,medium,p3_c105_mp1_pen1_h2,42,5,6,4,2,230,422,14,67,105,101,2,2.121028184890747,0
chain_10,medium,medium,p3_c105_mp1_pen1_h2,101,6,6,3,3,252,468,11,81,100,127,2,2.08467698097229,0
chain_10,medium,medium,p3_c105_mp1_pen1_h2,202,,,0,0,81,145,9,0,28,45,0,2.0941076278686523,0
chain_10,medium,medium,p3_c105_mp1_pen1_h5,42,6,6,4,2,259,479,12,76,105,127,4,1.970315933227539,0
chain_10,medium,medium,p3_c105_mp1_pen0_h2,101,6,6,3,3,252,468,11,81,100,127,2,1.9293112754821777,0
chain_10,medium,medium,p3_c105_mp2_pen1_h2,202,,,0,0,81,145,9,0,28,45,0,1.5985138416290283,0
chain_10,medium,medium,p3_c105_mp1_pen0_h0,202,,,0,0,81,145,9,0,28,45,0,2.0884931087493896,0
chain_10,medium,medium,p3_c105_mp2_pen1_h0,42,6,6,4,2,233,431,10,76,105,103,0,1.9184651374816895,0
chain_10,medium,medium,p3_c105_mp1_pen1_h5,101,6,6,3,3,282,527,9,81,100,154,5,2.264709949493408,0
chain_10,medium,medium,p3_c105_mp1_pen1_h5,202,,,0,0,81,145,9,0,28,45,0,2.2583868503570557,0
chain_10,medium,medium,p3_c105_mp1_pen0_h0,42,6,6,4,2,231,429,10,76,105,103,0,2.1970763206481934,0
chain_10,medium,medium,p3_c105_mp1_pen0_h2,202,,,0,0,81,145,9,0,28,45,0,2.196376085281372,0
chain_10,medium,medium,p3_c105_mp1_pen0_h0,101,6,6,3,3,242,455,6,81,100,119,0,2.283050537109375,0
chain_10,medium,medium,p3_c105_mp1_pen0_h2,42,5,6,4,2,230,422,14,67,105,101,2,2.312594413757324,0
chain_10,medium,medium,p3_c105_mp1_pen0_h5,101,6,6,3,3,282,527,9,81,100,154,5,2.227106809616089,0
chain_10,medium,medium,p3_c105_mp1_pen0_h5,42,6,6,4,2,259,479,12,76,105,127,4,2.305795431137085,0
chain_10,medium,medium,p3_c105_mp1_pen0_h5,202,,,0,0,81,145,9,0,28,45,0,2.251844644546509,0
chain_10,medium,medium,p3_c105_mp2_pen1_h0,101,6,6,3,3,242,455,6,81,100,119,0,2.1759095191955566,0
chain_10,medium,medium,p3_c105_mp2_pen1_h0,202,,,0,0,81,145,9,0,28,45,0,2.2176783084869385,0
chain_10,medium,medium,p3_c105_mp2_pen1_h2,101,6,6,3,3,252,468,11,81,100,127,2,2.189422845840454,0
chain_10,medium,medium,p3_c105_mp2_pen1_h2,42,5,6,4,2,232,424,14,67,105,101,2,2.2650668621063232,0
chain_10,medium,medium,p3_c105_mp2_pen1_h5,42,6,6,4,2,261,481,12,76,105,127,4,2.2048778533935547,0
chain_10,medium,medium,p3_c105_mp2_pen1_h5,101,6,6,3,3,282,527,9,81,100,154,5,2.2012088298797607,0
chain_10,medium,medium,p3_c105_mp2_pen1_h5,202,,,0,0,81,145,9,0,28,45,0,2.1898553371429443,0
chain_10,medium,medium,p3_c105_mp2_pen0_h0,42,6,6,4,2,233,431,10,76,105,103,0,2.2421514987945557,0
chain_10,medium,medium,p3_c105_mp2_pen0_h0,101,6,6,3,3,242,455,6,81,100,119,0,2.2044126987457275,0
chain_10,medium,medium,p3_c105_mp2_pen0_h0,202,,,0,0,81,145,9,0,28,45,0,2.2060744762420654,0
chain_10,medium,medium,p3_c105_mp2_pen0_h5,101,6,6,3,3,282,527,9,81,100,154,5,1.8714919090270996,0
chain_10,medium,medium,p3_c105_mp2_pen0_h2,202,,,0,0,81,145,9,0,28,45,0,2.113130807876587,0
chain_10,medium,medium,p3_c105_mp2_pen0_h2,42,5,6,4,2,232,424,14,67,105,101,2,2.2855379581451416,0
chain_10,medium,medium,p3_c105_mp2_pen0_h2,101,6,6,3,3,252,468,11,81,100,127,2,2.2458572387695312,0
chain_10,medium,medium,p3_c105_mp3_pen1_h0,202,,,0,0,81,145,9,0,28,45,0,1.717632532119751,0
chain_10,medium,medium,p3_c105_mp2_pen0_h5,42,6,6,4,2,261,481,12,76,105,127,4,2.133923292160034,0
chain_10,medium,medium,p3_c105_mp2_pen0_h5,202,,,0,0,81,145,9,0,28,45,0,2.114774703979492,0
chain_10,medium,medium,p3_c105_mp3_pen1_h2,202,,,0,0,81,145,9,0,28,45,0,1.9435553550720215,0
chain_10,medium,medium,p3_c105_mp3_pen0_h0,101,6,6,3,3,242,455,6,81,100,119,0,1.7654249668121338,0
chain_10,medium,medium,p3_c105_mp3_pen1_h2,42,5,6,4,2,234,426,14,67,105,101,2,2.0882744789123535,0
chain_10,medium,medium,p3_c105_mp3_pen1_h0,101,6,6,3,3,242,455,6,81,100,119,0,2.168372869491577,0
chain_10,medium,medium,p3_c105_mp3_pen1_h0,42,5,6,4,2,224,411,11,67,105,93,0,2.227138042449951,0
chain_10,medium,medium,p3_c105_mp3_pen1_h2,101,6,6,3,3,252,468,11,81,100,127,2,2.1632418632507324,0
chain_10,medium,medium,p3_c105_mp3_pen1_h5,101,6,6,3,3,282,527,9,81,100,154,5,2.2297604084014893,0
chain_10,medium,medium,p3_c105_mp3_pen1_h5,42,6,6,4,2,263,483,12,76,105,127,4,2.265347480773926,0
chain_10,medium,medium,p3_c105_mp3_pen1_h5,202,,,0,0,81,145,9,0,28,45,0,2.2307071685791016,0
chain_10,medium,medium,p3_c105_mp3_pen0_h0,42,5,6,4,2,224,411,11,67,105,93,0,2.248441219329834,0
chain_10,medium,medium,p3_c105_mp3_pen0_h0,202,,,0,0,81,145,9,0,28,45,0,2.1926486492156982,0
chain_10,medium,medium,p3_c105_mp3_pen0_h2,101,6,6,3,3,252,468,11,81,100,127,2,2.2329108715057373,0
chain_10,medium,medium,p3_c105_mp3_pen0_h2,42,5,6,4,2,234,426,14,67,105,101,2,2.3142123222351074,0
chain_10,medium,medium,p3_c105_mp3_pen0_h2,202,,,0,0,81,145,9,0,28,45,0,2.173952579498291,0
chain_10,medium,medium,p3_c105_mp3_pen0_h5,202,,,0,0,81,145,9,0,28,45,0,2.133443832397461,0
chain_10,medium,medium,p3_c105_mp3_pen0_h5,42,6,6,4,2,263,483,12,76,105,127,4,2.2558305263519287,0
chain_10,medium,medium,p3_c105_mp3_pen0_h5,101,6,6,3,3,282,527,9,81,100,154,5,2.2674357891082764,0
chain_10,medium,medium,p3_c120_mp1_pen1_h0,42,6,6,4,2,231,429,10,76,105,103,0,1.9410698413848877,0
chain_10,medium,medium,p3_c120_mp1_pen1_h0,101,6,6,3,3,242,455,6,81,100,119,0,1.9239957332611084,0
chain_10,medium,medium,p3_c120_mp1_pen1_h0,202,,,0,0,81,145,9,0,28,45,0,2.176889419555664,0
chain_10,medium,medium,p3_c120_mp1_pen0_h0,101,6,6,3,3,242,455,6,81,100,119,0,1.5784590244293213,0
chain_10,medium,medium,p3_c120_mp1_pen1_h5,202,,,0,0,81,145,9,0,28,45,0,1.863525629043579,0
chain_10,medium,medium,p3_c120_mp1_pen1_h2,42,5,6,4,2,230,422,14,67,105,101,2,2.2406647205352783,0
chain_10,medium,medium,p3_c120_mp1_pen1_h2,101,6,6,3,3,252,468,11,81,100,127,2,2.160799503326416,0
chain_10,medium,medium,p3_c120_mp1_pen1_h2,202,,,0,0,81,145,9,0,28,45,0,2.141035556793213,0
chain_10,medium,medium,p3_c120_mp1_pen1_h5,42,6,6,4,2,259,479,12,76,105,127,4,2.2407283782958984,0
chain_10,medium,medium,p3_c120_mp1_pen0_h5,42,6,6,4,2,259,479,12,76,105,127,4,1.7283012866973877,0
chain_10,medium,medium,p3_c120_mp1_pen1_h5,101,6,6,3,3,282,527,9,81,100,154,5,2.296692132949829,0
chain_10,medium,medium,p3_c120_mp1_pen0_h0,42,6,6,4,2,231,429,10,76,105,103,0,2.214444398880005,0
chain_10,medium,medium,p3_c120_mp1_pen0_h0,202,,,0,0,81,145,9,0,28,45,0,2.0861942768096924,0
chain_10,medium,medium,p3_c120_mp1_pen0_h2,101,6,6,3,3,252,468,11,81,100,127,2,2.03517746925354,0
chain_10,medium,medium,p3_c120_mp1_pen0_h2,42,5,6,4,2,230,422,14,67,105,101,2,2.1971516609191895,0
chain_10,medium,medium,p3_c120_mp1_pen0_h2,202,,,0,0,81,145,9,0,28,45,0,2.1747803688049316,0
chain_10,medium,medium,p3_c120_mp1_pen0_h5,101,6,6,3,3,282,527,9,81,100,154,5,2.1627354621887207,0
chain_10,medium,medium,p3_c120_mp1_pen0_h5,202,,,0,0,81,145,9,0,28,45,0,2.1273350715637207,0
chain_10,medium,medium,p3_c120_mp2_pen1_h0,42,6,6,4,2,233,431,10,76,105,103,0,2.159038543701172,0
chain_10,medium,medium,p3_c120_mp2_pen1_h0,101,6,6,3,3,242,455,6,81,100,119,0,2.271735429763794,0
chain_10,medium,medium,p3_c120_mp2_pen1_h0,202,,,0,0,81,145,9,0,28,45,0,2.2479865550994873,0
chain_10,medium,medium,p3_c120_mp2_pen1_h2,101,6,6,3,3,252,468,11,81,100,127,2,2.0900425910949707,0
chain_10,medium,medium,p3_c120_mp2_pen1_h2,42,5,6,4,2,232,424,14,67,105,101,2,2.2880122661590576,0
chain_10,medium,medium,p3_c120_mp2_pen1_h5,101,6,6,3,3,282,527,9,81,100,154,5,2.081223487854004,0
chain_10,medium,medium,p3_c120_mp2_pen0_h0,42,6,6,4,2,233,431,10,76,105,103,0,2.0446994304656982,0
chain_10,medium,medium,p3_c120_mp2_pen1_h2,202,,,0,0,81,145,9,0,28,45,0,2.25176739692688,0
chain_10,medium,medium,p3_c120_mp2_pen1_h5,42,6,6,4,2,261,481,12,76,105,127,4,2.234807014465332,0
chain_10,medium,medium,p3_c120_mp2_pen0_h0,101,6,6,3,3,242,455,6,81,100,119,0,2.167478322982788,0
chain_10,medium,medium,p3_c120_mp2_pen1_h5,202,,,0,0,81,145,9,0,28,45,0,2.2539870738983154,0
chain_10,medium,medium,p3_c120_mp2_pen0_h0,202,,,0,0,81,145,9,0,28,45,0,2.1787610054016113,0
chain_10,medium,medium,p3_c120_mp2_pen0_h2,202,,,0,0,81,145,9,0,28,45,0,2.07452392578125,0
chain_10,medium,medium,p3_c120_mp3_pen1_h2,202,,,0,0,81,145,9,0,28,45,0,1.5746521949768066,0
chain_10,medium,medium,p3_c120_mp2_pen0_h2,42,5,6,4,2,232,424,14,67,105,101,2,2.2922701835632324,0
chain_10,medium,medium,p3_c120_mp2_pen0_h2,101,6,6,3,3,252,468,11,81,100,127,2,2.2678873538970947,0
chain_10,medium,medium,p3_c120_mp3_pen1_h0,42,5,6,4,2,224,411,11,67,105,93,0,2.0085246562957764,0
chain_10,medium,medium,p3_c120_mp2_pen0_h5,202,,,0,0,81,145,9,0,28,45,0,2.1602060794830322,0
chain_10,medium,medium,p3_c120_mp3_pen1_h2,101,6,6,3,3,252,468,11,81,100,127,2,1.8560755252838135,0
chain_10,medium,medium,p3_c120_mp2_pen0_h5,101,6,6,3,3,282,527,9,81,100,154,5,2.240753412246704,0
chain_10,medium,medium,p3_c120_mp2_pen0_h5,42,6,6,4,2,261,481,12,76,105,127,4,2.2647314071655273,0
chain_10,medium,medium,p3_c120_mp3_pen1_h0,202,,,0,0,81,145,9,0,28,45,0,2.106842279434204,0
chain_10,medium,medium,p3_c120_mp3_pen1_h0,101,6,6,3,3,242,455,6,81,100,119,0,2.220259666442871,0
chain_10,medium,medium,p3_c120_mp3_pen1_h5,42,6,6,4,2,263,483,12,76,105,127,4,1.90726637840271,0
chain_10,medium,medium,p3_c120_mp3_pen1_h2,42,5,6,4,2,234,426,14,67,105,101,2,2.290152072906494,0
chain_10,medium,medium,p3_c120_mp3_pen1_h5,101,6,6,3,3,282,527,9,81,100,154,5,2.1281256675720215,0
chain_10,medium,medium,p3_c120_mp3_pen0_h0,42,5,6,4,2,224,411,11,67,105,93,0,2.040987968444824,0
chain_10,medium,medium,p3_c120_mp3_pen1_h5,202,,,0,0,81,145,9,0,28,45,0,2.2446653842926025,0
chain_10,medium,medium,p3_c120_mp3_pen0_h5,202,,,0,0,81,145,9,0,28,45,0,1.8486583232879639,0
chain_10,medium,medium,p3_c120_mp3_pen0_h5,42,6,6,4,2,263,483,12,76,105,127,4,1.9949517250061035,0
chain_10,medium,medium,p3_c120_mp3_pen0_h0,202,,,0,0,81,145,9,0,28,45,0,2.181527853012085,0
chain_10,medium,medium,p3_c120_mp3_pen0_h2,202,,,0,0,81,145,9,0,28,45,0,2.0929036140441895,0
chain_10,medium,medium,p3_c120_mp3_pen0_h2,42,5,6,4,2,234,426,14,67,105,101,2,2.214975357055664,0
chain_10,medium,medium,p3_c120_mp3_pen0_h0,101,6,6,3,3,242,455,6,81,100,119,0,2.478515386581421,0
chain_10,medium,medium,p3_c120_mp3_pen0_h2,101,6,6,3,3,252,468,11,81,100,127,2,2.2966973781585693,0
chain_10,medium,medium,p3_c160_mp1_pen1_h0,42,6,6,4,2,231,429,10,76,105,103,0,2.187753200531006,0
chain_10,medium,medium,p3_c120_mp3_pen0_h5,101,6,6,3,3,282,527,9,81,100,154,5,2.2662980556488037,0
chain_10,medium,medium,p3_c160_mp1_pen1_h0,202,,,0,0,81,145,9,0,28,45,0,2.2329721450805664,0
chain_10,medium,medium,p3_c160_mp1_pen1_h0,101,6,6,3,3,242,455,6,81,100,119,0,2.3072099685668945,0
chain_10,medium,medium,p3_c160_mp1_pen1_h2,42,5,6,4,2,230,422,14,67,105,101,2,2.2465925216674805,0
chain_10,medium,medium,p3_c160_mp1_pen1_h2,202,,,0,0,81,145,9,0,28,45,0,2.1422178745269775,0
chain_10,medium,medium,p3_c160_mp1_pen0_h0,42,6,6,4,2,231,429,10,76,105,103,0,2.1109941005706787,0
chain_10,medium,medium,p3_c160_mp1_pen1_h2,101,6,6,3,3,252,468,11,81,100,127,2,2.362031936645508,0
chain_10,medium,medium,p3_c160_mp1_pen0_h2,42,5,6,4,2,230,422,14,67,105,101,2,2.156383991241455,0
chain_10,medium,medium,p3_c160_mp1_pen1_h5,42,6,6,4,2,259,479,12,76,105,127,4,2.392040967941284,0
chain_10,medium,medium,p3_c160_mp1_pen0_h5,42,6,6,4,2,259,479,12,76,105,127,4,2.0334994792938232,0
chain_10,medium,medium,p3_c160_mp1_pen1_h5,202,,,0,0,81,145,9,0,28,45,0,2.3547301292419434,0
chain_10,medium,medium,p3_c160_mp1_pen0_h0,101,6,6,3,3,242,455,6,81,100,119,0,2.421570062637329,0
chain_10,medium,medium,p3_c160_mp1_pen1_h5,101,6,6,3,3,282,527,9,81,100,154,5,2.6017005443573,0
chain_10,medium,medium,p3_c160_mp1_pen0_h0,202,,,0,0,81,145,9,0,28,45,0,2.518705368041992,0
chain_10,medium,medium,p3_c160_mp1_pen0_h2,202,,,0,0,81,145,9,0,28,45,0,2.361146926879883,0
chain_10,medium,medium,p3_c160_mp1_pen0_h2,101,6,6,3,3,252,468,11,81,100,127,2,2.5383479595184326,0
chain_10,medium,medium,p3_c160_mp1_pen0_h5,101,6,6,3,3,282,527,9,81,100,154,5,2.401496648788452,0
chain_10,medium,medium,p3_c160_mp2_pen1_h0,101,6,6,3,3,242,455,6,81,100,119,0,2.1074087619781494,0
chain_10,medium,medium,p3_c160_mp1_pen0_h5,202,,,0,0,81,145,9,0,28,45,0,2.278475046157837,0
chain_10,medium,medium,p3_c160_mp2_pen1_h0,42,6,6,4,2,233,431,10,76,105,103,0,2.440812110900879,0
chain_10,medium,medium,p3_c160_mp2_pen1_h2,42,5,6,4,2,232,424,14,67,105,101,2,2.3400754928588867,0
chain_10,medium,medium,p3_c160_mp2_pen1_h0,202,,,0,0,81,145,9,0,28,45,0,2.4730823040008545,0
chain_10,medium,medium,p3_c160_mp2_pen1_h5,42,6,6,4,2,261,481,12,76,105,127,4,2.3489389419555664,0
chain_10,medium,medium,p3_c160_mp2_pen1_h5,101,6,6,3,3,282,527,9,81,100,154,5,2.2637548446655273,0
chain_10,medium,medium,p3_c160_mp2_pen1_h2,202,,,0,0,81,145,9,0,28,45,0,2.425823926925659,0
chain_10,medium,medium,p3_c160_mp2_pen0_h0,42,6,6,4,2,233,431,10,76,105,103,0,2.2931792736053467,0
chain_10,medium,medium,p3_c160_mp2_pen0_h0,101,6,6,3,3,242,455,6,81,100,119,0,2.2941386699676514,0
chain_10,medium,medium,p3_c160_mp2_pen1_h2,101,6,6,3,3,252,468,11,81,100,127,2,2.5854949951171875,0
chain_10,medium,medium,p3_c160_mp2_pen1_h5,202,,,0,0,81,145,9,0,28,45,0,2.445794105529785,0
chain_10,medium,medium,p3_c160_mp2_pen0_h0,202,,,0,0,81,145,9,0,28,45,0,2.305241584777832,0
chain_10,medium,medium,p3_c160_mp2_pen0_h2,42,5,6,4,2,232,424,14,67,105,101,2,2.4307668209075928,0
chain_10,medium,medium,p3_c160_mp2_pen0_h2,101,6,6,3,3,252,468,11,81,100,127,2,2.399904251098633,0
chain_10,medium,medium,p3_c160_mp2_pen0_h2,202,,,0,0,81,145,9,0,28,45,0,2.231379270553589,0
chain_10,medium,medium,p3_c160_mp2_pen0_h5,101,6,6,3,3,282,527,9,81,100,154,5,2.2776827812194824,0
chain_10,medium,medium,p3_c160_mp2_pen0_h5,202,,,0,0,81,145,9,0,28,45,0,2.294699192047119,0
chain_10,medium,medium,p3_c160_mp2_pen0_h5,42,6,6,4,2,261,481,12,76,105,127,4,2.4573683738708496,0
chain_10,medium,medium,p3_c160_mp3_pen1_h0,42,5,6,4,2,224,411,11,67,105,93,0,2.4449760913848877,0
chain_10,medium,medium,p3_c160_mp3_pen1_h2,42,5,6,4,2,234,426,14,67,105,101,2,2.393679141998291,0
chain_10,medium,medium,p3_c160_mp3_pen1_h0,202,,,0,0,81,145,9,0,28,45,0,2.554338216781616,0
chain_10,medium,medium,p3_c160_mp3_pen1_h0,101,6,6,3,3,242,455,6,81,100,119,0,2.616713047027588,0
chain_10,medium,medium,p3_c160_mp3_pen1_h5,42,6,6,4,2,263,483,12,76,105,127,4,2.3346831798553467,0
chain_10,medium,medium,p3_c160_mp3_pen1_h2,202,,,0,0,81,145,9,0,28,45,0,2.4304041862487793,0
chain_10,medium,medium,p3_c160_mp3_pen1_h5,202,,,0,0,81,145,9,0,28,45,0,2.219459056854248,0
chain_10,medium,medium,p3_c160_mp3_pen1_h5,101,6,6,3,3,282,527,9,81,100,154,5,2.3992021083831787,0
chain_10,medium,medium,p3_c160_mp3_pen1_h2,101,6,6,3,3,252,468,11,81,100,127,2,2.6164987087249756,0
chain_10,medium,medium,p3_c160_mp3_pen0_h0,42,5,6,4,2,224,411,11,67,105,93,0,2.439058542251587,0
chain_10,medium,medium,p3_c160_mp3_pen0_h0,101,6,6,3,3,242,455,6,81,100,119,0,2.6027321815490723,0
chain_10,medium,medium,p3_c160_mp3_pen0_h5,42,6,6,4,2,263,483,12,76,105,127,4,2.3420379161834717,0
chain_10,medium,medium,p3_c160_mp3_pen0_h5,101,6,6,3,3,282,527,9,81,100,154,5,2.3045201301574707,0
chain_10,medium,medium,p3_c160_mp3_pen0_h0,202,,,0,0,81,145,9,0,28,45,0,2.657888889312744,0
chain_10,heavy,medium,baseline,101,11,12,1,11,307,569,13,108,59,216,0,2.2425806522369385,0
chain_10,medium,medium,p3_c160_mp3_pen0_h2,42,5,6,4,2,234,426,14,67,105,101,2,2.5832366943359375,0
chain_10,medium,medium,p3_c160_mp3_pen0_h5,202,,,0,0,81,145,9,0,28,45,0,2.3831675052642822,0
chain_10,heavy,medium,baseline,42,12,12,1,11,326,606,13,117,62,231,0,2.3633644580841064,0
chain_10,medium,medium,p3_c160_mp3_pen0_h2,202,,,0,0,81,145,9,0,28,45,0,2.5823562145233154,0
chain_10,medium,medium,p3_c160_mp3_pen0_h2,101,6,6,3,3,252,468,11,81,100,127,2,2.652099847793579,0
chain_10,heavy,medium,p3_c40_mp1_pen1_h0,42,0,12,0,12,176,322,10,0,49,107,0,2.5066885948181152,0
chain_10,heavy,medium,p3_c40_mp1_pen1_h0,202,,,0,0,81,145,9,0,28,45,0,2.358225107192993,0
chain_10,heavy,medium,baseline,202,,,0,0,81,145,9,0,28,45,0,2.9139657020568848,0
chain_10,heavy,medium,p3_c40_mp1_pen1_h0,101,11,12,7,5,341,632,14,142,138,167,0,2.7891221046447754,0
chain_10,heavy,medium,p3_c40_mp1_pen1_h2,42,0,12,0,12,192,349,13,0,55,115,2,2.5576157569885254,0
chain_10,heavy,medium,p3_c40_mp1_pen1_h2,101,11,12,7,5,358,661,16,147,151,168,2,2.358612060546875,0
chain_10,heavy,medium,p3_c40_mp1_pen1_h2,202,,,0,0,81,145,9,0,28,45,0,2.3568780422210693,0
chain_10,heavy,medium,p3_c40_mp1_pen0_h0,202,,,0,0,81,145,9,0,28,45,0,2.080904006958008,0
chain_10,heavy,medium,p3_c40_mp1_pen1_h5,101,10,12,7,5,371,682,19,138,151,179,5,2.4016730785369873,0
chain_10,heavy,medium,p3_c40_mp1_pen1_h5,42,0,12,0,12,197,355,15,0,46,127,4,2.534590721130371,0
chain_10,heavy,medium,p3_c40_mp1_pen1_h5,202,,,0,0,81,145,9,0,28,45,0,2.438764810562134,0
chain_10,heavy,medium,p3_c40_mp1_pen0_h2,42,10,12,7,5,341,622,23,119,156,148,2,2.331104278564453,0
chain_10,heavy,medium,p3_c40_mp1_pen0_h0,101,11,12,7,5,341,632,14,142,138,167,0,2.4131667613983154,0
chain_10,heavy,medium,p3_c40_mp1_pen0_h0,42,10,12,6,6,350,652,12,144,145,169,0,2.4925739765167236,0
chain_10,heavy,medium,p3_c40_mp1_pen0_h2,101,11,12,7,5,358,661,16,147,151,168,2,2.501244068145752,0
chain_10,heavy,medium,p3_c40_mp1_pen0_h5,101,10,12,7,5,371,682,19,138,151,179,5,2.2904539108276367,0
chain_10,heavy,medium,p3_c40_mp1_pen0_h5,42,9,12,6,6,358,661,16,135,142,177,4,2.6574974060058594,0
chain_10,heavy,medium,p3_c40_mp1_pen0_h2,202,,,0,0,81,145,9,0,28,45,0,2.733651638031006,0
chain_10,heavy,medium,p3_c40_mp2_pen1_h0,42,0,12,0,12,194,347,9,0,55,107,0,2.2076191902160645,0
chain_10,heavy,medium,p3_c40_mp2_pen1_h0,101,11,12,7,5,341,632,14,142,138,167,0,2.4315106868743896,0
chain_10,heavy,medium,p3_c40_mp2_pen1_h5,42,0,12,0,12,222,399,9,0,55,131,4,2.296511650085449,0
chain_10,heavy,medium,p3_c40_mp2_pen1_h2,202,,,0,0,81,145,9,0,28,45,0,2.3192059993743896,0
chain_10,heavy,medium,p3_c40_mp1_pen0_h5,202,,,0,0,81,145,9,0,28,45,0,2.8220226764678955,0
chain_10,heavy,medium,p3_c40_mp2_pen1_h0,202,,,0,0,81,145,9,0,28,45,0,2.495206356048584,0
chain_10,heavy,medium,p3_c40_mp2_pen1_h2,42,0,12,0,12,197,348,12,0,48,115,2,2.4396719932556152,0
chain_10,heavy,medium,p3_c40_mp2_pen1_h5,202,,,0,0,81,145,9,0,28,45,0,2.3294222354888916,0
chain_10,heavy,medium,p3_c40_mp2_pen1_h5,101,10,12,7,5,371,682,19,138,151,179,5,2.4331214427948,0
chain_10,heavy,medium,p3_c40_mp2_pen1_h2,101,11,12,7,5,358,661,16,147,151,168,2,2.641019821166992,0
chain_10,heavy,medium,p3_c40_mp2_pen0_h0,42,11,12,6,6,363,671,13,142,149,172,0,2.3384273052215576,0
chain_10,heavy,medium,p3_c40_mp2_pen0_h0,101,11,12,7,5,341,632,14,142,138,167,0,2.3048527240753174,0
chain_10,heavy,medium,p3_c40_mp2_pen0_h2,42,11,12,7,5,355,651,16,132,148,164,2,2.258805274963379,0
chain_10,heavy,medium,p3_c40_mp2_pen0_h0,202,,,0,0,81,145,9,0,28,45,0,2.48807430267334,0
chain_10,heavy,medium,p3_c40_mp2_pen0_h2,101,11,12,7,5,358,661,16,147,151,168,2,2.2958621978759766,0
chain_10,heavy,medium,p3_c40_mp2_pen0_h5,42,9,12,6,6,374,687,16,135,151,178,4,2.2271149158477783,0
chain_10,heavy,medium,p3_c40_mp2_pen0_h2,202,,,0,0,81,145,9,0,28,45,0,2.3263802528381348,0
chain_10,heavy,medium,p3_c40_mp2_pen0_h5,202,,,0,0,81,145,9,0,28,45,0,2.23930025100708,0
chain_10,heavy,medium,p3_c40_mp2_pen0_h5,101,10,12,7,5,371,682,19,138,151,179,5,2.4222300052642822,0
chain_10,heavy,medium,p3_c40_mp3_pen1_h0,42,0,12,0,12,197,342,8,0,46,107,0,2.3143322467803955,0
chain_10,heavy,medium,p3_c40_mp3_pen1_h0,101,11,12,7,5,341,632,14,142,138,167,0,2.164860248565674,0
chain_10,heavy,medium,p3_c40_mp3_pen1_h0,202,,,0,0,81,145,9,0,28,45,0,2.195241689682007,0
chain_10,heavy,medium,p3_c40_mp3_pen1_h2,42,0,12,0,12,208,358,12,0,47,115,2,2.292891502380371,0
chain_10,heavy,medium,p3_c40_mp3_pen1_h2,101,11,12,7,5,358,661,16,147,151,168,2,2.2771358489990234,0
chain_10,heavy,medium,p3_c40_mp3_pen1_h2,202,,,0,0,81,145,9,0,28,45,0,2.246929168701172,0
chain_10,heavy,medium,p3_c40_mp3_pen0_h0,42,11,12,6,6,371,683,10,153,142,180,0,1.9162752628326416,0
chain_10,heavy,medium,p3_c40_mp3_pen1_h5,42,0,12,0,12,227,392,14,0,48,131,4,2.343467950820923,0
chain_10,heavy,medium,p3_c40_mp3_pen1_h5,202,,,0,0,81,145,9,0,28,45,0,2.070401430130005,0
chain_10,heavy,medium,p3_c40_mp3_pen1_h5,101,10,12,7,5,371,682,19,138,151,179,5,2.359898567199707,0
chain_10,heavy,medium,p3_c40_mp3_pen0_h5,42,10,12,6,6,393,715,18,144,144,196,5,1.933835744857788,0
chain_10,heavy,medium,p3_c40_mp3_pen0_h0,101,11,12,7,5,341,632,14,142,138,167,0,2.1223742961883545,0
chain_10,heavy,medium,p3_c40_mp3_pen0_h0,202,,,0,0,81,145,9,0,28,45,0,2.153346300125122,0
chain_10,heavy,medium,p3_c40_mp3_pen0_h2,202,,,0,0,81,145,9,0,28,45,0,2.138545036315918,0
chain_10,heavy,medium,p3_c40_mp3_pen0_h5,101,10,12,7,5,371,682,19,138,151,179,5,2.0676496028900146,0
chain_10,heavy,medium,p3_c40_mp3_pen0_h2,101,11,12,7,5,358,661,16,147,151,168,2,2.1729211807250977,0
chain_10,heavy,medium,p3_c40_mp3_pen0_h2,42,10,12,7,5,344,621,20,120,141,156,2,2.229274272918701,0
chain_10,heavy,medium,p3_c100_mp1_pen1_h0,202,,,0,0,81,145,9,0,28,45,0,1.9912760257720947,0
chain_10,heavy,medium,p3_c40_mp3_pen0_h5,202,,,0,0,81,145,9,0,28,45,0,2.192948579788208,0
chain_10,heavy,medium,p3_c100_mp1_pen1_h0,101,11,12,7,5,341,632,14,142,138,167,0,2.1881110668182373,0
chain_10,heavy,medium,p3_c100_mp1_pen1_h0,42,0,12,0,12,176,322,10,0,49,107,0,2.259099245071411,0
chain_10,heavy,medium,p3_c100_mp1_pen1_h5,42,0,12,0,12,197,355,15,0,46,127,4,2.082597255706787,0
chain_10,heavy,medium,p3_c100_mp1_pen1_h2,101,11,12,7,5,358,661,16,147,151,168,2,2.1941468715667725,0
chain_10,heavy,medium,p3_c100_mp1_pen1_h2,42,0,12,0,12,192,349,13,0,55,115,2,2.2977139949798584,0
chain_10,heavy,medium,p3_c100_mp1_pen1_h2,202,,,0,0,81,145,9,0,28,45,0,2.227098226547241,0
chain_10,heavy,medium,p3_c100_mp1_pen0_h0,202,,,0,0,81,145,9,0,28,45,0,1.853912591934204,0
chain_10,heavy,medium,p3_c100_mp1_pen1_h5,101,10,12,7,5,371,682,19,138,151,179,5,2.210968494415283,0
chain_10,heavy,medium,p3_c100_mp1_pen1_h5,202,,,0,0,81,145,9,0,28,45,0,2.0759663581848145,0
chain_10,heavy,medium,p3_c100_mp1_pen0_h0,101,11,12,7,5,341,632,14,142,138,167,0,1.9690699577331543,0
chain_10,heavy,medium,p3_c100_mp1_pen0_h0,42,10,12,6,6,350,652,12,144,145,169,0,2.0347797870635986,0
chain_10,heavy,medium,p3_c100_mp1_pen0_h2,42,10,12,7,5,341,622,23,119,156,148,2,2.2027640342712402,0
chain_10,heavy,medium,p3_c100_mp1_pen0_h2,101,11,12,7,5,358,661,16,147,151,168,2,2.238555431365967,0
chain_10,heavy,medium,p3_c100_mp1_pen0_h2,202,,,0,0,81,145,9,0,28,45,0,2.196786403656006,0
chain_10,heavy,medium,p3_c100_mp1_pen0_h5,101,10,12,7,5,371,682,19,138,151,179,5,2.029500722885132,0
chain_10,heavy,medium,p3_c100_mp1_pen0_h5,42,9,12,6,6,358,661,16,135,142,177,4,2.229321002960205,0
chain_10,heavy,medium,p3_c100_mp1_pen0_h5,202,,,0,0,81,145,9,0,28,45,0,2.1388251781463623,0
chain_10,heavy,medium,p3_c100_mp2_pen1_h0,42,0,12,0,12,194,347,9,0,55,107,0,2.240135431289673,0
chain_10,heavy,medium,p3_c100_mp2_pen1_h0,202,,,0,0,81,145,9,0,28,45,0,1.9879863262176514,0
chain_10,heavy,medium,p3_c100_mp2_pen1_h0,101,11,12,7,5,341,632,14,142,138,167,0,2.129500150680542,0
chain_10,heavy,medium,p3_c100_mp2_pen1_h2,101,11,12,7,5,358,661,16,147,151,168,2,1.9484877586364746,0
chain_10,heavy,medium,p3_c100_mp2_pen1_h2,202,,,0,0,81,145,9,0,28,45,0,1.9512369632720947,0
chain_10,heavy,medium,p3_c100_mp2_pen1_h5,101,10,12,7,5,371,682,19,138,151,179,5,2.0910255908966064,0
chain_10,heavy,medium,p3_c100_mp2_pen1_h2,42,0,12,0,12,197,348,12,0,48,115,2,2.216876268386841,0
chain_10,heavy,medium,p3_c100_mp2_pen1_h5,42,0,12,0,12,222,399,9,0,55,131,4,2.1902120113372803,0
chain_10,heavy,medium,p3_c100_mp2_pen1_h5,202,,,0,0,81,145,9,0,28,45,0,2.2538235187530518,0
chain_10,heavy,medium,p3_c100_mp2_pen0_h0,202,,,0,0,81,145,9,0,28,45,0,2.0668785572052,0
chain_10,heavy,medium,p3_c100_mp2_pen0_h0,42,11,12,6,6,363,671,13,142,149,172,0,2.2675771713256836,0
chain_10,heavy,medium,p3_c100_mp2_pen0_h0,101,11,12,7,5,341,632,14,142,138,167,0,2.285430431365967,0
chain_10,heavy,medium,p3_c100_mp2_pen0_h2,42,11,12,7,5,355,651,16,132,148,164,2,2.171858787536621,0
chain_10,heavy,medium,p3_c100_mp3_pen1_h0,42,0,12,0,12,197,342,8,0,46,107,0,1.817577838897705,0
chain_10,heavy,medium,p3_c100_mp2_pen0_h2,202,,,0,0,81,145,9,0,28,45,0,2.1408746242523193,0
chain_10,heavy,medium,p3_c100_mp2_pen0_h2,101,11,12,7,5,358,661,16,147,151,168,2,2.1762216091156006,0
chain_10,heavy,medium,p3_c100_mp2_pen0_h5,202,,,0,0,81,145,9,0,28,45,0,2.052408456802368,0
chain_10,heavy,medium,p3_c100_mp2_pen0_h5,42,9,12,6,6,374,687,16,135,151,178,4,2.205118417739868,0
chain_10,heavy,medium,p3_c100_mp2_pen0_h5,101,10,12,7,5,371,682,19,138,151,179,5,2.2505836486816406,0
chain_10,heavy,medium,p3_c100_mp3_pen1_h0,202,,,0,0,81,145,9,0,28,45,0,2.1920852661132812,0
chain_10,heavy,medium,p3_c100_mp3_pen1_h2,42,0,12,0,12,208,358,12,0,47,115,2,2.1645913124084473,0
chain_10,heavy,medium,p3_c100_mp3_pen1_h0,101,11,12,7,5,341,632,14,142,138,167,0,2.275179386138916,0
chain_10,heavy,medium,p3_c100_mp3_pen1_h5,202,,,0,0,81,145,9,0,28,45,0,1.9100184440612793,0
chain_10,heavy,medium,p3_c100_mp3_pen1_h5,42,0,12,0,12,227,392,14,0,48,131,4,2.065823793411255,0
chain_10,heavy,medium,p3_c100_mp3_pen1_h2,202,,,0,0,81,145,9,0,28,45,0,2.1507811546325684,0
chain_10,heavy,medium,p3_c100_mp3_pen1_h2,101,11,12,7,5,358,661,16,147,151,168,2,2.3215513229370117,0
chain_10,heavy,medium,p3_c100_mp3_pen1_h5,101,10,12,7,5,371,682,19,138,151,179,5,2.2417213916778564,0
chain_10,heavy,medium,p3_c100_mp3_pen0_h0,202,,,0,0,81,145,9,0,28,45,0,2.0114548206329346,0
chain_10,heavy,medium,p3_c100_mp3_pen0_h0,101,11,12,7,5,341,632,14,142,138,167,0,2.102278232574463,0
chain_10,heavy,medium,p3_c100_mp3_pen0_h0,42,11,12,6,6,371,683,10,153,142,180,0,2.2414143085479736,0
chain_10,heavy,medium,p3_c100_mp3_pen0_h2,42,10,12,7,5,344,621,20,120,141,156,2,2.076916456222534,0
chain_10,heavy,medium,p3_c100_mp3_pen0_h2,202,,,0,0,81,145,9,0,28,45,0,2.10886549949646,0
chain_10,heavy,medium,p3_c100_mp3_pen0_h2,101,11,12,7,5,358,661,16,147,151,168,2,2.120589017868042,0
chain_10,heavy,medium,p3_c100_mp3_pen0_h5,101,10,12,7,5,371,682,19,138,151,179,5,2.0445847511291504,0
chain_10,heavy,medium,p3_c100_mp3_pen0_h5,202,,,0,0,81,145,9,0,28,45,0,2.079416513442993,0
chain_10,heavy,medium,p3_c100_mp3_pen0_h5,42,10,12,6,6,393,715,18,144,144,196,5,2.190744161605835,0
chain_10,heavy,medium,p3_c105_mp1_pen1_h0,42,12,12,6,6,371,690,14,162,142,191,0,2.0876636505126953,0
chain_10,heavy,medium,p3_c105_mp1_pen1_h2,202,,,0,0,81,145,9,0,28,45,0,1.9581499099731445,0
chain_10,heavy,medium,p3_c105_mp1_pen1_h0,101,11,12,7,5,341,632,14,142,138,167,0,2.2844343185424805,0
chain_10,heavy,medium,p3_c105_mp1_pen1_h0,202,,,0,0,81,145,9,0,28,45,0,2.244009256362915,0
chain_10,heavy,medium,p3_c105_mp1_pen1_h2,42,12,12,7,5,377,696,19,149,163,175,2,2.2856407165527344,0
chain_10,heavy,medium,p3_c105_mp1_pen1_h2,101,11,12,7,5,358,661,16,147,151,168,2,2.3158116340637207,0
chain_10,heavy,medium,p3_c105_mp1_pen1_h5,202,,,0,0,81,145,9,0,28,45,0,2.0451836585998535,0
chain_10,heavy,medium,p3_c105_mp1_pen1_h5,101,10,12,7,5,371,682,19,138,151,179,5,2.167759418487549,0
chain_10,heavy,medium,p3_c105_mp1_pen0_h0,202,,,0,0,81,145,9,0,28,45,0,1.9702396392822266,0
chain_10,heavy,medium,p3_c105_mp1_pen1_h5,42,10,12,8,4,359,660,19,128,145,175,4,2.2715394496917725,0
chain_10,heavy,medium,p3_c105_mp1_pen0_h0,101,11,12,7,5,341,632,14,142,138,167,0,2.0962941646575928,0
chain_10,heavy,medium,p3_c105_mp1_pen0_h0,42,12,12,6,6,371,690,14,162,142,191,0,2.2628073692321777,0
chain_10,heavy,medium,p3_c105_mp1_pen0_h2,42,12,12,7,5,377,696,19,149,163,175,2,2.221472978591919,0
chain_10,heavy,medium,p3_c105_mp1_pen0_h2,101,11,12,7,5,358,661,16,147,151,168,2,2.2503721714019775,0
chain_10,heavy,medium,p3_c105_mp1_pen0_h2,202,,,0,0,81,145,9,0,28,45,0,2.1796693801879883,0
chain_10,heavy,medium,p3_c105_mp1_pen0_h5,42,10,12,8,4,359,660,19,128,145,175,4,2.210635185241699,0
chain_10,heavy,medium,p3_c105_mp2_pen1_h0,42,12,12,7,5,360,662,16,146,151,167,0,2.071948766708374,0
chain_10,heavy,medium,p3_c105_mp1_pen0_h5,101,10,12,7,5,371,682,19,138,151,179,5,2.208547353744507,0
chain_10,heavy,medium,p3_c105_mp1_pen0_h5,202,,,0,0,81,145,9,0,28,45,0,2.190828323364258,0
chain_10,heavy,medium,p3_c105_mp2_pen1_h0,101,11,12,7,5,341,632,14,142,138,167,0,2.030430555343628,0
chain_10,heavy,medium,p3_c105_mp2_pen1_h2,101,11,12,7,5,358,661,16,147,151,168,2,1.9015889167785645,0
chain_10,heavy,medium,p3_c105_mp2_pen1_h0,202,,,0,0,81,145,9,0,28,45,0,2.200467348098755,0
chain_10,heavy,medium,p3_c105_mp2_pen1_h2,42,11,12,7,5,381,700,18,151,165,172,2,2.2012393474578857,0
chain_10,heavy,medium,p3_c105_mp2_pen1_h5,42,9,12,8,4,349,637,19,119,143,164,4,2.0350186824798584,0
chain_10,heavy,medium,p3_c105_mp2_pen1_h2,202,,,0,0,81,145,9,0,28,45,0,2.1221461296081543,0
chain_10,heavy,medium,p3_c105_mp2_pen1_h5,101,10,12,7,5,371,682,19,138,151,179,5,2.0325164794921875,0
chain_10,heavy,medium,p3_c105_mp2_pen1_h5,202,,,0,0,81,145,9,0,28,45,0,1.9311985969543457,0
chain_10,heavy,medium,p3_c105_mp2_pen0_h0,42,12,12,7,5,360,662,16,146,151,167,0,2.2758684158325195,0
chain_10,heavy,medium,p3_c105_mp2_pen0_h0,101,11,12,7,5,341,632,14,142,138,167,0,2.2528014183044434,0
chain_10,heavy,medium,p3_c105_mp2_pen0_h2,42,11,12,7,5,381,700,18,151,165,172,2,1.992966651916504,0
chain_10,heavy,medium,p3_c105_mp2_pen0_h0,202,,,0,0,81,145,9,0,28,45,0,2.199364423751831,0
chain_10,heavy,medium,p3_c105_mp2_pen0_h2,101,11,12,7,5,358,661,16,147,151,168,2,2.275686025619507,0
chain_10,heavy,medium,p3_c105_mp2_pen0_h2,202,,,0,0,81,145,9,0,28,45,0,2.2240548133850098,0
chain_10,heavy,medium,p3_c105_mp2_pen0_h5,202,,,0,0,81,145,9,0,28,45,0,1.944760799407959,0
chain_10,heavy,medium,p3_c105_mp2_pen0_h5,42,9,12,8,4,349,637,19,119,143,164,4,2.2462799549102783,0
chain_10,heavy,medium,p3_c105_mp2_pen0_h5,101,10,12,7,5,371,682,19,138,151,179,5,2.2338573932647705,0
chain_10,heavy,medium,p3_c105_mp3_pen1_h0,42,12,12,7,5,365,663,20,146,151,167,0,2.096003532409668,0
chain_10,heavy,medium,p3_c105_mp3_pen1_h0,202,,,0,0,81,145,9,0,28,45,0,2.198167085647583,0
chain_10,heavy,medium,p3_c105_mp3_pen1_h0,101,11,12,7,5,341,632,14,142,138,167,0,2.280592203140259,0
chain_10,heavy,medium,p3_c105_mp3_pen1_h2,42,12,12,7,5,398,730,16,160,165,183,2,2.225177049636841,0
chain_10,heavy,medium,p3_c105_mp3_pen1_h2,101,11,12,7,5,358,661,16,147,151,168,2,2.233027219772339,0
chain_10,heavy,medium,p3_c105_mp3_pen1_h2,202,,,0,0,81,145,9,0,28,45,0,2.2485404014587402,0
chain_10,heavy,medium,p3_c105_mp3_pen0_h0,202,,,0,0,81,145,9,0,28,45,0,2.029529094696045,0
chain_10,heavy,medium,p3_c105_mp3_pen0_h2,42,12,12,7,5,398,730,16,160,165,183,2,2.0074312686920166,0
chain_10,heavy,medium,p3_c105_mp3_pen1_h5,42,10,12,8,4,365,666,17,128,143,175,4,2.2013654708862305,0
chain_10,heavy,medium,p3_c105_mp3_pen1_h5,101,10,12,7,5,371,682,19,138,151,179,5,2.210118532180786,0
chain_10,heavy,medium,p3_c105_mp3_pen1_h5,202,,,0,0,81,145,9,0,28,45,0,2.176438093185425,0
chain_10,heavy,medium,p3_c105_mp3_pen0_h0,42,12,12,7,5,365,663,20,146,151,167,0,2.2185885906219482,0
chain_10,heavy,medium,p3_c105_mp3_pen0_h2,202,,,0,0,81,145,9,0,28,45,0,1.997856616973877,0
chain_10,heavy,medium,p3_c105_mp3_pen0_h2,101,11,12,7,5,358,661,16,147,151,168,2,2.057457208633423,0
chain_10,heavy,medium,p3_c105_mp3_pen0_h0,101,11,12,7,5,341,632,14,142,138,167,0,2.2856452465057373,0
chain_10,heavy,medium,p3_c105_mp3_pen0_h5,42,10,12,8,4,365,666,17,128,143,175,4,2.1197216510772705,0
chain_10,heavy,medium,p3_c105_mp3_pen0_h5,202,,,0,0,81,145,9,0,28,45,0,2.1021454334259033,0
chain_10,heavy,medium,p3_c105_mp3_pen0_h5,101,10,12,7,5,371,682,19,138,151,179,5,2.191347122192383,0
chain_10,heavy,medium,p3_c120_mp1_pen1_h0,42,12,12,6,6,371,690,14,162,142,191,0,2.2122535705566406,0
chain_10,heavy,medium,p3_c120_mp1_pen1_h0,101,11,12,7,5,341,632,14,142,138,167,0,2.123708963394165,0
chain_10,heavy,medium,p3_c120_mp1_pen1_h2,42,12,12,7,5,377,696,19,149,163,175,2,2.0904643535614014,0
chain_10,heavy,medium,p3_c120_mp1_pen1_h0,202,,,0,0,81,145,9,0,28,45,0,2.249739408493042,0
chain_10,heavy,medium,p3_c120_mp1_pen1_h5,42,10,12,8,4,359,660,19,128,145,175,4,2.092000961303711,0
chain_10,heavy,medium,p3_c120_mp1_pen1_h2,101,11,12,7,5,358,661,16,147,151,168,2,2.2134077548980713,0
chain_10,heavy,medium,p3_c120_mp1_pen1_h2,202,,,0,0,81,145,9,0,28,45,0,2.248462438583374,0
chain_10,heavy,medium,p3_c120_mp1_pen1_h5,202,,,0,0,81,145,9,0,28,45,0,2.188251256942749,0
chain_10,heavy,medium,p3_c120_mp1_pen1_h5,101,10,12,7,5,371,682,19,138,151,179,5,2.3099184036254883,0
chain_10,heavy,medium,p3_c120_mp1_pen0_h2,202,,,0,0,81,145,9,0,28,45,0,1.6747267246246338,0
chain_10,heavy,medium,p3_c120_mp1_pen0_h0,42,12,12,6,6,371,690,14,162,142,191,0,2.238372325897217,0
chain_10,heavy,medium,p3_c120_mp1_pen0_h0,101,11,12,7,5,341,632,14,142,138,167,0,2.2044594287872314,0
chain_10,heavy,medium,p3_c120_mp1_pen0_h0,202,,,0,0,81,145,9,0,28,45,0,2.236208200454712,0
chain_10,heavy,medium,p3_c120_mp1_pen0_h2,101,11,12,7,5,358,661,16,147,151,168,2,2.1470744609832764,0
chain_10,heavy,medium,p3_c120_mp1_pen0_h2,42,12,12,7,5,377,696,19,149,163,175,2,2.2077019214630127,0
chain_10,heavy,medium,p3_c120_mp2_pen1_h5,42,9,12,8,4,349,637,19,119,143,164,4,1.797755479812622,0
chain_10,heavy,medium,p3_c120_mp1_pen0_h5,42,10,12,8,4,359,660,19,128,145,175,4,2.138139009475708,0
chain_10,heavy,medium,p3_c120_mp1_pen0_h5,202,,,0,0,81,145,9,0,28,45,0,2.0639123916625977,0
chain_10,heavy,medium,p3_c120_mp2_pen1_h0,202,,,0,0,81,145,9,0,28,45,0,2.070117950439453,0
chain_10,heavy,medium,p3_c120_mp2_pen1_h0,42,12,12,7,5,360,662,16,146,151,167,0,2.1796481609344482,0
chain_10,heavy,medium,p3_c120_mp1_pen0_h5,101,10,12,7,5,371,682,19,138,151,179,5,2.205833911895752,0
chain_10,heavy,medium,p3_c120_mp2_pen1_h2,202,,,0,0,81,145,9,0,28,45,0,2.135698080062866,0
chain_10,heavy,medium,p3_c120_mp2_pen1_h0,101,11,12,7,5,341,632,14,142,138,167,0,2.2866809368133545,0
chain_10,heavy,medium,p3_c120_mp2_pen1_h2,101,11,12,7,5,358,661,16,147,151,168,2,2.2092318534851074,0
chain_10,heavy,medium,p3_c120_mp2_pen1_h2,42,11,12,7,5,381,700,18,151,165,172,2,2.248162031173706,0
chain_10,heavy,medium,p3_c120_mp2_pen1_h5,202,,,0,0,81,145,9,0,28,45,0,2.034926414489746,0
chain_10,heavy,medium,p3_c120_mp2_pen1_h5,101,10,12,7,5,371,682,19,138,151,179,5,2.2902886867523193,0
chain_10,heavy,medium,p3_c120_mp2_pen0_h0,101,11,12,7,5,341,632,14,142,138,167,0,2.1087610721588135,0
chain_10,heavy,medium,p3_c120_mp2_pen0_h0,42,12,12,7,5,360,662,16,146,151,167,0,2.258087158203125,0
chain_10,heavy,medium,p3_c120_mp2_pen0_h0,202,,,0,0,81,145,9,0,28,45,0,2.0764317512512207,0
chain_10,heavy,medium,p3_c120_mp2_pen0_h2,101,11,12,7,5,358,661,16,147,151,168,2,1.9978315830230713,0
chain_10,heavy,medium,p3_c120_mp2_pen0_h2,42,11,12,7,5,381,700,18,151,165,172,2,2.2054555416107178,0
chain_10,heavy,medium,p3_c120_mp2_pen0_h5,101,10,12,7,5,371,682,19,138,151,179,5,1.929654598236084,0
chain_10,heavy,medium,p3_c120_mp3_pen1_h2,42,12,12,7,5,398,730,16,160,165,183,2,1.7828552722930908,0
chain_10,heavy,medium,p3_c120_mp2_pen0_h5,42,9,12,8,4,349,637,19,119,143,164,4,2.217111587524414,0
chain_10,heavy,medium,p3_c120_mp2_pen0_h2,202,,,0,0,81,145,9,0,28,45,0,2.250007152557373,0
chain_10,heavy,medium,p3_c120_mp2_pen0_h5,202,,,0,0,81,145,9,0,28,45,0,2.152472496032715,0
chain_10,heavy,medium,p3_c120_mp3_pen1_h0,42,12,12,7,5,365,663,20,146,151,167,0,2.133117437362671,0
chain_10,heavy,medium,p3_c120_mp3_pen1_h0,101,11,12,7,5,341,632,14,142,138,167,0,2.240919828414917,0
chain_10,heavy,medium,p3_c120_mp3_pen1_h0,202,,,0,0,81,145,9,0,28,45,0,2.2067623138427734,0
chain_10,heavy,medium,p3_c120_mp3_pen1_h2,202,,,0,0,81,145,9,0,28,45,0,2.143285036087036,0
chain_10,heavy,medium,p3_c120_mp3_pen1_h2,101,11,12,7,5,358,661,16,147,151,168,2,2.1908223628997803,0
chain_10,heavy,medium,p3_c120_mp3_pen1_h5,42,10,12,8,4,365,666,17,128,143,175,4,2.217820882797241,0
chain_10,heavy,medium,p3_c120_mp3_pen1_h5,101,10,12,7,5,371,682,19,138,151,179,5,2.1180527210235596,0
chain_10,heavy,medium,p3_c120_mp3_pen0_h0,202,,,0,0,81,145,9,0,28,45,0,1.994363784790039,0
chain_10,heavy,medium,p3_c120_mp3_pen0_h5,202,,,0,0,81,145,9,0,28,45,0,1.7264585494995117,0
chain_10,heavy,medium,p3_c120_mp3_pen1_h5,202,,,0,0,81,145,9,0,28,45,0,2.1924147605895996,0
chain_10,heavy,medium,p3_c120_mp3_pen0_h0,42,12,12,7,5,365,663,20,146,151,167,0,2.2058398723602295,0
chain_10,heavy,medium,p3_c120_mp3_pen0_h2,42,12,12,7,5,398,730,16,160,165,183,2,2.1858606338500977,0
chain_10,heavy,medium,p3_c120_mp3_pen0_h0,101,11,12,7,5,341,632,14,142,138,167,0,2.2569921016693115,0
chain_10,heavy,medium,p3_c120_mp3_pen0_h2,202,,,0,0,81,145,9,0,28,45,0,2.2085964679718018,0
chain_10,heavy,medium,p3_c120_mp3_pen0_h5,101,10,12,7,5,371,682,19,138,151,179,5,2.1710853576660156,0
chain_10,heavy,medium,p3_c120_mp3_pen0_h2,101,11,12,7,5,358,661,16,147,151,168,2,2.234011173248291,0
chain_10,heavy,medium,p3_c120_mp3_pen0_h5,42,10,12,8,4,365,666,17,128,143,175,4,2.2123916149139404,0
chain_10,heavy,medium,p3_c160_mp1_pen1_h0,42,12,12,6,6,371,690,14,162,142,191,0,2.1796164512634277,0
chain_10,heavy,medium,p3_c160_mp1_pen1_h0,101,11,12,7,5,341,632,14,142,138,167,0,2.149714946746826,0
chain_10,heavy,medium,p3_c160_mp1_pen1_h0,202,,,0,0,81,145,9,0,28,45,0,2.174591302871704,0
chain_10,heavy,medium,p3_c160_mp1_pen1_h2,101,11,12,7,5,358,661,16,147,151,168,2,2.0562615394592285,0
chain_10,heavy,medium,p3_c160_mp1_pen1_h2,202,,,0,0,81,145,9,0,28,45,0,2.027876615524292,0
chain_10,heavy,medium,p3_c160_mp1_pen1_h2,42,12,12,7,5,377,696,19,149,163,175,2,2.2936038970947266,0
chain_10,heavy,medium,p3_c160_mp1_pen0_h2,42,12,12,7,5,377,696,19,149,163,175,2,1.7201197147369385,0
chain_10,heavy,medium,p3_c160_mp1_pen1_h5,202,,,0,0,81,145,9,0,28,45,0,2.0608651638031006,0
chain_10,heavy,medium,p3_c160_mp1_pen1_h5,42,10,12,8,4,359,660,19,128,145,175,4,2.268077850341797,0
chain_10,heavy,medium,p3_c160_mp1_pen0_h0,101,11,12,7,5,341,632,14,142,138,167,0,2.128115653991699,0
chain_10,heavy,medium,p3_c160_mp1_pen1_h5,101,10,12,7,5,371,682,19,138,151,179,5,2.309992790222168,0
chain_10,heavy,medium,p3_c160_mp1_pen0_h0,202,,,0,0,81,145,9,0,28,45,0,2.185972213745117,0
chain_10,heavy,medium,p3_c160_mp1_pen0_h0,42,12,12,6,6,371,690,14,162,142,191,0,2.396517515182495,0
chain_10,heavy,medium,p3_c160_mp1_pen0_h2,101,11,12,7,5,358,661,16,147,151,168,2,2.1611545085906982,0
chain_10,heavy,medium,p3_c160_mp1_pen0_h5,202,,,0,0,81,145,9,0,28,45,0,1.888962745666504,0
chain_10,heavy,medium,p3_c160_mp1_pen0_h5,101,10,12,7,5,371,682,19,138,151,179,5,2.086127758026123,0
chain_10,heavy,medium,p3_c160_mp1_pen0_h2,202,,,0,0,81,145,9,0,28,45,0,2.238516330718994,0
chain_10,heavy,medium,p3_c160_mp1_pen0_h5,42,10,12,8,4,359,660,19,128,145,175,4,2.2649171352386475,0
chain_10,heavy,medium,p3_c160_mp2_pen1_h0,42,12,12,7,5,360,662,16,146,151,167,0,2.1099398136138916,0
chain_10,heavy,medium,p3_c160_mp2_pen1_h2,42,11,12,7,5,381,700,18,151,165,172,2,2.098742961883545,0
chain_10,heavy,medium,p3_c160_mp2_pen1_h0,202,,,0,0,81,145,9,0,28,45,0,2.17903733253479,0
chain_10,heavy,medium,p3_c160_mp2_pen1_h0,101,11,12,7,5,341,632,14,142,138,167,0,2.2476980686187744,0
chain_10,heavy,medium,p3_c160_mp2_pen1_h2,202,,,0,0,81,145,9,0,28,45,0,2.0783355236053467,0
chain_10,heavy,medium,p3_c160_mp2_pen1_h2,101,11,12,7,5,358,661,16,147,151,168,2,2.1888134479522705,0
chain_10,heavy,medium,p3_c160_mp2_pen1_h5,42,9,12,8,4,349,637,19,119,143,164,4,2.0329651832580566,0
chain_10,heavy,medium,p3_c160_mp2_pen1_h5,101,10,12,7,5,371,682,19,138,151,179,5,2.165752410888672,0
chain_10,heavy,medium,p3_c160_mp2_pen0_h0,202,,,0,0,81,145,9,0,28,45,0,1.9749910831451416,0
chain_10,heavy,medium,p3_c160_mp2_pen0_h0,101,11,12,7,5,341,632,14,142,138,167,0,2.0144529342651367,0
chain_10,heavy,medium,p3_c160_mp2_pen1_h5,202,,,0,0,81,145,9,0,28,45,0,2.2268762588500977,0
chain_10,heavy,medium,p3_c160_mp2_pen0_h0,42,12,12,7,5,360,662,16,146,151,167,0,2.252779483795166,0
chain_10,heavy,medium,p3_c160_mp2_pen0_h2,42,11,12,7,5,381,700,18,151,165,172,2,2.211446523666382,0
chain_10,heavy,medium,p3_c160_mp2_pen0_h5,42,9,12,8,4,349,637,19,119,143,164,4,1.9818980693817139,0
chain_10,heavy,medium,p3_c160_mp2_pen0_h2,101,11,12,7,5,358,661,16,147,151,168,2,2.174229621887207,0
chain_10,heavy,medium,p3_c160_mp2_pen0_h2,202,,,0,0,81,145,9,0,28,45,0,2.1201748847961426,0
chain_10,heavy,medium,p3_c160_mp2_pen0_h5,101,10,12,7,5,371,682,19,138,151,179,5,2.094996213912964,0
chain_10,heavy,medium,p3_c160_mp2_pen0_h5,202,,,0,0,81,145,9,0,28,45,0,2.079406261444092,0
chain_10,heavy,medium,p3_c160_mp3_pen1_h0,42,12,12,7,5,365,663,20,146,151,167,0,2.249321222305298,0
chain_10,heavy,medium,p3_c160_mp3_pen1_h0,101,11,12,7,5,341,632,14,142,138,167,0,2.1445720195770264,0
chain_10,heavy,medium,p3_c160_mp3_pen1_h0,202,,,0,0,81,145,9,0,28,45,0,2.1939117908477783,0
chain_10,heavy,medium,p3_c160_mp3_pen1_h2,202,,,0,0,81,145,9,0,28,45,0,1.9434494972229004,0
chain_10,heavy,medium,p3_c160_mp3_pen1_h2,42,12,12,7,5,398,730,16,160,165,183,2,2.248379945755005,0
chain_10,heavy,medium,p3_c160_mp3_pen1_h2,101,11,12,7,5,358,661,16,147,151,168,2,2.2467057704925537,0
chain_10,heavy,medium,p3_c160_mp3_pen1_h5,42,10,12,8,4,365,666,17,128,143,175,4,2.1212222576141357,0
chain_10,heavy,medium,p3_c160_mp3_pen0_h0,42,12,12,7,5,365,663,20,146,151,167,0,2.0551397800445557,0
chain_10,heavy,medium,p3_c160_mp3_pen0_h0,202,,,0,0,81,145,9,0,28,45,0,1.9768555164337158,0
chain_10,heavy,medium,p3_c160_mp3_pen1_h5,202,,,0,0,81,145,9,0,28,45,0,2.254721164703369,0
chain_10,heavy,medium,p3_c160_mp3_pen1_h5,101,10,12,7,5,371,682,19,138,151,179,5,2.3061606884002686,0
chain_10,heavy,medium,p3_c160_mp3_pen0_h2,202,,,0,0,81,145,9,0,28,45,0,1.9329235553741455,0
chain_10,heavy,medium,p3_c160_mp3_pen0_h0,101,11,12,7,5,341,632,14,142,138,167,0,2.1652822494506836,0
chain_10,heavy,medium,p3_c160_mp3_pen0_h2,42,12,12,7,5,398,730,16,160,165,183,2,2.2188026905059814,0
chain_10,heavy,medium,p3_c160_mp3_pen0_h2,101,11,12,7,5,358,661,16,147,151,168,2,2.198852777481079,0
chain_10,heavy,medium,p3_c160_mp3_pen0_h5,42,10,12,8,4,365,666,17,128,143,175,4,2.0715291500091553,0
chain_10,heavy,medium,p3_c160_mp3_pen0_h5,101,10,12,7,5,371,682,19,138,151,179,5,2.234135866165161,0
chain_10,sparse,medium,baseline,101,5,5,1,4,200,373,8,54,62,119,0,2.0549232959747314,0
chain_10,sparse,medium,baseline,42,5,5,1,4,209,389,10,54,71,119,0,2.1129791736602783,0
chain_10,heavy,medium,p3_c160_mp3_pen0_h5,202,,,0,0,81,145,9,0,28,45,0,2.1727898120880127,0
chain_10,sparse,medium,baseline,202,,,0,0,81,145,9,0,28,45,0,2.2131497859954834,0
chain_10,sparse,medium,p3_c40_mp1_pen1_h0,42,0,5,0,5,131,243,6,0,46,72,0,2.2074429988861084,0
chain_10,sparse,medium,p3_c40_mp1_pen1_h0,202,,,0,0,81,145,9,0,28,45,0,2.0139098167419434,0
chain_10,sparse,medium,p3_c40_mp1_pen1_h0,101,5,5,3,2,218,407,8,72,94,103,0,2.184173345565796,0
chain_10,sparse,medium,p3_c40_mp1_pen1_h2,101,5,5,3,2,237,443,8,72,103,111,2,2.151702642440796,0
chain_10,sparse,medium,p3_c40_mp1_pen1_h2,42,0,5,0,5,132,239,10,0,37,80,2,2.2325689792633057,0
chain_10,sparse,medium,p3_c40_mp1_pen0_h0,42,0,5,0,5,131,243,6,0,46,72,0,1.6618735790252686,0
chain_10,sparse,medium,p3_c40_mp1_pen1_h2,202,,,0,0,81,145,9,0,28,45,0,2.136561155319214,0
chain_10,sparse,medium,p3_c40_mp1_pen1_h5,42,0,5,0,5,159,289,12,0,46,96,4,2.1566035747528076,0
chain_10,sparse,medium,p3_c40_mp1_pen1_h5,202,,,0,0,81,145,9,0,28,45,0,2.1577415466308594,0
chain_10,sparse,medium,p3_c40_mp1_pen1_h5,101,5,5,3,2,267,504,4,72,103,138,5,2.216857433319092,0
chain_10,sparse,medium,p3_c40_mp1_pen0_h0,101,5,5,3,2,218,407,8,72,94,103,0,2.2058780193328857,0
chain_10,sparse,medium,p3_c40_mp1_pen0_h0,202,,,0,0,81,145,9,0,28,45,0,2.2216885089874268,0
chain_10,sparse,medium,p3_c40_mp1_pen0_h2,42,0,5,0,5,132,239,10,0,37,80,2,2.2261486053466797,0
chain_10,sparse,medium,p3_c40_mp1_pen0_h2,101,5,5,3,2,237,443,8,72,103,111,2,2.180896282196045,0
chain_10,sparse,medium,p3_c40_mp1_pen0_h5,202,,,0,0,81,145,9,0,28,45,0,2.0140633583068848,0
chain_10,sparse,medium,p3_c40_mp1_pen0_h5,101,5,5,3,2,267,504,4,72,103,138,5,2.069796085357666,0
chain_10,sparse,medium,p3_c40_mp1_pen0_h2,202,,,0,0,81,145,9,0,28,45,0,2.237393856048584,0
chain_10,sparse,medium,p3_c40_mp1_pen0_h5,42,0,5,0,5,159,289,12,0,46,96,4,2.2634761333465576,0
chain_10,sparse,medium,p3_c40_mp2_pen1_h0,101,5,5,3,2,218,407,8,72,94,103,0,2.1743645668029785,0
chain_10,sparse,medium,p3_c40_mp2_pen1_h0,42,0,5,0,5,145,263,9,0,55,72,0,2.1931259632110596,0
chain_10,sparse,medium,p3_c40_mp2_pen1_h2,42,0,5,0,5,155,280,10,0,55,80,2,2.077664852142334,0
chain_10,sparse,medium,p3_c40_mp2_pen1_h2,101,5,5,3,2,237,443,8,72,103,111,2,2.195955276489258,0
chain_10,sparse,medium,p3_c40_mp2_pen1_h0,202,,,0,0,81,145,9,0,28,45,0,2.2091944217681885,0
chain_10,sparse,medium,p3_c40_mp2_pen1_h5,42,0,5,0,5,173,310,14,0,55,96,4,2.12628436088562,0
chain_10,sparse,medium,p3_c40_mp2_pen1_h2,202,,,0,0,81,145,9,0,28,45,0,2.250272512435913,0
chain_10,sparse,medium,p3_c40_mp2_pen1_h5,202,,,0,0,81,145,9,0,28,45,0,2.1745200157165527,0
chain_10,sparse,medium,p3_c40_mp2_pen1_h5,101,5,5,3,2,267,504,4,72,103,138,5,2.2037951946258545,0
chain_10,sparse,medium,p3_c40_mp2_pen0_h0,202,,,0,0,81,145,9,0,28,45,0,1.9322216510772705,0
chain_10,sparse,medium,p3_c40_mp2_pen0_h0,42,0,5,0,5,145,263,9,0,55,72,0,2.1862082481384277,0
chain_10,sparse,medium,p3_c40_mp2_pen0_h0,101,5,5,3,2,218,407,8,72,94,103,0,2.2876219749450684,0
chain_10,sparse,medium,p3_c40_mp2_pen0_h2,202,,,0,0,81,145,9,0,28,45,0,1.95082426071167,0
chain_10,sparse,medium,p3_c40_mp2_pen0_h5,42,0,5,0,5,173,310,14,0,55,96,4,1.9849696159362793,0
chain_10,sparse,medium,p3_c40_mp2_pen0_h2,42,0,5,0,5,155,280,10,0,55,80,2,2.2410378456115723,0
chain_10,sparse,medium,p3_c40_mp2_pen0_h2,101,5,5,3,2,237,443,8,72,103,111,2,2.1815104484558105,0
chain_10,sparse,medium,p3_c40_mp2_pen0_h5,101,5,5,3,2,267,504,4,72,103,138,5,2.1353325843811035,0
chain_10,sparse,medium,p3_c40_mp2_pen0_h5,202,,,0,0,81,145,9,0,28,45,0,2.1267812252044678,0
chain_10,sparse,medium,p3_c40_mp3_pen1_h0,101,5,5,3,2,218,407,8,72,94,103,0,2.099318265914917,0
chain_10,sparse,medium,p3_c40_mp3_pen1_h2,202,,,0,0,81,145,9,0,28,45,0,1.8933711051940918,0
chain_10,sparse,medium,p3_c40_mp3_pen1_h0,42,0,5,0,5,150,266,11,0,55,72,0,2.2826123237609863,0
chain_10,sparse,medium,p3_c40_mp3_pen1_h0,202,,,0,0,81,145,9,0,28,45,0,2.201295852661133,0
chain_10,sparse,medium,p3_c40_mp3_pen1_h2,42,0,5,0,5,160,285,10,0,55,80,2,2.1281027793884277,0
chain_10,sparse,medium,p3_c40_mp3_pen0_h0,202,,,0,0,81,145,9,0,28,45,0,1.7673413753509521,0
chain_10,sparse,medium,p3_c40_mp3_pen1_h2,101,5,5,3,2,237,443,8,72,103,111,2,2.1257948875427246,0
chain_10,sparse,medium,p3_c40_mp3_pen0_h2,202,,,0,0,81,145,9,0,28,45,0,1.6982030868530273,0
chain_10,sparse,medium,p3_c40_mp3_pen1_h5,202,,,0,0,81,145,9,0,28,45,0,2.0488264560699463,0
chain_10,sparse,medium,p3_c40_mp3_pen1_h5,42,0,5,0,5,178,313,16,0,55,96,4,2.163165807723999,0
chain_10,sparse,medium,p3_c40_mp3_pen1_h5,101,5,5,3,2,267,504,4,72,103,138,5,2.200524091720581,0
chain_10,sparse,medium,p3_c40_mp3_pen0_h2,42,0,5,0,5,160,285,10,0,55,80,2,2.020817279815674,0
chain_10,sparse,medium,p3_c40_mp3_pen0_h0,42,0,5,0,5,150,266,11,0,55,72,0,2.2647037506103516,0
chain_10,sparse,medium,p3_c40_mp3_pen0_h0,101,5,5,3,2,218,407,8,72,94,103,0,2.2676408290863037,0
chain_10,sparse,medium,p3_c40_mp3_pen0_h2,101,5,5,3,2,237,443,8,72,103,111,2,2.1559340953826904,0
chain_10,sparse,medium,p3_c40_mp3_pen0_h5,42,0,5,0,5,178,313,16,0,55,96,4,2.17620849609375,0
chain_10,sparse,medium,p3_c100_mp1_pen1_h0,42,0,5,0,5,131,243,6,0,46,72,0,2.16410493850708,0
chain_10,sparse,medium,p3_c100_mp1_pen1_h0,202,,,0,0,81,145,9,0,28,45,0,2.0634427070617676,0
chain_10,sparse,medium,p3_c40_mp3_pen0_h5,202,,,0,0,81,145,9,0,28,45,0,2.206521511077881,0
chain_10,sparse,medium,p3_c100_mp1_pen1_h0,101,5,5,3,2,218,407,8,72,94,103,0,2.205392360687256,0
chain_10,sparse,medium,p3_c40_mp3_pen0_h5,101,5,5,3,2,267,504,4,72,103,138,5,2.245593786239624,0
chain_10,sparse,medium,p3_c100_mp1_pen1_h2,42,0,5,0,5,132,239,10,0,37,80,2,2.177515745162964,0
chain_10,sparse,medium,p3_c100_mp1_pen1_h5,42,0,5,0,5,159,289,12,0,46,96,4,2.130073070526123,0
chain_10,sparse,medium,p3_c100_mp1_pen1_h5,101,5,5,3,2,267,504,4,72,103,138,5,2.14003324508667,0
chain_10,sparse,medium,p3_c100_mp1_pen1_h2,101,5,5,3,2,237,443,8,72,103,111,2,2.30818247795105,0
chain_10,sparse,medium,p3_c100_mp1_pen1_h2,202,,,0,0,81,145,9,0,28,45,0,2.2447235584259033,0
chain_10,sparse,medium,p3_c100_mp1_pen0_h5,101,5,5,3,2,267,504,4,72,103,138,5,1.5568461418151855,0
chain_10,sparse,medium,p3_c100_mp1_pen1_h5,202,,,0,0,81,145,9,0,28,45,0,2.253840923309326,0
chain_10,sparse,medium,p3_c100_mp1_pen0_h0,42,0,5,0,5,131,243,6,0,46,72,0,2.2804110050201416,0
chain_10,sparse,medium,p3_c100_mp1_pen0_h0,101,5,5,3,2,218,407,8,72,94,103,0,2.2214810848236084,0
chain_10,sparse,medium,p3_c100_mp1_pen0_h0,202,,,0,0,81,145,9,0,28,45,0,2.115021228790283,0
chain_10,sparse,medium,p3_c100_mp1_pen0_h2,202,,,0,0,81,145,9,0,28,45,0,1.9763689041137695,0
chain_10,sparse,medium,p3_c100_mp1_pen0_h5,42,0,5,0,5,159,289,12,0,46,96,4,2.023005247116089,0
chain_10,sparse,medium,p3_c100_mp1_pen0_h2,42,0,5,0,5,132,239,10,0,37,80,2,2.231367826461792,0
chain_10,sparse,medium,p3_c100_mp1_pen0_h2,101,5,5,3,2,237,443,8,72,103,111,2,2.2683470249176025,0
chain_10,sparse,medium,p3_c100_mp2_pen1_h0,101,5,5,3,2,218,407,8,72,94,103,0,2.064013719558716,0
chain_10,sparse,medium,p3_c100_mp2_pen1_h2,202,,,0,0,81,145,9,0,28,45,0,1.7961649894714355,0
chain_10,sparse,medium,p3_c100_mp1_pen0_h5,202,,,0,0,81,145,9,0,28,45,0,2.2015810012817383,0
chain_10,sparse,medium,p3_c100_mp2_pen1_h0,42,0,5,0,5,145,263,9,0,55,72,0,2.2624616622924805,0
chain_10,sparse,medium,p3_c100_mp2_pen1_h2,42,0,5,0,5,155,280,10,0,55,80,2,2.161383867263794,0
chain_10,sparse,medium,p3_c100_mp2_pen1_h0,202,,,0,0,81,145,9,0,28,45,0,2.196125030517578,0
chain_10,sparse,medium,p3_c100_mp2_pen1_h2,101,5,5,3,2,237,443,8,72,103,111,2,2.2763874530792236,0
chain_10,sparse,medium,p3_c100_mp2_pen1_h5,42,0,5,0,5,173,310,14,0,55,96,4,2.1836516857147217,0
chain_10,sparse,medium,p3_c100_mp2_pen1_h5,101,5,5,3,2,267,504,4,72,103,138,5,2.0143134593963623,0
chain_10,sparse,medium,p3_c100_mp2_pen0_h0,42,0,5,0,5,145,263,9,0,55,72,0,2.0773353576660156,0
chain_10,sparse,medium,p3_c100_mp2_pen1_h5,202,,,0,0,81,145,9,0,28,45,0,2.1323201656341553,0
chain_10,sparse,medium,p3_c100_mp2_pen0_h0,101,5,5,3,2,218,407,8,72,94,103,0,2.1910345554351807,0
chain_10,sparse,medium,p3_c100_mp2_pen0_h0,202,,,0,0,81,145,9,0,28,45,0,2.1803855895996094,0
chain_10,sparse,medium,p3_c100_mp2_pen0_h2,42,0,5,0,5,155,280,10,0,55,80,2,2.246384382247925,0
chain_10,sparse,medium,p3_c100_mp2_pen0_h2,101,5,5,3,2,237,443,8,72,103,111,2,2.137500286102295,0
chain_10,sparse,medium,p3_c100_mp2_pen0_h2,202,,,0,0,81,145,9,0,28,45,0,2.0740790367126465,0
chain_10,sparse,medium,p3_c100_mp2_pen0_h5,101,5,5,3,2,267,504,4,72,103,138,5,2.115030288696289,0
chain_10,sparse,medium,p3_c100_mp2_pen0_h5,42,0,5,0,5,173,310,14,0,55,96,4,2.1889290809631348,0
chain_10,sparse,medium,p3_c100_mp2_pen0_h5,202,,,0,0,81,145,9,0,28,45,0,2.2546229362487793,0
chain_10,sparse,medium,p3_c100_mp3_pen1_h0,42,0,5,0,5,150,266,11,0,55,72,0,2.0523643493652344,0
chain_10,sparse,medium,p3_c100_mp3_pen1_h0,202,,,0,0,81,145,9,0,28,45,0,2.0431277751922607,0
chain_10,sparse,medium,p3_c100_mp3_pen1_h0,101,5,5,3,2,218,407,8,72,94,103,0,2.224130868911743,0
chain_10,sparse,medium,p3_c100_mp3_pen1_h2,202,,,0,0,81,145,9,0,28,45,0,1.9436838626861572,0
chain_10,sparse,medium,p3_c100_mp3_pen1_h2,101,5,5,3,2,237,443,8,72,103,111,2,2.0677926540374756,0
chain_10,sparse,medium,p3_c100_mp3_pen1_h2,42,0,5,0,5,160,285,10,0,55,80,2,2.259392023086548,0
chain_10,sparse,medium,p3_c100_mp3_pen1_h5,202,,,0,0,81,145,9,0,28,45,0,2.0237510204315186,0
chain_10,sparse,medium,p3_c100_mp3_pen1_h5,101,5,5,3,2,267,504,4,72,103,138,5,2.187390089035034,0
chain_10,sparse,medium,p3_c100_mp3_pen1_h5,42,0,5,0,5,178,313,16,0,55,96,4,2.277078866958618,0
chain_10,sparse,medium,p3_c100_mp3_pen0_h0,202,,,0,0,81,145,9,0,28,45,0,2.0755391120910645,0
chain_10,sparse,medium,p3_c100_mp3_pen0_h0,42,0,5,0,5,150,266,11,0,55,72,0,2.168693780899048,0
chain_10,sparse,medium,p3_c100_mp3_pen0_h0,101,5,5,3,2,218,407,8,72,94,103,0,2.1671106815338135,0
chain_10,sparse,medium,p3_c100_mp3_pen0_h2,42,0,5,0,5,160,285,10,0,55,80,2,2.1742241382598877,0
chain_10,sparse,medium,p3_c100_mp3_pen0_h2,202,,,0,0,81,145,9,0,28,45,0,2.1500232219696045,0
chain_10,sparse,medium,p3_c100_mp3_pen0_h2,101,5,5,3,2,237,443,8,72,103,111,2,2.2341597080230713,0
chain_10,sparse,medium,p3_c100_mp3_pen0_h5,101,5,5,3,2,267,504,4,72,103,138,5,1.9737014770507812,0
chain_10,sparse,medium,p3_c100_mp3_pen0_h5,202,,,0,0,81,145,9,0,28,45,0,2.140991687774658,0
chain_10,sparse,medium,p3_c100_mp3_pen0_h5,42,0,5,0,5,178,313,16,0,55,96,4,2.221541166305542,0
chain_10,sparse,medium,p3_c105_mp1_pen1_h0,101,5,5,3,2,218,407,8,72,94,103,0,2.0810935497283936,0
chain_10,sparse,medium,p3_c105_mp1_pen1_h0,42,5,5,3,2,227,423,10,72,103,103,0,2.2340242862701416,0
chain_10,sparse,medium,p3_c105_mp1_pen1_h0,202,,,0,0,81,145,9,0,28,45,0,2.1193039417266846,0
chain_10,sparse,medium,p3_c105_mp1_pen1_h2,202,,,0,0,81,145,9,0,28,45,0,1.9654979705810547,0
chain_10,sparse,medium,p3_c105_mp1_pen1_h2,42,5,5,3,2,219,403,12,72,85,111,2,2.2706105709075928,0
chain_10,sparse,medium,p3_c105_mp1_pen1_h2,101,5,5,3,2,237,443,8,72,103,111,2,2.2101261615753174,0
chain_10,sparse,medium,p3_c105_mp1_pen1_h5,42,5,5,3,2,237,437,12,72,85,127,4,2.1529366970062256,0
chain_10,sparse,medium,p3_c105_mp1_pen1_h5,202,,,0,0,81,145,9,0,28,45,0,2.073201894760132,0
chain_10,sparse,medium,p3_c105_mp1_pen1_h5,101,5,5,3,2,267,504,4,72,103,138,5,2.2197928428649902,0
chain_10,sparse,medium,p3_c105_mp1_pen0_h0,42,5,5,3,2,227,423,10,72,103,103,0,2.1993753910064697,0
chain_10,sparse,medium,p3_c105_mp1_pen0_h0,101,5,5,3,2,218,407,8,72,94,103,0,2.1943063735961914,0
chain_10,sparse,medium,p3_c105_mp1_pen0_h0,202,,,0,0,81,145,9,0,28,45,0,2.12298846244812,0
chain_10,sparse,medium,p3_c105_mp1_pen0_h2,101,5,5,3,2,237,443,8,72,103,111,2,2.0225272178649902,0
chain_10,sparse,medium,p3_c105_mp1_pen0_h2,202,,,0,0,81,145,9,0,28,45,0,2.1029648780822754,0
chain_10,sparse,medium,p3_c105_mp1_pen0_h5,202,,,0,0,81,145,9,0,28,45,0,1.8537054061889648,0
chain_10,sparse,medium,p3_c105_mp1_pen0_h2,42,5,5,3,2,219,403,12,72,85,111,2,2.2912604808807373,0
chain_10,sparse,medium,p3_c105_mp2_pen1_h0,202,,,0,0,81,145,9,0,28,45,0,1.8423619270324707,0
chain_10,sparse,medium,p3_c105_mp1_pen0_h5,101,5,5,3,2,267,504,4,72,103,138,5,2.216221570968628,0
chain_10,sparse,medium,p3_c105_mp1_pen0_h5,42,5,5,3,2,237,437,12,72,85,127,4,2.2424938678741455,0
chain_10,sparse,medium,p3_c105_mp2_pen1_h0,42,5,5,3,2,229,425,10,72,103,103,0,2.2099671363830566,0
chain_10,sparse,medium,p3_c105_mp2_pen1_h0,101,5,5,3,2,218,407,8,72,94,103,0,2.224323272705078,0
chain_10,sparse,medium,p3_c105_mp2_pen1_h2,42,5,5,3,2,221,405,12,72,85,111,2,2.2623414993286133,0
chain_10,sparse,medium,p3_c105_mp2_pen1_h2,202,,,0,0,81,145,9,0,28,45,0,2.198768377304077,0
chain_10,sparse,medium,p3_c105_mp2_pen1_h2,101,5,5,3,2,237,443,8,72,103,111,2,2.2341651916503906,0
chain_10,sparse,medium,p3_c105_mp2_pen1_h5,42,5,5,3,2,248,457,12,72,94,127,4,2.231703519821167,0
chain_10,sparse,medium,p3_c105_mp2_pen1_h5,202,,,0,0,81,145,9,0,28,45,0,2.0939478874206543,0
chain_10,sparse,medium,p3_c105_mp2_pen1_h5,101,5,5,3,2,267,504,4,72,103,138,5,2.3005363941192627,0
chain_10,sparse,medium,p3_c105_mp2_pen0_h0,101,5,5,3,2,218,407,8,72,94,103,0,1.9949872493743896,0
chain_10,sparse,medium,p3_c105_mp2_pen0_h0,42,5,5,3,2,229,425,10,72,103,103,0,2.2656824588775635,0
chain_10,sparse,medium,p3_c105_mp2_pen0_h5,42,5,5,3,2,248,457,12,72,94,127,4,1.8558833599090576,0
chain_10,sparse,medium,p3_c105_mp2_pen0_h0,202,,,0,0,81,145,9,0,28,45,0,2.0851376056671143,0
chain_10,sparse,medium,p3_c105_mp2_pen0_h2,42,5,5,3,2,221,405,12,72,85,111,2,2.0791449546813965,0
chain_10,sparse,medium,p3_c105_mp2_pen0_h2,101,5,5,3,2,237,443,8,72,103,111,2,2.131229877471924,0
chain_10,sparse,medium,p3_c105_mp2_pen0_h2,202,,,0,0,81,145,9,0,28,45,0,2.2638700008392334,0
chain_10,sparse,medium,p3_c105_mp2_pen0_h5,202,,,0,0,81,145,9,0,28,45,0,2.049591064453125,0
chain_10,sparse,medium,p3_c105_mp2_pen0_h5,101,5,5,3,2,267,504,4,72,103,138,5,2.1325490474700928,0
chain_10,sparse,medium,p3_c105_mp3_pen1_h2,101,5,5,3,2,237,443,8,72,103,111,2,1.86602783203125,0
chain_10,sparse,medium,p3_c105_mp3_pen1_h0,42,5,5,3,2,222,411,8,72,94,103,0,2.20558500289917,0
chain_10,sparse,medium,p3_c105_mp3_pen1_h0,202,,,0,0,81,145,9,0,28,45,0,2.2413697242736816,0
chain_10,sparse,medium,p3_c105_mp3_pen1_h0,101,5,5,3,2,218,407,8,72,94,103,0,2.2711081504821777,0
chain_10,sparse,medium,p3_c105_mp3_pen1_h2,42,5,5,3,2,223,407,12,72,85,111,2,2.2375895977020264,0
chain_10,sparse,medium,p3_c105_mp3_pen1_h2,202,,,0,0,81,145,9,0,28,45,0,2.09907865524292,0
chain_10,sparse,medium,p3_c105_mp3_pen1_h5,101,5,5,3,2,267,504,4,72,103,138,5,2.1215577125549316,0
chain_10,sparse,medium,p3_c105_mp3_pen1_h5,42,5,5,3,2,250,457,14,72,94,127,4,2.1909797191619873,0
chain_10,sparse,medium,p3_c105_mp3_pen1_h5,202,,,0,0,81,145,9,0,28,45,0,2.236652374267578,0
chain_10,sparse,medium,p3_c105_mp3_pen0_h0,42,5,5,3,2,222,411,8,72,94,103,0,2.218010902404785,0
chain_10,sparse,medium,p3_c105_mp3_pen0_h0,101,5,5,3,2,218,407,8,72,94,103,0,2.221324920654297,0
chain_10,sparse,medium,p3_c105_mp3_pen0_h0,202,,,0,0,81,145,9,0,28,45,0,2.168813467025757,0
chain_10,sparse,medium,p3_c105_mp3_pen0_h2,42,5,5,3,2,223,407,12,72,85,111,2,2.076770067214966,0
chain_10,sparse,medium,p3_c105_mp3_pen0_h2,202,,,0,0,81,145,9,0,28,45,0,2.0009191036224365,0
chain_10,sparse,medium,p3_c105_mp3_pen0_h2,101,5,5,3,2,237,443,8,72,103,111,2,2.258976459503174,0
chain_10,sparse,medium,p3_c105_mp3_pen0_h5,101,5,5,3,2,267,504,4,72,103,138,5,2.031930923461914,0
chain_10,sparse,medium,p3_c105_mp3_pen0_h5,42,5,5,3,2,250,457,14,72,94,127,4,2.166921615600586,0
chain_10,sparse,medium,p3_c105_mp3_pen0_h5,202,,,0,0,81,145,9,0,28,45,0,2.167717933654785,0
chain_10,sparse,medium,p3_c120_mp1_pen1_h0,42,5,5,3,2,227,423,10,72,103,103,0,2.1951162815093994,0
chain_10,sparse,medium,p3_c120_mp1_pen1_h2,202,,,0,0,81,145,9,0,28,45,0,2.03619647026062,0
chain_10,sparse,medium,p3_c120_mp1_pen1_h2,42,5,5,3,2,219,403,12,72,85,111,2,2.081294536590576,0
chain_10,sparse,medium,p3_c120_mp1_pen1_h2,101,5,5,3,2,237,443,8,72,103,111,2,2.0646538734436035,0
chain_10,sparse,medium,p3_c120_mp1_pen1_h0,101,5,5,3,2,218,407,8,72,94,103,0,2.2863590717315674,0
chain_10,sparse,medium,p3_c120_mp1_pen1_h5,42,5,5,3,2,237,437,12,72,85,127,4,2.0614166259765625,0
chain_10,sparse,medium,p3_c120_mp1_pen1_h0,202,,,0,0,81,145,9,0,28,45,0,2.236408233642578,0
chain_10,sparse,medium,p3_c120_mp1_pen0_h0,42,5,5,3,2,227,423,10,72,103,103,0,1.9421544075012207,0
chain_10,sparse,medium,p3_c120_mp1_pen1_h5,101,5,5,3,2,267,504,4,72,103,138,5,2.255066156387329,0
chain_10,sparse,medium,p3_c120_mp1_pen1_h5,202,,,0,0,81,145,9,0,28,45,0,2.251620292663574,0
chain_10,sparse,medium,p3_c120_mp1_pen0_h5,101,5,5,3,2,267,504,4,72,103,138,5,1.7296056747436523,0
chain_10,sparse,medium,p3_c120_mp1_pen0_h0,202,,,0,0,81,145,9,0,28,45,0,2.16452693939209,0
chain_10,sparse,medium,p3_c120_mp1_pen0_h0,101,5,5,3,2,218,407,8,72,94,103,0,2.2613589763641357,0
chain_10,sparse,medium,p3_c120_mp1_pen0_h2,42,5,5,3,2,219,403,12,72,85,111,2,2.2216432094573975,0
chain_10,sparse,medium,p3_c120_mp1_pen0_h2,101,5,5,3,2,237,443,8,72,103,111,2,2.2472171783447266,0
chain_10,sparse,medium,p3_c120_mp2_pen1_h0,101,5,5,3,2,218,407,8,72,94,103,0,1.7356109619140625,0
chain_10,sparse,medium,p3_c120_mp1_pen0_h2,202,,,0,0,81,145,9,0,28,45,0,2.2382965087890625,0
chain_10,sparse,medium,p3_c120_mp1_pen0_h5,42,5,5,3,2,237,437,12,72,85,127,4,2.2324562072753906,0
chain_10,sparse,medium,p3_c120_mp1_pen0_h5,202,,,0,0,81,145,9,0,28,45,0,2.187082290649414,0
chain_10,sparse,medium,p3_c120_mp2_pen1_h0,42,5,5,3,2,229,425,10,72,103,103,0,2.1358957290649414,0
chain_10,sparse,medium,p3_c120_mp2_pen1_h0,202,,,0,0,81,145,9,0,28,45,0,2.0938687324523926,0
chain_10,sparse,medium,p3_c120_mp2_pen1_h2,42,5,5,3,2,221,405,12,72,85,111,2,2.209355354309082,0
chain_10,sparse,medium,p3_c120_mp2_pen1_h2,202,,,0,0,81,145,9,0,28,45,0,2.1017701625823975,0
chain_10,sparse,medium,p3_c120_mp2_pen1_h2,101,5,5,3,2,237,443,8,72,103,111,2,2.242445707321167,0
chain_10,sparse,medium,p3_c120_mp2_pen1_h5,101,5,5,3,2,267,504,4,72,103,138,5,2.0165648460388184,0
chain_10,sparse,medium,p3_c120_mp2_pen1_h5,42,5,5,3,2,248,457,12,72,94,127,4,2.2117528915405273,0
chain_10,sparse,medium,p3_c120_mp2_pen1_h5,202,,,0,0,81,145,9,0,28,45,0,2.218627691268921,0
chain_10,sparse,medium,p3_c120_mp2_pen0_h0,42,5,5,3,2,229,425,10,72,103,103,0,2.0818498134613037,0
chain_10,sparse,medium,p3_c120_mp2_pen0_h0,202,,,0,0,81,145,9,0,28,45,0,2.018390655517578,0
chain_10,sparse,medium,p3_c120_mp2_pen0_h0,101,5,5,3,2,218,407,8,72,94,103,0,2.11824369430542,0
chain_10,sparse,medium,p3_c120_mp2_pen0_h2,101,5,5,3,2,237,443,8,72,103,111,2,2.0183444023132324,0
chain_10,sparse,medium,p3_c120_mp2_pen0_h2,42,5,5,3,2,221,405,12,72,85,111,2,2.1519429683685303,0
chain_10,sparse,medium,p3_c120_mp2_pen0_h2,202,,,0,0,81,145,9,0,28,45,0,2.254237174987793,0
chain_10,sparse,medium,p3_c120_mp2_pen0_h5,42,5,5,3,2,248,457,12,72,94,127,4,2.184253454208374,0
chain_10,sparse,medium,p3_c120_mp2_pen0_h5,202,,,0,0,81,145,9,0,28,45,0,2.035893678665161,0
chain_10,sparse,medium,p3_c120_mp2_pen0_h5,101,5,5,3,2,267,504,4,72,103,138,5,2.2549397945404053,0
chain_10,sparse,medium,p3_c120_mp3_pen1_h0,101,5,5,3,2,218,407,8,72,94,103,0,2.104400157928467,0
chain_10,sparse,medium,p3_c120_mp3_pen1_h0,202,,,0,0,81,145,9,0,28,45,0,2.0221147537231445,0
chain_10,sparse,medium,p3_c120_mp3_pen1_h2,42,5,5,3,2,223,407,12,72,85,111,2,2.0766563415527344,0
chain_10,sparse,medium,p3_c120_mp3_pen1_h0,42,5,5,3,2,222,411,8,72,94,103,0,2.2631731033325195,0
chain_10,sparse,medium,p3_c120_mp3_pen1_h2,101,5,5,3,2,237,443,8,72,103,111,2,2.22184681892395,0
chain_10,sparse,medium,p3_c120_mp3_pen0_h0,42,5,5,3,2,222,411,8,72,94,103,0,2.071916341781616,0
chain_10,sparse,medium,p3_c120_mp3_pen1_h2,202,,,0,0,81,145,9,0,28,45,0,2.257643222808838,0
chain_10,sparse,medium,p3_c120_mp3_pen1_h5,42,5,5,3,2,250,457,14,72,94,127,4,2.234978437423706,0
chain_10,sparse,medium,p3_c120_mp3_pen1_h5,202,,,0,0,81,145,9,0,28,45,0,2.2118048667907715,0
chain_10,sparse,medium,p3_c120_mp3_pen1_h5,101,5,5,3,2,267,504,4,72,103,138,5,2.277107000350952,0
chain_10,sparse,medium,p3_c120_mp3_pen0_h0,101,5,5,3,2,218,407,8,72,94,103,0,2.201514959335327,0
chain_10,sparse,medium,p3_c120_mp3_pen0_h2,42,5,5,3,2,223,407,12,72,85,111,2,2.101588249206543,0
chain_10,sparse,medium,p3_c120_mp3_pen0_h0,202,,,0,0,81,145,9,0,28,45,0,2.2410175800323486,0
chain_10,sparse,medium,p3_c120_mp3_pen0_h2,202,,,0,0,81,145,9,0,28,45,0,2.043246030807495,0
chain_10,sparse,medium,p3_c160_mp1_pen1_h2,42,5,5,3,2,219,403,12,72,85,111,2,1.6431124210357666,0
chain_10,sparse,medium,p3_c120_mp3_pen0_h5,42,5,5,3,2,250,457,14,72,94,127,4,2.087170362472534,0
chain_10,sparse,medium,p3_c120_mp3_pen0_h2,101,5,5,3,2,237,443,8,72,103,111,2,2.166691303253174,0
chain_10,sparse,medium,p3_c120_mp3_pen0_h5,101,5,5,3,2,267,504,4,72,103,138,5,2.21737003326416,0
chain_10,sparse,medium,p3_c120_mp3_pen0_h5,202,,,0,0,81,145,9,0,28,45,0,2.108991861343384,0
chain_10,sparse,medium,p3_c160_mp1_pen1_h0,42,5,5,3,2,227,423,10,72,103,103,0,2.181759834289551,0
chain_10,sparse,medium,p3_c160_mp1_pen1_h0,101,5,5,3,2,218,407,8,72,94,103,0,2.212341547012329,0
chain_10,sparse,medium,p3_c160_mp1_pen1_h0,202,,,0,0,81,145,9,0,28,45,0,2.226196050643921,0
chain_10,sparse,medium,p3_c160_mp1_pen1_h5,202,,,0,0,81,145,9,0,28,45,0,1.9491729736328125,0
chain_10,sparse,medium,p3_c160_mp1_pen1_h2,202,,,0,0,81,145,9,0,28,45,0,2.1101598739624023,0
chain_10,sparse,medium,p3_c160_mp1_pen1_h2,101,5,5,3,2,237,443,8,72,103,111,2,2.3220553398132324,0
chain_10,sparse,medium,p3_c160_mp1_pen1_h5,42,5,5,3,2,237,437,12,72,85,127,4,2.2182352542877197,0
chain_10,sparse,medium,p3_c160_mp1_pen0_h0,42,5,5,3,2,227,423,10,72,103,103,0,2.1548237800598145,0
chain_10,sparse,medium,p3_c160_mp1_pen1_h5,101,5,5,3,2,267,504,4,72,103,138,5,2.2669479846954346,0
chain_10,sparse,medium,p3_c160_mp1_pen0_h0,101,5,5,3,2,218,407,8,72,94,103,0,1.977752447128296,0
chain_10,sparse,medium,p3_c160_mp1_pen0_h2,42,5,5,3,2,219,403,12,72,85,111,2,1.9507648944854736,0
chain_10,sparse,medium,p3_c160_mp1_pen0_h0,202,,,0,0,81,145,9,0,28,45,0,2.087233543395996,0
chain_10,sparse,medium,p3_c160_mp1_pen0_h2,101,5,5,3,2,237,443,8,72,103,111,2,2.115741014480591,0
chain_10,sparse,medium,p3_c160_mp1_pen0_h2,202,,,0,0,81,145,9,0,28,45,0,2.1535110473632812,0
chain_10,sparse,medium,p3_c160_mp2_pen1_h0,101,5,5,3,2,218,407,8,72,94,103,0,1.9945566654205322,0
chain_10,sparse,medium,p3_c160_mp1_pen0_h5,202,,,0,0,81,145,9,0,28,45,0,2.117889642715454,0
chain_10,sparse,medium,p3_c160_mp1_pen0_h5,42,5,5,3,2,237,437,12,72,85,127,4,2.1868057250976562,0
chain_10,sparse,medium,p3_c160_mp2_pen1_h0,42,5,5,3,2,229,425,10,72,103,103,0,2.178889513015747,0
chain_10,sparse,medium,p3_c160_mp2_pen1_h0,202,,,0,0,81,145,9,0,28,45,0,2.139885902404785,0
chain_10,sparse,medium,p3_c160_mp1_pen0_h5,101,5,5,3,2,267,504,4,72,103,138,5,2.2952327728271484,0
chain_10,sparse,medium,p3_c160_mp2_pen1_h2,42,5,5,3,2,221,405,12,72,85,111,2,2.2522237300872803,0
chain_10,sparse,medium,p3_c160_mp2_pen1_h2,101,5,5,3,2,237,443,8,72,103,111,2,2.2737083435058594,0
chain_10,sparse,medium,p3_c160_mp2_pen1_h2,202,,,0,0,81,145,9,0,28,45,0,2.2218616008758545,0
chain_10,sparse,medium,p3_c160_mp2_pen1_h5,42,5,5,3,2,248,457,12,72,94,127,4,2.217280387878418,0
chain_10,sparse,medium,p3_c160_mp2_pen1_h5,202,,,0,0,81,145,9,0,28,45,0,2.1564435958862305,0
chain_10,sparse,medium,p3_c160_mp2_pen0_h0,202,,,0,0,81,145,9,0,28,45,0,1.8047840595245361,0
chain_10,sparse,medium,p3_c160_mp2_pen1_h5,101,5,5,3,2,267,504,4,72,103,138,5,2.243379592895508,0
chain_10,sparse,medium,p3_c160_mp2_pen0_h0,42,5,5,3,2,229,425,10,72,103,103,0,2.2344248294830322,0
chain_10,sparse,medium,p3_c160_mp2_pen0_h0,101,5,5,3,2,218,407,8,72,94,103,0,2.2456743717193604,0
chain_10,sparse,medium,p3_c160_mp3_pen1_h0,42,5,5,3,2,222,411,8,72,94,103,0,1.8098275661468506,0
chain_10,sparse,medium,p3_c160_mp2_pen0_h2,202,,,0,0,81,145,9,0,28,45,0,2.135298490524292,0
chain_10,sparse,medium,p3_c160_mp2_pen0_h2,101,5,5,3,2,237,443,8,72,103,111,2,2.1885550022125244,0
chain_10,sparse,medium,p3_c160_mp2_pen0_h2,42,5,5,3,2,221,405,12,72,85,111,2,2.283266544342041,0
chain_10,sparse,medium,p3_c160_mp2_pen0_h5,42,5,5,3,2,248,457,12,72,94,127,4,2.251960515975952,0
chain_10,sparse,medium,p3_c160_mp2_pen0_h5,101,5,5,3,2,267,504,4,72,103,138,5,2.2155399322509766,0
chain_10,sparse,medium,p3_c160_mp2_pen0_h5,202,,,0,0,81,145,9,0,28,45,0,2.138066530227661,0
chain_10,sparse,medium,p3_c160_mp3_pen1_h0,202,,,0,0,81,145,9,0,28,45,0,1.986436128616333,0
chain_10,sparse,medium,p3_c160_mp3_pen1_h0,101,5,5,3,2,218,407,8,72,94,103,0,2.2816128730773926,0
chain_10,sparse,medium,p3_c160_mp3_pen1_h2,101,5,5,3,2,237,443,8,72,103,111,2,2.1228063106536865,0
chain_10,sparse,medium,p3_c160_mp3_pen1_h2,42,5,5,3,2,223,407,12,72,85,111,2,2.191140651702881,0
chain_10,sparse,medium,p3_c160_mp3_pen1_h2,202,,,0,0,81,145,9,0,28,45,0,2.127939224243164,0
chain_10,sparse,medium,p3_c160_mp3_pen1_h5,101,5,5,3,2,267,504,4,72,103,138,5,1.9860637187957764,0
chain_10,sparse,medium,p3_c160_mp3_pen1_h5,42,5,5,3,2,250,457,14,72,94,127,4,2.2439913749694824,0
chain_10,sparse,medium,p3_c160_mp3_pen1_h5,202,,,0,0,81,145,9,0,28,45,0,2.047419786453247,0
chain_10,sparse,medium,p3_c160_mp3_pen0_h0,42,5,5,3,2,222,411,8,72,94,103,0,2.1933093070983887,0
chain_10,sparse,medium,p3_c160_mp3_pen0_h0,101,5,5,3,2,218,407,8,72,94,103,0,2.2495310306549072,0
chain_10,sparse,medium,p3_c160_mp3_pen0_h0,202,,,0,0,81,145,9,0,28,45,0,2.2304561138153076,0
chain_10,sparse,medium,p3_c160_mp3_pen0_h2,42,5,5,3,2,223,407,12,72,85,111,2,2.2263095378875732,0
chain_10,sparse,medium,p3_c160_mp3_pen0_h2,202,,,0,0,81,145,9,0,28,45,0,2.119229316711426,0
chain_10,sparse,medium,p3_c160_mp3_pen0_h5,202,,,0,0,81,145,9,0,28,45,0,2.0795488357543945,0
chain_10,sparse,medium,p3_c160_mp3_pen0_h2,101,5,5,3,2,237,443,8,72,103,111,2,2.1955931186676025,0
chain_10,sparse,medium,p3_c160_mp3_pen0_h5,42,5,5,3,2,250,457,14,72,94,127,4,2.1132194995880127,0
chain_10,sparse,medium,p3_c160_mp3_pen0_h5,101,5,5,3,2,267,504,4,72,103,138,5,2.2454276084899902,0
chain_15,medium,medium,baseline,42,5,6,1,5,308,586,10,84,92,196,0,2.8174476623535156,0
chain_15,medium,medium,baseline,101,6,6,2,4,324,614,13,75,123,180,0,2.9828684329986572,0
chain_15,medium,medium,p3_c40_mp1_pen1_h2,42,0,6,0,6,194,364,8,0,66,112,2,2.642740249633789,0
chain_15,medium,medium,p3_c40_mp1_pen1_h2,101,6,6,4,2,374,710,13,115,175,174,2,2.800731658935547,0
chain_15,medium,medium,baseline,202,6,6,1,5,324,619,8,98,85,218,0,3.1253762245178223,0
chain_15,medium,medium,p3_c40_mp1_pen1_h0,42,0,6,0,6,184,346,8,0,66,104,0,3.3354408740997314,0
chain_15,medium,medium,p3_c40_mp1_pen1_h5,202,6,6,3,3,379,714,16,113,137,214,5,2.939767360687256,0
chain_15,medium,medium,p3_c40_mp1_pen1_h0,101,6,6,4,2,330,623,15,81,167,141,0,3.318119525909424,0
chain_15,medium,medium,p3_c40_mp1_pen1_h0,202,6,6,3,3,352,673,8,126,137,192,0,3.3026278018951416,0
chain_15,medium,medium,p3_c40_mp1_pen0_h0,202,6,6,3,3,352,673,8,126,137,192,0,2.8565099239349365,0
chain_15,medium,medium,p3_c40_mp1_pen1_h5,101,6,6,4,2,390,739,13,115,161,201,5,3.1913232803344727,0
chain_15,medium,medium,p3_c40_mp1_pen1_h2,202,6,6,3,3,362,691,8,126,137,200,2,3.3337416648864746,0
chain_15,medium,medium,p3_c40_mp1_pen1_h5,42,0,6,0,6,212,397,9,0,66,128,4,3.338122606277466,0
chain_15,medium,medium,p3_c40_mp1_pen0_h0,42,2,6,3,3,237,444,13,36,118,102,0,3.1442296504974365,0
chain_15,medium,medium,p3_c40_mp1_pen0_h2,42,4,6,3,3,311,587,13,84,124,165,2,3.0976076126098633,0
chain_15,medium,medium,p3_c40_mp1_pen0_h0,101,6,6,4,2,330,623,15,81,167,141,0,3.2760872840881348,0
chain_15,medium,medium,p3_c40_mp1_pen0_h2,202,6,6,3,3,362,691,8,126,137,200,2,3.0249836444854736,0
chain_15,medium,medium,p3_c40_mp2_pen1_h2,42,0,6,0,6,200,370,8,0,66,112,2,2.5652217864990234,0
chain_15,medium,medium,p3_c40_mp1_pen0_h5,42,4,6,3,3,329,621,13,84,124,181,4,3.246262311935425,0
chain_15,medium,medium,p3_c40_mp1_pen0_h2,101,6,6,4,2,374,710,13,115,175,174,2,3.3687832355499268,0
chain_15,medium,medium,p3_c40_mp1_pen0_h5,101,6,6,4,2,390,739,13,115,161,201,5,3.1749985218048096,0
chain_15,medium,medium,p3_c40_mp2_pen1_h0,202,6,6,3,3,352,673,8,126,137,192,0,2.9080276489257812,0
chain_15,medium,medium,p3_c40_mp1_pen0_h5,202,6,6,3,3,379,714,16,113,137,214,5,3.2093911170959473,0
chain_15,medium,medium,p3_c40_mp2_pen1_h0,42,0,6,0,6,190,352,8,0,66,104,0,3.264760971069336,0
chain_15,medium,medium,p3_c40_mp2_pen1_h0,101,6,6,4,2,330,623,15,81,167,141,0,3.3012661933898926,0
chain_15,medium,medium,p3_c40_mp2_pen1_h2,202,6,6,3,3,362,691,8,126,137,200,2,3.1967461109161377,0
chain_15,medium,medium,p3_c40_mp2_pen1_h2,101,6,6,4,2,374,710,13,115,175,174,2,3.376096487045288,0
chain_15,medium,medium,p3_c40_mp2_pen1_h5,42,0,6,0,6,218,404,8,0,66,128,4,3.271388530731201,0
chain_15,medium,medium,p3_c40_mp2_pen1_h5,101,6,6,4,2,390,739,13,115,161,201,5,3.147279739379883,0
chain_15,medium,medium,p3_c40_mp2_pen0_h0,42,2,6,3,3,240,446,14,36,118,102,0,2.880185604095459,0
chain_15,medium,medium,p3_c40_mp2_pen1_h5,202,6,6,3,3,379,714,16,113,137,214,5,3.185276508331299,0
chain_15,medium,medium,p3_c40_mp2_pen0_h5,42,4,6,3,3,332,623,14,84,124,181,4,2.7129111289978027,0
chain_15,medium,medium,p3_c40_mp2_pen0_h0,202,6,6,3,3,352,673,8,126,137,192,0,3.1512773036956787,0
chain_15,medium,medium,p3_c40_mp2_pen0_h0,101,6,6,4,2,330,623,15,81,167,141,0,3.2462384700775146,0
chain_15,medium,medium,p3_c40_mp3_pen1_h0,101,6,6,4,2,330,623,15,81,167,141,0,2.784900426864624,0
chain_15,medium,medium,p3_c40_mp2_pen0_h2,42,4,6,3,3,314,590,13,84,124,165,2,3.1820085048675537,0
chain_15,medium,medium,p3_c40_mp3_pen1_h0,202,6,6,3,3,352,673,8,126,137,192,0,2.7651119232177734,0
chain_15,medium,medium,p3_c40_mp2_pen0_h2,101,6,6,4,2,374,710,13,115,175,174,2,3.2030029296875,0
chain_15,medium,medium,p3_c40_mp2_pen0_h5,101,6,6,4,2,390,739,13,115,161,201,5,3.109262704849243,0
chain_15,medium,medium,p3_c40_mp2_pen0_h2,202,6,6,3,3,362,691,8,126,137,200,2,3.240579843521118,0
chain_15,medium,medium,p3_c40_mp2_pen0_h5,202,6,6,3,3,379,714,16,113,137,214,5,3.2452077865600586,0
chain_15,medium,medium,p3_c40_mp3_pen1_h0,42,0,6,0,6,196,360,6,0,66,104,0,3.3261778354644775,0
chain_15,medium,medium,p3_c40_mp3_pen1_h2,42,0,6,0,6,206,376,8,0,66,112,2,3.2796072959899902,0
chain_15,medium,medium,p3_c40_mp3_pen1_h2,101,6,6,4,2,374,710,13,115,175,174,2,3.2414700984954834,0
chain_15,medium,medium,p3_c40_mp3_pen1_h2,202,6,6,3,3,362,691,8,126,137,200,2,3.197510242462158,0
chain_15,medium,medium,p3_c40_mp3_pen1_h5,42,0,6,0,6,224,410,8,0,66,128,4,3.139467716217041,0
chain_15,medium,medium,p3_c40_mp3_pen1_h5,101,6,6,4,2,390,739,13,115,161,201,5,3.0777008533477783,0
chain_15,medium,medium,p3_c40_mp3_pen0_h0,42,2,6,3,3,243,447,16,36,118,102,0,3.1308417320251465,0
chain_15,medium,medium,p3_c40_mp3_pen0_h2,42,4,6,3,3,317,594,12,84,124,165,2,2.902653217315674,0
chain_15,medium,medium,p3_c40_mp3_pen0_h0,101,6,6,4,2,330,623,15,81,167,141,0,3.106260061264038,0
chain_15,medium,medium,p3_c40_mp3_pen1_h5,202,6,6,3,3,379,714,16,113,137,214,5,3.312070846557617,0
chain_15,medium,medium,p3_c40_mp3_pen0_h0,202,6,6,3,3,352,673,8,126,137,192,0,3.086670160293579,0
chain_15,medium,medium,p3_c40_mp3_pen0_h2,101,6,6,4,2,374,710,13,115,175,174,2,3.27268123626709,0
chain_15,medium,medium,p3_c40_mp3_pen0_h2,202,6,6,3,3,362,691,8,126,137,200,2,3.238191843032837,0
chain_15,medium,medium,p3_c40_mp3_pen0_h5,42,4,6,3,3,335,624,16,84,124,181,4,3.356032371520996,0
chain_15,medium,medium,p3_c40_mp3_pen0_h5,101,6,6,4,2,390,739,13,115,161,201,5,3.3406014442443848,0
chain_15,medium,medium,p3_c40_mp3_pen0_h5,202,6,6,3,3,379,714,16,113,137,214,5,3.1227712631225586,0
chain_15,medium,medium,p3_c100_mp1_pen1_h0,101,6,6,4,2,330,623,15,81,167,141,0,3.0275588035583496,0
chain_15,medium,medium,p3_c100_mp1_pen1_h0,42,0,6,0,6,184,346,8,0,66,104,0,3.2457616329193115,0
chain_15,medium,medium,p3_c100_mp1_pen1_h2,42,0,6,0,6,194,364,8,0,66,112,2,2.9647343158721924,0
chain_15,medium,medium,p3_c100_mp1_pen1_h0,202,6,6,3,3,352,673,8,126,137,192,0,3.040571928024292,0
chain_15,medium,medium,p3_c100_mp1_pen1_h2,202,6,6,3,3,362,691,8,126,137,200,2,2.936574697494507,0
chain_15,medium,medium,p3_c100_mp1_pen1_h2,101,6,6,4,2,374,710,13,115,175,174,2,3.2378616333007812,0
chain_15,medium,medium,p3_c100_mp1_pen1_h5,42,0,6,0,6,212,397,9,0,66,128,4,3.0525903701782227,0
chain_15,medium,medium,p3_c100_mp1_pen1_h5,101,6,6,4,2,390,739,13,115,161,201,5,3.2266898155212402,0
chain_15,medium,medium,p3_c100_mp1_pen0_h0,101,6,6,4,2,330,623,15,81,167,141,0,3.0614705085754395,0
chain_15,medium,medium,p3_c100_mp1_pen1_h5,202,6,6,3,3,379,714,16,113,137,214,5,3.280076265335083,0
chain_15,medium,medium,p3_c100_mp1_pen0_h0,202,6,6,3,3,352,673,8,126,137,192,0,3.023770809173584,0
chain_15,medium,medium,p3_c100_mp1_pen0_h0,42,2,6,3,3,237,444,13,36,118,102,0,3.272688388824463,0
chain_15,medium,medium,p3_c100_mp1_pen0_h5,202,6,6,3,3,379,714,16,113,137,214,5,2.5270278453826904,0
chain_15,medium,medium,p3_c100_mp1_pen0_h2,42,4,6,3,3,311,587,13,84,124,165,2,3.366635799407959,0
chain_15,medium,medium,p3_c100_mp1_pen0_h2,101,6,6,4,2,374,710,13,115,175,174,2,3.152024269104004,0
chain_15,medium,medium,p3_c100_mp1_pen0_h2,202,6,6,3,3,362,691,8,126,137,200,2,3.3197202682495117,0
chain_15,medium,medium,p3_c100_mp2_pen1_h0,202,6,6,3,3,352,673,8,126,137,192,0,2.8321430683135986,0
chain_15,medium,medium,p3_c100_mp1_pen0_h5,101,6,6,4,2,390,739,13,115,161,201,5,3.1773388385772705,0
chain_15,medium,medium,p3_c100_mp1_pen0_h5,42,4,6,3,3,329,621,13,84,124,181,4,3.3637659549713135,0
chain_15,medium,medium,p3_c100_mp2_pen1_h0,42,0,6,0,6,190,352,8,0,66,104,0,3.2658658027648926,0
chain_15,medium,medium,p3_c100_mp2_pen1_h2,101,6,6,4,2,374,710,13,115,175,174,2,3.157684803009033,0
chain_15,medium,medium,p3_c100_mp2_pen1_h0,101,6,6,4,2,330,623,15,81,167,141,0,3.2334749698638916,0
chain_15,medium,medium,p3_c100_mp2_pen1_h2,42,0,6,0,6,200,370,8,0,66,112,2,3.2352499961853027,0
chain_15,medium,medium,p3_c100_mp2_pen1_h2,202,6,6,3,3,362,691,8,126,137,200,2,3.2991604804992676,0
chain_15,medium,medium,p3_c100_mp2_pen1_h5,42,0,6,0,6,218,404,8,0,66,128,4,3.2673935890197754,0
chain_15,medium,medium,p3_c100_mp2_pen0_h0,42,2,6,3,3,240,446,14,36,118,102,0,2.935633420944214,0
chain_15,medium,medium,p3_c100_mp2_pen1_h5,101,6,6,4,2,390,739,13,115,161,201,5,3.352189540863037,0
chain_15,medium,medium,p3_c100_mp2_pen1_h5,202,6,6,3,3,379,714,16,113,137,214,5,3.339017868041992,0
chain_15,medium,medium,p3_c100_mp2_pen0_h0,202,6,6,3,3,352,673,8,126,137,192,0,3.2776310443878174,0
chain_15,medium,medium,p3_c100_mp2_pen0_h0,101,6,6,4,2,330,623,15,81,167,141,0,3.3368568420410156,0
chain_15,medium,medium,p3_c100_mp2_pen0_h2,101,6,6,4,2,374,710,13,115,175,174,2,3.132359027862549,0
chain_15,medium,medium,p3_c100_mp2_pen0_h2,42,4,6,3,3,314,590,13,84,124,165,2,3.222757577896118,0
chain_15,medium,medium,p3_c100_mp2_pen0_h5,202,6,6,3,3,379,714,16,113,137,214,5,2.7424263954162598,0
chain_15,medium,medium,p3_c100_mp2_pen0_h2,202,6,6,3,3,362,691,8,126,137,200,2,3.1192972660064697,0
chain_15,medium,medium,p3_c100_mp3_pen1_h2,42,0,6,0,6,206,376,8,0,66,112,2,2.7337255477905273,0
chain_15,medium,medium,p3_c100_mp3_pen1_h0,202,6,6,3,3,352,673,8,126,137,192,0,2.842287540435791,0
chain_15,medium,medium,p3_c100_mp2_pen0_h5,101,6,6,4,2,390,739,13,115,161,201,5,3.15116286277771,0
chain_15,medium,medium,p3_c100_mp3_pen1_h0,42,0,6,0,6,196,360,6,0,66,104,0,3.0852999687194824,0
chain_15,medium,medium,p3_c100_mp2_pen0_h5,42,4,6,3,3,332,623,14,84,124,181,4,3.3566462993621826,0
chain_15,medium,medium,p3_c100_mp3_pen1_h0,101,6,6,4,2,330,623,15,81,167,141,0,3.126483678817749,0
chain_15,medium,medium,p3_c100_mp3_pen0_h0,42,2,6,3,3,243,447,16,36,118,102,0,2.464954376220703,0
chain_15,medium,medium,p3_c100_mp3_pen1_h2,101,6,6,4,2,374,710,13,115,175,174,2,3.187471628189087,0
chain_15,medium,medium,p3_c100_mp3_pen1_h2,202,6,6,3,3,362,691,8,126,137,200,2,3.2437422275543213,0
chain_15,medium,medium,p3_c100_mp3_pen1_h5,42,0,6,0,6,224,410,8,0,66,128,4,3.254157781600952,0
chain_15,medium,medium,p3_c100_mp3_pen0_h2,42,4,6,3,3,317,594,12,84,124,165,2,2.709810733795166,0
chain_15,medium,medium,p3_c100_mp3_pen1_h5,202,6,6,3,3,379,714,16,113,137,214,5,3.0559303760528564,0
chain_15,medium,medium,p3_c100_mp3_pen1_h5,101,6,6,4,2,390,739,13,115,161,201,5,3.175309658050537,0
chain_15,medium,medium,p3_c100_mp3_pen0_h0,101,6,6,4,2,330,623,15,81,167,141,0,3.30932879447937,0
chain_15,medium,medium,p3_c100_mp3_pen0_h0,202,6,6,3,3,352,673,8,126,137,192,0,3.2229127883911133,0
chain_15,medium,medium,p3_c100_mp3_pen0_h2,202,6,6,3,3,362,691,8,126,137,200,2,3.1779050827026367,0
chain_15,medium,medium,p3_c100_mp3_pen0_h2,101,6,6,4,2,374,710,13,115,175,174,2,3.297879695892334,0
chain_15,medium,medium,p3_c100_mp3_pen0_h5,42,4,6,3,3,335,624,16,84,124,181,4,3.266392230987549,0
chain_15,medium,medium,p3_c100_mp3_pen0_h5,202,6,6,3,3,379,714,16,113,137,214,5,3.1031455993652344,0
chain_15,medium,medium,p3_c100_mp3_pen0_h5,101,6,6,4,2,390,739,13,115,161,201,5,3.3501970767974854,0
chain_15,medium,medium,p3_c105_mp1_pen1_h0,42,6,6,3,3,358,685,8,126,144,191,0,3.250178575515747,0
chain_15,medium,medium,p3_c105_mp1_pen1_h0,101,6,6,4,2,330,623,15,81,167,141,0,3.340686082839966,0
chain_15,medium,medium,p3_c105_mp1_pen1_h2,42,4,6,4,2,311,583,17,78,149,140,2,2.9905834197998047,0
chain_15,medium,medium,p3_c105_mp1_pen1_h2,202,6,6,3,3,362,691,8,126,137,200,2,2.893254041671753,0
chain_15,medium,medium,p3_c105_mp1_pen1_h0,202,6,6,3,3,352,673,8,126,137,192,0,3.179762363433838,0
chain_15,medium,medium,p3_c105_mp1_pen1_h5,42,5,6,4,2,347,656,13,94,146,176,4,2.9711992740631104,0
chain_15,medium,medium,p3_c105_mp1_pen1_h2,101,6,6,4,2,374,710,13,115,175,174,2,3.1917052268981934,0
chain_15,medium,medium,p3_c105_mp1_pen0_h0,202,6,6,3,3,352,673,8,126,137,192,0,2.837766408920288,0
chain_15,medium,medium,p3_c105_mp1_pen0_h0,101,6,6,4,2,330,623,15,81,167,141,0,2.993136405944824,0
chain_15,medium,medium,p3_c105_mp1_pen1_h5,101,6,6,4,2,390,739,13,115,161,201,5,3.2486472129821777,0
chain_15,medium,medium,p3_c105_mp1_pen0_h2,42,4,6,4,2,311,583,17,78,149,140,2,2.9475722312927246,0
chain_15,medium,medium,p3_c105_mp1_pen1_h5,202,6,6,3,3,379,714,16,113,137,214,5,3.2595303058624268,0
chain_15,medium,medium,p3_c105_mp1_pen0_h0,42,6,6,3,3,358,685,8,126,144,191,0,3.3136720657348633,0
chain_15,medium,medium,p3_c105_mp1_pen0_h2,101,6,6,4,2,374,710,13,115,175,174,2,3.0922303199768066,0
chain_15,medium,medium,p3_c105_mp1_pen0_h5,42,5,6,4,2,347,656,13,94,146,176,4,2.8292784690856934,0
chain_15,medium,medium,p3_c105_mp1_pen0_h2,202,6,6,3,3,362,691,8,126,137,200,2,3.2449445724487305,0
chain_15,medium,medium,p3_c105_mp2_pen1_h0,101,6,6,4,2,330,623,15,81,167,141,0,2.9329702854156494,0
chain_15,medium,medium,p3_c105_mp2_pen1_h0,42,6,6,3,3,361,687,9,126,144,191,0,2.9957709312438965,0
chain_15,medium,medium,p3_c105_mp1_pen0_h5,101,6,6,4,2,390,739,13,115,161,201,5,3.0765011310577393,0
chain_15,medium,medium,p3_c105_mp1_pen0_h5,202,6,6,3,3,379,714,16,113,137,214,5,3.335280418395996,0
chain_15,medium,medium,p3_c105_mp2_pen1_h0,202,6,6,3,3,352,673,8,126,137,192,0,3.3077216148376465,0
chain_15,medium,medium,p3_c105_mp2_pen1_h2,202,6,6,3,3,362,691,8,126,137,200,2,3.181854486465454,0
chain_15,medium,medium,p3_c105_mp2_pen1_h2,42,4,6,4,2,313,583,19,78,149,140,2,3.3509087562561035,0
chain_15,medium,medium,p3_c105_mp2_pen1_h5,42,5,6,4,2,349,658,13,94,146,176,4,3.1573729515075684,0
chain_15,medium,medium,p3_c105_mp2_pen1_h2,101,6,6,4,2,374,710,13,115,175,174,2,3.3156015872955322,0
chain_15,medium,medium,p3_c105_mp2_pen1_h5,101,6,6,4,2,390,739,13,115,161,201,5,3.0859804153442383,0
chain_15,medium,medium,p3_c105_mp2_pen0_h0,42,6,6,3,3,361,687,9,126,144,191,0,3.0536885261535645,0
chain_15,medium,medium,p3_c105_mp2_pen0_h0,202,6,6,3,3,352,673,8,126,137,192,0,2.7937092781066895,0
chain_15,medium,medium,p3_c105_mp2_pen0_h2,101,6,6,4,2,374,710,13,115,175,174,2,2.827434778213501,0
chain_15,medium,medium,p3_c105_mp2_pen1_h5,202,6,6,3,3,379,714,16,113,137,214,5,3.3490583896636963,0
chain_15,medium,medium,p3_c105_mp2_pen0_h0,101,6,6,4,2,330,623,15,81,167,141,0,3.1173784732818604,0
chain_15,medium,medium,p3_c105_mp2_pen0_h2,42,4,6,4,2,313,583,19,78,149,140,2,3.254859209060669,0
chain_15,medium,medium,p3_c105_mp2_pen0_h5,101,6,6,4,2,390,739,13,115,161,201,5,3.0880117416381836,0
chain_15,medium,medium,p3_c105_mp2_pen0_h2,202,6,6,3,3,362,691,8,126,137,200,2,3.2603607177734375,0
chain_15,medium,medium,p3_c105_mp2_pen0_h5,202,6,6,3,3,379,714,16,113,137,214,5,3.060936689376831,0
chain_15,medium,medium,p3_c105_mp2_pen0_h5,42,5,6,4,2,349,658,13,94,146,176,4,3.3644042015075684,0
chain_15,medium,medium,p3_c105_mp3_pen1_h2,101,6,6,4,2,374,710,13,115,175,174,2,2.8647005558013916,0
chain_15,medium,medium,p3_c105_mp3_pen1_h0,202,6,6,3,3,352,673,8,126,137,192,0,3.0905487537384033,0
chain_15,medium,medium,p3_c105_mp3_pen1_h0,42,5,6,3,3,343,648,10,112,144,171,0,3.1839399337768555,0
chain_15,medium,medium,p3_c105_mp3_pen1_h0,101,6,6,4,2,330,623,15,81,167,141,0,3.1934640407562256,0
chain_15,medium,medium,p3_c105_mp3_pen1_h2,202,6,6,3,3,362,691,8,126,137,200,2,3.027434825897217,0
chain_15,medium,medium,p3_c105_mp3_pen1_h2,42,4,6,4,2,303,562,18,66,149,128,2,3.241262912750244,0
chain_15,medium,medium,p3_c105_mp3_pen1_h5,101,6,6,4,2,390,739,13,115,161,201,5,2.887126922607422,0
chain_15,medium,medium,p3_c105_mp3_pen1_h5,42,4,6,4,2,335,627,15,80,146,161,4,3.196290969848633,0
chain_15,medium,medium,p3_c105_mp3_pen1_h5,202,6,6,3,3,379,714,16,113,137,214,5,3.216689348220825,0
chain_15,medium,medium,p3_c105_mp3_pen0_h0,42,5,6,3,3,343,648,10,112,144,171,0,3.2416510581970215,0
chain_15,medium,medium,p3_c105_mp3_pen0_h0,101,6,6,4,2,330,623,15,81,167,141,0,3.2445220947265625,0
chain_15,medium,medium,p3_c105_mp3_pen0_h0,202,6,6,3,3,352,673,8,126,137,192,0,3.2390456199645996,0
chain_15,medium,medium,p3_c105_mp3_pen0_h2,42,4,6,4,2,303,562,18,66,149,128,2,3.25234055519104,0
chain_15,medium,medium,p3_c105_mp3_pen0_h5,101,6,6,4,2,390,739,13,115,161,201,5,3.124527931213379,0
chain_15,medium,medium,p3_c105_mp3_pen0_h2,101,6,6,4,2,374,710,13,115,175,174,2,3.335101842880249,0
chain_15,medium,medium,p3_c105_mp3_pen0_h2,202,6,6,3,3,362,691,8,126,137,200,2,3.3113088607788086,0
chain_15,medium,medium,p3_c105_mp3_pen0_h5,202,6,6,3,3,379,714,16,113,137,214,5,2.9311959743499756,0
chain_15,medium,medium,p3_c105_mp3_pen0_h5,42,4,6,4,2,335,627,15,80,146,161,4,3.360398530960083,0
chain_15,medium,medium,p3_c120_mp1_pen1_h0,42,6,6,3,3,358,685,8,126,144,191,0,2.8773655891418457,0
chain_15,medium,medium,p3_c120_mp1_pen1_h0,101,6,6,4,2,330,623,15,81,167,141,0,3.107076644897461,0
chain_15,medium,medium,p3_c120_mp1_pen1_h2,101,6,6,4,2,374,710,13,115,175,174,2,3.024038076400757,0
chain_15,medium,medium,p3_c120_mp1_pen1_h0,202,6,6,3,3,352,673,8,126,137,192,0,3.3186938762664795,0
chain_15,medium,medium,p3_c120_mp1_pen1_h2,202,6,6,3,3,362,691,8,126,137,200,2,2.9291186332702637,0
chain_15,medium,medium,p3_c120_mp1_pen1_h5,202,6,6,3,3,379,714,16,113,137,214,5,2.7484216690063477,0
chain_15,medium,medium,p3_c120_mp1_pen1_h2,42,4,6,4,2,311,583,17,78,149,140,2,3.364490270614624,0
chain_15,medium,medium,p3_c120_mp1_pen1_h5,42,5,6,4,2,347,656,13,94,146,176,4,3.008012056350708,0
chain_15,medium,medium,p3_c120_mp1_pen0_h2,42,4,6,4,2,311,583,17,78,149,140,2,2.814674139022827,0
chain_15,medium,medium,p3_c120_mp1_pen0_h2,101,6,6,4,2,374,710,13,115,175,174,2,2.9636173248291016,0
chain_15,medium,medium,p3_c120_mp1_pen1_h5,101,6,6,4,2,390,739,13,115,161,201,5,3.2868380546569824,0
chain_15,medium,medium,p3_c120_mp1_pen0_h0,202,6,6,3,3,352,673,8,126,137,192,0,3.1449670791625977,0
chain_15,medium,medium,p3_c120_mp1_pen0_h0,42,6,6,3,3,358,685,8,126,144,191,0,3.3444597721099854,0
chain_15,medium,medium,p3_c120_mp1_pen0_h0,101,6,6,4,2,330,623,15,81,167,141,0,3.2830843925476074,0
chain_15,medium,medium,p3_c120_mp1_pen0_h2,202,6,6,3,3,362,691,8,126,137,200,2,3.1873860359191895,0
chain_15,medium,medium,p3_c120_mp1_pen0_h5,42,5,6,4,2,347,656,13,94,146,176,4,3.2329070568084717,0
chain_15,medium,medium,p3_c120_mp1_pen0_h5,101,6,6,4,2,390,739,13,115,161,201,5,3.2527315616607666,0
chain_15,medium,medium,p3_c120_mp1_pen0_h5,202,6,6,3,3,379,714,16,113,137,214,5,3.2402327060699463,0
chain_15,medium,medium,p3_c120_mp2_pen1_h0,42,6,6,3,3,361,687,9,126,144,191,0,2.8647873401641846,0
chain_15,medium,medium,p3_c120_mp2_pen1_h0,101,6,6,4,2,330,623,15,81,167,141,0,3.1187825202941895,0
chain_15,medium,medium,p3_c120_mp2_pen1_h0,202,6,6,3,3,352,673,8,126,137,192,0,3.287686347961426,0
chain_15,medium,medium,p3_c120_mp2_pen1_h2,42,4,6,4,2,313,583,19,78,149,140,2,3.24629807472229,0
chain_15,medium,medium,p3_c120_mp2_pen1_h2,101,6,6,4,2,374,710,13,115,175,174,2,3.260471820831299,0
chain_15,medium,medium,p3_c120_mp2_pen1_h2,202,6,6,3,3,362,691,8,126,137,200,2,3.2019460201263428,0
chain_15,medium,medium,p3_c120_mp2_pen0_h0,202,6,6,3,3,352,673,8,126,137,192,0,2.803452491760254,0
chain_15,medium,medium,p3_c120_mp2_pen0_h0,101,6,6,4,2,330,623,15,81,167,141,0,3.1738240718841553,0
chain_15,medium,medium,p3_c120_mp2_pen0_h0,42,6,6,3,3,361,687,9,126,144,191,0,3.1807377338409424,0
chain_15,medium,medium,p3_c120_mp2_pen1_h5,202,6,6,3,3,379,714,16,113,137,214,5,3.2630929946899414,0
chain_15,medium,medium,p3_c120_mp2_pen1_h5,42,5,6,4,2,349,658,13,94,146,176,4,3.282834529876709,0
chain_15,medium,medium,p3_c120_mp2_pen1_h5,101,6,6,4,2,390,739,13,115,161,201,5,3.352339267730713,0
chain_15,medium,medium,p3_c120_mp2_pen0_h2,42,4,6,4,2,313,583,19,78,149,140,2,3.3020179271698,0
chain_15,medium,medium,p3_c120_mp3_pen1_h0,202,6,6,3,3,352,673,8,126,137,192,0,2.583742380142212,0
chain_15,medium,medium,p3_c120_mp2_pen0_h5,101,6,6,4,2,390,739,13,115,161,201,5,3.1448497772216797,0
chain_15,medium,medium,p3_c120_mp2_pen0_h2,101,6,6,4,2,374,710,13,115,175,174,2,3.2653965950012207,0
chain_15,medium,medium,p3_c120_mp2_pen0_h2,202,6,6,3,3,362,691,8,126,137,200,2,3.2688732147216797,0
chain_15,medium,medium,p3_c120_mp3_pen1_h0,101,6,6,4,2,330,623,15,81,167,141,0,2.833604335784912,0
chain_15,medium,medium,p3_c120_mp2_pen0_h5,202,6,6,3,3,379,714,16,113,137,214,5,3.1374013423919678,0
chain_15,medium,medium,p3_c120_mp2_pen0_h5,42,5,6,4,2,349,658,13,94,146,176,4,3.3086371421813965,0
chain_15,medium,medium,p3_c120_mp3_pen1_h0,42,5,6,3,3,343,648,10,112,144,171,0,3.2442917823791504,0
chain_15,medium,medium,p3_c120_mp3_pen1_h2,42,4,6,4,2,303,562,18,66,149,128,2,2.9715888500213623,0
chain_15,medium,medium,p3_c120_mp3_pen1_h5,42,4,6,4,2,335,627,15,80,146,161,4,2.838693857192993,0
chain_15,medium,medium,p3_c120_mp3_pen1_h2,101,6,6,4,2,374,710,13,115,175,174,2,3.166229724884033,0
chain_15,medium,medium,p3_c120_mp3_pen1_h2,202,6,6,3,3,362,691,8,126,137,200,2,3.246164560317993,0
chain_15,medium,medium,p3_c120_mp3_pen0_h0,42,5,6,3,3,343,648,10,112,144,171,0,2.9235122203826904,0
chain_15,medium,medium,p3_c120_mp3_pen1_h5,101,6,6,4,2,390,739,13,115,161,201,5,3.053831100463867,0
chain_15,medium,medium,p3_c120_mp3_pen1_h5,202,6,6,3,3,379,714,16,113,137,214,5,3.2127938270568848,0
chain_15,medium,medium,p3_c120_mp3_pen0_h0,101,6,6,4,2,330,623,15,81,167,141,0,3.0869107246398926,0
chain_15,medium,medium,p3_c120_mp3_pen0_h0,202,6,6,3,3,352,673,8,126,137,192,0,3.089365243911743,0
chain_15,medium,medium,p3_c120_mp3_pen0_h2,42,4,6,4,2,303,562,18,66,149,128,2,3.249241828918457,0
chain_15,medium,medium,p3_c120_mp3_pen0_h2,202,6,6,3,3,362,691,8,126,137,200,2,3.1885178089141846,0
chain_15,medium,medium,p3_c120_mp3_pen0_h2,101,6,6,4,2,374,710,13,115,175,174,2,3.3660926818847656,0
chain_15,medium,medium,p3_c160_mp1_pen1_h0,42,6,6,3,3,358,685,8,126,144,191,0,2.915929079055786,0
chain_15,medium,medium,p3_c160_mp1_pen1_h0,101,6,6,4,2,330,623,15,81,167,141,0,2.9516594409942627,0
chain_15,medium,medium,p3_c120_mp3_pen0_h5,202,6,6,3,3,379,714,16,113,137,214,5,3.0513739585876465,0
chain_15,medium,medium,p3_c120_mp3_pen0_h5,101,6,6,4,2,390,739,13,115,161,201,5,3.1076786518096924,0
chain_15,medium,medium,p3_c120_mp3_pen0_h5,42,4,6,4,2,335,627,15,80,146,161,4,3.2354516983032227,0
chain_15,medium,medium,p3_c160_mp1_pen1_h0,202,6,6,3,3,352,673,8,126,137,192,0,3.271559238433838,0
chain_15,medium,medium,p3_c160_mp1_pen1_h2,42,4,6,4,2,311,583,17,78,149,140,2,3.2249977588653564,0
chain_15,medium,medium,p3_c160_mp1_pen0_h0,42,6,6,3,3,358,685,8,126,144,191,0,2.752117395401001,0
chain_15,medium,medium,p3_c160_mp1_pen1_h2,202,6,6,3,3,362,691,8,126,137,200,2,3.116713047027588,0
chain_15,medium,medium,p3_c160_mp1_pen0_h0,101,6,6,4,2,330,623,15,81,167,141,0,2.9842145442962646,0
chain_15,medium,medium,p3_c160_mp1_pen1_h2,101,6,6,4,2,374,710,13,115,175,174,2,3.3035058975219727,0
chain_15,medium,medium,p3_c160_mp1_pen1_h5,101,6,6,4,2,390,739,13,115,161,201,5,3.1823363304138184,0
chain_15,medium,medium,p3_c160_mp1_pen1_h5,202,6,6,3,3,379,714,16,113,137,214,5,3.249579429626465,0
chain_15,medium,medium,p3_c160_mp1_pen1_h5,42,5,6,4,2,347,656,13,94,146,176,4,3.3673095703125,0
chain_15,medium,medium,p3_c160_mp1_pen0_h0,202,6,6,3,3,352,673,8,126,137,192,0,3.242976188659668,0
chain_15,medium,medium,p3_c160_mp1_pen0_h2,202,6,6,3,3,362,691,8,126,137,200,2,3.122056484222412,0
chain_15,medium,medium,p3_c160_mp1_pen0_h2,101,6,6,4,2,374,710,13,115,175,174,2,3.2449820041656494,0
chain_15,medium,medium,p3_c160_mp1_pen0_h2,42,4,6,4,2,311,583,17,78,149,140,2,3.3383967876434326,0
chain_15,medium,medium,p3_c160_mp2_pen1_h0,42,6,6,3,3,361,687,9,126,144,191,0,2.8324906826019287,0
chain_15,medium,medium,p3_c160_mp2_pen1_h0,101,6,6,4,2,330,623,15,81,167,141,0,2.684596538543701,0
chain_15,medium,medium,p3_c160_mp1_pen0_h5,101,6,6,4,2,390,739,13,115,161,201,5,3.055936336517334,0
chain_15,medium,medium,p3_c160_mp1_pen0_h5,202,6,6,3,3,379,714,16,113,137,214,5,3.210689067840576,0
chain_15,medium,medium,p3_c160_mp1_pen0_h5,42,5,6,4,2,347,656,13,94,146,176,4,3.3241946697235107,0
chain_15,medium,medium,p3_c160_mp2_pen1_h0,202,6,6,3,3,352,673,8,126,137,192,0,3.335557460784912,0
chain_15,medium,medium,p3_c160_mp2_pen1_h2,42,4,6,4,2,313,583,19,78,149,140,2,3.2870802879333496,0
chain_15,medium,medium,p3_c160_mp2_pen1_h2,101,6,6,4,2,374,710,13,115,175,174,2,3.0903913974761963,0
chain_15,medium,medium,p3_c160_mp2_pen0_h0,101,6,6,4,2,330,623,15,81,167,141,0,2.575996160507202,0
chain_15,medium,medium,p3_c160_mp2_pen0_h0,42,6,6,3,3,361,687,9,126,144,191,0,2.818084716796875,0
chain_15,medium,medium,p3_c160_mp2_pen1_h2,202,6,6,3,3,362,691,8,126,137,200,2,3.3442256450653076,0
chain_15,medium,medium,p3_c160_mp2_pen0_h0,202,6,6,3,3,352,673,8,126,137,192,0,3.0760977268218994,0
chain_15,medium,medium,p3_c160_mp2_pen1_h5,101,6,6,4,2,390,739,13,115,161,201,5,3.2611007690429688,0
chain_15,medium,medium,p3_c160_mp2_pen1_h5,202,6,6,3,3,379,714,16,113,137,214,5,3.2109375,0
chain_15,medium,medium,p3_c160_mp2_pen1_h5,42,5,6,4,2,349,658,13,94,146,176,4,3.3657073974609375,0
chain_15,medium,medium,p3_c160_mp2_pen0_h2,101,6,6,4,2,374,710,13,115,175,174,2,3.2262704372406006,0
chain_15,medium,medium,p3_c160_mp2_pen0_h2,42,4,6,4,2,313,583,19,78,149,140,2,3.319370746612549,0
chain_15,medium,medium,p3_c160_mp2_pen0_h2,202,6,6,3,3,362,691,8,126,137,200,2,3.1386947631835938,0
chain_15,medium,medium,p3_c160_mp2_pen0_h5,42,5,6,4,2,349,658,13,94,146,176,4,3.007848024368286,0
chain_15,medium,medium,p3_c160_mp3_pen1_h0,42,5,6,3,3,343,648,10,112,144,171,0,2.902921199798584,0
chain_15,medium,medium,p3_c160_mp2_pen0_h5,101,6,6,4,2,390,739,13,115,161,201,5,3.0869104862213135,0
chain_15,medium,medium,p3_c160_mp2_pen0_h5,202,6,6,3,3,379,714,16,113,137,214,5,3.0591325759887695,0
chain_15,medium,medium,p3_c160_mp3_pen1_h0,101,6,6,4,2,330,623,15,81,167,141,0,3.0035057067871094,0
chain_15,medium,medium,p3_c160_mp3_pen1_h2,202,6,6,3,3,362,691,8,126,137,200,2,2.926785945892334,0
chain_15,medium,medium,p3_c160_mp3_pen0_h0,202,6,6,3,3,352,673,8,126,137,192,0,2.535571575164795,0
chain_15,medium,medium,p3_c160_mp3_pen1_h0,202,6,6,3,3,352,673,8,126,137,192,0,3.1742966175079346,0
chain_15,medium,medium,p3_c160_mp3_pen1_h2,42,4,6,4,2,303,562,18,66,149,128,2,3.363537311553955,0
chain_15,medium,medium,p3_c160_mp3_pen1_h2,101,6,6,4,2,374,710,13,115,175,174,2,3.2502756118774414,0
chain_15,medium,medium,p3_c160_mp3_pen1_h5,101,6,6,4,2,390,739,13,115,161,201,5,3.183152198791504,0
chain_15,medium,medium,p3_c160_mp3_pen1_h5,202,6,6,3,3,379,714,16,113,137,214,5,3.2373080253601074,0
chain_15,medium,medium,p3_c160_mp3_pen0_h0,42,5,6,3,3,343,648,10,112,144,171,0,3.1468286514282227,0
chain_15,medium,medium,p3_c160_mp3_pen1_h5,42,4,6,4,2,335,627,15,80,146,161,4,3.367351531982422,0
chain_15,medium,medium,p3_c160_mp3_pen0_h0,101,6,6,4,2,330,623,15,81,167,141,0,3.273618698120117,0
chain_15,medium,medium,p3_c160_mp3_pen0_h2,101,6,6,4,2,374,710,13,115,175,174,2,2.8808963298797607,0
chain_15,medium,medium,p3_c160_mp3_pen0_h2,42,4,6,4,2,303,562,18,66,149,128,2,3.3578367233276367,0
chain_15,medium,medium,p3_c160_mp3_pen0_h5,42,4,6,4,2,335,627,15,80,146,161,4,2.8597218990325928,0
chain_15,medium,medium,p3_c160_mp3_pen0_h2,202,6,6,3,3,362,691,8,126,137,200,2,3.1822431087493896,0
chain_15,medium,medium,p3_c160_mp3_pen0_h5,101,6,6,4,2,390,739,13,115,161,201,5,3.331634044647217,0
chain_15,heavy,medium,baseline,42,11,12,4,8,468,889,15,158,141,295,0,3.2294013500213623,0
chain_15,heavy,medium,baseline,202,9,10,2,8,413,783,14,143,111,273,0,3.2165839672088623,0
chain_15,heavy,medium,baseline,101,10,12,2,10,434,816,21,139,95,308,0,3.2353146076202393,0
chain_15,heavy,medium,p3_c40_mp1_pen1_h0,202,9,10,2,8,413,783,14,143,111,273,0,2.7858200073242188,0
chain_15,medium,medium,p3_c160_mp3_pen0_h5,202,6,6,3,3,379,714,16,113,137,214,5,3.283437967300415,0
chain_15,heavy,medium,p3_c40_mp1_pen1_h0,42,0,12,0,12,222,414,10,0,68,134,0,3.3400068283081055,0
chain_15,heavy,medium,p3_c40_mp1_pen1_h2,42,0,12,0,12,230,428,10,0,66,142,2,2.9327588081359863,0
chain_15,heavy,medium,p3_c40_mp1_pen1_h0,101,10,12,2,10,434,816,21,139,95,308,0,3.1919264793395996,0
chain_15,heavy,medium,p3_c40_mp1_pen1_h2,101,10,12,2,10,435,820,17,129,96,306,2,3.172543525695801,0
chain_15,heavy,medium,p3_c40_mp1_pen1_h2,202,10,10,1,9,436,829,12,144,200,205,2,3.19386625289917,0
chain_15,heavy,medium,p3_c40_mp1_pen1_h5,202,8,10,2,8,429,812,14,126,105,292,5,3.0716712474823,0
chain_15,heavy,medium,p3_c40_mp1_pen1_h5,101,9,12,4,8,439,819,24,115,112,292,5,3.278106689453125,0
chain_15,heavy,medium,p3_c40_mp1_pen0_h2,42,9,12,1,11,424,797,19,117,92,300,2,2.785940170288086,0
chain_15,heavy,medium,p3_c40_mp1_pen1_h5,42,0,12,0,12,254,472,11,0,66,163,5,3.369907855987549,0
chain_15,heavy,medium,p3_c40_mp1_pen0_h0,42,11,12,1,11,467,891,11,157,94,341,0,3.1078765392303467,0
chain_15,heavy,medium,p3_c40_mp1_pen0_h0,202,9,10,2,8,413,783,14,143,111,273,0,3.240125894546509,0
chain_15,heavy,medium,p3_c40_mp1_pen0_h0,101,10,12,2,10,434,816,21,139,95,308,0,3.2481722831726074,0
chain_15,heavy,medium,p3_c40_mp1_pen0_h2,202,10,10,1,9,436,829,12,144,200,205,2,3.1146059036254883,0
chain_15,heavy,medium,p3_c40_mp1_pen0_h5,42,9,12,1,11,444,837,17,134,92,318,4,3.11396861076355,0
chain_15,heavy,medium,p3_c40_mp1_pen0_h2,101,10,12,2,10,435,820,17,129,96,306,2,3.2732865810394287,0
chain_15,heavy,medium,p3_c40_mp1_pen0_h5,101,9,12,4,8,439,819,24,115,112,292,5,3.2880172729492188,0
chain_15,heavy,medium,p3_c40_mp1_pen0_h5,202,8,10,2,8,429,812,14,126,105,292,5,3.2683866024017334,0
chain_15,heavy,medium,p3_c40_mp2_pen1_h0,101,10,12,2,10,434,816,21,139,95,308,0,2.9217095375061035,0
chain_15,heavy,medium,p3_c40_mp2_pen1_h0,42,0,12,0,12,234,426,10,0,68,134,0,3.2698843479156494,0
chain_15,heavy,medium,p3_c40_mp2_pen1_h0,202,9,10,2,8,413,783,14,143,111,273,0,2.7479684352874756,0
chain_15,heavy,medium,p3_c40_mp2_pen1_h2,42,0,12,0,12,244,446,8,0,68,142,2,3.2854020595550537,0
chain_15,heavy,medium,p3_c40_mp2_pen1_h2,101,10,12,2,10,435,820,17,129,96,306,2,3.2049107551574707,0
chain_15,heavy,medium,p3_c40_mp2_pen0_h0,42,7,12,7,5,457,849,27,170,235,184,0,2.86222505569458,0
chain_15,heavy,medium,p3_c40_mp2_pen0_h0,101,10,12,2,10,434,816,21,139,95,308,0,3.040712594985962,0
chain_15,heavy,medium,p3_c40_mp2_pen1_h2,202,10,10,1,9,436,829,12,144,200,205,2,3.3024027347564697,0
chain_15,heavy,medium,p3_c40_mp2_pen0_h0,202,9,10,2,8,413,783,14,143,111,273,0,3.0645358562469482,0
chain_15,heavy,medium,p3_c40_mp2_pen1_h5,101,9,12,4,8,439,819,24,115,112,292,5,3.265580415725708,0
chain_15,heavy,medium,p3_c40_mp2_pen1_h5,202,8,10,2,8,429,812,14,126,105,292,5,3.2848403453826904,0
chain_15,heavy,medium,p3_c40_mp2_pen1_h5,42,0,12,0,12,260,474,10,0,66,158,4,3.367997407913208,0
chain_15,heavy,medium,p3_c40_mp2_pen0_h2,101,10,12,2,10,435,820,17,129,96,306,2,3.170750856399536,0
chain_15,heavy,medium,p3_c40_mp2_pen0_h2,42,9,12,7,5,487,913,20,177,244,202,2,3.299144983291626,0
chain_15,heavy,medium,p3_c40_mp3_pen1_h0,42,0,12,0,12,246,440,8,0,68,134,0,2.7216529846191406,0
chain_15,heavy,medium,p3_c40_mp3_pen1_h0,101,10,12,2,10,434,816,21,139,95,308,0,2.7012851238250732,0
chain_15,heavy,medium,p3_c40_mp2_pen0_h2,202,10,10,1,9,436,829,12,144,200,205,2,3.262636661529541,0
chain_15,heavy,medium,p3_c40_mp2_pen0_h5,42,9,12,7,5,521,967,29,182,242,233,6,3.2561049461364746,0
chain_15,heavy,medium,p3_c40_mp2_pen0_h5,101,9,12,4,8,439,819,24,115,112,292,5,3.2497241497039795,0
chain_15,heavy,medium,p3_c40_mp2_pen0_h5,202,8,10,2,8,429,812,14,126,105,292,5,3.2053771018981934,0
chain_15,heavy,medium,p3_c40_mp3_pen1_h2,42,0,12,0,12,268,480,10,0,80,142,2,2.9346795082092285,0
chain_15,heavy,medium,p3_c40_mp3_pen1_h2,202,10,10,1,9,436,829,12,144,200,205,2,2.8092970848083496,0
chain_15,heavy,medium,p3_c40_mp3_pen1_h2,101,10,12,2,10,435,820,17,129,96,306,2,3.1324849128723145,0
chain_15,heavy,medium,p3_c40_mp3_pen1_h0,202,9,10,2,8,413,783,14,143,111,273,0,3.292222738265991,0
chain_15,heavy,medium,p3_c40_mp3_pen1_h5,101,9,12,4,8,439,819,24,115,112,292,5,2.921290397644043,0
chain_15,heavy,medium,p3_c40_mp3_pen1_h5,42,0,12,0,12,280,498,14,0,78,154,4,3.13474702835083,0
chain_15,heavy,medium,p3_c40_mp3_pen1_h5,202,8,10,2,8,429,812,14,126,105,292,5,2.9936583042144775,0
chain_15,heavy,medium,p3_c40_mp3_pen0_h0,42,9,12,7,5,507,942,27,201,235,227,0,3.276045560836792,0
chain_15,heavy,medium,p3_c40_mp3_pen0_h0,101,10,12,2,10,434,816,21,139,95,308,0,3.232975482940674,0
chain_15,heavy,medium,p3_c40_mp3_pen0_h2,42,7,12,8,4,454,840,26,150,240,172,2,3.27893328666687,0
chain_15,heavy,medium,p3_c40_mp3_pen0_h0,202,9,10,2,8,413,783,14,143,111,273,0,3.3155558109283447,0
chain_15,heavy,medium,p3_c40_mp3_pen0_h2,202,10,10,1,9,436,829,12,144,200,205,2,3.022000551223755,0
chain_15,heavy,medium,p3_c40_mp3_pen0_h2,101,10,12,2,10,435,820,17,129,96,306,2,3.254638433456421,0
chain_15,heavy,medium,p3_c40_mp3_pen0_h5,42,8,12,8,4,500,926,28,162,272,182,5,3.0893595218658447,0
chain_15,heavy,medium,p3_c40_mp3_pen0_h5,101,9,12,4,8,439,819,24,115,112,292,5,3.1179864406585693,0
chain_15,heavy,medium,p3_c40_mp3_pen0_h5,202,8,10,2,8,429,812,14,126,105,292,5,3.1379659175872803,0
chain_15,heavy,medium,p3_c100_mp1_pen1_h0,202,9,10,2,8,413,783,14,143,111,273,0,2.9576416015625,0
chain_15,heavy,medium,p3_c100_mp1_pen1_h2,202,10,10,1,9,436,829,12,144,200,205,2,2.7987284660339355,0
chain_15,heavy,medium,p3_c100_mp1_pen1_h0,101,10,12,2,10,434,816,21,139,95,308,0,3.1981308460235596,0
chain_15,heavy,medium,p3_c100_mp1_pen1_h0,42,0,12,0,12,222,414,10,0,68,134,0,3.261220932006836,0
chain_15,heavy,medium,p3_c100_mp1_pen1_h5,101,9,12,4,8,439,819,24,115,112,292,5,2.9432156085968018,0
chain_15,heavy,medium,p3_c100_mp1_pen1_h5,42,0,12,0,12,254,472,11,0,66,163,5,2.955848455429077,0
chain_15,heavy,medium,p3_c100_mp1_pen1_h2,101,10,12,2,10,435,820,17,129,96,306,2,3.1163785457611084,0
chain_15,heavy,medium,p3_c100_mp1_pen1_h2,42,0,12,0,12,230,428,10,0,66,142,2,3.3648509979248047,0
chain_15,heavy,medium,p3_c100_mp1_pen1_h5,202,8,10,2,8,429,812,14,126,105,292,5,3.1449432373046875,0
chain_15,heavy,medium,p3_c100_mp1_pen0_h0,202,9,10,2,8,413,783,14,143,111,273,0,3.0272183418273926,0
chain_15,heavy,medium,p3_c100_mp1_pen0_h0,101,10,12,2,10,434,816,21,139,95,308,0,3.1877448558807373,0
chain_15,heavy,medium,p3_c100_mp1_pen0_h2,42,9,12,1,11,424,797,19,117,92,300,2,3.1463613510131836,0
chain_15,heavy,medium,p3_c100_mp1_pen0_h0,42,11,12,1,11,467,891,11,157,94,341,0,3.338491439819336,0
chain_15,heavy,medium,p3_c100_mp1_pen0_h2,202,10,10,1,9,436,829,12,144,200,205,2,3.01137638092041,0
chain_15,heavy,medium,p3_c100_mp1_pen0_h2,101,10,12,2,10,435,820,17,129,96,306,2,3.2311158180236816,0
chain_15,heavy,medium,p3_c100_mp1_pen0_h5,101,9,12,4,8,439,819,24,115,112,292,5,3.063958168029785,0
chain_15,heavy,medium,p3_c100_mp2_pen1_h0,42,0,12,0,12,234,426,10,0,68,134,0,3.012990713119507,0
chain_15,heavy,medium,p3_c100_mp1_pen0_h5,42,9,12,1,11,444,837,17,134,92,318,4,3.3745126724243164,0
chain_15,heavy,medium,p3_c100_mp1_pen0_h5,202,8,10,2,8,429,812,14,126,105,292,5,3.3433895111083984,0
chain_15,heavy,medium,p3_c100_mp2_pen1_h0,202,9,10,2,8,413,783,14,143,111,273,0,2.8734352588653564,0
chain_15,heavy,medium,p3_c100_mp2_pen1_h0,101,10,12,2,10,434,816,21,139,95,308,0,3.169801712036133,0
chain_15,heavy,medium,p3_c100_mp2_pen1_h2,101,10,12,2,10,435,820,17,129,96,306,2,2.979184150695801,0
chain_15,heavy,medium,p3_c100_mp2_pen1_h2,42,0,12,0,12,244,446,8,0,68,142,2,3.3619275093078613,0
chain_15,heavy,medium,p3_c100_mp2_pen1_h5,42,0,12,0,12,260,474,10,0,66,158,4,3.189753770828247,0
chain_15,heavy,medium,p3_c100_mp2_pen1_h2,202,10,10,1,9,436,829,12,144,200,205,2,3.3148343563079834,0
chain_15,heavy,medium,p3_c100_mp2_pen0_h0,42,7,12,7,5,457,849,27,170,235,184,0,2.8961780071258545,0
chain_15,heavy,medium,p3_c100_mp2_pen1_h5,101,9,12,4,8,439,819,24,115,112,292,5,3.24265718460083,0
chain_15,heavy,medium,p3_c100_mp2_pen1_h5,202,8,10,2,8,429,812,14,126,105,292,5,3.0568692684173584,0
chain_15,heavy,medium,p3_c100_mp2_pen0_h0,101,10,12,2,10,434,816,21,139,95,308,0,3.16871976852417,0
chain_15,heavy,medium,p3_c100_mp2_pen0_h2,42,9,12,7,5,487,913,20,177,244,202,2,2.990063428878784,0
chain_15,heavy,medium,p3_c100_mp2_pen0_h5,42,9,12,7,5,521,967,29,182,242,233,6,2.9374542236328125,0
chain_15,heavy,medium,p3_c100_mp2_pen0_h2,202,10,10,1,9,436,829,12,144,200,205,2,3.040820837020874,0
chain_15,heavy,medium,p3_c100_mp2_pen0_h0,202,9,10,2,8,413,783,14,143,111,273,0,3.2416129112243652,0
chain_15,heavy,medium,p3_c100_mp2_pen0_h2,101,10,12,2,10,435,820,17,129,96,306,2,3.165389060974121,0
chain_15,heavy,medium,p3_c100_mp2_pen0_h5,202,8,10,2,8,429,812,14,126,105,292,5,3.0612807273864746,0
chain_15,heavy,medium,p3_c100_mp2_pen0_h5,101,9,12,4,8,439,819,24,115,112,292,5,3.2598423957824707,0
chain_15,heavy,medium,p3_c100_mp3_pen1_h0,42,0,12,0,12,246,440,8,0,68,134,0,3.0644760131835938,0
chain_15,heavy,medium,p3_c100_mp3_pen1_h0,202,9,10,2,8,413,783,14,143,111,273,0,2.867516279220581,0
chain_15,heavy,medium,p3_c100_mp3_pen1_h0,101,10,12,2,10,434,816,21,139,95,308,0,3.169837236404419,0
chain_15,heavy,medium,p3_c100_mp3_pen1_h2,42,0,12,0,12,268,480,10,0,80,142,2,3.091778039932251,0
chain_15,heavy,medium,p3_c100_mp3_pen1_h5,42,0,12,0,12,280,498,14,0,78,154,4,3.066258430480957,0
chain_15,heavy,medium,p3_c100_mp3_pen1_h2,202,10,10,1,9,436,829,12,144,200,205,2,3.213045120239258,0
chain_15,heavy,medium,p3_c100_mp3_pen1_h2,101,10,12,2,10,435,820,17,129,96,306,2,3.3593926429748535,0
chain_15,heavy,medium,p3_c100_mp3_pen1_h5,101,9,12,4,8,439,819,24,115,112,292,5,3.2649405002593994,0
chain_15,heavy,medium,p3_c100_mp3_pen0_h0,42,9,12,7,5,507,942,27,201,235,227,0,3.1521196365356445,0
chain_15,heavy,medium,p3_c100_mp3_pen1_h5,202,8,10,2,8,429,812,14,126,105,292,5,3.2127795219421387,0
chain_15,heavy,medium,p3_c100_mp3_pen0_h0,101,10,12,2,10,434,816,21,139,95,308,0,3.0568578243255615,0
chain_15,heavy,medium,p3_c100_mp3_pen0_h2,101,10,12,2,10,435,820,17,129,96,306,2,2.8917391300201416,0
chain_15,heavy,medium,p3_c100_mp3_pen0_h0,202,9,10,2,8,413,783,14,143,111,273,0,3.2040185928344727,0
chain_15,heavy,medium,p3_c100_mp3_pen0_h2,42,7,12,8,4,454,840,26,150,240,172,2,3.18867826461792,0
chain_15,heavy,medium,p3_c100_mp3_pen0_h2,202,10,10,1,9,436,829,12,144,200,205,2,3.3643789291381836,0
chain_15,heavy,medium,p3_c100_mp3_pen0_h5,101,9,12,4,8,439,819,24,115,112,292,5,3.114560127258301,0
chain_15,heavy,medium,p3_c100_mp3_pen0_h5,42,8,12,8,4,500,926,28,162,272,182,5,3.3180034160614014,0
chain_15,heavy,medium,p3_c105_mp1_pen1_h0,42,11,12,4,8,468,889,15,158,141,295,0,2.9788198471069336,0
chain_15,heavy,medium,p3_c105_mp1_pen1_h2,42,11,12,2,10,466,879,19,140,121,311,2,2.848865032196045,0
chain_15,heavy,medium,p3_c105_mp1_pen1_h0,101,10,12,2,10,434,816,21,139,95,308,0,3.0976293087005615,0
chain_15,heavy,medium,p3_c100_mp3_pen0_h5,202,8,10,2,8,429,812,14,126,105,292,5,3.3480710983276367,0
chain_15,heavy,medium,p3_c105_mp1_pen1_h0,202,9,10,2,8,413,783,14,143,111,273,0,3.0854954719543457,0
chain_15,heavy,medium,p3_c105_mp1_pen1_h2,101,10,12,2,10,435,820,17,129,96,306,2,3.1853067874908447,0
chain_15,heavy,medium,p3_c105_mp1_pen1_h5,202,8,10,2,8,429,812,14,126,105,292,5,2.88032865524292,0
chain_15,heavy,medium,p3_c105_mp1_pen0_h0,42,11,12,4,8,468,889,15,158,141,295,0,2.7530455589294434,0
chain_15,heavy,medium,p3_c105_mp1_pen1_h2,202,10,10,1,9,436,829,12,144,200,205,2,3.2752935886383057,0
chain_15,heavy,medium,p3_c105_mp1_pen1_h5,42,10,12,5,7,461,865,21,138,159,266,5,3.2516262531280518,0
chain_15,heavy,medium,p3_c105_mp1_pen1_h5,101,9,12,4,8,439,819,24,115,112,292,5,3.2973408699035645,0
chain_15,heavy,medium,p3_c105_mp1_pen0_h0,101,10,12,2,10,434,816,21,139,95,308,0,3.0967652797698975,0
chain_15,heavy,medium,p3_c105_mp1_pen0_h0,202,9,10,2,8,413,783,14,143,111,273,0,3.1403696537017822,0
chain_15,heavy,medium,p3_c105_mp1_pen0_h2,42,11,12,2,10,466,879,19,140,121,311,2,2.9876484870910645,0
chain_15,heavy,medium,p3_c105_mp1_pen0_h2,101,10,12,2,10,435,820,17,129,96,306,2,3.102440118789673,0
chain_15,heavy,medium,p3_c105_mp1_pen0_h2,202,10,10,1,9,436,829,12,144,200,205,2,3.262341260910034,0
chain_15,heavy,medium,p3_c105_mp1_pen0_h5,42,10,12,5,7,461,865,21,138,159,266,5,3.2704508304595947,0
chain_15,heavy,medium,p3_c105_mp1_pen0_h5,202,8,10,2,8,429,812,14,126,105,292,5,3.093705177307129,0
chain_15,heavy,medium,p3_c105_mp2_pen1_h0,101,10,12,2,10,434,816,21,139,95,308,0,3.0167360305786133,0
chain_15,heavy,medium,p3_c105_mp2_pen1_h0,42,9,12,8,4,465,866,26,175,245,182,0,3.0655288696289062,0
chain_15,heavy,medium,p3_c105_mp1_pen0_h5,101,9,12,4,8,439,819,24,115,112,292,5,3.3340003490448,0
chain_15,heavy,medium,p3_c105_mp2_pen1_h0,202,9,10,2,8,413,783,14,143,111,273,0,3.2222769260406494,0
chain_15,heavy,medium,p3_c105_mp2_pen1_h2,42,7,12,8,4,459,855,25,159,245,176,2,3.299128770828247,0
chain_15,heavy,medium,p3_c105_mp2_pen1_h2,101,10,12,2,10,435,820,17,129,96,306,2,3.201591730117798,0
chain_15,heavy,medium,p3_c105_mp2_pen1_h2,202,10,10,1,9,436,829,12,144,200,205,2,3.1365764141082764,0
chain_15,heavy,medium,p3_c105_mp2_pen1_h5,42,9,12,9,3,493,919,26,168,248,204,5,3.1137330532073975,0
chain_15,heavy,medium,p3_c105_mp2_pen0_h0,42,9,12,8,4,465,866,26,175,245,182,0,3.095979690551758,0
chain_15,heavy,medium,p3_c105_mp2_pen1_h5,101,9,12,4,8,439,819,24,115,112,292,5,3.27851939201355,0
chain_15,heavy,medium,p3_c105_mp2_pen0_h2,101,10,12,2,10,435,820,17,129,96,306,2,2.861480951309204,0
chain_15,heavy,medium,p3_c105_mp2_pen1_h5,202,8,10,2,8,429,812,14,126,105,292,5,3.2168030738830566,0
chain_15,heavy,medium,p3_c105_mp2_pen0_h0,202,9,10,2,8,413,783,14,143,111,273,0,3.0613439083099365,0
chain_15,heavy,medium,p3_c105_mp2_pen0_h5,202,8,10,2,8,429,812,14,126,105,292,5,2.6683828830718994,0
chain_15,heavy,medium,p3_c105_mp2_pen0_h0,101,10,12,2,10,434,816,21,139,95,308,0,3.211637258529663,0
chain_15,heavy,medium,p3_c105_mp2_pen0_h5,42,9,12,9,3,493,919,26,168,248,204,5,3.0662953853607178,0
chain_15,heavy,medium,p3_c105_mp2_pen0_h2,42,7,12,8,4,459,855,25,159,245,176,2,3.264753818511963,0
chain_15,heavy,medium,p3_c105_mp3_pen1_h0,202,9,10,2,8,413,783,14,143,111,273,0,2.811854600906372,0
chain_15,heavy,medium,p3_c105_mp2_pen0_h2,202,10,10,1,9,436,829,12,144,200,205,2,3.2761218547821045,0
chain_15,heavy,medium,p3_c105_mp2_pen0_h5,101,9,12,4,8,439,819,24,115,112,292,5,3.350027561187744,0
chain_15,heavy,medium,p3_c105_mp3_pen1_h0,42,8,12,8,4,444,823,25,158,224,180,0,3.225550889968872,0
chain_15,heavy,medium,p3_c105_mp3_pen1_h2,42,8,12,8,4,445,818,30,127,243,160,2,3.0160272121429443,0
chain_15,heavy,medium,p3_c105_mp3_pen1_h0,101,10,12,2,10,434,816,21,139,95,308,0,3.2139663696289062,0
chain_15,heavy,medium,p3_c105_mp3_pen1_h2,101,10,12,2,10,435,820,17,129,96,306,2,3.2368273735046387,0
chain_15,heavy,medium,p3_c105_mp3_pen1_h2,202,10,10,1,9,436,829,12,144,200,205,2,3.2667534351348877,0
chain_15,heavy,medium,p3_c105_mp3_pen1_h5,42,8,12,9,3,474,879,26,154,248,183,5,3.190117359161377,0
chain_15,heavy,medium,p3_c105_mp3_pen0_h2,202,10,10,1,9,436,829,12,144,200,205,2,2.608579397201538,0
chain_15,heavy,medium,p3_c105_mp3_pen1_h5,101,9,12,4,8,439,819,24,115,112,292,5,3.232795000076294,0
chain_15,heavy,medium,p3_c105_mp3_pen1_h5,202,8,10,2,8,429,812,14,126,105,292,5,3.2692863941192627,0
chain_15,heavy,medium,p3_c105_mp3_pen0_h0,42,8,12,8,4,444,823,25,158,224,180,0,3.258289098739624,0
chain_15,heavy,medium,p3_c105_mp3_pen0_h0,101,10,12,2,10,434,816,21,139,95,308,0,3.2449378967285156,0
chain_15,heavy,medium,p3_c105_mp3_pen0_h0,202,9,10,2,8,413,783,14,143,111,273,0,3.2464094161987305,0
chain_15,heavy,medium,p3_c105_mp3_pen0_h2,101,10,12,2,10,435,820,17,129,96,306,2,3.0335140228271484,0
chain_15,heavy,medium,p3_c105_mp3_pen0_h2,42,8,12,8,4,445,818,30,127,243,160,2,3.237760066986084,0
chain_15,heavy,medium,p3_c105_mp3_pen0_h5,42,8,12,9,3,474,879,26,154,248,183,5,3.4019501209259033,0
chain_15,heavy,medium,p3_c105_mp3_pen0_h5,101,9,12,4,8,439,819,24,115,112,292,5,3.271368980407715,0
chain_15,heavy,medium,p3_c120_mp1_pen1_h0,202,9,10,2,8,413,783,14,143,111,273,0,3.0268871784210205,0
chain_15,heavy,medium,p3_c105_mp3_pen0_h5,202,8,10,2,8,429,812,14,126,105,292,5,3.205688953399658,0
chain_15,heavy,medium,p3_c120_mp1_pen1_h2,42,11,12,2,10,466,879,19,140,121,311,2,3.1177194118499756,0
chain_15,heavy,medium,p3_c120_mp1_pen1_h0,42,11,12,4,8,468,889,15,158,141,295,0,3.3091328144073486,0
chain_15,heavy,medium,p3_c120_mp1_pen1_h0,101,10,12,2,10,434,816,21,139,95,308,0,3.262644052505493,0
chain_15,heavy,medium,p3_c120_mp1_pen1_h2,202,10,10,1,9,436,829,12,144,200,205,2,3.172657012939453,0
chain_15,heavy,medium,p3_c120_mp1_pen1_h5,42,10,12,5,7,461,865,21,138,159,266,5,2.992464303970337,0
chain_15,heavy,medium,p3_c120_mp1_pen1_h5,101,9,12,4,8,439,819,24,115,112,292,5,3.0953915119171143,0
chain_15,heavy,medium,p3_c120_mp1_pen1_h2,101,10,12,2,10,435,820,17,129,96,306,2,3.3503012657165527,0
chain_15,heavy,medium,p3_c120_mp1_pen0_h0,42,11,12,4,8,468,889,15,158,141,295,0,2.9711413383483887,0
chain_15,heavy,medium,p3_c120_mp1_pen0_h0,101,10,12,2,10,434,816,21,139,95,308,0,3.0766637325286865,0
chain_15,heavy,medium,p3_c120_mp1_pen1_h5,202,8,10,2,8,429,812,14,126,105,292,5,3.2719497680664062,0
chain_15,heavy,medium,p3_c120_mp1_pen0_h0,202,9,10,2,8,413,783,14,143,111,273,0,3.317750930786133,0
chain_15,heavy,medium,p3_c120_mp1_pen0_h2,101,10,12,2,10,435,820,17,129,96,306,2,3.2824039459228516,0
chain_15,heavy,medium,p3_c120_mp1_pen0_h2,42,11,12,2,10,466,879,19,140,121,311,2,3.32369065284729,0
chain_15,heavy,medium,p3_c120_mp1_pen0_h2,202,10,10,1,9,436,829,12,144,200,205,2,3.047419548034668,0
chain_15,heavy,medium,p3_c120_mp1_pen0_h5,101,9,12,4,8,439,819,24,115,112,292,5,2.7286128997802734,0
chain_15,heavy,medium,p3_c120_mp1_pen0_h5,42,10,12,5,7,461,865,21,138,159,266,5,3.113185405731201,0
chain_15,heavy,medium,p3_c120_mp1_pen0_h5,202,8,10,2,8,429,812,14,126,105,292,5,3.084892511367798,0
chain_15,heavy,medium,p3_c120_mp2_pen1_h0,42,9,12,8,4,465,866,26,175,245,182,0,3.190985918045044,0
chain_15,heavy,medium,p3_c120_mp2_pen1_h0,202,9,10,2,8,413,783,14,143,111,273,0,3.214988946914673,0
chain_15,heavy,medium,p3_c120_mp2_pen1_h2,42,7,12,8,4,459,855,25,159,245,176,2,3.261293649673462,0
chain_15,heavy,medium,p3_c120_mp2_pen1_h0,101,10,12,2,10,434,816,21,139,95,308,0,3.3303439617156982,0
chain_15,heavy,medium,p3_c120_mp2_pen1_h2,101,10,12,2,10,435,820,17,129,96,306,2,3.2457778453826904,0
chain_15,heavy,medium,p3_c120_mp2_pen1_h5,42,9,12,9,3,493,919,26,168,248,204,5,3.07450532913208,0
chain_15,heavy,medium,p3_c120_mp2_pen1_h5,101,9,12,4,8,439,819,24,115,112,292,5,2.890622615814209,0
chain_15,heavy,medium,p3_c120_mp2_pen1_h2,202,10,10,1,9,436,829,12,144,200,205,2,3.3022475242614746,0
chain_15,heavy,medium,p3_c120_mp2_pen1_h5,202,8,10,2,8,429,812,14,126,105,292,5,2.9090301990509033,0
chain_15,heavy,medium,p3_c120_mp2_pen0_h0,42,9,12,8,4,465,866,26,175,245,182,0,3.0668647289276123,0
chain_15,heavy,medium,p3_c120_mp2_pen0_h0,101,10,12,2,10,434,816,21,139,95,308,0,2.9912195205688477,0
chain_15,heavy,medium,p3_c120_mp2_pen0_h5,42,9,12,9,3,493,919,26,168,248,204,5,2.8712265491485596,0
chain_15,heavy,medium,p3_c120_mp2_pen0_h5,202,8,10,2,8,429,812,14,126,105,292,5,2.8026671409606934,0
chain_15,heavy,medium,p3_c120_mp2_pen0_h0,202,9,10,2,8,413,783,14,143,111,273,0,3.204765796661377,0
chain_15,heavy,medium,p3_c120_mp2_pen0_h2,42,7,12,8,4,459,855,25,159,245,176,2,3.2842187881469727,0
chain_15,heavy,medium,p3_c120_mp2_pen0_h2,101,10,12,2,10,435,820,17,129,96,306,2,3.2524771690368652,0
chain_15,heavy,medium,p3_c120_mp2_pen0_h2,202,10,10,1,9,436,829,12,144,200,205,2,3.195284605026245,0
chain_15,heavy,medium,p3_c120_mp2_pen0_h5,101,9,12,4,8,439,819,24,115,112,292,5,3.1246724128723145,0
chain_15,heavy,medium,p3_c120_mp3_pen1_h2,101,10,12,2,10,435,820,17,129,96,306,2,2.637403964996338,0
chain_15,heavy,medium,p3_c120_mp3_pen1_h0,42,8,12,8,4,444,823,25,158,224,180,0,3.347416400909424,0
chain_15,heavy,medium,p3_c120_mp3_pen1_h0,101,10,12,2,10,434,816,21,139,95,308,0,3.252671718597412,0
chain_15,heavy,medium,p3_c120_mp3_pen1_h0,202,9,10,2,8,413,783,14,143,111,273,0,3.170274496078491,0
chain_15,heavy,medium,p3_c120_mp3_pen1_h2,42,8,12,8,4,445,818,30,127,243,160,2,3.36645245552063,0
chain_15,heavy,medium,p3_c120_mp3_pen1_h2,202,10,10,1,9,436,829,12,144,200,205,2,3.3183822631835938,0
chain_15,heavy,medium,p3_c120_mp3_pen1_h5,42,8,12,9,3,474,879,26,154,248,183,5,3.3630471229553223,0
chain_15,heavy,medium,p3_c120_mp3_pen1_h5,101,9,12,4,8,439,819,24,115,112,292,5,3.3537495136260986,0
chain_15,heavy,medium,p3_c120_mp3_pen1_h5,202,8,10,2,8,429,812,14,126,105,292,5,3.241703510284424,0
chain_15,heavy,medium,p3_c120_mp3_pen0_h0,42,8,12,8,4,444,823,25,158,224,180,0,3.320246458053589,0
chain_15,heavy,medium,p3_c120_mp3_pen0_h0,202,9,10,2,8,413,783,14,143,111,273,0,3.1739418506622314,0
chain_15,heavy,medium,p3_c120_mp3_pen0_h0,101,10,12,2,10,434,816,21,139,95,308,0,3.3034517765045166,0
chain_15,heavy,medium,p3_c120_mp3_pen0_h5,42,8,12,9,3,474,879,26,154,248,183,5,3.006803035736084,0
chain_15,heavy,medium,p3_c120_mp3_pen0_h2,202,10,10,1,9,436,829,12,144,200,205,2,3.1586737632751465,0
chain_15,heavy,medium,p3_c120_mp3_pen0_h2,101,10,12,2,10,435,820,17,129,96,306,2,3.232715129852295,0
chain_15,heavy,medium,p3_c120_mp3_pen0_h2,42,8,12,8,4,445,818,30,127,243,160,2,3.2744603157043457,0
chain_15,heavy,medium,p3_c120_mp3_pen0_h5,202,8,10,2,8,429,812,14,126,105,292,5,3.1789679527282715,0
chain_15,heavy,medium,p3_c120_mp3_pen0_h5,101,9,12,4,8,439,819,24,115,112,292,5,3.2694528102874756,0
chain_15,heavy,medium,p3_c160_mp1_pen1_h0,101,10,12,2,10,434,816,21,139,95,308,0,2.8809151649475098,0
chain_15,heavy,medium,p3_c160_mp1_pen1_h0,202,9,10,2,8,413,783,14,143,111,273,0,2.9899301528930664,0
chain_15,heavy,medium,p3_c160_mp1_pen1_h2,101,10,12,2,10,435,820,17,129,96,306,2,2.8301377296447754,0
chain_15,heavy,medium,p3_c160_mp1_pen1_h0,42,11,12,4,8,468,889,15,158,141,295,0,3.352200984954834,0
chain_15,heavy,medium,p3_c160_mp1_pen1_h5,42,10,12,5,7,461,865,21,138,159,266,5,2.9117848873138428,0
chain_15,heavy,medium,p3_c160_mp1_pen1_h2,42,11,12,2,10,466,879,19,140,121,311,2,3.253944158554077,0
chain_15,heavy,medium,p3_c160_mp1_pen1_h2,202,10,10,1,9,436,829,12,144,200,205,2,3.1690452098846436,0
chain_15,heavy,medium,p3_c160_mp1_pen1_h5,202,8,10,2,8,429,812,14,126,105,292,5,3.0407772064208984,0
chain_15,heavy,medium,p3_c160_mp1_pen1_h5,101,9,12,4,8,439,819,24,115,112,292,5,3.345337390899658,0
chain_15,heavy,medium,p3_c160_mp1_pen0_h0,42,11,12,4,8,468,889,15,158,141,295,0,3.2897305488586426,0
chain_15,heavy,medium,p3_c160_mp1_pen0_h2,42,11,12,2,10,466,879,19,140,121,311,2,2.943850040435791,0
chain_15,heavy,medium,p3_c160_mp1_pen0_h0,101,10,12,2,10,434,816,21,139,95,308,0,3.2411627769470215,0
chain_15,heavy,medium,p3_c160_mp1_pen0_h0,202,9,10,2,8,413,783,14,143,111,273,0,3.2048377990722656,0
chain_15,heavy,medium,p3_c160_mp1_pen0_h2,101,10,12,2,10,435,820,17,129,96,306,2,3.27645206451416,0
chain_15,heavy,medium,p3_c160_mp1_pen0_h2,202,10,10,1,9,436,829,12,144,200,205,2,3.080552816390991,0
chain_15,heavy,medium,p3_c160_mp1_pen0_h5,101,9,12,4,8,439,819,24,115,112,292,5,3.1745047569274902,0
chain_15,heavy,medium,p3_c160_mp2_pen1_h0,42,9,12,8,4,465,866,26,175,245,182,0,3.1598286628723145,0
chain_15,heavy,medium,p3_c160_mp1_pen0_h5,202,8,10,2,8,429,812,14,126,105,292,5,3.2572290897369385,0
chain_15,heavy,medium,p3_c160_mp2_pen1_h0,202,9,10,2,8,413,783,14,143,111,273,0,2.7166740894317627,0
chain_15,heavy,medium,p3_c160_mp1_pen0_h5,42,10,12,5,7,461,865,21,138,159,266,5,3.3795924186706543,0
chain_15,heavy,medium,p3_c160_mp2_pen1_h5,42,9,12,9,3,493,919,26,168,248,204,5,2.7265689373016357,0
chain_15,heavy,medium,p3_c160_mp2_pen1_h5,101,9,12,4,8,439,819,24,115,112,292,5,2.9156980514526367,0
chain_15,heavy,medium,p3_c160_mp2_pen1_h2,101,10,12,2,10,435,820,17,129,96,306,2,3.2161669731140137,0
chain_15,heavy,medium,p3_c160_mp2_pen1_h0,101,10,12,2,10,434,816,21,139,95,308,0,3.3356070518493652,0
chain_15,heavy,medium,p3_c160_mp2_pen1_h2,42,7,12,8,4,459,855,25,159,245,176,2,3.295123338699341,0
chain_15,heavy,medium,p3_c160_mp2_pen1_h2,202,10,10,1,9,436,829,12,144,200,205,2,3.253411293029785,0
chain_15,heavy,medium,p3_c160_mp2_pen1_h5,202,8,10,2,8,429,812,14,126,105,292,5,3.144862174987793,0
chain_15,heavy,medium,p3_c160_mp2_pen0_h0,42,9,12,8,4,465,866,26,175,245,182,0,3.1325018405914307,0
chain_15,heavy,medium,p3_c160_mp2_pen0_h0,101,10,12,2,10,434,816,21,139,95,308,0,2.8516201972961426,0
chain_15,heavy,medium,p3_c160_mp2_pen0_h0,202,9,10,2,8,413,783,14,143,111,273,0,2.954606533050537,0
chain_15,heavy,medium,p3_c160_mp2_pen0_h2,101,10,12,2,10,435,820,17,129,96,306,2,3.085456132888794,0
chain_15,heavy,medium,p3_c160_mp2_pen0_h2,202,10,10,1,9,436,829,12,144,200,205,2,2.944638252258301,0
chain_15,heavy,medium,p3_c160_mp2_pen0_h2,42,7,12,8,4,459,855,25,159,245,176,2,3.311265230178833,0
chain_15,heavy,medium,p3_c160_mp2_pen0_h5,101,9,12,4,8,439,819,24,115,112,292,5,3.1150338649749756,0
chain_15,heavy,medium,p3_c160_mp2_pen0_h5,42,9,12,9,3,493,919,26,168,248,204,5,3.3203160762786865,0
chain_15,heavy,medium,p3_c160_mp2_pen0_h5,202,8,10,2,8,429,812,14,126,105,292,5,3.251450538635254,0
chain_15,heavy,medium,p3_c160_mp3_pen1_h2,42,8,12,8,4,445,818,30,127,243,160,2,2.9925804138183594,0
chain_15,heavy,medium,p3_c160_mp3_pen1_h0,101,10,12,2,10,434,816,21,139,95,308,0,3.140728712081909,0
chain_15,heavy,medium,p3_c160_mp3_pen1_h0,42,8,12,8,4,444,823,25,158,224,180,0,3.351577043533325,0
chain_15,heavy,medium,p3_c160_mp3_pen1_h2,101,10,12,2,10,435,820,17,129,96,306,2,3.143559455871582,0
chain_15,heavy,medium,p3_c160_mp3_pen1_h0,202,9,10,2,8,413,783,14,143,111,273,0,3.3197546005249023,0
chain_15,heavy,medium,p3_c160_mp3_pen1_h2,202,10,10,1,9,436,829,12,144,200,205,2,3.027580499649048,0
chain_15,heavy,medium,p3_c160_mp3_pen0_h0,42,8,12,8,4,444,823,25,158,224,180,0,2.812490463256836,0
chain_15,heavy,medium,p3_c160_mp3_pen1_h5,42,8,12,9,3,474,879,26,154,248,183,5,3.181670665740967,0
chain_15,heavy,medium,p3_c160_mp3_pen1_h5,101,9,12,4,8,439,819,24,115,112,292,5,3.1431145668029785,0
chain_15,heavy,medium,p3_c160_mp3_pen0_h0,202,9,10,2,8,413,783,14,143,111,273,0,3.1109726428985596,0
chain_15,heavy,medium,p3_c160_mp3_pen0_h0,101,10,12,2,10,434,816,21,139,95,308,0,3.301187038421631,0
chain_15,heavy,medium,p3_c160_mp3_pen0_h2,101,10,12,2,10,435,820,17,129,96,306,2,2.9627084732055664,0
chain_15,heavy,medium,p3_c160_mp3_pen1_h5,202,8,10,2,8,429,812,14,126,105,292,5,3.346421480178833,0
chain_15,heavy,medium,p3_c160_mp3_pen0_h2,42,8,12,8,4,445,818,30,127,243,160,2,3.3898026943206787,0
chain_15,heavy,medium,p3_c160_mp3_pen0_h2,202,10,10,1,9,436,829,12,144,200,205,2,3.147207498550415,0
chain_15,heavy,medium,p3_c160_mp3_pen0_h5,101,9,12,4,8,439,819,24,115,112,292,5,3.0768795013427734,0
chain_15,sparse,medium,baseline,101,4,5,1,4,308,587,11,70,116,174,0,2.855164051055908,0
chain_15,heavy,medium,p3_c160_mp3_pen0_h5,202,8,10,2,8,429,812,14,126,105,292,5,3.1525990962982178,0
chain_15,sparse,medium,baseline,42,4,5,1,4,298,569,9,70,106,174,0,3.0617401599884033,0
chain_15,heavy,medium,p3_c160_mp3_pen0_h5,42,8,12,9,3,474,879,26,154,248,183,5,3.3826866149902344,0
chain_15,sparse,medium,baseline,202,2,3,1,2,218,412,10,42,85,119,0,2.9668385982513428,0
chain_15,sparse,medium,p3_c40_mp1_pen1_h0,42,0,5,0,5,178,335,8,0,66,99,0,3.0988805294036865,0
chain_15,sparse,medium,p3_c40_mp1_pen1_h0,101,5,5,3,2,355,680,9,112,168,166,0,3.2880332469940186,0
chain_15,sparse,medium,p3_c40_mp1_pen1_h0,202,3,3,2,1,254,484,8,70,111,127,0,3.2129251956939697,0
chain_15,sparse,medium,p3_c40_mp1_pen1_h5,202,3,3,2,1,263,495,11,39,120,123,5,2.7250614166259766,0
chain_15,sparse,medium,p3_c40_mp1_pen1_h2,42,0,5,0,5,188,353,8,0,66,107,2,3.3337528705596924,0
chain_15,sparse,medium,p3_c40_mp1_pen1_h2,202,2,3,2,1,213,398,12,29,101,96,2,3.0575735569000244,0
chain_15,sparse,medium,p3_c40_mp1_pen1_h2,101,5,5,3,2,352,669,12,103,164,165,2,3.2673118114471436,0
chain_15,sparse,medium,p3_c40_mp1_pen1_h5,42,0,5,0,5,220,411,12,0,80,123,4,3.116830587387085,0
chain_15,sparse,medium,p3_c40_mp1_pen0_h0,101,5,5,3,2,355,680,9,112,168,166,0,2.8882739543914795,0
chain_15,sparse,medium,p3_c40_mp1_pen1_h5,101,4,5,3,2,358,680,12,80,164,170,5,3.205491781234741,0
chain_15,sparse,medium,p3_c40_mp1_pen0_h2,101,5,5,3,2,352,669,12,103,164,165,2,2.744870662689209,0
chain_15,sparse,medium,p3_c40_mp1_pen0_h2,42,0,5,0,5,188,353,8,0,66,107,2,3.224705934524536,0
chain_15,sparse,medium,p3_c40_mp1_pen0_h0,202,3,3,2,1,254,484,8,70,111,127,0,3.291517972946167,0
chain_15,sparse,medium,p3_c40_mp1_pen0_h0,42,0,5,0,5,178,335,8,0,66,99,0,3.3369739055633545,0
chain_15,sparse,medium,p3_c40_mp1_pen0_h2,202,2,3,2,1,213,398,12,29,101,96,2,3.240985870361328,0
chain_15,sparse,medium,p3_c40_mp1_pen0_h5,42,0,5,0,5,220,411,12,0,80,123,4,3.2638607025146484,0
chain_15,sparse,medium,p3_c40_mp2_pen1_h5,42,0,5,0,5,225,418,10,0,80,123,4,2.5656728744506836,0
chain_15,sparse,medium,p3_c40_mp1_pen0_h5,101,4,5,3,2,358,680,12,80,164,170,5,3.245772361755371,0
chain_15,sparse,medium,p3_c40_mp2_pen1_h2,202,2,3,2,1,213,398,12,29,101,96,2,2.687577486038208,0
chain_15,sparse,medium,p3_c40_mp2_pen1_h0,202,3,3,2,1,254,484,8,70,111,127,0,2.9330906867980957,0
chain_15,sparse,medium,p3_c40_mp1_pen0_h5,202,3,3,2,1,263,495,11,39,120,123,5,3.2025864124298096,0
chain_15,sparse,medium,p3_c40_mp2_pen1_h0,101,5,5,3,2,355,680,9,112,168,166,0,3.209984064102173,0
chain_15,sparse,medium,p3_c40_mp2_pen1_h0,42,0,5,0,5,183,339,9,0,66,99,0,3.295119047164917,0
chain_15,sparse,medium,p3_c40_mp2_pen1_h2,101,5,5,3,2,352,669,12,103,164,165,2,3.014941453933716,0
chain_15,sparse,medium,p3_c40_mp2_pen1_h5,202,3,3,2,1,263,495,11,39,120,123,5,3.042293071746826,0
chain_15,sparse,medium,p3_c40_mp2_pen1_h2,42,0,5,0,5,193,356,10,0,66,107,2,3.3441219329833984,0
chain_15,sparse,medium,p3_c40_mp2_pen1_h5,101,4,5,3,2,358,680,12,80,164,170,5,3.1707754135131836,0
chain_15,sparse,medium,p3_c40_mp2_pen0_h0,42,0,5,0,5,183,339,9,0,66,99,0,3.2440614700317383,0
chain_15,sparse,medium,p3_c40_mp2_pen0_h0,101,5,5,3,2,355,680,9,112,168,166,0,3.008338451385498,0
chain_15,sparse,medium,p3_c40_mp2_pen0_h2,101,5,5,3,2,352,669,12,103,164,165,2,2.732658863067627,0
chain_15,sparse,medium,p3_c40_mp2_pen0_h0,202,3,3,2,1,254,484,8,70,111,127,0,3.1890811920166016,0
chain_15,sparse,medium,p3_c40_mp2_pen0_h2,42,0,5,0,5,193,356,10,0,66,107,2,3.2618300914764404,0
chain_15,sparse,medium,p3_c40_mp2_pen0_h2,202,2,3,2,1,213,398,12,29,101,96,2,3.0964229106903076,0
chain_15,sparse,medium,p3_c40_mp2_pen0_h5,42,0,5,0,5,225,418,10,0,80,123,4,3.0947086811065674,0
chain_15,sparse,medium,p3_c40_mp3_pen1_h0,42,0,5,0,5,202,374,7,0,80,99,0,2.984614610671997,0
chain_15,sparse,medium,p3_c40_mp2_pen0_h5,101,4,5,3,2,358,680,12,80,164,170,5,3.2665717601776123,0
chain_15,sparse,medium,p3_c40_mp2_pen0_h5,202,3,3,2,1,263,495,11,39,120,123,5,3.3236613273620605,0
chain_15,sparse,medium,p3_c40_mp3_pen1_h2,42,0,5,0,5,212,390,9,0,80,107,2,2.8810908794403076,0
chain_15,sparse,medium,p3_c40_mp3_pen1_h0,101,5,5,3,2,355,680,9,112,168,166,0,3.211825370788574,0
chain_15,sparse,medium,p3_c40_mp3_pen1_h2,202,2,3,2,1,213,398,12,29,101,96,2,2.92277455329895,0
chain_15,sparse,medium,p3_c40_mp3_pen1_h0,202,3,3,2,1,254,484,8,70,111,127,0,3.1233718395233154,0
chain_15,sparse,medium,p3_c40_mp3_pen1_h2,101,5,5,3,2,352,669,12,103,164,165,2,3.289210557937622,0
chain_15,sparse,medium,p3_c40_mp3_pen0_h0,101,5,5,3,2,355,680,9,112,168,166,0,2.7272729873657227,0
chain_15,sparse,medium,p3_c40_mp3_pen1_h5,42,0,5,0,5,216,395,10,0,66,123,4,3.2436490058898926,0
chain_15,sparse,medium,p3_c40_mp3_pen1_h5,101,4,5,3,2,358,680,12,80,164,170,5,3.140977621078491,0
chain_15,sparse,medium,p3_c40_mp3_pen0_h2,202,2,3,2,1,213,398,12,29,101,96,2,2.80810284614563,0
chain_15,sparse,medium,p3_c40_mp3_pen1_h5,202,3,3,2,1,263,495,11,39,120,123,5,3.144422769546509,0
chain_15,sparse,medium,p3_c40_mp3_pen0_h0,42,0,5,0,5,202,374,7,0,80,99,0,3.193632125854492,0
chain_15,sparse,medium,p3_c40_mp3_pen0_h2,42,0,5,0,5,212,390,9,0,80,107,2,3.10085391998291,0
chain_15,sparse,medium,p3_c40_mp3_pen0_h0,202,3,3,2,1,254,484,8,70,111,127,0,3.193960189819336,0
chain_15,sparse,medium,p3_c40_mp3_pen0_h2,101,5,5,3,2,352,669,12,103,164,165,2,3.212606906890869,0
chain_15,sparse,medium,p3_c40_mp3_pen0_h5,42,0,5,0,5,216,395,10,0,66,123,4,3.353740930557251,0
chain_15,sparse,medium,p3_c40_mp3_pen0_h5,202,3,3,2,1,263,495,11,39,120,123,5,3.160691261291504,0
chain_15,sparse,medium,p3_c100_mp1_pen1_h0,42,0,5,0,5,178,335,8,0,66,99,0,3.167802095413208,0
chain_15,sparse,medium,p3_c40_mp3_pen0_h5,101,4,5,3,2,358,680,12,80,164,170,5,3.2669460773468018,0
chain_15,sparse,medium,p3_c100_mp1_pen1_h0,101,5,5,3,2,355,680,9,112,168,166,0,3.105168342590332,0
chain_15,sparse,medium,p3_c100_mp1_pen1_h0,202,3,3,2,1,254,484,8,70,111,127,0,3.1206748485565186,0
chain_15,sparse,medium,p3_c100_mp1_pen1_h2,42,0,5,0,5,188,353,8,0,66,107,2,3.1301088333129883,0
chain_15,sparse,medium,p3_c100_mp1_pen0_h0,202,3,3,2,1,254,484,8,70,111,127,0,2.563131093978882,0
chain_15,sparse,medium,p3_c100_mp1_pen1_h5,101,4,5,3,2,358,680,12,80,164,170,5,3.0597026348114014,0
chain_15,sparse,medium,p3_c100_mp1_pen1_h5,42,0,5,0,5,220,411,12,0,80,123,4,3.16544246673584,0
chain_15,sparse,medium,p3_c100_mp1_pen1_h2,101,5,5,3,2,352,669,12,103,164,165,2,3.3617396354675293,0
chain_15,sparse,medium,p3_c100_mp1_pen1_h2,202,2,3,2,1,213,398,12,29,101,96,2,3.2816104888916016,0
chain_15,sparse,medium,p3_c100_mp1_pen0_h0,101,5,5,3,2,355,680,9,112,168,166,0,2.9080917835235596,0
chain_15,sparse,medium,p3_c100_mp1_pen0_h2,42,0,5,0,5,188,353,8,0,66,107,2,2.889039993286133,0
chain_15,sparse,medium,p3_c100_mp1_pen0_h2,202,2,3,2,1,213,398,12,29,101,96,2,2.8916566371917725,0
chain_15,sparse,medium,p3_c100_mp1_pen1_h5,202,3,3,2,1,263,495,11,39,120,123,5,3.286482810974121,0
chain_15,sparse,medium,p3_c100_mp1_pen0_h0,42,0,5,0,5,178,335,8,0,66,99,0,3.2177557945251465,0
chain_15,sparse,medium,p3_c100_mp1_pen0_h2,101,5,5,3,2,352,669,12,103,164,165,2,3.2654335498809814,0
chain_15,sparse,medium,p3_c100_mp1_pen0_h5,42,0,5,0,5,220,411,12,0,80,123,4,3.1733455657958984,0
chain_15,sparse,medium,p3_c100_mp1_pen0_h5,202,3,3,2,1,263,495,11,39,120,123,5,2.91487193107605,0
chain_15,sparse,medium,p3_c100_mp2_pen1_h0,202,3,3,2,1,254,484,8,70,111,127,0,2.8019702434539795,0
chain_15,sparse,medium,p3_c100_mp1_pen0_h5,101,4,5,3,2,358,680,12,80,164,170,5,3.2472426891326904,0
chain_15,sparse,medium,p3_c100_mp2_pen1_h0,42,0,5,0,5,183,339,9,0,66,99,0,3.2233035564422607,0
chain_15,sparse,medium,p3_c100_mp2_pen1_h2,42,0,5,0,5,193,356,10,0,66,107,2,3.1058123111724854,0
chain_15,sparse,medium,p3_c100_mp2_pen1_h2,202,2,3,2,1,213,398,12,29,101,96,2,3.0513172149658203,0
chain_15,sparse,medium,p3_c100_mp2_pen1_h0,101,5,5,3,2,355,680,9,112,168,166,0,3.2863335609436035,0
chain_15,sparse,medium,p3_c100_mp2_pen1_h5,42,0,5,0,5,225,418,10,0,80,123,4,3.0493783950805664,0
chain_15,sparse,medium,p3_c100_mp2_pen1_h2,101,5,5,3,2,352,669,12,103,164,165,2,3.2778079509735107,0
chain_15,sparse,medium,p3_c100_mp2_pen1_h5,202,3,3,2,1,263,495,11,39,120,123,5,3.064227819442749,0
chain_15,sparse,medium,p3_c100_mp2_pen1_h5,101,4,5,3,2,358,680,12,80,164,170,5,3.299424886703491,0
chain_15,sparse,medium,p3_c100_mp2_pen0_h0,42,0,5,0,5,183,339,9,0,66,99,0,3.1960983276367188,0
chain_15,sparse,medium,p3_c100_mp2_pen0_h0,202,3,3,2,1,254,484,8,70,111,127,0,3.099304676055908,0
chain_15,sparse,medium,p3_c100_mp2_pen0_h0,101,5,5,3,2,355,680,9,112,168,166,0,3.3608081340789795,0
chain_15,sparse,medium,p3_c100_mp2_pen0_h2,42,0,5,0,5,193,356,10,0,66,107,2,3.2795703411102295,0
chain_15,sparse,medium,p3_c100_mp2_pen0_h2,101,5,5,3,2,352,669,12,103,164,165,2,3.257734537124634,0
chain_15,sparse,medium,p3_c100_mp2_pen0_h5,202,3,3,2,1,263,495,11,39,120,123,5,2.8768117427825928,0
chain_15,sparse,medium,p3_c100_mp2_pen0_h5,101,4,5,3,2,358,680,12,80,164,170,5,3.069927453994751,0
chain_15,sparse,medium,p3_c100_mp3_pen1_h0,202,3,3,2,1,254,484,8,70,111,127,0,2.9402482509613037,0
chain_15,sparse,medium,p3_c100_mp3_pen1_h0,101,5,5,3,2,355,680,9,112,168,166,0,3.092904567718506,0
chain_15,sparse,medium,p3_c100_mp2_pen0_h2,202,2,3,2,1,213,398,12,29,101,96,2,3.3299102783203125,0
chain_15,sparse,medium,p3_c100_mp3_pen1_h2,42,0,5,0,5,212,390,9,0,80,107,2,2.934520959854126,0
chain_15,sparse,medium,p3_c100_mp2_pen0_h5,42,0,5,0,5,225,418,10,0,80,123,4,3.336825132369995,0
chain_15,sparse,medium,p3_c100_mp3_pen1_h0,42,0,5,0,5,202,374,7,0,80,99,0,3.339268684387207,0
chain_15,sparse,medium,p3_c100_mp3_pen1_h2,202,2,3,2,1,213,398,12,29,101,96,2,3.1886940002441406,0
chain_15,sparse,medium,p3_c100_mp3_pen1_h2,101,5,5,3,2,352,669,12,103,164,165,2,3.2695610523223877,0
chain_15,sparse,medium,p3_c100_mp3_pen1_h5,101,4,5,3,2,358,680,12,80,164,170,5,2.7283692359924316,0
chain_15,sparse,medium,p3_c100_mp3_pen1_h5,42,0,5,0,5,216,395,10,0,66,123,4,3.141641855239868,0
chain_15,sparse,medium,p3_c100_mp3_pen1_h5,202,3,3,2,1,263,495,11,39,120,123,5,2.9701015949249268,0
chain_15,sparse,medium,p3_c100_mp3_pen0_h0,42,0,5,0,5,202,374,7,0,80,99,0,3.300588607788086,0
chain_15,sparse,medium,p3_c100_mp3_pen0_h0,101,5,5,3,2,355,680,9,112,168,166,0,3.2015178203582764,0
chain_15,sparse,medium,p3_c100_mp3_pen0_h2,42,0,5,0,5,212,390,9,0,80,107,2,3.1367316246032715,0
chain_15,sparse,medium,p3_c100_mp3_pen0_h5,101,4,5,3,2,358,680,12,80,164,170,5,2.976733922958374,0
chain_15,sparse,medium,p3_c100_mp3_pen0_h2,101,5,5,3,2,352,669,12,103,164,165,2,3.167548656463623,0
chain_15,sparse,medium,p3_c100_mp3_pen0_h0,202,3,3,2,1,254,484,8,70,111,127,0,3.2972288131713867,0
chain_15,sparse,medium,p3_c100_mp3_pen0_h2,202,2,3,2,1,213,398,12,29,101,96,2,3.305534839630127,0
chain_15,sparse,medium,p3_c100_mp3_pen0_h5,202,3,3,2,1,263,495,11,39,120,123,5,2.845776319503784,0
chain_15,sparse,medium,p3_c100_mp3_pen0_h5,42,0,5,0,5,216,395,10,0,66,123,4,3.379457473754883,0
chain_15,sparse,medium,p3_c105_mp1_pen1_h0,101,5,5,3,2,355,680,9,112,168,166,0,3.026984214782715,0
chain_15,sparse,medium,p3_c105_mp1_pen1_h0,42,4,5,3,2,312,595,10,84,141,152,0,3.300424814224243,0
chain_15,sparse,medium,p3_c105_mp1_pen1_h0,202,3,3,2,1,254,484,8,70,111,127,0,3.249819040298462,0
chain_15,sparse,medium,p3_c105_mp1_pen1_h2,42,4,5,3,2,331,628,13,84,150,160,2,3.1645514965057373,0
chain_15,sparse,medium,p3_c105_mp1_pen1_h2,101,5,5,3,2,352,669,12,103,164,165,2,3.162339925765991,0
chain_15,sparse,medium,p3_c105_mp1_pen1_h2,202,2,3,2,1,213,398,12,29,101,96,2,2.9611153602600098,0
chain_15,sparse,medium,p3_c105_mp1_pen1_h5,101,4,5,3,2,358,680,12,80,164,170,5,2.913931131362915,0
chain_15,sparse,medium,p3_c105_mp1_pen1_h5,42,5,5,3,2,365,695,10,105,158,182,4,3.2561557292938232,0
chain_15,sparse,medium,p3_c105_mp1_pen1_h5,202,3,3,2,1,263,495,11,39,120,123,5,3.039088249206543,0
chain_15,sparse,medium,p3_c105_mp1_pen0_h0,101,5,5,3,2,355,680,9,112,168,166,0,3.0314583778381348,0
chain_15,sparse,medium,p3_c105_mp1_pen0_h0,202,3,3,2,1,254,484,8,70,111,127,0,3.1772782802581787,0
chain_15,sparse,medium,p3_c105_mp1_pen0_h0,42,4,5,3,2,312,595,10,84,141,152,0,3.2638747692108154,0
chain_15,sparse,medium,p3_c105_mp1_pen0_h2,42,4,5,3,2,331,628,13,84,150,160,2,3.2808942794799805,0
chain_15,sparse,medium,p3_c105_mp1_pen0_h2,101,5,5,3,2,352,669,12,103,164,165,2,3.3181962966918945,0
chain_15,sparse,medium,p3_c105_mp1_pen0_h2,202,2,3,2,1,213,398,12,29,101,96,2,3.259424924850464,0
chain_15,sparse,medium,p3_c105_mp1_pen0_h5,42,5,5,3,2,365,695,10,105,158,182,4,3.211050271987915,0
chain_15,sparse,medium,p3_c105_mp1_pen0_h5,202,3,3,2,1,263,495,11,39,120,123,5,3.0238068103790283,0
chain_15,sparse,medium,p3_c105_mp1_pen0_h5,101,4,5,3,2,358,680,12,80,164,170,5,3.204190492630005,0
chain_15,sparse,medium,p3_c105_mp2_pen1_h0,101,5,5,3,2,355,680,9,112,168,166,0,2.78204345703125,0
chain_15,sparse,medium,p3_c105_mp2_pen1_h0,42,5,5,3,2,360,689,8,112,172,165,0,3.227963447570801,0
chain_15,sparse,medium,p3_c105_mp2_pen1_h0,202,3,3,2,1,254,484,8,70,111,127,0,3.095339775085449,0
chain_15,sparse,medium,p3_c105_mp2_pen1_h5,202,3,3,2,1,263,495,11,39,120,123,5,2.9301276206970215,0
chain_15,sparse,medium,p3_c105_mp2_pen1_h2,202,2,3,2,1,213,398,12,29,101,96,2,3.144911289215088,0
chain_15,sparse,medium,p3_c105_mp2_pen1_h2,101,5,5,3,2,352,669,12,103,164,165,2,3.254265308380127,0
chain_15,sparse,medium,p3_c105_mp2_pen1_h2,42,4,5,3,2,333,630,13,84,150,160,2,3.3455862998962402,0
chain_15,sparse,medium,p3_c105_mp2_pen0_h0,101,5,5,3,2,355,680,9,112,168,166,0,2.7462873458862305,0
chain_15,sparse,medium,p3_c105_mp2_pen1_h5,42,5,5,3,2,367,697,10,105,158,182,4,3.3819656372070312,0
chain_15,sparse,medium,p3_c105_mp2_pen1_h5,101,4,5,3,2,358,680,12,80,164,170,5,3.327625274658203,0
chain_15,sparse,medium,p3_c105_mp2_pen0_h0,42,5,5,3,2,360,689,8,112,172,165,0,3.2094478607177734,0
chain_15,sparse,medium,p3_c105_mp2_pen0_h0,202,3,3,2,1,254,484,8,70,111,127,0,3.173179864883423,0
chain_15,sparse,medium,p3_c105_mp2_pen0_h2,101,5,5,3,2,352,669,12,103,164,165,2,3.077963352203369,0
chain_15,sparse,medium,p3_c105_mp2_pen0_h2,42,4,5,3,2,333,630,13,84,150,160,2,3.2575759887695312,0
chain_15,sparse,medium,p3_c105_mp2_pen0_h2,202,2,3,2,1,213,398,12,29,101,96,2,3.161062002182007,0
chain_15,sparse,medium,p3_c105_mp2_pen0_h5,101,4,5,3,2,358,680,12,80,164,170,5,2.9727261066436768,0
chain_15,sparse,medium,p3_c105_mp2_pen0_h5,42,5,5,3,2,367,697,10,105,158,182,4,3.366532325744629,0
chain_15,sparse,medium,p3_c105_mp2_pen0_h5,202,3,3,2,1,263,495,11,39,120,123,5,3.0659213066101074,0
chain_15,sparse,medium,p3_c105_mp3_pen1_h0,42,5,5,3,2,355,674,11,105,172,158,0,3.1428442001342773,0
chain_15,sparse,medium,p3_c105_mp3_pen1_h0,101,5,5,3,2,355,680,9,112,168,166,0,3.1040945053100586,0
chain_15,sparse,medium,p3_c105_mp3_pen1_h2,101,5,5,3,2,352,669,12,103,164,165,2,3.105604887008667,0
chain_15,sparse,medium,p3_c105_mp3_pen1_h0,202,3,3,2,1,254,484,8,70,111,127,0,3.306226968765259,0
chain_15,sparse,medium,p3_c105_mp3_pen1_h2,42,4,5,3,2,340,643,12,84,155,160,2,3.294750452041626,0
chain_15,sparse,medium,p3_c105_mp3_pen0_h0,42,5,5,3,2,355,674,11,105,172,158,0,2.9475314617156982,0
chain_15,sparse,medium,p3_c105_mp3_pen1_h5,101,4,5,3,2,358,680,12,80,164,170,5,3.0509297847747803,0
chain_15,sparse,medium,p3_c105_mp3_pen1_h5,202,3,3,2,1,263,495,11,39,120,123,5,3.036567211151123,0
chain_15,sparse,medium,p3_c105_mp3_pen1_h5,42,4,5,3,2,358,679,10,84,155,176,4,3.2066400051116943,0
chain_15,sparse,medium,p3_c105_mp3_pen1_h2,202,2,3,2,1,213,398,12,29,101,96,2,3.3330657482147217,0
chain_15,sparse,medium,p3_c105_mp3_pen0_h0,202,3,3,2,1,254,484,8,70,111,127,0,3.032381534576416,0
chain_15,sparse,medium,p3_c105_mp3_pen0_h2,42,4,5,3,2,340,643,12,84,155,160,2,2.836120367050171,0
chain_15,sparse,medium,p3_c105_mp3_pen0_h0,101,5,5,3,2,355,680,9,112,168,166,0,3.210510730743408,0
chain_15,sparse,medium,p3_c105_mp3_pen0_h2,101,5,5,3,2,352,669,12,103,164,165,2,2.7027502059936523,0
chain_15,sparse,medium,p3_c105_mp3_pen0_h5,202,3,3,2,1,263,495,11,39,120,123,5,3.0641143321990967,0
chain_15,sparse,medium,p3_c105_mp3_pen0_h2,202,2,3,2,1,213,398,12,29,101,96,2,3.2255852222442627,0
chain_15,sparse,medium,p3_c120_mp1_pen1_h0,101,5,5,3,2,355,680,9,112,168,166,0,2.946096658706665,0
chain_15,sparse,medium,p3_c120_mp1_pen1_h0,42,4,5,3,2,312,595,10,84,141,152,0,3.0828003883361816,0
chain_15,sparse,medium,p3_c105_mp3_pen0_h5,101,4,5,3,2,358,680,12,80,164,170,5,3.359180212020874,0
chain_15,sparse,medium,p3_c105_mp3_pen0_h5,42,4,5,3,2,358,679,10,84,155,176,4,3.439972400665283,0
chain_15,sparse,medium,p3_c120_mp1_pen1_h0,202,3,3,2,1,254,484,8,70,111,127,0,3.2609267234802246,0
chain_15,sparse,medium,p3_c120_mp1_pen1_h2,42,4,5,3,2,331,628,13,84,150,160,2,3.046912670135498,0
chain_15,sparse,medium,p3_c120_mp1_pen1_h2,202,2,3,2,1,213,398,12,29,101,96,2,3.191711902618408,0
chain_15,sparse,medium,p3_c120_mp1_pen1_h2,101,5,5,3,2,352,669,12,103,164,165,2,3.368407964706421,0
chain_15,sparse,medium,p3_c120_mp1_pen1_h5,42,5,5,3,2,365,695,10,105,158,182,4,3.346437454223633,0
chain_15,sparse,medium,p3_c120_mp1_pen1_h5,101,4,5,3,2,358,680,12,80,164,170,5,3.3382742404937744,0
chain_15,sparse,medium,p3_c120_mp1_pen0_h0,42,4,5,3,2,312,595,10,84,141,152,0,3.080275774002075,0
chain_15,sparse,medium,p3_c120_mp1_pen0_h5,101,4,5,3,2,358,680,12,80,164,170,5,2.5361757278442383,0
chain_15,sparse,medium,p3_c120_mp1_pen1_h5,202,3,3,2,1,263,495,11,39,120,123,5,3.2691593170166016,0
chain_15,sparse,medium,p3_c120_mp1_pen0_h0,202,3,3,2,1,254,484,8,70,111,127,0,3.102386951446533,0
chain_15,sparse,medium,p3_c120_mp1_pen0_h0,101,5,5,3,2,355,680,9,112,168,166,0,3.372140645980835,0
chain_15,sparse,medium,p3_c120_mp1_pen0_h5,202,3,3,2,1,263,495,11,39,120,123,5,2.9524319171905518,0
chain_15,sparse,medium,p3_c120_mp1_pen0_h2,42,4,5,3,2,331,628,13,84,150,160,2,3.2503058910369873,0
chain_15,sparse,medium,p3_c120_mp1_pen0_h2,101,5,5,3,2,352,669,12,103,164,165,2,3.273836374282837,0
chain_15,sparse,medium,p3_c120_mp1_pen0_h2,202,2,3,2,1,213,398,12,29,101,96,2,3.341170072555542,0
chain_15,sparse,medium,p3_c120_mp1_pen0_h5,42,5,5,3,2,365,695,10,105,158,182,4,3.29658579826355,0
chain_15,sparse,medium,p3_c120_mp2_pen1_h2,101,5,5,3,2,352,669,12,103,164,165,2,3.0084452629089355,0
chain_15,sparse,medium,p3_c120_mp2_pen1_h0,42,5,5,3,2,360,689,8,112,172,165,0,3.3767294883728027,0
chain_15,sparse,medium,p3_c120_mp2_pen1_h0,101,5,5,3,2,355,680,9,112,168,166,0,3.33461594581604,0
chain_15,sparse,medium,p3_c120_mp2_pen1_h2,42,4,5,3,2,333,630,13,84,150,160,2,3.226649522781372,0
chain_15,sparse,medium,p3_c120_mp2_pen1_h0,202,3,3,2,1,254,484,8,70,111,127,0,3.3065242767333984,0
chain_15,sparse,medium,p3_c120_mp2_pen1_h2,202,2,3,2,1,213,398,12,29,101,96,2,3.1140799522399902,0
chain_15,sparse,medium,p3_c120_mp2_pen1_h5,202,3,3,2,1,263,495,11,39,120,123,5,2.7310848236083984,0
chain_15,sparse,medium,p3_c120_mp2_pen0_h0,101,5,5,3,2,355,680,9,112,168,166,0,2.998777151107788,0
chain_15,sparse,medium,p3_c120_mp2_pen1_h5,42,5,5,3,2,367,697,10,105,158,182,4,3.2777583599090576,0
chain_15,sparse,medium,p3_c120_mp2_pen1_h5,101,4,5,3,2,358,680,12,80,164,170,5,3.2952990531921387,0
chain_15,sparse,medium,p3_c120_mp2_pen0_h2,42,4,5,3,2,333,630,13,84,150,160,2,3.0048773288726807,0
chain_15,sparse,medium,p3_c120_mp2_pen0_h0,42,5,5,3,2,360,689,8,112,172,165,0,3.365375518798828,0
chain_15,sparse,medium,p3_c120_mp2_pen0_h0,202,3,3,2,1,254,484,8,70,111,127,0,3.3249335289001465,0
chain_15,sparse,medium,p3_c120_mp2_pen0_h2,101,5,5,3,2,352,669,12,103,164,165,2,3.1347057819366455,0
chain_15,sparse,medium,p3_c120_mp2_pen0_h5,101,4,5,3,2,358,680,12,80,164,170,5,2.8015854358673096,0
chain_15,sparse,medium,p3_c120_mp2_pen0_h2,202,2,3,2,1,213,398,12,29,101,96,2,3.126038074493408,0
chain_15,sparse,medium,p3_c120_mp2_pen0_h5,42,5,5,3,2,367,697,10,105,158,182,4,3.082385540008545,0
chain_15,sparse,medium,p3_c120_mp3_pen1_h0,42,5,5,3,2,355,674,11,105,172,158,0,3.235830545425415,0
chain_15,sparse,medium,p3_c120_mp3_pen1_h2,42,4,5,3,2,340,643,12,84,155,160,2,3.090329170227051,0
chain_15,sparse,medium,p3_c120_mp3_pen1_h0,202,3,3,2,1,254,484,8,70,111,127,0,3.136298179626465,0
chain_15,sparse,medium,p3_c120_mp2_pen0_h5,202,3,3,2,1,263,495,11,39,120,123,5,3.3166444301605225,0
chain_15,sparse,medium,p3_c120_mp3_pen1_h0,101,5,5,3,2,355,680,9,112,168,166,0,3.2475364208221436,0
chain_15,sparse,medium,p3_c120_mp3_pen1_h2,202,2,3,2,1,213,398,12,29,101,96,2,3.1004250049591064,0
chain_15,sparse,medium,p3_c120_mp3_pen1_h2,101,5,5,3,2,352,669,12,103,164,165,2,3.244837522506714,0
chain_15,sparse,medium,p3_c120_mp3_pen1_h5,101,4,5,3,2,358,680,12,80,164,170,5,3.0948634147644043,0
chain_15,sparse,medium,p3_c120_mp3_pen1_h5,42,4,5,3,2,358,679,10,84,155,176,4,3.3318049907684326,0
chain_15,sparse,medium,p3_c120_mp3_pen0_h0,42,5,5,3,2,355,674,11,105,172,158,0,3.1488542556762695,0
chain_15,sparse,medium,p3_c120_mp3_pen0_h0,202,3,3,2,1,254,484,8,70,111,127,0,2.9344372749328613,0
chain_15,sparse,medium,p3_c120_mp3_pen0_h2,101,5,5,3,2,352,669,12,103,164,165,2,2.860508441925049,0
chain_15,sparse,medium,p3_c120_mp3_pen1_h5,202,3,3,2,1,263,495,11,39,120,123,5,3.269902467727661,0
chain_15,sparse,medium,p3_c120_mp3_pen0_h2,42,4,5,3,2,340,643,12,84,155,160,2,3.1288139820098877,0
chain_15,sparse,medium,p3_c120_mp3_pen0_h5,101,4,5,3,2,358,680,12,80,164,170,5,2.790680170059204,0
chain_15,sparse,medium,p3_c120_mp3_pen0_h0,101,5,5,3,2,355,680,9,112,168,166,0,3.2352075576782227,0
chain_15,sparse,medium,p3_c120_mp3_pen0_h5,42,4,5,3,2,358,679,10,84,155,176,4,3.1839964389801025,0
chain_15,sparse,medium,p3_c120_mp3_pen0_h2,202,2,3,2,1,213,398,12,29,101,96,2,3.3253061771392822,0
chain_15,sparse,medium,p3_c160_mp1_pen1_h0,101,5,5,3,2,355,680,9,112,168,166,0,2.8144304752349854,0
chain_15,sparse,medium,p3_c160_mp1_pen1_h0,202,3,3,2,1,254,484,8,70,111,127,0,2.9909212589263916,0
chain_15,sparse,medium,p3_c160_mp1_pen1_h0,42,4,5,3,2,312,595,10,84,141,152,0,3.2077252864837646,0
chain_15,sparse,medium,p3_c120_mp3_pen0_h5,202,3,3,2,1,263,495,11,39,120,123,5,3.3264684677124023,0
chain_15,sparse,medium,p3_c160_mp1_pen1_h2,101,5,5,3,2,352,669,12,103,164,165,2,3.12686824798584,0
chain_15,sparse,medium,p3_c160_mp1_pen1_h2,42,4,5,3,2,331,628,13,84,150,160,2,3.299783229827881,0
chain_15,sparse,medium,p3_c160_mp1_pen1_h2,202,2,3,2,1,213,398,12,29,101,96,2,3.3087761402130127,0
chain_15,sparse,medium,p3_c160_mp1_pen1_h5,42,5,5,3,2,365,695,10,105,158,182,4,3.277379274368286,0
chain_15,sparse,medium,p3_c160_mp1_pen1_h5,202,3,3,2,1,263,495,11,39,120,123,5,3.2373902797698975,0
chain_15,sparse,medium,p3_c160_mp1_pen1_h5,101,4,5,3,2,358,680,12,80,164,170,5,3.3339731693267822,0
chain_15,sparse,medium,p3_c160_mp1_pen0_h2,42,4,5,3,2,331,628,13,84,150,160,2,2.7836315631866455,0
chain_15,sparse,medium,p3_c160_mp1_pen0_h2,101,5,5,3,2,352,669,12,103,164,165,2,2.932105541229248,0
chain_15,sparse,medium,p3_c160_mp1_pen0_h0,101,5,5,3,2,355,680,9,112,168,166,0,3.0408122539520264,0
chain_15,sparse,medium,p3_c160_mp1_pen0_h0,202,3,3,2,1,254,484,8,70,111,127,0,3.29152512550354,0
chain_15,sparse,medium,p3_c160_mp1_pen0_h0,42,4,5,3,2,312,595,10,84,141,152,0,3.3425469398498535,0
chain_15,sparse,medium,p3_c160_mp1_pen0_h2,202,2,3,2,1,213,398,12,29,101,96,2,2.9529483318328857,0
chain_15,sparse,medium,p3_c160_mp1_pen0_h5,101,4,5,3,2,358,680,12,80,164,170,5,2.996534585952759,0
chain_15,sparse,medium,p3_c160_mp1_pen0_h5,42,5,5,3,2,365,695,10,105,158,182,4,3.1711602210998535,0
chain_15,sparse,medium,p3_c160_mp2_pen1_h0,202,3,3,2,1,254,484,8,70,111,127,0,2.8987133502960205,0
chain_15,sparse,medium,p3_c160_mp1_pen0_h5,202,3,3,2,1,263,495,11,39,120,123,5,3.238142967224121,0
chain_15,sparse,medium,p3_c160_mp2_pen1_h0,42,5,5,3,2,360,689,8,112,172,165,0,3.3452930450439453,0
chain_15,sparse,medium,p3_c160_mp2_pen1_h2,42,4,5,3,2,333,630,13,84,150,160,2,3.2917590141296387,0
chain_15,sparse,medium,p3_c160_mp2_pen1_h2,202,2,3,2,1,213,398,12,29,101,96,2,3.108297109603882,0
chain_15,sparse,medium,p3_c160_mp2_pen1_h0,101,5,5,3,2,355,680,9,112,168,166,0,3.401751756668091,0
chain_15,sparse,medium,p3_c160_mp2_pen1_h2,101,5,5,3,2,352,669,12,103,164,165,2,3.375608205795288,0
chain_15,sparse,medium,p3_c160_mp2_pen1_h5,42,5,5,3,2,367,697,10,105,158,182,4,3.404130697250366,0
chain_15,sparse,medium,p3_c160_mp2_pen1_h5,101,4,5,3,2,358,680,12,80,164,170,5,3.2685484886169434,0
chain_15,sparse,medium,p3_c160_mp2_pen1_h5,202,3,3,2,1,263,495,11,39,120,123,5,3.297578811645508,0
chain_15,sparse,medium,p3_c160_mp2_pen0_h0,202,3,3,2,1,254,484,8,70,111,127,0,3.087341547012329,0
chain_15,sparse,medium,p3_c160_mp2_pen0_h0,42,5,5,3,2,360,689,8,112,172,165,0,3.619128465652466,0
chain_15,sparse,medium,p3_c160_mp2_pen0_h0,101,5,5,3,2,355,680,9,112,168,166,0,3.413585901260376,0
chain_15,sparse,medium,p3_c160_mp2_pen0_h5,202,3,3,2,1,263,495,11,39,120,123,5,2.784494638442993,0
chain_15,sparse,medium,p3_c160_mp2_pen0_h2,202,2,3,2,1,213,398,12,29,101,96,2,3.3820223808288574,0
chain_15,sparse,medium,p3_c160_mp2_pen0_h2,101,5,5,3,2,352,669,12,103,164,165,2,3.5017149448394775,0
chain_15,sparse,medium,p3_c160_mp2_pen0_h2,42,4,5,3,2,333,630,13,84,150,160,2,3.6915390491485596,0
chain_15,sparse,medium,p3_c160_mp2_pen0_h5,42,5,5,3,2,367,697,10,105,158,182,4,3.412609815597534,0
chain_15,sparse,medium,p3_c160_mp2_pen0_h5,101,4,5,3,2,358,680,12,80,164,170,5,3.3767495155334473,0
chain_15,sparse,medium,p3_c160_mp3_pen1_h0,101,5,5,3,2,355,680,9,112,168,166,0,3.4264681339263916,0
chain_15,sparse,medium,p3_c160_mp3_pen1_h0,202,3,3,2,1,254,484,8,70,111,127,0,3.4754738807678223,0
chain_15,sparse,medium,p3_c160_mp3_pen1_h0,42,5,5,3,2,355,674,11,105,172,158,0,3.767516851425171,0
chain_15,sparse,medium,p3_c160_mp3_pen1_h2,42,4,5,3,2,340,643,12,84,155,160,2,3.630030632019043,0
chain_15,sparse,medium,p3_c160_mp3_pen1_h5,42,4,5,3,2,358,679,10,84,155,176,4,3.5049564838409424,0
chain_15,sparse,medium,p3_c160_mp3_pen1_h2,202,2,3,2,1,213,398,12,29,101,96,2,3.6212313175201416,0
chain_15,sparse,medium,p3_c160_mp3_pen1_h5,101,4,5,3,2,358,680,12,80,164,170,5,3.456456422805786,0
chain_15,sparse,medium,p3_c160_mp3_pen1_h2,101,5,5,3,2,352,669,12,103,164,165,2,3.782097578048706,0
chain_15,sparse,medium,p3_c160_mp3_pen0_h0,42,5,5,3,2,355,674,11,105,172,158,0,3.571531057357788,0
chain_15,sparse,medium,p3_c160_mp3_pen0_h0,101,5,5,3,2,355,680,9,112,168,166,0,3.4001142978668213,0
chain_15,sparse,medium,p3_c160_mp3_pen0_h0,202,3,3,2,1,254,484,8,70,111,127,0,3.4050211906433105,0
chain_15,sparse,medium,p3_c160_mp3_pen0_h2,42,4,5,3,2,340,643,12,84,155,160,2,3.4690260887145996,0
chain_15,sparse,medium,p3_c160_mp3_pen0_h5,101,4,5,3,2,358,680,12,80,164,170,5,3.220405340194702,0
chain_15,sparse,medium,p3_c160_mp3_pen1_h5,202,3,3,2,1,263,495,11,39,120,123,5,4.086888313293457,0
chain_15,sparse,medium,p3_c160_mp3_pen0_h2,101,5,5,3,2,352,669,12,103,164,165,2,3.7181851863861084,0
grid_3x3,medium,medium,baseline,42,4,4,3,1,190,677,148,23,108,56,0,3.3404898643493652,0
chain_15,sparse,medium,p3_c160_mp3_pen0_h5,202,3,3,2,1,263,495,11,39,120,123,5,3.4985034465789795,0
chain_15,sparse,medium,p3_c160_mp3_pen0_h5,42,4,5,3,2,358,679,10,84,155,176,4,3.790386199951172,0
chain_15,sparse,medium,p3_c160_mp3_pen0_h2,202,2,3,2,1,213,398,12,29,101,96,2,3.986783266067505,0
grid_3x3,medium,medium,baseline,101,4,4,3,1,210,702,217,20,123,62,0,3.2792320251464844,0
grid_3x3,medium,medium,p3_c40_mp1_pen1_h0,42,4,4,0,4,180,651,124,31,90,65,0,3.1757419109344482,0
grid_3x3,medium,medium,baseline,202,4,4,4,0,213,742,195,14,137,50,0,3.4529237747192383,0
grid_3x3,medium,medium,p3_c40_mp1_pen1_h2,202,4,4,0,4,233,815,187,40,125,76,6,2.956361770629883,0
grid_3x3,medium,medium,p3_c40_mp1_pen1_h0,101,4,4,0,4,214,739,205,40,123,67,0,3.3896450996398926,0
grid_3x3,medium,medium,p3_c40_mp1_pen1_h2,101,4,4,0,4,233,788,217,40,113,89,6,3.2972941398620605,0
grid_3x3,medium,medium,p3_c40_mp1_pen1_h0,202,4,4,0,4,215,767,177,40,128,62,0,3.4722506999969482,0
grid_3x3,medium,medium,p3_c40_mp1_pen1_h2,42,4,4,0,4,204,714,152,31,94,81,4,3.4268555641174316,0
grid_3x3,medium,medium,p3_c40_mp1_pen1_h5,101,4,4,0,4,237,805,217,40,113,93,6,3.063947916030884,0
grid_3x3,medium,medium,p3_c40_mp1_pen1_h5,42,4,4,0,4,204,714,152,31,94,81,4,3.34247088432312,0
grid_3x3,medium,medium,p3_c40_mp1_pen0_h0,42,4,4,0,4,180,651,124,31,90,65,0,3.050285816192627,0
grid_3x3,medium,medium,p3_c40_mp1_pen1_h5,202,4,4,0,4,233,815,187,40,125,76,6,3.171928882598877,0
grid_3x3,medium,medium,p3_c40_mp1_pen0_h0,101,4,4,0,4,214,726,215,40,123,67,0,3.24753737449646,0
grid_3x3,medium,medium,p3_c40_mp1_pen0_h2,202,4,4,0,4,233,815,187,40,125,76,6,2.895392656326294,0
grid_3x3,medium,medium,p3_c40_mp1_pen0_h0,202,4,4,0,4,215,767,177,40,128,62,0,3.167207956314087,0
grid_3x3,medium,medium,p3_c40_mp1_pen0_h2,101,4,4,0,4,233,788,217,40,113,89,6,3.013030767440796,0
grid_3x3,medium,medium,p3_c40_mp1_pen0_h2,42,4,4,0,4,204,714,152,31,94,81,4,3.122063398361206,0
grid_3x3,medium,medium,p3_c40_mp1_pen0_h5,101,4,4,0,4,237,805,217,40,113,93,6,3.0557751655578613,0
grid_3x3,medium,medium,p3_c40_mp1_pen0_h5,42,4,4,0,4,204,714,152,31,94,81,4,3.1624605655670166,0
grid_3x3,medium,medium,p3_c40_mp1_pen0_h5,202,4,4,0,4,233,815,187,40,125,76,6,3.118980884552002,0
grid_3x3,medium,medium,p3_c40_mp2_pen1_h0,42,4,4,0,4,184,652,127,31,90,65,0,3.033846378326416,0
grid_3x3,medium,medium,p3_c40_mp2_pen1_h0,101,4,4,0,4,218,733,215,40,123,67,0,3.057645320892334,0
grid_3x3,medium,medium,p3_c40_mp2_pen1_h2,202,4,4,0,4,237,825,181,40,125,76,6,2.748807191848755,0
grid_3x3,medium,medium,p3_c40_mp2_pen1_h0,202,4,4,0,4,219,772,176,40,128,62,0,3.055527925491333,0
grid_3x3,medium,medium,p3_c40_mp2_pen1_h2,101,4,4,0,4,237,805,204,40,113,89,6,2.9344394207000732,0
grid_3x3,medium,medium,p3_c40_mp2_pen1_h2,42,4,4,0,4,217,758,156,40,103,81,4,3.1127936840057373,0
grid_3x3,medium,medium,p3_c40_mp2_pen1_h5,42,4,4,0,4,217,758,156,40,103,81,4,3.1844124794006348,0
grid_3x3,medium,medium,p3_c40_mp2_pen1_h5,202,4,4,0,4,237,825,181,40,125,76,6,3.0966672897338867,0
grid_3x3,medium,medium,p3_c40_mp2_pen1_h5,101,4,4,0,4,241,822,204,40,113,93,6,3.2924625873565674,0
grid_3x3,medium,medium,p3_c40_mp2_pen0_h0,42,4,4,0,4,184,652,127,31,90,65,0,3.0135693550109863,0
grid_3x3,medium,medium,p3_c40_mp2_pen0_h0,202,4,4,0,4,219,772,176,40,128,62,0,2.918238401412964,0
grid_3x3,medium,medium,p3_c40_mp2_pen0_h2,42,4,4,0,4,217,758,156,40,103,81,4,2.954461097717285,0
grid_3x3,medium,medium,p3_c40_mp2_pen0_h0,101,4,4,0,4,218,730,215,40,123,67,0,3.247586250305176,0
grid_3x3,medium,medium,p3_c40_mp2_pen0_h2,101,4,4,0,4,237,805,204,40,113,89,6,2.988938093185425,0
grid_3x3,medium,medium,p3_c40_mp2_pen0_h2,202,4,4,0,4,237,825,181,40,125,76,6,2.8999102115631104,0
grid_3x3,medium,medium,p3_c40_mp2_pen0_h5,42,4,4,0,4,217,758,156,40,103,81,4,3.084216833114624,0
grid_3x3,medium,medium,p3_c40_mp2_pen0_h5,101,4,4,0,4,241,822,204,40,113,93,6,3.148172616958618,0
grid_3x3,medium,medium,p3_c40_mp2_pen0_h5,202,4,4,0,4,237,825,181,40,125,76,6,3.0342159271240234,0
grid_3x3,medium,medium,p3_c40_mp3_pen1_h0,101,4,4,0,4,222,746,206,40,123,67,0,2.831387519836426,0
grid_3x3,medium,medium,p3_c40_mp3_pen1_h0,42,4,4,0,4,188,660,123,31,90,65,0,2.907212495803833,0
grid_3x3,medium,medium,p3_c40_mp3_pen1_h2,101,4,4,0,4,241,807,206,40,113,89,6,2.64633846282959,0
grid_3x3,medium,medium,p3_c40_mp3_pen1_h2,202,4,4,0,4,241,821,189,40,125,76,6,2.680579900741577,0
grid_3x3,medium,medium,p3_c40_mp3_pen1_h0,202,4,4,0,4,223,773,179,40,128,62,0,2.8179550170898438,0
grid_3x3,medium,medium,p3_c40_mp3_pen1_h5,101,4,4,0,4,245,824,206,40,113,93,6,2.385401487350464,0
grid_3x3,medium,medium,p3_c40_mp3_pen1_h2,42,4,4,0,4,221,760,158,40,103,81,4,2.8427000045776367,0
grid_3x3,medium,medium,p3_c40_mp3_pen1_h5,42,4,4,0,4,221,760,158,40,103,81,4,2.8894994258880615,0
grid_3x3,medium,medium,p3_c40_mp3_pen0_h0,101,4,4,0,4,222,738,211,40,123,67,0,2.675835132598877,0
grid_3x3,medium,medium,p3_c40_mp3_pen1_h5,202,4,4,0,4,241,821,189,40,125,76,6,2.9570443630218506,0
grid_3x3,medium,medium,p3_c40_mp3_pen0_h0,42,4,4,0,4,188,660,123,31,90,65,0,2.834143877029419,0
grid_3x3,medium,medium,p3_c40_mp3_pen0_h2,42,4,4,0,4,221,760,158,40,103,81,4,2.7426156997680664,0
grid_3x3,medium,medium,p3_c40_mp3_pen0_h0,202,4,4,0,4,223,773,179,40,128,62,0,2.8282744884490967,0
grid_3x3,medium,medium,p3_c40_mp3_pen0_h2,101,4,4,0,4,241,807,206,40,113,89,6,2.8437917232513428,0
grid_3x3,medium,medium,p3_c40_mp3_pen0_h2,202,4,4,0,4,241,821,189,40,125,76,6,2.7182371616363525,0
grid_3x3,medium,medium,p3_c40_mp3_pen0_h5,42,4,4,0,4,221,760,158,40,103,81,4,2.8055782318115234,0
grid_3x3,medium,medium,p3_c40_mp3_pen0_h5,202,4,4,0,4,241,821,189,40,125,76,6,2.7214596271514893,0
grid_3x3,medium,medium,p3_c40_mp3_pen0_h5,101,4,4,0,4,245,824,206,40,113,93,6,2.8574604988098145,0
grid_3x3,medium,medium,p3_c100_mp1_pen1_h0,42,4,4,0,4,180,651,124,31,90,65,0,2.79305100440979,0
grid_3x3,medium,medium,p3_c100_mp1_pen1_h0,101,4,4,0,4,214,739,205,40,123,67,0,2.9880921840667725,0
grid_3x3,medium,medium,p3_c100_mp1_pen1_h2,101,4,4,0,4,233,788,217,40,113,89,6,2.7148427963256836,0
grid_3x3,medium,medium,p3_c100_mp1_pen1_h5,42,4,4,0,4,204,714,152,31,94,81,4,2.574777364730835,0
grid_3x3,medium,medium,p3_c100_mp1_pen1_h0,202,4,4,0,4,215,767,177,40,128,62,0,2.8326950073242188,0
grid_3x3,medium,medium,p3_c100_mp1_pen1_h2,202,4,4,0,4,233,815,187,40,125,76,6,2.656726837158203,0
grid_3x3,medium,medium,p3_c100_mp1_pen1_h2,42,4,4,0,4,204,714,152,31,94,81,4,2.893348217010498,0
grid_3x3,medium,medium,p3_c100_mp1_pen0_h2,42,4,4,0,4,204,714,152,31,94,81,4,2.492734670639038,0
grid_3x3,medium,medium,p3_c100_mp1_pen0_h0,42,4,4,0,4,180,651,124,31,90,65,0,2.7018415927886963,0
grid_3x3,medium,medium,p3_c100_mp1_pen1_h5,101,4,4,0,4,237,805,217,40,113,93,6,2.961559534072876,0
grid_3x3,medium,medium,p3_c100_mp1_pen0_h0,202,4,4,0,4,215,767,177,40,128,62,0,2.696157932281494,0
grid_3x3,medium,medium,p3_c100_mp1_pen0_h2,202,4,4,0,4,233,815,187,40,125,76,6,2.582029342651367,0
grid_3x3,medium,medium,p3_c100_mp1_pen1_h5,202,4,4,0,4,233,815,187,40,125,76,6,2.8987622261047363,0
grid_3x3,medium,medium,p3_c100_mp1_pen0_h0,101,4,4,0,4,214,726,215,40,123,67,0,2.8602819442749023,0
grid_3x3,medium,medium,p3_c100_mp1_pen0_h2,101,4,4,0,4,233,788,217,40,113,89,6,2.821897029876709,0
grid_3x3,medium,medium,p3_c100_mp1_pen0_h5,42,4,4,0,4,204,714,152,31,94,81,4,2.892927646636963,0
grid_3x3,medium,medium,p3_c100_mp1_pen0_h5,202,4,4,0,4,233,815,187,40,125,76,6,2.7754435539245605,0
grid_3x3,medium,medium,p3_c100_mp1_pen0_h5,101,4,4,0,4,237,805,217,40,113,93,6,2.9747049808502197,0
grid_3x3,medium,medium,p3_c100_mp2_pen1_h0,42,4,4,0,4,184,652,127,31,90,65,0,2.708373785018921,0
grid_3x3,medium,medium,p3_c100_mp2_pen1_h2,42,4,4,0,4,217,758,156,40,103,81,4,2.6022937297821045,0
grid_3x3,medium,medium,p3_c100_mp2_pen1_h0,101,4,4,0,4,218,733,215,40,123,67,0,2.7445414066314697,0
grid_3x3,medium,medium,p3_c100_mp2_pen1_h5,42,4,4,0,4,217,758,156,40,103,81,4,2.6789000034332275,0
grid_3x3,medium,medium,p3_c100_mp2_pen1_h0,202,4,4,0,4,219,772,176,40,128,62,0,2.873417377471924,0
grid_3x3,medium,medium,p3_c100_mp2_pen1_h2,202,4,4,0,4,237,825,181,40,125,76,6,2.789904832839966,0
grid_3x3,medium,medium,p3_c100_mp2_pen1_h2,101,4,4,0,4,237,805,204,40,113,89,6,2.846210241317749,0
grid_3x3,medium,medium,p3_c100_mp2_pen1_h5,101,4,4,0,4,241,822,204,40,113,93,6,2.785710334777832,0
grid_3x3,medium,medium,p3_c100_mp2_pen0_h0,101,4,4,0,4,218,730,215,40,123,67,0,2.394622802734375,0
grid_3x3,medium,medium,p3_c100_mp2_pen1_h5,202,4,4,0,4,237,825,181,40,125,76,6,2.5147294998168945,0
grid_3x3,medium,medium,p3_c100_mp2_pen0_h0,202,4,4,0,4,219,772,176,40,128,62,0,2.605098247528076,0
grid_3x3,medium,medium,p3_c100_mp2_pen0_h0,42,4,4,0,4,184,652,127,31,90,65,0,2.871173620223999,0
grid_3x3,medium,medium,p3_c100_mp2_pen0_h2,202,4,4,0,4,237,825,181,40,125,76,6,2.710702896118164,0
grid_3x3,medium,medium,p3_c100_mp2_pen0_h2,101,4,4,0,4,237,805,204,40,113,89,6,2.7535207271575928,0
grid_3x3,medium,medium,p3_c100_mp2_pen0_h2,42,4,4,0,4,217,758,156,40,103,81,4,2.9297738075256348,0
grid_3x3,medium,medium,p3_c100_mp2_pen0_h5,42,4,4,0,4,217,758,156,40,103,81,4,2.9438843727111816,0
grid_3x3,medium,medium,p3_c100_mp2_pen0_h5,101,4,4,0,4,241,822,204,40,113,93,6,2.906663656234741,0
grid_3x3,medium,medium,p3_c100_mp3_pen1_h0,42,4,4,0,4,188,660,123,31,90,65,0,2.7830843925476074,0
grid_3x3,medium,medium,p3_c100_mp3_pen1_h0,101,4,4,0,4,222,746,206,40,123,67,0,2.8754947185516357,0
grid_3x3,medium,medium,p3_c100_mp2_pen0_h5,202,4,4,0,4,237,825,181,40,125,76,6,2.9128706455230713,0
grid_3x3,medium,medium,p3_c100_mp3_pen1_h0,202,4,4,0,4,223,773,179,40,128,62,0,2.8962438106536865,0
grid_3x3,medium,medium,p3_c100_mp3_pen1_h2,101,4,4,0,4,241,807,206,40,113,89,6,2.8447511196136475,0
grid_3x3,medium,medium,p3_c100_mp3_pen0_h0,101,4,4,0,4,222,738,211,40,123,67,0,2.224252462387085,0
grid_3x3,medium,medium,p3_c100_mp3_pen1_h2,42,4,4,0,4,221,760,158,40,103,81,4,2.935183048248291,0
grid_3x3,medium,medium,p3_c100_mp3_pen1_h5,42,4,4,0,4,221,760,158,40,103,81,4,2.8188374042510986,0
grid_3x3,medium,medium,p3_c100_mp3_pen1_h2,202,4,4,0,4,241,821,189,40,125,76,6,3.001725673675537,0
grid_3x3,medium,medium,p3_c100_mp3_pen1_h5,202,4,4,0,4,241,821,189,40,125,76,6,2.8527655601501465,0
grid_3x3,medium,medium,p3_c100_mp3_pen1_h5,101,4,4,0,4,245,824,206,40,113,93,6,2.899855852127075,0
grid_3x3,medium,medium,p3_c100_mp3_pen0_h0,42,4,4,0,4,188,660,123,31,90,65,0,2.8117339611053467,0
grid_3x3,medium,medium,p3_c100_mp3_pen0_h2,202,4,4,0,4,241,821,189,40,125,76,6,2.5138168334960938,0
grid_3x3,medium,medium,p3_c100_mp3_pen0_h0,202,4,4,0,4,223,773,179,40,128,62,0,2.9423611164093018,0
grid_3x3,medium,medium,p3_c100_mp3_pen0_h5,42,4,4,0,4,221,760,158,40,103,81,4,2.7674272060394287,0
grid_3x3,medium,medium,p3_c100_mp3_pen0_h2,42,4,4,0,4,221,760,158,40,103,81,4,2.9749279022216797,0
grid_3x3,medium,medium,p3_c105_mp1_pen1_h0,101,4,4,3,1,210,702,217,20,123,62,0,2.5789706707000732,0
grid_3x3,medium,medium,p3_c100_mp3_pen0_h5,101,4,4,0,4,245,824,206,40,113,93,6,2.824495792388916,0
grid_3x3,medium,medium,p3_c100_mp3_pen0_h2,101,4,4,0,4,241,807,206,40,113,89,6,2.979092836380005,0
grid_3x3,medium,medium,p3_c100_mp3_pen0_h5,202,4,4,0,4,241,821,189,40,125,76,6,2.8135879039764404,0
grid_3x3,medium,medium,p3_c105_mp1_pen1_h0,42,4,4,3,1,190,677,148,23,108,56,0,2.750443935394287,0
grid_3x3,medium,medium,p3_c105_mp1_pen1_h0,202,4,4,4,0,213,742,195,14,137,50,0,2.8711960315704346,0
grid_3x3,medium,medium,p3_c105_mp1_pen1_h2,42,4,4,2,2,215,763,149,30,103,81,4,2.8909506797790527,0
grid_3x3,medium,medium,p3_c105_mp1_pen1_h2,101,4,4,4,0,217,721,212,4,113,73,6,2.630958080291748,0
grid_3x3,medium,medium,p3_c105_mp1_pen1_h5,42,4,4,2,2,215,763,149,30,103,81,4,2.6626269817352295,0
grid_3x3,medium,medium,p3_c105_mp1_pen1_h5,202,4,4,4,0,234,795,213,17,134,67,6,2.5739071369171143,0
grid_3x3,medium,medium,p3_c105_mp1_pen1_h2,202,4,4,4,0,234,795,213,17,134,67,6,2.9518661499023438,0
grid_3x3,medium,medium,p3_c105_mp1_pen1_h5,101,4,4,4,0,221,738,212,4,113,77,6,2.941032886505127,0
grid_3x3,medium,medium,p3_c105_mp1_pen0_h0,42,4,4,3,1,190,677,148,23,108,56,0,2.684880495071411,0
grid_3x3,medium,medium,p3_c105_mp1_pen0_h2,101,4,4,4,0,217,721,212,4,113,73,6,2.687718152999878,0
grid_3x3,medium,medium,p3_c105_mp1_pen0_h0,101,4,4,3,1,210,702,217,20,123,62,0,2.850165605545044,0
grid_3x3,medium,medium,p3_c105_mp1_pen0_h5,101,4,4,4,0,221,738,212,4,113,77,6,2.582073926925659,0
grid_3x3,medium,medium,p3_c105_mp1_pen0_h0,202,4,4,4,0,213,742,195,14,137,50,0,2.894984245300293,0
grid_3x3,medium,medium,p3_c105_mp1_pen0_h2,202,4,4,4,0,234,795,213,17,134,67,6,2.746121644973755,0
grid_3x3,medium,medium,p3_c105_mp1_pen0_h2,42,4,4,2,2,215,763,149,30,103,81,4,2.898103952407837,0
grid_3x3,medium,medium,p3_c105_mp1_pen0_h5,42,4,4,2,2,215,763,149,30,103,81,4,2.8922903537750244,0
grid_3x3,medium,medium,p3_c105_mp2_pen1_h0,101,4,4,3,1,211,703,217,20,123,62,0,2.683643102645874,0
grid_3x3,medium,medium,p3_c105_mp1_pen0_h5,202,4,4,4,0,234,795,213,17,134,67,6,2.9650261402130127,0
grid_3x3,medium,medium,p3_c105_mp2_pen1_h0,202,4,4,4,0,213,742,195,14,137,50,0,2.7513792514801025,0
grid_3x3,medium,medium,p3_c105_mp2_pen1_h0,42,4,4,3,1,191,678,148,23,108,56,0,2.79500412940979,0
grid_3x3,medium,medium,p3_c105_mp2_pen1_h2,42,4,4,2,2,217,764,150,30,103,81,4,2.9368205070495605,0
grid_3x3,medium,medium,p3_c105_mp2_pen0_h0,101,4,4,3,1,211,703,217,20,123,62,0,2.4231860637664795,0
grid_3x3,medium,medium,p3_c105_mp2_pen1_h5,42,4,4,2,2,217,764,150,30,103,81,4,2.70176100730896,0
grid_3x3,medium,medium,p3_c105_mp2_pen1_h2,101,4,4,4,0,217,721,212,4,113,73,6,2.886937141418457,0
grid_3x3,medium,medium,p3_c105_mp2_pen0_h0,202,4,4,4,0,213,742,195,14,137,50,0,2.5786173343658447,0
grid_3x3,medium,medium,p3_c105_mp2_pen1_h5,101,4,4,4,0,221,738,212,4,113,77,6,2.7881908416748047,0
grid_3x3,medium,medium,p3_c105_mp2_pen1_h2,202,4,4,4,0,234,795,213,17,134,67,6,2.8877222537994385,0
grid_3x3,medium,medium,p3_c105_mp2_pen0_h2,101,4,4,4,0,217,721,212,4,113,73,6,2.1275217533111572,0
grid_3x3,medium,medium,p3_c105_mp2_pen0_h0,42,4,4,3,1,191,678,148,23,108,56,0,2.824479341506958,0
grid_3x3,medium,medium,p3_c105_mp2_pen1_h5,202,4,4,4,0,234,795,213,17,134,67,6,2.9398505687713623,0
grid_3x3,medium,medium,p3_c105_mp2_pen0_h2,202,4,4,4,0,234,795,213,17,134,67,6,2.578153371810913,0
grid_3x3,medium,medium,p3_c105_mp2_pen0_h2,42,4,4,2,2,217,764,150,30,103,81,4,2.8146140575408936,0
grid_3x3,medium,medium,p3_c105_mp2_pen0_h5,202,4,4,4,0,234,795,213,17,134,67,6,2.567014694213867,0
grid_3x3,medium,medium,p3_c105_mp2_pen0_h5,42,4,4,2,2,217,764,150,30,103,81,4,2.7462306022644043,0
grid_3x3,medium,medium,p3_c105_mp2_pen0_h5,101,4,4,4,0,221,738,212,4,113,77,6,2.955254554748535,0
grid_3x3,medium,medium,p3_c105_mp3_pen1_h0,42,4,4,3,1,192,677,150,23,108,56,0,2.7139790058135986,0
grid_3x3,medium,medium,p3_c105_mp3_pen1_h5,42,4,4,2,2,228,798,162,39,112,81,4,2.377664566040039,0
grid_3x3,medium,medium,p3_c105_mp3_pen1_h0,101,4,4,3,1,212,704,217,20,123,62,0,2.7757620811462402,0
grid_3x3,medium,medium,p3_c105_mp3_pen1_h0,202,4,4,4,0,213,742,195,14,137,50,0,2.7421345710754395,0
grid_3x3,medium,medium,p3_c105_mp3_pen1_h2,42,4,4,2,2,228,798,162,39,112,81,4,2.7740910053253174,0
grid_3x3,medium,medium,p3_c105_mp3_pen1_h2,101,4,4,4,0,217,721,212,4,113,73,6,2.8044214248657227,0
grid_3x3,medium,medium,p3_c105_mp3_pen1_h2,202,4,4,4,0,234,795,213,17,134,67,6,2.8482613563537598,0
grid_3x3,medium,medium,p3_c105_mp3_pen0_h2,42,4,4,2,2,228,798,162,39,112,81,4,2.6013195514678955,0
grid_3x3,medium,medium,p3_c105_mp3_pen0_h0,42,4,4,3,1,192,677,150,23,108,56,0,2.7256383895874023,0
grid_3x3,medium,medium,p3_c105_mp3_pen1_h5,101,4,4,4,0,221,738,212,4,113,77,6,2.984480857849121,0
grid_3x3,medium,medium,p3_c105_mp3_pen1_h5,202,4,4,4,0,234,795,213,17,134,67,6,2.8954336643218994,0
grid_3x3,medium,medium,p3_c105_mp3_pen0_h0,101,4,4,3,1,212,704,217,20,123,62,0,2.876115083694458,0
grid_3x3,medium,medium,p3_c105_mp3_pen0_h0,202,4,4,4,0,213,742,195,14,137,50,0,2.9358036518096924,0
grid_3x3,medium,medium,p3_c105_mp3_pen0_h2,202,4,4,4,0,234,795,213,17,134,67,6,2.7689127922058105,0
grid_3x3,medium,medium,p3_c105_mp3_pen0_h2,101,4,4,4,0,217,721,212,4,113,73,6,2.91227388381958,0
grid_3x3,medium,medium,p3_c105_mp3_pen0_h5,42,4,4,2,2,228,798,162,39,112,81,4,2.839958667755127,0
grid_3x3,medium,medium,p3_c105_mp3_pen0_h5,202,4,4,4,0,234,795,213,17,134,67,6,2.752293109893799,0
grid_3x3,medium,medium,p3_c105_mp3_pen0_h5,101,4,4,4,0,221,738,212,4,113,77,6,2.877882242202759,0
grid_3x3,medium,medium,p3_c120_mp1_pen1_h0,42,4,4,3,1,190,677,148,23,108,56,0,2.809804677963257,0
grid_3x3,medium,medium,p3_c120_mp1_pen1_h0,101,4,4,3,1,210,702,217,20,123,62,0,2.8465569019317627,0
grid_3x3,medium,medium,p3_c120_mp1_pen1_h0,202,4,4,4,0,213,742,195,14,137,50,0,2.8588833808898926,0
grid_3x3,medium,medium,p3_c120_mp1_pen1_h2,42,4,4,2,2,215,763,149,30,103,81,4,2.9112792015075684,0
grid_3x3,medium,medium,p3_c120_mp1_pen1_h2,101,4,4,4,0,217,721,212,4,113,73,6,2.8692193031311035,0
grid_3x3,medium,medium,p3_c120_mp1_pen1_h2,202,4,4,4,0,234,795,213,17,134,67,6,2.7683231830596924,0
grid_3x3,medium,medium,p3_c120_mp1_pen1_h5,42,4,4,2,2,215,763,149,30,103,81,4,2.6178438663482666,0
grid_3x3,medium,medium,p3_c120_mp1_pen1_h5,202,4,4,4,0,234,795,213,17,134,67,6,2.839015007019043,0
grid_3x3,medium,medium,p3_c120_mp1_pen1_h5,101,4,4,4,0,221,738,212,4,113,77,6,2.905534267425537,0
grid_3x3,medium,medium,p3_c120_mp1_pen0_h0,202,4,4,4,0,213,742,195,14,137,50,0,2.73642635345459,0
grid_3x3,medium,medium,p3_c120_mp1_pen0_h0,42,4,4,3,1,190,677,148,23,108,56,0,2.990025520324707,0
grid_3x3,medium,medium,p3_c120_mp1_pen0_h0,101,4,4,3,1,210,702,217,20,123,62,0,2.9976806640625,0
grid_3x3,medium,medium,p3_c120_mp1_pen0_h2,42,4,4,2,2,215,763,149,30,103,81,4,2.8558545112609863,0
grid_3x3,medium,medium,p3_c120_mp2_pen1_h0,42,4,4,3,1,191,678,148,23,108,56,0,2.2811620235443115,0
grid_3x3,medium,medium,p3_c120_mp1_pen0_h2,202,4,4,4,0,234,795,213,17,134,67,6,2.6329848766326904,0
grid_3x3,medium,medium,p3_c120_mp1_pen0_h5,202,4,4,4,0,234,795,213,17,134,67,6,2.455690383911133,0
grid_3x3,medium,medium,p3_c120_mp1_pen0_h2,101,4,4,4,0,217,721,212,4,113,73,6,2.9197170734405518,0
grid_3x3,medium,medium,p3_c120_mp1_pen0_h5,42,4,4,2,2,215,763,149,30,103,81,4,2.8295915126800537,0
grid_3x3,medium,medium,p3_c120_mp2_pen1_h0,202,4,4,4,0,213,742,195,14,137,50,0,2.677790880203247,0
grid_3x3,medium,medium,p3_c120_mp2_pen1_h0,101,4,4,3,1,211,703,217,20,123,62,0,2.71749210357666,0
grid_3x3,medium,medium,p3_c120_mp1_pen0_h5,101,4,4,4,0,221,738,212,4,113,77,6,2.9567272663116455,0
grid_3x3,medium,medium,p3_c120_mp2_pen1_h2,42,4,4,2,2,217,764,150,30,103,81,4,2.9036548137664795,0
grid_3x3,medium,medium,p3_c120_mp2_pen1_h5,101,4,4,4,0,221,738,212,4,113,77,6,2.477638006210327,0
grid_3x3,medium,medium,p3_c120_mp2_pen1_h5,42,4,4,2,2,217,764,150,30,103,81,4,2.5514729022979736,0
grid_3x3,medium,medium,p3_c120_mp2_pen1_h2,101,4,4,4,0,217,721,212,4,113,73,6,3.0136237144470215,0
grid_3x3,medium,medium,p3_c120_mp2_pen0_h0,42,4,4,3,1,191,678,148,23,108,56,0,2.6022799015045166,0
grid_3x3,medium,medium,p3_c120_mp2_pen0_h2,42,4,4,2,2,217,764,150,30,103,81,4,2.4768919944763184,0
grid_3x3,medium,medium,p3_c120_mp2_pen0_h0,202,4,4,4,0,213,742,195,14,137,50,0,2.5741658210754395,0
grid_3x3,medium,medium,p3_c120_mp2_pen1_h2,202,4,4,4,0,234,795,213,17,134,67,6,2.907269239425659,0
grid_3x3,medium,medium,p3_c120_mp2_pen0_h0,101,4,4,3,1,211,703,217,20,123,62,0,2.6943273544311523,0
grid_3x3,medium,medium,p3_c120_mp2_pen1_h5,202,4,4,4,0,234,795,213,17,134,67,6,2.8900387287139893,0
grid_3x3,medium,medium,p3_c120_mp2_pen0_h2,101,4,4,4,0,217,721,212,4,113,73,6,2.8379364013671875,0
grid_3x3,medium,medium,p3_c120_mp2_pen0_h2,202,4,4,4,0,234,795,213,17,134,67,6,2.8629043102264404,0
grid_3x3,medium,medium,p3_c120_mp2_pen0_h5,42,4,4,2,2,217,764,150,30,103,81,4,2.918778657913208,0
grid_3x3,medium,medium,p3_c120_mp2_pen0_h5,101,4,4,4,0,221,738,212,4,113,77,6,2.9929349422454834,0
grid_3x3,medium,medium,p3_c120_mp2_pen0_h5,202,4,4,4,0,234,795,213,17,134,67,6,2.6489951610565186,0
grid_3x3,medium,medium,p3_c120_mp3_pen1_h0,42,4,4,3,1,192,677,150,23,108,56,0,2.8287899494171143,0
grid_3x3,medium,medium,p3_c120_mp3_pen1_h2,42,4,4,2,2,228,798,162,39,112,81,4,2.580451488494873,0
grid_3x3,medium,medium,p3_c120_mp3_pen1_h0,101,4,4,3,1,212,704,217,20,123,62,0,2.936931610107422,0
grid_3x3,medium,medium,p3_c120_mp3_pen1_h0,202,4,4,4,0,213,742,195,14,137,50,0,2.884697914123535,0
grid_3x3,medium,medium,p3_c120_mp3_pen1_h5,202,4,4,4,0,234,795,213,17,134,67,6,2.61678409576416,0
grid_3x3,medium,medium,p3_c120_mp3_pen1_h2,202,4,4,4,0,234,795,213,17,134,67,6,2.9227309226989746,0
grid_3x3,medium,medium,p3_c120_mp3_pen1_h5,42,4,4,2,2,228,798,162,39,112,81,4,2.896120309829712,0
grid_3x3,medium,medium,p3_c120_mp3_pen1_h2,101,4,4,4,0,217,721,212,4,113,73,6,2.9596099853515625,0
grid_3x3,medium,medium,p3_c120_mp3_pen0_h0,202,4,4,4,0,213,742,195,14,137,50,0,2.686676502227783,0
grid_3x3,medium,medium,p3_c160_mp1_pen1_h0,101,4,4,3,1,210,702,217,20,123,62,0,2.053138256072998,0
grid_3x3,medium,medium,p3_c120_mp3_pen0_h0,101,4,4,3,1,212,704,217,20,123,62,0,2.8044581413269043,0
grid_3x3,medium,medium,p3_c120_mp3_pen0_h0,42,4,4,3,1,192,677,150,23,108,56,0,2.973724603652954,0
grid_3x3,medium,medium,p3_c120_mp3_pen1_h5,101,4,4,4,0,221,738,212,4,113,77,6,3.1932034492492676,0
grid_3x3,medium,medium,p3_c120_mp3_pen0_h2,42,4,4,2,2,228,798,162,39,112,81,4,2.9630954265594482,0
grid_3x3,medium,medium,p3_c120_mp3_pen0_h2,202,4,4,4,0,234,795,213,17,134,67,6,2.6541531085968018,0
grid_3x3,medium,medium,p3_c120_mp3_pen0_h5,42,4,4,2,2,228,798,162,39,112,81,4,2.8660671710968018,0
grid_3x3,medium,medium,p3_c120_mp3_pen0_h2,101,4,4,4,0,217,721,212,4,113,73,6,2.9768226146698,0
grid_3x3,medium,medium,p3_c120_mp3_pen0_h5,101,4,4,4,0,221,738,212,4,113,77,6,2.88476300239563,0
grid_3x3,medium,medium,p3_c160_mp1_pen1_h2,42,4,4,2,2,215,763,149,30,103,81,4,2.776306629180908,0
grid_3x3,medium,medium,p3_c160_mp1_pen1_h0,202,4,4,4,0,213,742,195,14,137,50,0,2.8277831077575684,0
grid_3x3,medium,medium,p3_c120_mp3_pen0_h5,202,4,4,4,0,234,795,213,17,134,67,6,2.929062843322754,0
grid_3x3,medium,medium,p3_c160_mp1_pen1_h0,42,4,4,3,1,190,677,148,23,108,56,0,2.8989033699035645,0
grid_3x3,medium,medium,p3_c160_mp1_pen1_h2,101,4,4,4,0,217,721,212,4,113,73,6,2.802736520767212,0
grid_3x3,medium,medium,p3_c160_mp1_pen1_h5,42,4,4,2,2,215,763,149,30,103,81,4,2.806302070617676,0
grid_3x3,medium,medium,p3_c160_mp1_pen1_h2,202,4,4,4,0,234,795,213,17,134,67,6,2.9082438945770264,0
grid_3x3,medium,medium,p3_c160_mp1_pen1_h5,202,4,4,4,0,234,795,213,17,134,67,6,2.5783989429473877,0
grid_3x3,medium,medium,p3_c160_mp1_pen1_h5,101,4,4,4,0,221,738,212,4,113,77,6,2.7535243034362793,0
grid_3x3,medium,medium,p3_c160_mp1_pen0_h0,42,4,4,3,1,190,677,148,23,108,56,0,2.889202833175659,0
grid_3x3,medium,medium,p3_c160_mp1_pen0_h0,202,4,4,4,0,213,742,195,14,137,50,0,2.6239113807678223,0
grid_3x3,medium,medium,p3_c160_mp1_pen0_h2,42,4,4,2,2,215,763,149,30,103,81,4,2.478158473968506,0
grid_3x3,medium,medium,p3_c160_mp1_pen0_h0,101,4,4,3,1,210,702,217,20,123,62,0,2.9680697917938232,0
grid_3x3,medium,medium,p3_c160_mp1_pen0_h5,202,4,4,4,0,234,795,213,17,134,67,6,2.3680026531219482,0
grid_3x3,medium,medium,p3_c160_mp1_pen0_h2,101,4,4,4,0,217,721,212,4,113,73,6,2.7817893028259277,0
grid_3x3,medium,medium,p3_c160_mp1_pen0_h2,202,4,4,4,0,234,795,213,17,134,67,6,2.84712815284729,0
grid_3x3,medium,medium,p3_c160_mp1_pen0_h5,101,4,4,4,0,221,738,212,4,113,77,6,2.946706533432007,0
grid_3x3,medium,medium,p3_c160_mp1_pen0_h5,42,4,4,2,2,215,763,149,30,103,81,4,2.962613582611084,0
grid_3x3,medium,medium,p3_c160_mp2_pen1_h0,42,4,4,3,1,191,678,148,23,108,56,0,2.7843713760375977,0
grid_3x3,medium,medium,p3_c160_mp2_pen1_h0,202,4,4,4,0,213,742,195,14,137,50,0,2.6995370388031006,0
grid_3x3,medium,medium,p3_c160_mp2_pen1_h0,101,4,4,3,1,211,703,217,20,123,62,0,2.9113376140594482,0
grid_3x3,medium,medium,p3_c160_mp2_pen1_h2,42,4,4,2,2,217,764,150,30,103,81,4,2.8928308486938477,0
grid_3x3,medium,medium,p3_c160_mp2_pen1_h5,42,4,4,2,2,217,764,150,30,103,81,4,2.656489849090576,0
grid_3x3,medium,medium,p3_c160_mp2_pen1_h2,101,4,4,4,0,217,721,212,4,113,73,6,2.8596322536468506,0
grid_3x3,medium,medium,p3_c160_mp2_pen1_h2,202,4,4,4,0,234,795,213,17,134,67,6,2.7986249923706055,0
grid_3x3,medium,medium,p3_c160_mp2_pen1_h5,202,4,4,4,0,234,795,213,17,134,67,6,2.7085139751434326,0
grid_3x3,medium,medium,p3_c160_mp2_pen0_h0,101,4,4,3,1,211,703,217,20,123,62,0,2.6465904712677,0
grid_3x3,medium,medium,p3_c160_mp2_pen0_h2,101,4,4,4,0,217,721,212,4,113,73,6,2.643733501434326,0
grid_3x3,medium,medium,p3_c160_mp2_pen0_h0,42,4,4,3,1,191,678,148,23,108,56,0,2.8458030223846436,0
grid_3x3,medium,medium,p3_c160_mp2_pen0_h2,42,4,4,2,2,217,764,150,30,103,81,4,2.770355701446533,0
grid_3x3,medium,medium,p3_c160_mp2_pen1_h5,101,4,4,4,0,221,738,212,4,113,77,6,3.013223171234131,0
grid_3x3,medium,medium,p3_c160_mp2_pen0_h0,202,4,4,4,0,213,742,195,14,137,50,0,2.8889710903167725,0
grid_3x3,medium,medium,p3_c160_mp2_pen0_h2,202,4,4,4,0,234,795,213,17,134,67,6,2.878866672515869,0
grid_3x3,medium,medium,p3_c160_mp2_pen0_h5,42,4,4,2,2,217,764,150,30,103,81,4,2.7321715354919434,0
grid_3x3,medium,medium,p3_c160_mp2_pen0_h5,101,4,4,4,0,221,738,212,4,113,77,6,2.795447587966919,0
grid_3x3,medium,medium,p3_c160_mp2_pen0_h5,202,4,4,4,0,234,795,213,17,134,67,6,2.6299283504486084,0
grid_3x3,medium,medium,p3_c160_mp3_pen1_h0,42,4,4,3,1,192,677,150,23,108,56,0,2.8675029277801514,0
grid_3x3,medium,medium,p3_c160_mp3_pen1_h2,42,4,4,2,2,228,798,162,39,112,81,4,2.5586700439453125,0
grid_3x3,medium,medium,p3_c160_mp3_pen1_h0,101,4,4,3,1,212,704,217,20,123,62,0,2.8147449493408203,0
grid_3x3,medium,medium,p3_c160_mp3_pen1_h0,202,4,4,4,0,213,742,195,14,137,50,0,2.972667694091797,0
grid_3x3,medium,medium,p3_c160_mp3_pen1_h2,101,4,4,4,0,217,721,212,4,113,73,6,2.885164499282837,0
grid_3x3,medium,medium,p3_c160_mp3_pen0_h0,42,4,4,3,1,192,677,150,23,108,56,0,2.357069492340088,0
grid_3x3,medium,medium,p3_c160_mp3_pen1_h2,202,4,4,4,0,234,795,213,17,134,67,6,2.94366192817688,0
grid_3x3,medium,medium,p3_c160_mp3_pen1_h5,42,4,4,2,2,228,798,162,39,112,81,4,2.7126290798187256,0
grid_3x3,medium,medium,p3_c160_mp3_pen0_h2,202,4,4,4,0,234,795,213,17,134,67,6,2.262173891067505,0
grid_3x3,medium,medium,p3_c160_mp3_pen1_h5,101,4,4,4,0,221,738,212,4,113,77,6,2.9072229862213135,0
grid_3x3,medium,medium,p3_c160_mp3_pen0_h2,101,4,4,4,0,217,721,212,4,113,73,6,2.609659194946289,0
grid_3x3,medium,medium,p3_c160_mp3_pen0_h0,101,4,4,3,1,212,704,217,20,123,62,0,2.8458809852600098,0
grid_3x3,medium,medium,p3_c160_mp3_pen1_h5,202,4,4,4,0,234,795,213,17,134,67,6,2.919475793838501,0
grid_3x3,medium,medium,p3_c160_mp3_pen0_h0,202,4,4,4,0,213,742,195,14,137,50,0,2.922602653503418,0
grid_3x3,medium,medium,p3_c160_mp3_pen0_h2,42,4,4,2,2,228,798,162,39,112,81,4,2.7689075469970703,0
grid_3x3,medium,medium,p3_c160_mp3_pen0_h5,101,4,4,4,0,221,738,212,4,113,77,6,2.687711477279663,0
grid_3x3,medium,medium,p3_c160_mp3_pen0_h5,42,4,4,2,2,228,798,162,39,112,81,4,2.971796751022339,0
grid_3x3,heavy,medium,baseline,42,8,8,6,2,237,821,200,40,131,71,0,2.6964643001556396,0
grid_3x3,medium,medium,p3_c160_mp3_pen0_h5,202,4,4,4,0,234,795,213,17,134,67,6,2.831955671310425,0
grid_3x3,heavy,medium,p3_c40_mp1_pen1_h0,42,7,8,0,8,238,868,170,70,126,80,0,2.5782980918884277,0
grid_3x3,heavy,medium,p3_c40_mp1_pen1_h0,101,6,8,0,8,247,840,239,60,141,76,0,2.627894401550293,0
grid_3x3,heavy,medium,baseline,101,7,8,7,1,246,829,242,24,150,64,0,2.871274471282959,0
grid_3x3,heavy,medium,baseline,202,12,12,11,1,319,1052,334,38,217,59,0,2.8725080490112305,0
grid_3x3,heavy,medium,p3_c40_mp1_pen1_h0,202,7,8,0,8,253,888,212,70,145,76,0,2.874995231628418,0
grid_3x3,heavy,medium,p3_c40_mp1_pen1_h2,42,8,8,0,8,280,1011,186,80,144,98,5,2.895702838897705,0
grid_3x3,heavy,medium,p3_c40_mp1_pen1_h2,202,8,8,0,8,291,998,251,76,162,89,6,2.760221242904663,0
grid_3x3,heavy,medium,p3_c40_mp1_pen1_h2,101,6,8,0,8,265,926,219,60,131,98,5,2.8991873264312744,0
grid_3x3,heavy,medium,p3_c40_mp1_pen1_h5,42,8,8,0,8,280,1011,186,80,144,98,5,2.8854079246520996,0
grid_3x3,heavy,medium,p3_c40_mp1_pen1_h5,101,6,8,0,8,273,960,219,60,131,105,6,2.8945491313934326,0
grid_3x3,heavy,medium,p3_c40_mp1_pen0_h0,42,7,8,4,4,247,906,167,57,144,69,0,2.7275235652923584,0
grid_3x3,heavy,medium,p3_c40_mp1_pen0_h0,101,6,8,4,4,250,831,254,41,150,68,0,2.5080668926239014,0
grid_3x3,heavy,medium,p3_c40_mp1_pen1_h5,202,8,8,0,8,291,998,251,76,162,89,6,2.888002395629883,0
grid_3x3,heavy,medium,p3_c40_mp1_pen0_h5,42,8,8,4,4,310,1103,221,82,162,105,6,2.594674587249756,0
grid_3x3,heavy,medium,p3_c40_mp1_pen0_h2,42,8,8,4,4,310,1103,221,82,162,105,6,2.821094512939453,0
grid_3x3,heavy,medium,p3_c40_mp1_pen0_h2,202,8,8,4,4,310,1041,298,70,180,87,6,2.8197643756866455,0
grid_3x3,heavy,medium,p3_c40_mp1_pen0_h0,202,7,8,4,4,258,875,249,54,163,61,0,2.96781849861145,0
grid_3x3,heavy,medium,p3_c40_mp1_pen0_h2,101,6,8,4,4,260,893,229,31,131,91,6,2.958664655685425,0
grid_3x3,heavy,medium,p3_c40_mp2_pen1_h2,101,6,8,0,8,273,939,214,60,131,98,5,2.414005994796753,0
grid_3x3,heavy,medium,p3_c40_mp2_pen1_h0,42,8,8,0,8,255,880,197,80,135,79,0,2.629282236099243,0
grid_3x3,heavy,medium,p3_c40_mp1_pen0_h5,101,6,8,4,4,260,893,229,31,131,91,6,2.916116714477539,0
grid_3x3,heavy,medium,p3_c40_mp2_pen1_h2,42,8,8,0,8,285,994,187,80,141,98,5,2.701411247253418,0
grid_3x3,heavy,medium,p3_c40_mp2_pen1_h0,101,6,8,0,8,255,844,245,60,141,76,0,2.8380026817321777,0
grid_3x3,heavy,medium,p3_c40_mp1_pen0_h5,202,8,8,4,4,310,1041,298,70,180,87,6,2.962186813354492,0
grid_3x3,heavy,medium,p3_c40_mp2_pen1_h0,202,11,12,0,12,328,1136,254,110,190,86,0,2.9268267154693604,0
grid_3x3,heavy,medium,p3_c40_mp2_pen1_h2,202,7,8,0,8,300,1014,259,70,162,91,6,2.6852612495422363,0
grid_3x3,heavy,medium,p3_c40_mp2_pen1_h5,101,6,8,0,8,281,973,214,60,131,105,6,2.5684375762939453,0
grid_3x3,heavy,medium,p3_c40_mp2_pen0_h0,202,11,12,6,6,313,1055,285,66,199,67,0,2.5177972316741943,0
grid_3x3,heavy,medium,p3_c40_mp2_pen0_h0,42,8,8,4,4,258,893,205,64,144,75,0,2.80715274810791,0
grid_3x3,heavy,medium,p3_c40_mp2_pen1_h5,42,8,8,0,8,285,994,187,80,141,98,5,2.9367480278015137,0
grid_3x3,heavy,medium,p3_c40_mp2_pen1_h5,202,7,8,0,8,300,1014,259,70,162,91,6,2.908144474029541,0
grid_3x3,heavy,medium,p3_c40_mp2_pen0_h0,101,6,8,4,4,244,807,237,31,141,68,0,2.8840270042419434,0
grid_3x3,heavy,medium,p3_c40_mp2_pen0_h2,202,7,8,4,4,293,957,290,47,171,78,6,2.6377525329589844,0
grid_3x3,heavy,medium,p3_c40_mp2_pen0_h2,42,8,8,4,4,290,1009,208,61,150,95,6,2.94287109375,0
grid_3x3,heavy,medium,p3_c40_mp2_pen0_h2,101,6,8,4,4,277,937,247,44,140,94,6,2.8319098949432373,0
grid_3x3,heavy,medium,p3_c40_mp2_pen0_h5,42,8,8,4,4,290,1009,208,61,150,95,6,2.908743143081665,0
grid_3x3,heavy,medium,p3_c40_mp2_pen0_h5,101,6,8,4,4,277,937,247,44,140,94,6,2.9624338150024414,0
grid_3x3,heavy,medium,p3_c40_mp3_pen1_h5,42,8,8,0,8,293,986,203,80,141,98,5,1.9859139919281006,0
grid_3x3,heavy,medium,p3_c40_mp2_pen0_h5,202,7,8,4,4,293,957,290,47,171,78,6,2.818882703781128,0
grid_3x3,heavy,medium,p3_c40_mp3_pen1_h0,42,7,8,0,8,254,882,170,70,126,80,0,2.7515482902526855,0
grid_3x3,heavy,medium,p3_c40_mp3_pen1_h0,101,8,12,0,12,305,955,282,80,162,83,0,2.869241237640381,0
grid_3x3,heavy,medium,p3_c40_mp3_pen1_h0,202,11,12,0,12,349,1163,281,110,198,86,0,2.902965784072876,0
grid_3x3,heavy,medium,p3_c40_mp3_pen1_h2,202,7,8,0,8,297,989,231,70,153,89,6,2.672926902770996,0
grid_3x3,heavy,medium,p3_c40_mp3_pen1_h2,42,8,8,0,8,293,986,203,80,141,98,5,2.8326313495635986,0
grid_3x3,heavy,medium,p3_c40_mp3_pen1_h2,101,3,4,0,4,210,691,190,30,106,70,2,2.9135890007019043,0
grid_3x3,heavy,medium,p3_c40_mp3_pen1_h5,101,3,4,0,4,210,691,190,30,106,70,2,2.9281859397888184,0
grid_3x3,heavy,medium,p3_c40_mp3_pen0_h0,42,7,8,4,4,249,857,199,51,135,72,0,2.8781607151031494,0
grid_3x3,heavy,medium,p3_c40_mp3_pen1_h5,202,7,8,0,8,297,989,231,70,153,89,6,2.926870584487915,0
grid_3x3,heavy,medium,p3_c40_mp3_pen0_h0,101,8,12,6,6,290,934,273,50,162,78,0,2.795783519744873,0
grid_3x3,heavy,medium,p3_c40_mp3_pen0_h0,202,11,12,6,6,335,1091,327,73,207,73,0,2.905705451965332,0
grid_3x3,heavy,medium,p3_c40_mp3_pen0_h5,101,3,4,2,2,200,650,201,12,106,64,2,2.5974602699279785,0
grid_3x3,heavy,medium,p3_c40_mp3_pen0_h2,42,8,8,4,4,288,975,219,54,150,90,6,2.9045004844665527,0
grid_3x3,heavy,medium,p3_c40_mp3_pen0_h2,101,3,4,2,2,200,650,201,12,106,64,2,2.9928059577941895,0
grid_3x3,heavy,medium,p3_c40_mp3_pen0_h2,202,7,8,4,4,285,933,259,44,162,75,6,2.979400396347046,0
grid_3x3,heavy,medium,p3_c40_mp3_pen0_h5,202,7,8,4,4,285,933,259,44,162,75,6,2.675656318664551,0
grid_3x3,heavy,medium,p3_c40_mp3_pen0_h5,42,8,8,4,4,288,975,219,54,150,90,6,2.981515407562256,0
grid_3x3,heavy,medium,p3_c100_mp1_pen1_h0,42,7,8,0,8,238,868,170,70,126,80,0,2.7123770713806152,0
grid_3x3,heavy,medium,p3_c100_mp1_pen1_h2,42,8,8,0,8,280,1011,186,80,144,98,5,2.6042449474334717,0
grid_3x3,heavy,medium,p3_c100_mp1_pen1_h0,101,6,8,0,8,247,840,239,60,141,76,0,2.7533111572265625,0
grid_3x3,heavy,medium,p3_c100_mp1_pen1_h0,202,7,8,0,8,253,888,212,70,145,76,0,2.801821708679199,0
grid_3x3,heavy,medium,p3_c100_mp1_pen1_h5,42,8,8,0,8,280,1011,186,80,144,98,5,2.5858805179595947,0
grid_3x3,heavy,medium,p3_c100_mp1_pen1_h2,101,6,8,0,8,265,926,219,60,131,98,5,2.734879493713379,0
grid_3x3,heavy,medium,p3_c100_mp1_pen1_h2,202,8,8,0,8,291,998,251,76,162,89,6,2.8383874893188477,0
grid_3x3,heavy,medium,p3_c100_mp1_pen1_h5,101,6,8,0,8,273,960,219,60,131,105,6,2.7196569442749023,0
grid_3x3,heavy,medium,p3_c100_mp1_pen1_h5,202,8,8,0,8,291,998,251,76,162,89,6,2.7625603675842285,0
grid_3x3,heavy,medium,p3_c100_mp1_pen0_h0,202,7,8,4,4,258,875,249,54,163,61,0,2.6974682807922363,0
grid_3x3,heavy,medium,p3_c100_mp1_pen0_h0,101,6,8,4,4,250,831,254,41,150,68,0,2.7809317111968994,0
grid_3x3,heavy,medium,p3_c100_mp1_pen0_h0,42,7,8,4,4,247,906,167,57,144,69,0,2.923628807067871,0
grid_3x3,heavy,medium,p3_c100_mp1_pen0_h2,42,8,8,4,4,310,1103,221,82,162,105,6,2.7002556324005127,0
grid_3x3,heavy,medium,p3_c100_mp1_pen0_h2,101,6,8,4,4,260,893,229,31,131,91,6,2.684168815612793,0
grid_3x3,heavy,medium,p3_c100_mp1_pen0_h2,202,8,8,4,4,310,1041,298,70,180,87,6,2.910839557647705,0
grid_3x3,heavy,medium,p3_c100_mp1_pen0_h5,42,8,8,4,4,310,1103,221,82,162,105,6,2.984490156173706,0
grid_3x3,heavy,medium,p3_c100_mp1_pen0_h5,101,6,8,4,4,260,893,229,31,131,91,6,2.89363694190979,0
grid_3x3,heavy,medium,p3_c100_mp2_pen1_h0,42,8,8,0,8,255,880,197,80,135,79,0,2.7337167263031006,0
grid_3x3,heavy,medium,p3_c100_mp2_pen1_h5,42,8,8,0,8,285,994,187,80,141,98,5,2.298085927963257,0
grid_3x3,heavy,medium,p3_c100_mp1_pen0_h5,202,8,8,4,4,310,1041,298,70,180,87,6,2.9562439918518066,0
grid_3x3,heavy,medium,p3_c100_mp2_pen1_h0,101,6,8,0,8,255,844,245,60,141,76,0,2.895430564880371,0
grid_3x3,heavy,medium,p3_c100_mp2_pen1_h0,202,11,12,0,12,328,1136,254,110,190,86,0,2.8559107780456543,0
grid_3x3,heavy,medium,p3_c100_mp2_pen1_h2,202,7,8,0,8,300,1014,259,70,162,91,6,2.803025007247925,0
grid_3x3,heavy,medium,p3_c100_mp2_pen1_h2,101,6,8,0,8,273,939,214,60,131,98,5,2.825991153717041,0
grid_3x3,heavy,medium,p3_c100_mp2_pen1_h2,42,8,8,0,8,285,994,187,80,141,98,5,2.844489574432373,0
grid_3x3,heavy,medium,p3_c100_mp2_pen0_h0,42,8,8,4,4,258,893,205,64,144,75,0,2.5851621627807617,0
grid_3x3,heavy,medium,p3_c100_mp2_pen1_h5,101,6,8,0,8,281,973,214,60,131,105,6,2.6557817459106445,0
grid_3x3,heavy,medium,p3_c100_mp2_pen0_h0,101,6,8,4,4,244,807,237,31,141,68,0,2.5817158222198486,0
grid_3x3,heavy,medium,p3_c100_mp2_pen0_h2,42,8,8,4,4,290,1009,208,61,150,95,6,2.6772618293762207,0
grid_3x3,heavy,medium,p3_c100_mp2_pen1_h5,202,7,8,0,8,300,1014,259,70,162,91,6,2.9509732723236084,0
grid_3x3,heavy,medium,p3_c100_mp2_pen0_h0,202,11,12,6,6,313,1055,285,66,199,67,0,2.8184995651245117,0
grid_3x3,heavy,medium,p3_c100_mp2_pen0_h2,202,7,8,4,4,293,957,290,47,171,78,6,2.5403659343719482,0
grid_3x3,heavy,medium,p3_c100_mp2_pen0_h2,101,6,8,4,4,277,937,247,44,140,94,6,2.858304500579834,0
grid_3x3,heavy,medium,p3_c100_mp2_pen0_h5,42,8,8,4,4,290,1009,208,61,150,95,6,2.722421884536743,0
grid_3x3,heavy,medium,p3_c100_mp2_pen0_h5,101,6,8,4,4,277,937,247,44,140,94,6,2.900670289993286,0
grid_3x3,heavy,medium,p3_c100_mp2_pen0_h5,202,7,8,4,4,293,957,290,47,171,78,6,2.844564437866211,0
grid_3x3,heavy,medium,p3_c100_mp3_pen1_h0,42,7,8,0,8,254,882,170,70,126,80,0,2.706186294555664,0
grid_3x3,heavy,medium,p3_c100_mp3_pen1_h0,202,11,12,0,12,349,1163,281,110,198,86,0,2.6853582859039307,0
grid_3x3,heavy,medium,p3_c100_mp3_pen1_h2,202,7,8,0,8,297,989,231,70,153,89,6,2.607450246810913,0
grid_3x3,heavy,medium,p3_c100_mp3_pen1_h0,101,8,12,0,12,305,955,282,80,162,83,0,2.911160469055176,0
grid_3x3,heavy,medium,p3_c100_mp3_pen1_h2,42,8,8,0,8,293,986,203,80,141,98,5,2.967444896697998,0
grid_3x3,heavy,medium,p3_c100_mp3_pen1_h2,101,3,4,0,4,210,691,190,30,106,70,2,2.9035089015960693,0
grid_3x3,heavy,medium,p3_c100_mp3_pen0_h2,42,8,8,4,4,288,975,219,54,150,90,6,2.259854555130005,0
grid_3x3,heavy,medium,p3_c100_mp3_pen1_h5,42,8,8,0,8,293,986,203,80,141,98,5,2.796208620071411,0
grid_3x3,heavy,medium,p3_c100_mp3_pen1_h5,101,3,4,0,4,210,691,190,30,106,70,2,2.850511312484741,0
grid_3x3,heavy,medium,p3_c100_mp3_pen0_h0,101,8,12,6,6,290,934,273,50,162,78,0,2.752523183822632,0
grid_3x3,heavy,medium,p3_c100_mp3_pen1_h5,202,7,8,0,8,297,989,231,70,153,89,6,2.959300994873047,0
grid_3x3,heavy,medium,p3_c100_mp3_pen0_h0,42,7,8,4,4,249,857,199,51,135,72,0,2.880291223526001,0
grid_3x3,heavy,medium,p3_c100_mp3_pen0_h5,202,7,8,4,4,285,933,259,44,162,75,6,2.4983537197113037,0
grid_3x3,heavy,medium,p3_c100_mp3_pen0_h0,202,11,12,6,6,335,1091,327,73,207,73,0,2.8820037841796875,0
grid_3x3,heavy,medium,p3_c100_mp3_pen0_h2,101,3,4,2,2,200,650,201,12,106,64,2,2.841747283935547,0
grid_3x3,heavy,medium,p3_c100_mp3_pen0_h5,101,3,4,2,2,200,650,201,12,106,64,2,2.721015453338623,0
grid_3x3,heavy,medium,p3_c100_mp3_pen0_h5,42,8,8,4,4,288,975,219,54,150,90,6,2.896084785461426,0
grid_3x3,heavy,medium,p3_c100_mp3_pen0_h2,202,7,8,4,4,285,933,259,44,162,75,6,2.911393642425537,0
grid_3x3,heavy,medium,p3_c105_mp1_pen1_h0,101,7,8,7,1,246,829,242,24,150,64,0,2.7620465755462646,0
grid_3x3,heavy,medium,p3_c105_mp1_pen1_h2,42,8,8,6,2,288,990,244,57,162,84,6,2.5541157722473145,0
grid_3x3,heavy,medium,p3_c105_mp1_pen1_h0,42,8,8,7,1,240,827,209,37,140,65,0,2.9181411266326904,0
grid_3x3,heavy,medium,p3_c105_mp1_pen1_h5,101,7,8,6,2,295,983,289,59,167,87,6,2.310652732849121,0
grid_3x3,heavy,medium,p3_c105_mp1_pen1_h2,202,8,8,6,2,292,980,276,44,171,79,6,2.5785677433013916,0
grid_3x3,heavy,medium,p3_c105_mp1_pen1_h0,202,12,12,11,1,319,1052,334,38,217,59,0,2.742900848388672,0
grid_3x3,heavy,medium,p3_c105_mp1_pen1_h2,101,7,8,6,2,295,983,289,59,167,87,6,2.936505079269409,0
grid_3x3,heavy,medium,p3_c105_mp1_pen1_h5,42,8,8,6,2,288,990,244,57,162,84,6,2.861621618270874,0
grid_3x3,heavy,medium,p3_c105_mp1_pen1_h5,202,8,8,6,2,292,980,276,44,171,79,6,2.5733392238616943,0
grid_3x3,heavy,medium,p3_c105_mp1_pen0_h0,202,12,12,11,1,319,1052,334,38,217,59,0,2.648186683654785,0
grid_3x3,heavy,medium,p3_c105_mp1_pen0_h0,101,7,8,7,1,246,829,242,24,150,64,0,2.8322925567626953,0
grid_3x3,heavy,medium,p3_c105_mp1_pen0_h0,42,8,8,7,1,240,827,209,37,140,65,0,2.9138944149017334,0
grid_3x3,heavy,medium,p3_c105_mp1_pen0_h2,101,7,8,6,2,295,983,289,59,167,87,6,2.8119421005249023,0
grid_3x3,heavy,medium,p3_c105_mp1_pen0_h2,42,8,8,6,2,288,990,244,57,162,84,6,2.9436118602752686,0
grid_3x3,heavy,medium,p3_c105_mp1_pen0_h2,202,8,8,6,2,292,986,275,44,171,79,6,2.9605109691619873,0
grid_3x3,heavy,medium,p3_c105_mp1_pen0_h5,42,8,8,6,2,288,990,244,57,162,84,6,2.9734885692596436,0
grid_3x3,heavy,medium,p3_c105_mp1_pen0_h5,101,7,8,6,2,295,983,289,59,167,87,6,2.911813735961914,0
grid_3x3,heavy,medium,p3_c105_mp1_pen0_h5,202,8,8,6,2,292,986,275,44,171,79,6,2.8873727321624756,0
grid_3x3,heavy,medium,p3_c105_mp2_pen1_h0,202,12,12,11,1,320,1054,333,38,217,59,0,2.5963616371154785,0
grid_3x3,heavy,medium,p3_c105_mp2_pen1_h5,42,8,8,6,2,273,927,229,44,144,87,5,2.417245388031006,0
grid_3x3,heavy,medium,p3_c105_mp2_pen1_h5,101,7,8,6,2,297,990,287,59,167,87,6,2.41532564163208,0
grid_3x3,heavy,medium,p3_c105_mp2_pen1_h0,101,7,8,7,1,247,830,242,24,150,64,0,2.743609666824341,0
grid_3x3,heavy,medium,p3_c105_mp2_pen1_h0,42,8,8,7,1,241,828,209,37,140,65,0,2.870701551437378,0
grid_3x3,heavy,medium,p3_c105_mp2_pen1_h2,42,8,8,6,2,273,927,229,44,144,87,5,2.807988405227661,0
grid_3x3,heavy,medium,p3_c105_mp2_pen0_h0,101,7,8,7,1,247,830,242,24,150,64,0,2.447988510131836,0
grid_3x3,heavy,medium,p3_c105_mp2_pen1_h2,101,7,8,6,2,297,990,287,59,167,87,6,2.844817876815796,0
grid_3x3,heavy,medium,p3_c105_mp2_pen1_h2,202,8,8,6,2,318,1066,306,70,198,74,6,2.8261115550994873,0
grid_3x3,heavy,medium,p3_c105_mp2_pen0_h2,42,8,8,6,2,273,927,229,44,144,87,5,2.739718198776245,0
grid_3x3,heavy,medium,p3_c105_mp2_pen1_h5,202,8,8,6,2,318,1066,306,70,198,74,6,2.8836822509765625,0
grid_3x3,heavy,medium,p3_c105_mp2_pen0_h0,42,8,8,7,1,241,828,209,37,140,65,0,2.9065024852752686,0
grid_3x3,heavy,medium,p3_c105_mp2_pen0_h5,42,8,8,6,2,273,927,229,44,144,87,5,2.7330472469329834,0
grid_3x3,heavy,medium,p3_c105_mp2_pen0_h0,202,12,12,11,1,320,1054,333,38,217,59,0,2.8850555419921875,0
grid_3x3,heavy,medium,p3_c105_mp2_pen0_h2,202,8,8,6,2,320,1075,306,70,198,76,6,2.8457682132720947,0
grid_3x3,heavy,medium,p3_c105_mp2_pen0_h5,202,8,8,6,2,320,1075,306,70,198,76,6,2.554407835006714,0
grid_3x3,heavy,medium,p3_c105_mp2_pen0_h2,101,7,8,6,2,297,990,287,59,167,87,6,3.0005526542663574,0
grid_3x3,heavy,medium,p3_c105_mp2_pen0_h5,101,7,8,6,2,297,990,287,59,167,87,6,2.7103586196899414,0
grid_3x3,heavy,medium,p3_c105_mp3_pen1_h0,202,12,12,11,1,321,1055,333,38,217,59,0,2.4755232334136963,0
grid_3x3,heavy,medium,p3_c105_mp3_pen1_h0,42,8,8,7,1,239,808,214,34,140,62,0,3.0085201263427734,0
grid_3x3,heavy,medium,p3_c105_mp3_pen1_h0,101,7,8,7,1,248,831,242,24,150,64,0,2.9714810848236084,0
grid_3x3,heavy,medium,p3_c105_mp3_pen1_h2,42,8,8,6,2,275,929,229,44,144,87,5,2.98128604888916,0
grid_3x3,heavy,medium,p3_c105_mp3_pen1_h5,202,8,8,6,2,319,1055,315,67,198,73,6,2.12923526763916,0
grid_3x3,heavy,medium,p3_c105_mp3_pen1_h2,101,7,8,6,2,286,949,269,46,158,84,6,2.9986939430236816,0
grid_3x3,heavy,medium,p3_c105_mp3_pen1_h5,42,8,8,6,2,275,929,229,44,144,87,5,2.7865490913391113,0
grid_3x3,heavy,medium,p3_c105_mp3_pen1_h2,202,8,8,6,2,319,1055,315,67,198,73,6,2.9658548831939697,0
grid_3x3,heavy,medium,p3_c105_mp3_pen1_h5,101,7,8,6,2,286,949,269,46,158,84,6,2.9945228099823,0
grid_3x3,heavy,medium,p3_c105_mp3_pen0_h0,202,12,12,11,1,321,1055,333,38,217,59,0,2.657052516937256,0
grid_3x3,heavy,medium,p3_c105_mp3_pen0_h0,42,8,8,7,1,239,808,214,34,140,62,0,2.893533706665039,0
grid_3x3,heavy,medium,p3_c105_mp3_pen0_h2,42,8,8,6,2,275,929,229,44,144,87,5,2.8675754070281982,0
grid_3x3,heavy,medium,p3_c105_mp3_pen0_h0,101,7,8,7,1,248,831,242,24,150,64,0,3.0173087120056152,0
grid_3x3,heavy,medium,p3_c105_mp3_pen0_h2,202,8,8,6,2,319,1055,315,67,198,73,6,2.8785946369171143,0
grid_3x3,heavy,medium,p3_c105_mp3_pen0_h2,101,7,8,6,2,286,949,269,46,158,84,6,3.011246919631958,0
grid_3x3,heavy,medium,p3_c105_mp3_pen0_h5,42,8,8,6,2,275,929,229,44,144,87,5,2.935584306716919,0
grid_3x3,heavy,medium,p3_c105_mp3_pen0_h5,101,7,8,6,2,286,949,269,46,158,84,6,2.9177627563476562,0
grid_3x3,heavy,medium,p3_c105_mp3_pen0_h5,202,8,8,6,2,319,1055,315,67,198,73,6,2.9310548305511475,0
grid_3x3,heavy,medium,p3_c120_mp1_pen1_h0,42,8,8,7,1,240,827,209,37,140,65,0,2.8961973190307617,0
grid_3x3,heavy,medium,p3_c120_mp1_pen1_h0,202,12,12,11,1,319,1052,334,38,217,59,0,2.77529239654541,0
grid_3x3,heavy,medium,p3_c120_mp1_pen1_h2,42,8,8,6,2,288,990,244,57,162,84,6,2.7504940032958984,0
grid_3x3,heavy,medium,p3_c120_mp1_pen1_h5,202,8,8,6,2,292,980,276,44,171,79,6,2.501612901687622,0
grid_3x3,heavy,medium,p3_c120_mp1_pen1_h0,101,7,8,7,1,246,829,242,24,150,64,0,2.8348264694213867,0
grid_3x3,heavy,medium,p3_c120_mp1_pen1_h2,202,8,8,6,2,292,980,276,44,171,79,6,2.8063547611236572,0
grid_3x3,heavy,medium,p3_c120_mp1_pen1_h2,101,7,8,6,2,295,983,289,59,167,87,6,2.8344051837921143,0
grid_3x3,heavy,medium,p3_c120_mp1_pen1_h5,42,8,8,6,2,288,990,244,57,162,84,6,2.776292085647583,0
grid_3x3,heavy,medium,p3_c120_mp1_pen0_h0,42,8,8,7,1,240,827,209,37,140,65,0,2.7472922801971436,0
grid_3x3,heavy,medium,p3_c120_mp1_pen1_h5,101,7,8,6,2,295,983,289,59,167,87,6,2.9075541496276855,0
grid_3x3,heavy,medium,p3_c120_mp1_pen0_h0,202,12,12,11,1,319,1052,334,38,217,59,0,2.857609510421753,0
grid_3x3,heavy,medium,p3_c120_mp1_pen0_h0,101,7,8,7,1,246,829,242,24,150,64,0,2.9921627044677734,0
grid_3x3,heavy,medium,p3_c120_mp1_pen0_h5,42,8,8,6,2,288,990,244,57,162,84,6,2.5518364906311035,0
grid_3x3,heavy,medium,p3_c120_mp2_pen1_h0,101,7,8,7,1,247,830,242,24,150,64,0,2.1862361431121826,0
grid_3x3,heavy,medium,p3_c120_mp1_pen0_h2,42,8,8,6,2,288,990,244,57,162,84,6,2.9855880737304688,0
grid_3x3,heavy,medium,p3_c120_mp1_pen0_h5,202,8,8,6,2,292,986,275,44,171,79,6,2.602792978286743,0
grid_3x3,heavy,medium,p3_c120_mp1_pen0_h2,202,8,8,6,2,292,986,275,44,171,79,6,2.9121932983398438,0
grid_3x3,heavy,medium,p3_c120_mp1_pen0_h2,101,7,8,6,2,295,983,289,59,167,87,6,3.0005698204040527,0
grid_3x3,heavy,medium,p3_c120_mp1_pen0_h5,101,7,8,6,2,295,983,289,59,167,87,6,2.980243444442749,0
grid_3x3,heavy,medium,p3_c120_mp2_pen0_h0,42,8,8,7,1,241,828,209,37,140,65,0,2.079728126525879,0
grid_3x3,heavy,medium,p3_c120_mp2_pen1_h0,42,8,8,7,1,241,828,209,37,140,65,0,2.8122971057891846,0
grid_3x3,heavy,medium,p3_c120_mp2_pen1_h2,101,7,8,6,2,297,990,287,59,167,87,6,2.574223279953003,0
grid_3x3,heavy,medium,p3_c120_mp2_pen1_h2,42,8,8,6,2,273,927,229,44,144,87,5,2.8078482151031494,0
grid_3x3,heavy,medium,p3_c120_mp2_pen1_h0,202,12,12,11,1,320,1054,333,38,217,59,0,2.940275192260742,0
grid_3x3,heavy,medium,p3_c120_mp2_pen1_h5,42,8,8,6,2,273,927,229,44,144,87,5,2.9008209705352783,0
grid_3x3,heavy,medium,p3_c120_mp2_pen1_h2,202,8,8,6,2,318,1066,306,70,198,74,6,2.968065023422241,0
grid_3x3,heavy,medium,p3_c120_mp2_pen1_h5,202,8,8,6,2,318,1066,306,70,198,74,6,2.7829606533050537,0
grid_3x3,heavy,medium,p3_c120_mp2_pen0_h0,101,7,8,7,1,247,830,242,24,150,64,0,2.7877304553985596,0
grid_3x3,heavy,medium,p3_c120_mp2_pen1_h5,101,7,8,6,2,297,990,287,59,167,87,6,2.9876677989959717,0
grid_3x3,heavy,medium,p3_c120_mp2_pen0_h2,42,8,8,6,2,273,927,229,44,144,87,5,2.7561564445495605,0
grid_3x3,heavy,medium,p3_c120_mp2_pen0_h5,202,8,8,6,2,320,1075,306,70,198,76,6,2.61533260345459,0
grid_3x3,heavy,medium,p3_c120_mp2_pen0_h2,202,8,8,6,2,320,1075,306,70,198,76,6,2.76434326171875,0
grid_3x3,heavy,medium,p3_c120_mp2_pen0_h0,202,12,12,11,1,320,1054,333,38,217,59,0,2.81901478767395,0
grid_3x3,heavy,medium,p3_c120_mp2_pen0_h2,101,7,8,6,2,297,990,287,59,167,87,6,2.9035451412200928,0
grid_3x3,heavy,medium,p3_c120_mp2_pen0_h5,42,8,8,6,2,273,927,229,44,144,87,5,2.827749729156494,0
grid_3x3,heavy,medium,p3_c120_mp2_pen0_h5,101,7,8,6,2,297,990,287,59,167,87,6,2.8979315757751465,0
grid_3x3,heavy,medium,p3_c120_mp3_pen1_h0,101,7,8,7,1,248,831,242,24,150,64,0,2.676638603210449,0
grid_3x3,heavy,medium,p3_c120_mp3_pen1_h0,42,8,8,7,1,239,808,214,34,140,62,0,2.7789790630340576,0
grid_3x3,heavy,medium,p3_c120_mp3_pen1_h2,42,8,8,6,2,275,929,229,44,144,87,5,2.903080940246582,0
grid_3x3,heavy,medium,p3_c120_mp3_pen1_h0,202,12,12,11,1,321,1055,333,38,217,59,0,2.9232676029205322,0
grid_3x3,heavy,medium,p3_c120_mp3_pen1_h5,101,7,8,6,2,286,949,269,46,158,84,6,2.4974870681762695,0
grid_3x3,heavy,medium,p3_c120_mp3_pen0_h0,101,7,8,7,1,248,831,242,24,150,64,0,2.1932425498962402,0
grid_3x3,heavy,medium,p3_c120_mp3_pen1_h5,202,8,8,6,2,319,1055,315,67,198,73,6,2.568502187728882,0
grid_3x3,heavy,medium,p3_c120_mp3_pen1_h2,202,8,8,6,2,319,1055,315,67,198,73,6,2.723428726196289,0
grid_3x3,heavy,medium,p3_c120_mp3_pen1_h5,42,8,8,6,2,275,929,229,44,144,87,5,2.706618547439575,0
grid_3x3,heavy,medium,p3_c120_mp3_pen0_h0,42,8,8,7,1,239,808,214,34,140,62,0,2.681976795196533,0
grid_3x3,heavy,medium,p3_c120_mp3_pen1_h2,101,7,8,6,2,286,949,269,46,158,84,6,2.9662482738494873,0
grid_3x3,heavy,medium,p3_c120_mp3_pen0_h5,42,8,8,6,2,275,929,229,44,144,87,5,2.3651657104492188,0
grid_3x3,heavy,medium,p3_c120_mp3_pen0_h0,202,12,12,11,1,321,1055,333,38,217,59,0,2.9309890270233154,0
grid_3x3,heavy,medium,p3_c120_mp3_pen0_h2,101,7,8,6,2,286,949,269,46,158,84,6,2.70569109916687,0
grid_3x3,heavy,medium,p3_c120_mp3_pen0_h2,42,8,8,6,2,275,929,229,44,144,87,5,2.860154628753662,0
grid_3x3,heavy,medium,p3_c120_mp3_pen0_h2,202,8,8,6,2,319,1055,315,67,198,73,6,2.885791540145874,0
grid_3x3,heavy,medium,p3_c120_mp3_pen0_h5,202,8,8,6,2,319,1055,315,67,198,73,6,2.7496871948242188,0
grid_3x3,heavy,medium,p3_c160_mp1_pen1_h2,202,8,8,6,2,292,980,276,44,171,79,6,2.5309531688690186,0
grid_3x3,heavy,medium,p3_c120_mp3_pen0_h5,101,7,8,6,2,286,949,269,46,158,84,6,2.82977294921875,0
grid_3x3,heavy,medium,p3_c160_mp1_pen1_h0,101,7,8,7,1,246,829,242,24,150,64,0,2.840148687362671,0
grid_3x3,heavy,medium,p3_c160_mp1_pen1_h0,42,8,8,7,1,240,827,209,37,140,65,0,2.887544870376587,0
grid_3x3,heavy,medium,p3_c160_mp1_pen1_h2,101,7,8,6,2,295,983,289,59,167,87,6,2.7386720180511475,0
grid_3x3,heavy,medium,p3_c160_mp1_pen1_h0,202,12,12,11,1,319,1052,334,38,217,59,0,2.873455762863159,0
grid_3x3,heavy,medium,p3_c160_mp1_pen1_h5,42,8,8,6,2,288,990,244,57,162,84,6,2.8973424434661865,0
grid_3x3,heavy,medium,p3_c160_mp1_pen1_h2,42,8,8,6,2,288,990,244,57,162,84,6,2.973405361175537,0
grid_3x3,heavy,medium,p3_c160_mp1_pen0_h0,42,8,8,7,1,240,827,209,37,140,65,0,2.738025426864624,0
grid_3x3,heavy,medium,p3_c160_mp1_pen1_h5,202,8,8,6,2,292,980,276,44,171,79,6,2.8472819328308105,0
grid_3x3,heavy,medium,p3_c160_mp1_pen1_h5,101,7,8,6,2,295,983,289,59,167,87,6,2.8679914474487305,0
grid_3x3,heavy,medium,p3_c160_mp1_pen0_h0,101,7,8,7,1,246,829,242,24,150,64,0,2.80259108543396,0
grid_3x3,heavy,medium,p3_c160_mp1_pen0_h0,202,12,12,11,1,319,1052,334,38,217,59,0,2.881852149963379,0
grid_3x3,heavy,medium,p3_c160_mp1_pen0_h2,42,8,8,6,2,288,990,244,57,162,84,6,2.4622793197631836,0
grid_3x3,heavy,medium,p3_c160_mp2_pen1_h0,101,7,8,7,1,247,830,242,24,150,64,0,2.432605266571045,0
grid_3x3,heavy,medium,p3_c160_mp1_pen0_h5,202,8,8,6,2,292,986,275,44,171,79,6,2.5156807899475098,0
grid_3x3,heavy,medium,p3_c160_mp1_pen0_h2,202,8,8,6,2,292,986,275,44,171,79,6,2.7700788974761963,0
grid_3x3,heavy,medium,p3_c160_mp1_pen0_h2,101,7,8,6,2,295,983,289,59,167,87,6,2.9066641330718994,0
grid_3x3,heavy,medium,p3_c160_mp1_pen0_h5,42,8,8,6,2,288,990,244,57,162,84,6,2.855072021484375,0
grid_3x3,heavy,medium,p3_c160_mp1_pen0_h5,101,7,8,6,2,295,983,289,59,167,87,6,2.856142520904541,0
grid_3x3,heavy,medium,p3_c160_mp2_pen1_h0,202,12,12,11,1,320,1054,333,38,217,59,0,2.729008197784424,0
grid_3x3,heavy,medium,p3_c160_mp2_pen1_h0,42,8,8,7,1,241,828,209,37,140,65,0,2.9434967041015625,0
grid_3x3,heavy,medium,p3_c160_mp2_pen1_h5,42,8,8,6,2,273,927,229,44,144,87,5,2.543938159942627,0
grid_3x3,heavy,medium,p3_c160_mp2_pen1_h2,42,8,8,6,2,273,927,229,44,144,87,5,2.8261358737945557,0
grid_3x3,heavy,medium,p3_c160_mp2_pen1_h2,101,7,8,6,2,297,990,287,59,167,87,6,2.8085412979125977,0
grid_3x3,heavy,medium,p3_c160_mp2_pen1_h2,202,8,8,6,2,318,1066,306,70,198,74,6,2.965930938720703,0
grid_3x3,heavy,medium,p3_c160_mp2_pen1_h5,101,7,8,6,2,297,990,287,59,167,87,6,2.672517776489258,0
grid_3x3,heavy,medium,p3_c160_mp2_pen0_h0,202,12,12,11,1,320,1054,333,38,217,59,0,2.419196128845215,0
grid_3x3,heavy,medium,p3_c160_mp2_pen0_h2,42,8,8,6,2,273,927,229,44,144,87,5,2.597325325012207,0
grid_3x3,heavy,medium,p3_c160_mp2_pen1_h5,202,8,8,6,2,318,1066,306,70,198,74,6,2.8009321689605713,0
grid_3x3,heavy,medium,p3_c160_mp2_pen0_h0,42,8,8,7,1,241,828,209,37,140,65,0,2.8523318767547607,0
grid_3x3,heavy,medium,p3_c160_mp2_pen0_h0,101,7,8,7,1,247,830,242,24,150,64,0,2.9271883964538574,0
grid_3x3,heavy,medium,p3_c160_mp2_pen0_h5,101,7,8,6,2,297,990,287,59,167,87,6,2.5643253326416016,0
grid_3x3,heavy,medium,p3_c160_mp2_pen0_h2,101,7,8,6,2,297,990,287,59,167,87,6,2.865896224975586,0
grid_3x3,heavy,medium,p3_c160_mp2_pen0_h5,202,8,8,6,2,320,1075,306,70,198,76,6,2.6604135036468506,0
grid_3x3,heavy,medium,p3_c160_mp2_pen0_h2,202,8,8,6,2,320,1075,306,70,198,76,6,2.846841335296631,0
grid_3x3,heavy,medium,p3_c160_mp3_pen1_h0,101,7,8,7,1,248,831,242,24,150,64,0,2.694337844848633,0
grid_3x3,heavy,medium,p3_c160_mp3_pen1_h0,202,12,12,11,1,321,1055,333,38,217,59,0,2.6488654613494873,0
grid_3x3,heavy,medium,p3_c160_mp3_pen1_h0,42,8,8,7,1,239,808,214,34,140,62,0,2.772341012954712,0
grid_3x3,heavy,medium,p3_c160_mp2_pen0_h5,42,8,8,6,2,273,927,229,44,144,87,5,2.907635450363159,0
grid_3x3,heavy,medium,p3_c160_mp3_pen1_h2,42,8,8,6,2,275,929,229,44,144,87,5,2.7002410888671875,0
grid_3x3,heavy,medium,p3_c160_mp3_pen1_h2,101,7,8,6,2,286,949,269,46,158,84,6,2.9118573665618896,0
grid_3x3,heavy,medium,p3_c160_mp3_pen1_h2,202,8,8,6,2,319,1055,315,67,198,73,6,2.689305067062378,0
grid_3x3,heavy,medium,p3_c160_mp3_pen1_h5,42,8,8,6,2,275,929,229,44,144,87,5,2.806875467300415,0
grid_3x3,heavy,medium,p3_c160_mp3_pen0_h2,42,8,8,6,2,275,929,229,44,144,87,5,2.5849709510803223,0
grid_3x3,heavy,medium,p3_c160_mp3_pen1_h5,101,7,8,6,2,286,949,269,46,158,84,6,2.9807753562927246,0
grid_3x3,heavy,medium,p3_c160_mp3_pen0_h0,42,8,8,7,1,239,808,214,34,140,62,0,2.8646295070648193,0
grid_3x3,heavy,medium,p3_c160_mp3_pen1_h5,202,8,8,6,2,319,1055,315,67,198,73,6,2.9552369117736816,0
grid_3x3,heavy,medium,p3_c160_mp3_pen0_h0,101,7,8,7,1,248,831,242,24,150,64,0,2.973379373550415,0
grid_3x3,sparse,medium,baseline,42,2,2,2,0,155,547,128,2,81,53,0,2.1619837284088135,0
grid_3x3,heavy,medium,p3_c160_mp3_pen0_h2,101,7,8,6,2,286,949,269,46,158,84,6,2.6128180027008057,0
grid_3x3,heavy,medium,p3_c160_mp3_pen0_h0,202,12,12,11,1,321,1055,333,38,217,59,0,2.9616968631744385,0
grid_3x3,heavy,medium,p3_c160_mp3_pen0_h2,202,8,8,6,2,319,1055,315,67,198,73,6,2.8627021312713623,0
grid_3x3,heavy,medium,p3_c160_mp3_pen0_h5,42,8,8,6,2,275,929,229,44,144,87,5,2.792182207107544,0
grid_3x3,heavy,medium,p3_c160_mp3_pen0_h5,202,8,8,6,2,319,1055,315,67,198,73,6,2.7772858142852783,0
grid_3x3,heavy,medium,p3_c160_mp3_pen0_h5,101,7,8,6,2,286,949,269,46,158,84,6,2.8907470703125,0
grid_3x3,sparse,medium,baseline,101,5,5,5,0,244,808,264,38,158,56,0,2.68025541305542,0
grid_3x3,sparse,medium,p3_c40_mp1_pen1_h0,42,2,2,0,2,161,588,113,20,81,59,0,2.5526201725006104,0
grid_3x3,sparse,medium,baseline,202,3,3,3,0,208,719,205,3,134,50,0,2.8031046390533447,0
grid_3x3,sparse,medium,p3_c40_mp1_pen1_h0,101,4,4,0,4,208,742,174,40,116,68,0,2.6184661388397217,0
grid_3x3,sparse,medium,p3_c40_mp1_pen1_h2,42,2,2,0,2,185,667,125,20,85,75,4,2.73600435256958,0
grid_3x3,sparse,medium,p3_c40_mp1_pen1_h0,202,5,5,0,5,245,844,236,41,152,65,0,2.884913682937622,0
grid_3x3,sparse,medium,p3_c40_mp1_pen0_h0,42,2,2,0,2,161,588,113,20,81,59,0,2.582596778869629,0
grid_3x3,sparse,medium,p3_c40_mp1_pen1_h5,101,4,4,0,4,242,853,201,40,122,90,5,2.8096203804016113,0
grid_3x3,sparse,medium,p3_c40_mp1_pen1_h5,42,2,2,0,2,185,667,125,20,85,75,4,2.873918294906616,0
grid_3x3,sparse,medium,p3_c40_mp1_pen1_h2,101,4,4,0,4,244,861,201,40,122,91,6,2.975491762161255,0
grid_3x3,sparse,medium,p3_c40_mp1_pen1_h2,202,3,3,0,3,224,788,185,30,119,75,6,2.976945161819458,0
grid_3x3,sparse,medium,p3_c40_mp1_pen1_h5,202,3,3,0,3,224,788,185,30,119,75,6,2.8922085762023926,0
grid_3x3,sparse,medium,p3_c40_mp1_pen0_h0,101,4,4,0,4,208,742,174,40,116,68,0,2.9418721199035645,0
grid_3x3,sparse,medium,p3_c40_mp1_pen0_h0,202,5,5,0,5,245,844,236,41,152,65,0,2.6132209300994873,0
grid_3x3,sparse,medium,p3_c40_mp1_pen0_h2,42,2,2,0,2,185,667,125,20,85,75,4,2.901327133178711,0
grid_3x3,sparse,medium,p3_c40_mp2_pen1_h0,42,2,2,0,2,163,587,116,20,81,59,0,2.486696481704712,0
grid_3x3,sparse,medium,p3_c40_mp1_pen0_h2,202,3,3,0,3,224,788,185,30,119,75,6,2.728959560394287,0
grid_3x3,sparse,medium,p3_c40_mp1_pen0_h2,101,4,4,0,4,244,861,201,40,122,91,6,2.9665207862854004,0
grid_3x3,sparse,medium,p3_c40_mp1_pen0_h5,202,3,3,0,3,224,788,185,30,119,75,6,2.892932176589966,0
grid_3x3,sparse,medium,p3_c40_mp1_pen0_h5,101,4,4,0,4,246,864,201,40,122,93,6,2.9411559104919434,0
grid_3x3,sparse,medium,p3_c40_mp1_pen0_h5,42,2,2,0,2,185,667,125,20,85,75,4,3.038621664047241,0
grid_3x3,sparse,medium,p3_c40_mp2_pen1_h2,42,2,2,0,2,187,666,128,20,85,75,4,2.752904176712036,0
grid_3x3,sparse,medium,p3_c40_mp2_pen1_h0,202,3,3,0,3,208,711,195,30,123,59,0,2.784092903137207,0
grid_3x3,sparse,medium,p3_c40_mp2_pen0_h0,202,3,3,0,3,208,711,195,30,123,59,0,2.1203267574310303,0
grid_3x3,sparse,medium,p3_c40_mp2_pen1_h0,101,4,4,0,4,212,722,201,40,116,68,0,3.017080068588257,0
grid_3x3,sparse,medium,p3_c40_mp2_pen0_h0,42,2,2,0,2,163,587,116,20,81,59,0,2.364169120788574,0
grid_3x3,sparse,medium,p3_c40_mp2_pen1_h2,202,3,3,0,3,234,809,193,30,126,75,6,2.6950559616088867,0
grid_3x3,sparse,medium,p3_c40_mp2_pen1_h2,101,3,3,0,3,197,672,171,30,97,72,2,2.8521571159362793,0
grid_3x3,sparse,medium,p3_c40_mp2_pen1_h5,101,3,3,0,3,208,723,162,30,97,81,4,2.7276711463928223,0
grid_3x3,sparse,medium,p3_c40_mp2_pen1_h5,42,2,2,0,2,187,666,128,20,85,75,4,2.925314426422119,0
grid_3x3,sparse,medium,p3_c40_mp2_pen0_h0,101,4,4,0,4,212,712,208,40,116,68,0,2.699640989303589,0
grid_3x3,sparse,medium,p3_c40_mp2_pen1_h5,202,3,3,0,3,234,809,193,30,126,75,6,2.9118378162384033,0
grid_3x3,sparse,medium,p3_c40_mp2_pen0_h2,101,3,3,0,3,197,672,171,30,97,72,2,2.6815457344055176,0
grid_3x3,sparse,medium,p3_c40_mp2_pen0_h2,42,2,2,0,2,187,666,128,20,85,75,4,2.7937936782836914,0
grid_3x3,sparse,medium,p3_c40_mp2_pen0_h2,202,3,3,0,3,234,810,192,30,126,75,6,2.903628349304199,0
grid_3x3,sparse,medium,p3_c40_mp2_pen0_h5,42,2,2,0,2,187,666,128,20,85,75,4,2.913642644882202,0
grid_3x3,sparse,medium,p3_c40_mp3_pen1_h0,101,4,4,0,4,217,731,202,40,117,68,0,2.797215223312378,0
grid_3x3,sparse,medium,p3_c40_mp2_pen0_h5,202,3,3,0,3,234,810,192,30,126,75,6,2.8799216747283936,0
grid_3x3,sparse,medium,p3_c40_mp2_pen0_h5,101,3,3,0,3,208,723,162,30,97,81,4,2.9194016456604004,0
grid_3x3,sparse,medium,p3_c40_mp3_pen1_h0,42,2,2,0,2,165,592,113,20,81,59,0,3.0166633129119873,0
grid_3x3,sparse,medium,p3_c40_mp3_pen1_h0,202,3,3,0,3,209,700,189,30,119,59,0,2.8737640380859375,0
grid_3x3,sparse,medium,p3_c40_mp3_pen1_h2,42,2,2,0,2,189,662,134,20,85,75,4,2.992091655731201,0
grid_3x3,sparse,medium,p3_c40_mp3_pen1_h5,42,2,2,0,2,189,662,134,20,85,75,4,2.5802009105682373,0
grid_3x3,sparse,medium,p3_c40_mp3_pen1_h2,101,3,3,0,3,200,676,170,30,97,72,2,2.7815818786621094,0
grid_3x3,sparse,medium,p3_c40_mp3_pen1_h2,202,3,3,0,3,246,834,213,30,135,75,6,2.7016189098358154,0
grid_3x3,sparse,medium,p3_c40_mp3_pen0_h0,202,3,3,0,3,209,700,189,30,119,59,0,2.407520294189453,0
grid_3x3,sparse,medium,p3_c40_mp3_pen1_h5,202,3,3,0,3,246,834,213,30,135,75,6,2.558748483657837,0
grid_3x3,sparse,medium,p3_c40_mp3_pen0_h2,42,2,2,0,2,189,662,134,20,85,75,4,2.48750376701355,0
grid_3x3,sparse,medium,p3_c40_mp3_pen1_h5,101,3,3,0,3,211,716,170,30,97,81,4,2.962754487991333,0
grid_3x3,sparse,medium,p3_c40_mp3_pen0_h0,42,2,2,0,2,165,592,113,20,81,59,0,2.8651130199432373,0
grid_3x3,sparse,medium,p3_c40_mp3_pen0_h0,101,4,4,0,4,217,726,201,40,117,68,0,2.8837015628814697,0
grid_3x3,sparse,medium,p3_c40_mp3_pen0_h2,101,3,3,0,3,200,676,170,30,97,72,2,2.668515682220459,0
grid_3x3,sparse,medium,p3_c40_mp3_pen0_h5,42,2,2,0,2,189,662,134,20,85,75,4,2.701258659362793,0
grid_3x3,sparse,medium,p3_c40_mp3_pen0_h5,202,3,3,0,3,246,831,216,30,135,75,6,2.6646835803985596,0
grid_3x3,sparse,medium,p3_c40_mp3_pen0_h2,202,3,3,0,3,246,831,216,30,135,75,6,2.9043800830841064,0
grid_3x3,sparse,medium,p3_c40_mp3_pen0_h5,101,3,3,0,3,211,716,170,30,97,81,4,2.9314701557159424,0
grid_3x3,sparse,medium,p3_c100_mp1_pen1_h0,42,2,2,0,2,161,588,113,20,81,59,0,2.8901073932647705,0
grid_3x3,sparse,medium,p3_c100_mp1_pen1_h0,101,4,4,0,4,208,742,174,40,116,68,0,2.83137583732605,0
grid_3x3,sparse,medium,p3_c100_mp1_pen1_h0,202,5,5,0,5,245,844,236,41,152,65,0,2.8610923290252686,0
grid_3x3,sparse,medium,p3_c100_mp1_pen1_h2,42,2,2,0,2,185,667,125,20,85,75,4,2.8743398189544678,0
grid_3x3,sparse,medium,p3_c100_mp1_pen1_h2,101,4,4,0,4,244,861,201,40,122,91,6,2.7459611892700195,0
grid_3x3,sparse,medium,p3_c100_mp1_pen1_h2,202,3,3,0,3,224,788,185,30,119,75,6,2.9655182361602783,0
grid_3x3,sparse,medium,p3_c100_mp1_pen1_h5,42,2,2,0,2,185,667,125,20,85,75,4,2.836833953857422,0
grid_3x3,sparse,medium,p3_c100_mp1_pen1_h5,202,3,3,0,3,224,788,185,30,119,75,6,2.7211437225341797,0
grid_3x3,sparse,medium,p3_c100_mp1_pen0_h0,42,2,2,0,2,161,588,113,20,81,59,0,2.7521209716796875,0
grid_3x3,sparse,medium,p3_c100_mp1_pen1_h5,101,4,4,0,4,242,853,201,40,122,90,5,2.8057570457458496,0
grid_3x3,sparse,medium,p3_c100_mp1_pen0_h2,42,2,2,0,2,185,667,125,20,85,75,4,2.551492691040039,0
grid_3x3,sparse,medium,p3_c100_mp1_pen0_h0,202,5,5,0,5,245,844,236,41,152,65,0,2.649167537689209,0
grid_3x3,sparse,medium,p3_c100_mp1_pen0_h2,101,4,4,0,4,244,861,201,40,122,91,6,2.237626075744629,0
grid_3x3,sparse,medium,p3_c100_mp1_pen0_h0,101,4,4,0,4,208,742,174,40,116,68,0,2.891188859939575,0
grid_3x3,sparse,medium,p3_c100_mp1_pen0_h2,202,3,3,0,3,224,788,185,30,119,75,6,2.8186073303222656,0
grid_3x3,sparse,medium,p3_c100_mp2_pen1_h0,101,4,4,0,4,212,722,201,40,116,68,0,2.581869125366211,0
grid_3x3,sparse,medium,p3_c100_mp1_pen0_h5,101,4,4,0,4,246,864,201,40,122,93,6,2.8546252250671387,0
grid_3x3,sparse,medium,p3_c100_mp1_pen0_h5,42,2,2,0,2,185,667,125,20,85,75,4,2.926696300506592,0
grid_3x3,sparse,medium,p3_c100_mp2_pen1_h0,202,3,3,0,3,208,711,195,30,123,59,0,2.6589057445526123,0
grid_3x3,sparse,medium,p3_c100_mp1_pen0_h5,202,3,3,0,3,224,788,185,30,119,75,6,2.9465725421905518,0
grid_3x3,sparse,medium,p3_c100_mp2_pen1_h0,42,2,2,0,2,163,587,116,20,81,59,0,2.939220905303955,0
grid_3x3,sparse,medium,p3_c100_mp2_pen1_h5,202,3,3,0,3,234,809,193,30,126,75,6,2.4479002952575684,0
grid_3x3,sparse,medium,p3_c100_mp2_pen1_h5,42,2,2,0,2,187,666,128,20,85,75,4,2.6400485038757324,0
grid_3x3,sparse,medium,p3_c100_mp2_pen1_h2,202,3,3,0,3,234,809,193,30,126,75,6,2.800680637359619,0
grid_3x3,sparse,medium,p3_c100_mp2_pen1_h2,42,2,2,0,2,187,666,128,20,85,75,4,2.971269369125366,0
grid_3x3,sparse,medium,p3_c100_mp2_pen1_h2,101,3,3,0,3,197,672,171,30,97,72,2,2.9391157627105713,0
grid_3x3,sparse,medium,p3_c100_mp2_pen1_h5,101,3,3,0,3,208,723,162,30,97,81,4,2.893808364868164,0
grid_3x3,sparse,medium,p3_c100_mp2_pen0_h0,42,2,2,0,2,163,587,116,20,81,59,0,2.896028757095337,0
grid_3x3,sparse,medium,p3_c100_mp2_pen0_h0,101,4,4,0,4,212,712,208,40,116,68,0,2.8921287059783936,0
grid_3x3,sparse,medium,p3_c100_mp2_pen0_h0,202,3,3,0,3,208,711,195,30,123,59,0,2.8655569553375244,0
grid_3x3,sparse,medium,p3_c100_mp2_pen0_h2,42,2,2,0,2,187,666,128,20,85,75,4,2.9131646156311035,0
grid_3x3,sparse,medium,p3_c100_mp2_pen0_h5,101,3,3,0,3,208,723,162,30,97,81,4,2.435062885284424,0
grid_3x3,sparse,medium,p3_c100_mp2_pen0_h2,101,3,3,0,3,197,672,171,30,97,72,2,2.890857219696045,0
grid_3x3,sparse,medium,p3_c100_mp3_pen1_h0,42,2,2,0,2,165,592,113,20,81,59,0,2.471561908721924,0
grid_3x3,sparse,medium,p3_c100_mp2_pen0_h2,202,3,3,0,3,234,810,192,30,126,75,6,2.889322519302368,0
grid_3x3,sparse,medium,p3_c100_mp3_pen1_h0,202,3,3,0,3,209,700,189,30,119,59,0,2.5354716777801514,0
grid_3x3,sparse,medium,p3_c100_mp3_pen1_h2,42,2,2,0,2,189,662,134,20,85,75,4,2.5671045780181885,0
grid_3x3,sparse,medium,p3_c100_mp3_pen1_h2,101,3,3,0,3,200,676,170,30,97,72,2,2.533384084701538,0
grid_3x3,sparse,medium,p3_c100_mp2_pen0_h5,42,2,2,0,2,187,666,128,20,85,75,4,2.8702259063720703,0
grid_3x3,sparse,medium,p3_c100_mp2_pen0_h5,202,3,3,0,3,234,810,192,30,126,75,6,2.801830291748047,0
grid_3x3,sparse,medium,p3_c100_mp3_pen1_h0,101,4,4,0,4,217,731,202,40,117,68,0,2.967957019805908,0
grid_3x3,sparse,medium,p3_c100_mp3_pen1_h2,202,3,3,0,3,246,834,213,30,135,75,6,2.9636011123657227,0
grid_3x3,sparse,medium,p3_c100_mp3_pen1_h5,101,3,3,0,3,211,716,170,30,97,81,4,2.744675874710083,0
grid_3x3,sparse,medium,p3_c100_mp3_pen0_h0,101,4,4,0,4,217,726,201,40,117,68,0,2.6111700534820557,0
grid_3x3,sparse,medium,p3_c100_mp3_pen1_h5,42,2,2,0,2,189,662,134,20,85,75,4,2.91672420501709,0
grid_3x3,sparse,medium,p3_c100_mp3_pen0_h5,101,3,3,0,3,211,716,170,30,97,81,4,2.289991855621338,0
grid_3x3,sparse,medium,p3_c100_mp3_pen0_h0,42,2,2,0,2,165,592,113,20,81,59,0,2.9352385997772217,0
grid_3x3,sparse,medium,p3_c100_mp3_pen1_h5,202,3,3,0,3,246,834,213,30,135,75,6,2.966440200805664,0
grid_3x3,sparse,medium,p3_c100_mp3_pen0_h2,42,2,2,0,2,189,662,134,20,85,75,4,2.796252727508545,0
grid_3x3,sparse,medium,p3_c100_mp3_pen0_h0,202,3,3,0,3,209,700,189,30,119,59,0,2.910350799560547,0
grid_3x3,sparse,medium,p3_c100_mp3_pen0_h2,101,3,3,0,3,200,676,170,30,97,72,2,2.8303699493408203,0
grid_3x3,sparse,medium,p3_c100_mp3_pen0_h5,202,3,3,0,3,246,831,216,30,135,75,6,2.6357598304748535,0
grid_3x3,sparse,medium,p3_c105_mp1_pen1_h0,42,2,2,2,0,155,547,128,2,81,53,0,2.556499719619751,0
grid_3x3,sparse,medium,p3_c100_mp3_pen0_h2,202,3,3,0,3,246,831,216,30,135,75,6,2.8963255882263184,0
grid_3x3,sparse,medium,p3_c100_mp3_pen0_h5,42,2,2,0,2,189,662,134,20,85,75,4,2.9174797534942627,0
grid_3x3,sparse,medium,p3_c105_mp1_pen1_h0,202,3,3,3,0,208,719,205,3,134,50,0,2.6558094024658203,0
grid_3x3,sparse,medium,p3_c105_mp1_pen1_h0,101,5,5,5,0,244,808,264,38,158,56,0,3.028010368347168,0
grid_3x3,sparse,medium,p3_c105_mp1_pen1_h2,42,2,2,2,0,193,682,146,12,94,72,5,2.9365956783294678,0
grid_3x3,sparse,medium,p3_c105_mp1_pen0_h0,101,5,5,5,0,244,808,264,38,158,56,0,2.553440570831299,0
grid_3x3,sparse,medium,p3_c105_mp1_pen1_h2,101,3,3,3,0,191,627,200,3,105,61,2,2.8564908504486084,0
grid_3x3,sparse,medium,p3_c105_mp1_pen1_h2,202,3,3,3,0,243,828,235,16,144,69,6,2.837074041366577,0
grid_3x3,sparse,medium,p3_c105_mp1_pen1_h5,42,2,2,2,0,193,682,146,12,94,72,5,2.900225877761841,0
grid_3x3,sparse,medium,p3_c105_mp1_pen1_h5,101,3,3,3,0,227,793,189,17,114,84,5,2.856314182281494,0
grid_3x3,sparse,medium,p3_c105_mp1_pen0_h0,202,3,3,3,0,208,719,205,3,134,50,0,2.7136762142181396,0
grid_3x3,sparse,medium,p3_c105_mp1_pen0_h2,101,3,3,3,0,191,627,200,3,105,61,2,2.682204008102417,0
grid_3x3,sparse,medium,p3_c105_mp1_pen0_h0,42,2,2,2,0,155,547,128,2,81,53,0,2.9120991230010986,0
grid_3x3,sparse,medium,p3_c105_mp1_pen1_h5,202,3,3,3,0,243,828,235,16,144,69,6,3.0295169353485107,0
grid_3x3,sparse,medium,p3_c105_mp1_pen0_h2,42,2,2,2,0,193,682,146,12,94,72,5,2.9379842281341553,0
grid_3x3,sparse,medium,p3_c105_mp1_pen0_h2,202,3,3,3,0,243,828,235,16,144,69,6,2.864820718765259,0
grid_3x3,sparse,medium,p3_c105_mp1_pen0_h5,42,2,2,2,0,193,682,146,12,94,72,5,2.855825901031494,0
grid_3x3,sparse,medium,p3_c105_mp2_pen1_h0,42,2,2,2,0,155,547,128,2,81,53,0,2.5166633129119873,0
grid_3x3,sparse,medium,p3_c105_mp1_pen0_h5,101,3,3,3,0,227,793,189,17,114,84,5,2.747432231903076,0
grid_3x3,sparse,medium,p3_c105_mp2_pen1_h2,42,2,2,2,0,193,682,146,12,94,72,5,2.702786684036255,0
grid_3x3,sparse,medium,p3_c105_mp1_pen0_h5,202,3,3,3,0,243,828,235,16,144,69,6,2.9506332874298096,0
grid_3x3,sparse,medium,p3_c105_mp2_pen1_h0,101,5,5,5,0,244,808,264,38,158,56,0,2.8200840950012207,0
grid_3x3,sparse,medium,p3_c105_mp2_pen1_h0,202,3,3,3,0,208,719,205,3,134,50,0,2.844111442565918,0
grid_3x3,sparse,medium,p3_c105_mp2_pen1_h2,101,3,3,3,0,191,627,200,3,105,61,2,2.8995702266693115,0
grid_3x3,sparse,medium,p3_c105_mp2_pen1_h2,202,3,3,3,0,243,828,235,16,144,69,6,2.9315478801727295,0
grid_3x3,sparse,medium,p3_c105_mp2_pen0_h0,42,2,2,2,0,155,547,128,2,81,53,0,2.6802024841308594,0
grid_3x3,sparse,medium,p3_c105_mp2_pen1_h5,42,2,2,2,0,193,682,146,12,94,72,5,2.923306941986084,0
grid_3x3,sparse,medium,p3_c105_mp2_pen1_h5,101,3,3,3,0,227,793,189,17,114,84,5,3.0060384273529053,0
grid_3x3,sparse,medium,p3_c105_mp2_pen1_h5,202,3,3,3,0,243,828,235,16,144,69,6,2.9469563961029053,0
grid_3x3,sparse,medium,p3_c105_mp2_pen0_h0,101,5,5,5,0,244,808,264,38,158,56,0,2.8876917362213135,0
grid_3x3,sparse,medium,p3_c105_mp2_pen0_h2,42,2,2,2,0,193,682,146,12,94,72,5,2.5407638549804688,0
grid_3x3,sparse,medium,p3_c105_mp2_pen0_h2,202,3,3,3,0,243,828,235,16,144,69,6,2.322395086288452,0
grid_3x3,sparse,medium,p3_c105_mp2_pen0_h0,202,3,3,3,0,208,719,205,3,134,50,0,2.8387980461120605,0
grid_3x3,sparse,medium,p3_c105_mp2_pen0_h5,42,2,2,2,0,193,682,146,12,94,72,5,2.4976935386657715,0
grid_3x3,sparse,medium,p3_c105_mp2_pen0_h5,101,3,3,3,0,227,793,189,17,114,84,5,2.5659992694854736,0
grid_3x3,sparse,medium,p3_c105_mp2_pen0_h5,202,3,3,3,0,243,828,235,16,144,69,6,2.557084083557129,0
grid_3x3,sparse,medium,p3_c105_mp2_pen0_h2,101,3,3,3,0,191,627,200,3,105,61,2,2.8918018341064453,0
grid_3x3,sparse,medium,p3_c105_mp3_pen1_h0,101,5,5,5,0,244,808,264,38,158,56,0,2.7485835552215576,0
grid_3x3,sparse,medium,p3_c105_mp3_pen1_h0,42,2,2,2,0,155,547,128,2,81,53,0,2.8478164672851562,0
grid_3x3,sparse,medium,p3_c105_mp3_pen1_h2,42,2,2,2,0,193,682,146,12,94,72,5,2.7574386596679688,0
grid_3x3,sparse,medium,p3_c105_mp3_pen1_h2,101,3,3,3,0,191,627,200,3,105,61,2,2.7434122562408447,0
grid_3x3,sparse,medium,p3_c105_mp3_pen1_h0,202,3,3,3,0,208,719,205,3,134,50,0,2.873959541320801,0
grid_3x3,sparse,medium,p3_c105_mp3_pen1_h2,202,3,3,3,0,243,828,235,16,144,69,6,2.9625980854034424,0
grid_3x3,sparse,medium,p3_c105_mp3_pen1_h5,101,3,3,3,0,227,793,189,17,114,84,5,2.820035219192505,0
grid_3x3,sparse,medium,p3_c105_mp3_pen1_h5,42,2,2,2,0,193,682,146,12,94,72,5,2.988476514816284,0
grid_3x3,sparse,medium,p3_c105_mp3_pen0_h0,42,2,2,2,0,155,547,128,2,81,53,0,2.66778564453125,0
grid_3x3,sparse,medium,p3_c105_mp3_pen1_h5,202,3,3,3,0,243,828,235,16,144,69,6,2.8142154216766357,0
grid_3x3,sparse,medium,p3_c105_mp3_pen0_h2,101,3,3,3,0,191,627,200,3,105,61,2,2.6158111095428467,0
grid_3x3,sparse,medium,p3_c105_mp3_pen0_h0,202,3,3,3,0,208,719,205,3,134,50,0,2.947340250015259,0
grid_3x3,sparse,medium,p3_c105_mp3_pen0_h0,101,5,5,5,0,244,808,264,38,158,56,0,2.9611332416534424,0
grid_3x3,sparse,medium,p3_c105_mp3_pen0_h2,42,2,2,2,0,193,682,146,12,94,72,5,2.9122722148895264,0
grid_3x3,sparse,medium,p3_c120_mp1_pen1_h0,202,3,3,3,0,208,719,205,3,134,50,0,2.3348500728607178,0
grid_3x3,sparse,medium,p3_c105_mp3_pen0_h2,202,3,3,3,0,243,828,235,16,144,69,6,2.901252031326294,0
grid_3x3,sparse,medium,p3_c120_mp1_pen1_h0,42,2,2,2,0,155,547,128,2,81,53,0,2.5968034267425537,0
grid_3x3,sparse,medium,p3_c105_mp3_pen0_h5,42,2,2,2,0,193,682,146,12,94,72,5,2.8592569828033447,0
grid_3x3,sparse,medium,p3_c105_mp3_pen0_h5,101,3,3,3,0,227,793,189,17,114,84,5,2.934206008911133,0
grid_3x3,sparse,medium,p3_c120_mp1_pen1_h5,42,2,2,2,0,193,682,146,12,94,72,5,2.393193006515503,0
grid_3x3,sparse,medium,p3_c105_mp3_pen0_h5,202,3,3,3,0,243,828,235,16,144,69,6,2.9724955558776855,0
grid_3x3,sparse,medium,p3_c120_mp1_pen1_h0,101,5,5,5,0,244,808,264,38,158,56,0,2.871580123901367,0
grid_3x3,sparse,medium,p3_c120_mp1_pen1_h2,202,3,3,3,0,243,828,235,16,144,69,6,2.446904182434082,0
grid_3x3,sparse,medium,p3_c120_mp1_pen1_h2,42,2,2,2,0,193,682,146,12,94,72,5,2.8100171089172363,0
grid_3x3,sparse,medium,p3_c120_mp1_pen1_h2,101,3,3,3,0,191,627,200,3,105,61,2,2.7948122024536133,0
grid_3x3,sparse,medium,p3_c120_mp1_pen1_h5,101,3,3,3,0,227,793,189,17,114,84,5,2.692544460296631,0
grid_3x3,sparse,medium,p3_c120_mp1_pen0_h0,101,5,5,5,0,244,808,264,38,158,56,0,2.6167478561401367,0
grid_3x3,sparse,medium,p3_c120_mp1_pen0_h2,42,2,2,2,0,193,682,146,12,94,72,5,2.4877302646636963,0
grid_3x3,sparse,medium,p3_c120_mp1_pen1_h5,202,3,3,3,0,243,828,235,16,144,69,6,2.9346020221710205,0
grid_3x3,sparse,medium,p3_c120_mp1_pen0_h2,101,3,3,3,0,191,627,200,3,105,61,2,2.5469601154327393,0
grid_3x3,sparse,medium,p3_c120_mp1_pen0_h0,42,2,2,2,0,155,547,128,2,81,53,0,2.795506238937378,0
grid_3x3,sparse,medium,p3_c120_mp1_pen0_h0,202,3,3,3,0,208,719,205,3,134,50,0,2.6551740169525146,0
grid_3x3,sparse,medium,p3_c120_mp1_pen0_h2,202,3,3,3,0,243,828,235,16,144,69,6,2.8169045448303223,0
grid_3x3,sparse,medium,p3_c120_mp1_pen0_h5,42,2,2,2,0,193,682,146,12,94,72,5,2.8266308307647705,0
grid_3x3,sparse,medium,p3_c120_mp1_pen0_h5,202,3,3,3,0,243,828,235,16,144,69,6,2.8008766174316406,0
grid_3x3,sparse,medium,p3_c120_mp1_pen0_h5,101,3,3,3,0,227,793,189,17,114,84,5,2.9697227478027344,0
grid_3x3,sparse,medium,p3_c120_mp2_pen1_h0,42,2,2,2,0,155,547,128,2,81,53,0,2.9367003440856934,0
grid_3x3,sparse,medium,p3_c120_mp2_pen1_h0,101,5,5,5,0,244,808,264,38,158,56,0,2.9472804069519043,0
grid_3x3,sparse,medium,p3_c120_mp2_pen1_h2,202,3,3,3,0,243,828,235,16,144,69,6,2.448338270187378,0
grid_3x3,sparse,medium,p3_c120_mp2_pen1_h0,202,3,3,3,0,208,719,205,3,134,50,0,2.7050724029541016,0
grid_3x3,sparse,medium,p3_c120_mp2_pen1_h5,202,3,3,3,0,243,828,235,16,144,69,6,2.3298373222351074,0
grid_3x3,sparse,medium,p3_c120_mp2_pen1_h2,101,3,3,3,0,191,627,200,3,105,61,2,2.810020685195923,0
grid_3x3,sparse,medium,p3_c120_mp2_pen1_h5,42,2,2,2,0,193,682,146,12,94,72,5,2.775221586227417,0
grid_3x3,sparse,medium,p3_c120_mp2_pen1_h2,42,2,2,2,0,193,682,146,12,94,72,5,2.8979244232177734,0
grid_3x3,sparse,medium,p3_c120_mp2_pen0_h0,101,5,5,5,0,244,808,264,38,158,56,0,2.7100863456726074,0
grid_3x3,sparse,medium,p3_c120_mp2_pen0_h5,42,2,2,2,0,193,682,146,12,94,72,5,2.3784196376800537,0
grid_3x3,sparse,medium,p3_c120_mp2_pen1_h5,101,3,3,3,0,227,793,189,17,114,84,5,2.9600746631622314,0
grid_3x3,sparse,medium,p3_c120_mp2_pen0_h0,42,2,2,2,0,155,547,128,2,81,53,0,2.9385228157043457,0
grid_3x3,sparse,medium,p3_c120_mp2_pen0_h2,101,3,3,3,0,191,627,200,3,105,61,2,2.842865228652954,0
grid_3x3,sparse,medium,p3_c120_mp2_pen0_h0,202,3,3,3,0,208,719,205,3,134,50,0,2.9373576641082764,0
grid_3x3,sparse,medium,p3_c120_mp2_pen0_h2,202,3,3,3,0,243,828,235,16,144,69,6,2.9308218955993652,0
grid_3x3,sparse,medium,p3_c120_mp2_pen0_h2,42,2,2,2,0,193,682,146,12,94,72,5,2.952430248260498,0
grid_3x3,sparse,medium,p3_c120_mp2_pen0_h5,202,3,3,3,0,243,828,235,16,144,69,6,2.589529514312744,0
grid_3x3,sparse,medium,p3_c120_mp2_pen0_h5,101,3,3,3,0,227,793,189,17,114,84,5,2.756542444229126,0
grid_3x3,sparse,medium,p3_c120_mp3_pen1_h0,101,5,5,5,0,244,808,264,38,158,56,0,2.5259482860565186,0
grid_3x3,sparse,medium,p3_c120_mp3_pen1_h2,42,2,2,2,0,193,682,146,12,94,72,5,2.711627721786499,0
grid_3x3,sparse,medium,p3_c120_mp3_pen1_h0,202,3,3,3,0,208,719,205,3,134,50,0,2.859125852584839,0
grid_3x3,sparse,medium,p3_c120_mp3_pen1_h0,42,2,2,2,0,155,547,128,2,81,53,0,2.9286341667175293,0
grid_3x3,sparse,medium,p3_c120_mp3_pen1_h2,202,3,3,3,0,243,828,235,16,144,69,6,2.9020273685455322,0
grid_3x3,sparse,medium,p3_c120_mp3_pen1_h2,101,3,3,3,0,191,627,200,3,105,61,2,2.9532527923583984,0
grid_3x3,sparse,medium,p3_c120_mp3_pen1_h5,101,3,3,3,0,227,793,189,17,114,84,5,2.5875463485717773,0
grid_3x3,sparse,medium,p3_c120_mp3_pen1_h5,42,2,2,2,0,193,682,146,12,94,72,5,3.0082828998565674,0
grid_3x3,sparse,medium,p3_c120_mp3_pen0_h0,42,2,2,2,0,155,547,128,2,81,53,0,2.6388018131256104,0
grid_3x3,sparse,medium,p3_c120_mp3_pen1_h5,202,3,3,3,0,243,828,235,16,144,69,6,2.799132823944092,0
grid_3x3,sparse,medium,p3_c120_mp3_pen0_h2,202,3,3,3,0,243,828,235,16,144,69,6,2.3843863010406494,0
grid_3x3,sparse,medium,p3_c120_mp3_pen0_h2,42,2,2,2,0,193,682,146,12,94,72,5,2.55167555809021,0
grid_3x3,sparse,medium,p3_c120_mp3_pen0_h0,202,3,3,3,0,208,719,205,3,134,50,0,2.858349323272705,0
grid_3x3,sparse,medium,p3_c120_mp3_pen0_h0,101,5,5,5,0,244,808,264,38,158,56,0,3.0197200775146484,0
grid_3x3,sparse,medium,p3_c120_mp3_pen0_h5,202,3,3,3,0,243,828,235,16,144,69,6,2.596959352493286,0
grid_3x3,sparse,medium,p3_c120_mp3_pen0_h2,101,3,3,3,0,191,627,200,3,105,61,2,3.013092517852783,0
grid_3x3,sparse,medium,p3_c120_mp3_pen0_h5,42,2,2,2,0,193,682,146,12,94,72,5,2.7829713821411133,0
grid_3x3,sparse,medium,p3_c160_mp1_pen1_h0,42,2,2,2,0,155,547,128,2,81,53,0,2.5606865882873535,0
grid_3x3,sparse,medium,p3_c120_mp3_pen0_h5,101,3,3,3,0,227,793,189,17,114,84,5,2.893780469894409,0
grid_3x3,sparse,medium,p3_c160_mp1_pen1_h0,101,5,5,5,0,244,808,264,38,158,56,0,2.7358014583587646,0
grid_3x3,sparse,medium,p3_c160_mp1_pen1_h0,202,3,3,3,0,208,719,205,3,134,50,0,2.8764398097991943,0
grid_3x3,sparse,medium,p3_c160_mp1_pen1_h2,202,3,3,3,0,243,828,235,16,144,69,6,2.5985207557678223,0
grid_3x3,sparse,medium,p3_c160_mp1_pen1_h2,42,2,2,2,0,193,682,146,12,94,72,5,2.973060131072998,0
grid_3x3,sparse,medium,p3_c160_mp1_pen1_h5,42,2,2,2,0,193,682,146,12,94,72,5,2.8029592037200928,0
grid_3x3,sparse,medium,p3_c160_mp1_pen1_h2,101,3,3,3,0,191,627,200,3,105,61,2,2.929704189300537,0
grid_3x3,sparse,medium,p3_c160_mp1_pen0_h0,101,5,5,5,0,244,808,264,38,158,56,0,2.6205506324768066,0
grid_3x3,sparse,medium,p3_c160_mp1_pen1_h5,101,3,3,3,0,227,793,189,17,114,84,5,2.86138916015625,0
grid_3x3,sparse,medium,p3_c160_mp1_pen0_h0,42,2,2,2,0,155,547,128,2,81,53,0,2.852994918823242,0
grid_3x3,sparse,medium,p3_c160_mp1_pen1_h5,202,3,3,3,0,243,828,235,16,144,69,6,2.884734869003296,0
grid_3x3,sparse,medium,p3_c160_mp1_pen0_h2,101,3,3,3,0,191,627,200,3,105,61,2,2.5562777519226074,0
grid_3x3,sparse,medium,p3_c160_mp1_pen0_h5,42,2,2,2,0,193,682,146,12,94,72,5,2.5710489749908447,0
grid_3x3,sparse,medium,p3_c160_mp1_pen0_h2,202,3,3,3,0,243,828,235,16,144,69,6,2.6680798530578613,0
grid_3x3,sparse,medium,p3_c160_mp1_pen0_h0,202,3,3,3,0,208,719,205,3,134,50,0,2.955700397491455,0
grid_3x3,sparse,medium,p3_c160_mp1_pen0_h2,42,2,2,2,0,193,682,146,12,94,72,5,2.9748518466949463,0
grid_3x3,sparse,medium,p3_c160_mp1_pen0_h5,101,3,3,3,0,227,793,189,17,114,84,5,2.8213205337524414,0
grid_3x3,sparse,medium,p3_c160_mp2_pen1_h0,42,2,2,2,0,155,547,128,2,81,53,0,2.6421420574188232,0
grid_3x3,sparse,medium,p3_c160_mp1_pen0_h5,202,3,3,3,0,243,828,235,16,144,69,6,2.9358479976654053,0
grid_3x3,sparse,medium,p3_c160_mp2_pen1_h0,202,3,3,3,0,208,719,205,3,134,50,0,2.814265251159668,0
grid_3x3,sparse,medium,p3_c160_mp2_pen1_h0,101,5,5,5,0,244,808,264,38,158,56,0,2.9317145347595215,0
grid_3x3,sparse,medium,p3_c160_mp2_pen1_h2,42,2,2,2,0,193,682,146,12,94,72,5,2.8272297382354736,0
grid_3x3,sparse,medium,p3_c160_mp2_pen1_h2,101,3,3,3,0,191,627,200,3,105,61,2,2.5410633087158203,0
grid_3x3,sparse,medium,p3_c160_mp2_pen1_h2,202,3,3,3,0,243,828,235,16,144,69,6,2.8092410564422607,0
grid_3x3,sparse,medium,p3_c160_mp2_pen1_h5,101,3,3,3,0,227,793,189,17,114,84,5,2.9026222229003906,0
grid_3x3,sparse,medium,p3_c160_mp2_pen1_h5,42,2,2,2,0,193,682,146,12,94,72,5,2.921257734298706,0
grid_3x3,sparse,medium,p3_c160_mp2_pen0_h0,101,5,5,5,0,244,808,264,38,158,56,0,2.693455457687378,0
grid_3x3,sparse,medium,p3_c160_mp2_pen1_h5,202,3,3,3,0,243,828,235,16,144,69,6,2.8652079105377197,0
grid_3x3,sparse,medium,p3_c160_mp2_pen0_h0,202,3,3,3,0,208,719,205,3,134,50,0,2.6344103813171387,0
grid_3x3,sparse,medium,p3_c160_mp2_pen0_h0,42,2,2,2,0,155,547,128,2,81,53,0,2.983510971069336,0
grid_3x3,sparse,medium,p3_c160_mp2_pen0_h5,101,3,3,3,0,227,793,189,17,114,84,5,2.402905225753784,0
grid_3x3,sparse,medium,p3_c160_mp2_pen0_h2,42,2,2,2,0,193,682,146,12,94,72,5,2.7711238861083984,0
grid_3x3,sparse,medium,p3_c160_mp2_pen0_h2,202,3,3,3,0,243,828,235,16,144,69,6,2.766738176345825,0
grid_3x3,sparse,medium,p3_c160_mp2_pen0_h2,101,3,3,3,0,191,627,200,3,105,61,2,2.907166004180908,0
grid_3x3,sparse,medium,p3_c160_mp2_pen0_h5,202,3,3,3,0,243,828,235,16,144,69,6,2.654170036315918,0
grid_3x3,sparse,medium,p3_c160_mp2_pen0_h5,42,2,2,2,0,193,682,146,12,94,72,5,2.7812955379486084,0
grid_3x3,sparse,medium,p3_c160_mp3_pen1_h0,42,2,2,2,0,155,547,128,2,81,53,0,2.7340188026428223,0
grid_3x3,sparse,medium,p3_c160_mp3_pen1_h0,202,3,3,3,0,208,719,205,3,134,50,0,2.874951124191284,0
grid_3x3,sparse,medium,p3_c160_mp3_pen1_h0,101,5,5,5,0,244,808,264,38,158,56,0,2.9397037029266357,0
grid_3x3,sparse,medium,p3_c160_mp3_pen1_h2,42,2,2,2,0,193,682,146,12,94,72,5,2.825080156326294,0
grid_3x3,sparse,medium,p3_c160_mp3_pen1_h5,42,2,2,2,0,193,682,146,12,94,72,5,2.720350980758667,0
grid_3x3,sparse,medium,p3_c160_mp3_pen1_h2,101,3,3,3,0,191,627,200,3,105,61,2,2.917518377304077,0
grid_3x3,sparse,medium,p3_c160_mp3_pen1_h2,202,3,3,3,0,243,828,235,16,144,69,6,2.872042417526245,0
grid_3x3,sparse,medium,p3_c160_mp3_pen1_h5,101,3,3,3,0,227,793,189,17,114,84,5,2.9701614379882812,0
grid_3x3,sparse,medium,p3_c160_mp3_pen1_h5,202,3,3,3,0,243,828,235,16,144,69,6,2.850835084915161,0
grid_3x3,sparse,medium,p3_c160_mp3_pen0_h0,101,5,5,5,0,244,808,264,38,158,56,0,2.652208089828491,0
grid_3x3,sparse,medium,p3_c160_mp3_pen0_h0,42,2,2,2,0,155,547,128,2,81,53,0,2.865086078643799,0
grid_3x3,sparse,medium,p3_c160_mp3_pen0_h2,101,3,3,3,0,191,627,200,3,105,61,2,2.5724985599517822,0
grid_3x3,sparse,medium,p3_c160_mp3_pen0_h2,202,3,3,3,0,243,828,235,16,144,69,6,2.7543389797210693,0
grid_3x3,sparse,medium,p3_c160_mp3_pen0_h0,202,3,3,3,0,208,719,205,3,134,50,0,2.8574986457824707,0
grid_3x3,sparse,medium,p3_c160_mp3_pen0_h2,42,2,2,2,0,193,682,146,12,94,72,5,2.9259941577911377,0
grid_3x3,sparse,medium,p3_c160_mp3_pen0_h5,42,2,2,2,0,193,682,146,12,94,72,5,2.722275733947754,0
grid_3x3,sparse,medium,p3_c160_mp3_pen0_h5,202,3,3,3,0,243,828,235,16,144,69,6,2.592120409011841,0
grid_3x3,sparse,medium,p3_c160_mp3_pen0_h5,101,3,3,3,0,227,793,189,17,114,84,5,2.8959155082702637,0
grid_5x5,medium,medium,baseline,202,4,4,3,1,597,2230,1161,55,417,152,0,5.599856376647949,0
grid_5x5,medium,medium,baseline,101,6,6,5,1,631,2414,1160,83,450,150,0,5.8858630657196045,0
grid_5x5,medium,medium,p3_c40_mp1_pen0_h0,42,5,6,0,6,621,2404,1109,130,417,176,0,5.180537462234497,0
grid_5x5,medium,medium,p3_c40_mp1_pen0_h2,101,5,6,0,6,644,2487,1096,130,411,197,6,4.949132204055786,0
grid_5x5,medium,medium,baseline,42,6,6,4,2,688,2587,1308,120,490,166,0,6.268221139907837,0
grid_5x5,medium,medium,p3_c40_mp1_pen1_h0,42,5,6,0,6,621,2411,1096,130,417,176,0,6.405247688293457,0
grid_5x5,medium,medium,p3_c40_mp1_pen1_h0,202,4,4,0,4,589,2265,1079,104,392,170,0,6.247276782989502,0
grid_5x5,medium,medium,p3_c40_mp1_pen1_h0,101,6,6,1,5,613,2437,1020,142,400,183,0,6.346100807189941,0
grid_5x5,medium,medium,p3_c40_mp1_pen1_h2,202,2,6,0,6,564,2193,938,52,345,185,6,6.15165638923645,0
grid_5x5,medium,medium,p3_c40_mp1_pen1_h5,42,6,6,0,6,654,2529,1118,156,427,193,6,6.202847719192505,0
grid_5x5,medium,medium,p3_c40_mp1_pen1_h2,42,6,6,0,6,654,2529,1118,156,427,193,6,6.336621522903442,0
grid_5x5,medium,medium,p3_c40_mp1_pen1_h5,101,5,6,0,6,644,2484,1102,130,411,197,6,6.254661560058594,0
grid_5x5,medium,medium,p3_c40_mp1_pen1_h2,101,5,6,0,6,644,2484,1102,130,411,197,6,6.372120141983032,0
grid_5x5,medium,medium,p3_c40_mp1_pen0_h5,101,5,6,0,6,644,2487,1096,130,411,197,6,5.269277572631836,0
grid_5x5,medium,medium,p3_c40_mp1_pen1_h5,202,2,6,0,6,568,2213,938,52,345,189,6,6.278881072998047,0
grid_5x5,medium,medium,p3_c40_mp1_pen0_h0,202,4,4,0,4,588,2287,1049,104,392,169,0,6.058377742767334,0
grid_5x5,medium,medium,p3_c40_mp1_pen0_h0,101,6,6,0,6,610,2483,982,156,400,181,0,6.374862909317017,0
grid_5x5,medium,medium,p3_c40_mp1_pen0_h2,202,2,6,0,6,564,2186,942,52,345,185,6,6.069571018218994,0
grid_5x5,medium,medium,p3_c40_mp1_pen0_h5,42,4,6,0,6,597,2304,1028,104,377,188,6,5.924553632736206,0
grid_5x5,medium,medium,p3_c40_mp1_pen0_h2,42,4,6,0,6,597,2304,1028,104,377,188,6,6.421971082687378,0
grid_5x5,medium,medium,p3_c40_mp2_pen1_h0,42,5,6,0,6,625,2405,1106,130,417,176,0,6.317860841751099,0
grid_5x5,medium,medium,p3_c40_mp2_pen1_h5,42,5,6,0,6,629,2410,1080,130,402,190,6,5.537395000457764,0
grid_5x5,medium,medium,p3_c40_mp2_pen1_h2,42,5,6,0,6,629,2410,1080,130,402,190,6,6.123713970184326,0
grid_5x5,medium,medium,p3_c40_mp1_pen0_h5,202,2,6,0,6,568,2206,942,52,345,189,6,6.516621351242065,0
grid_5x5,medium,medium,p3_c40_mp2_pen1_h0,101,6,6,1,5,609,2385,1026,133,400,174,0,6.292925834655762,0
grid_5x5,medium,medium,p3_c40_mp2_pen1_h0,202,4,4,0,4,593,2262,1086,104,392,170,0,6.265738010406494,0
grid_5x5,medium,medium,p3_c40_mp2_pen1_h2,101,6,6,0,6,654,2515,1106,131,411,202,6,6.5240819454193115,0
grid_5x5,medium,medium,p3_c40_mp2_pen1_h2,202,2,6,0,6,571,2192,960,52,345,188,6,6.544408082962036,0
grid_5x5,medium,medium,p3_c40_mp2_pen1_h5,202,2,6,0,6,575,2212,960,52,345,192,6,5.142390727996826,0
grid_5x5,medium,medium,p3_c40_mp2_pen1_h5,101,6,6,0,6,654,2515,1106,131,411,202,6,6.213454484939575,0
grid_5x5,medium,medium,p3_c40_mp2_pen0_h0,42,5,6,0,6,628,2399,1122,130,417,177,0,6.249185085296631,0
grid_5x5,medium,medium,p3_c40_mp2_pen0_h0,202,4,4,0,4,592,2292,1048,104,392,169,0,6.083201885223389,0
grid_5x5,medium,medium,p3_c40_mp2_pen0_h0,101,6,6,0,6,589,2381,940,131,375,181,0,6.181798934936523,0
grid_5x5,medium,medium,p3_c40_mp3_pen1_h5,202,2,6,0,6,579,2218,958,52,345,192,6,5.005965232849121,0
grid_5x5,medium,medium,p3_c40_mp3_pen1_h2,42,5,6,0,6,633,2414,1080,130,402,190,6,5.807457685470581,0
grid_5x5,medium,medium,p3_c40_mp2_pen0_h5,42,4,6,0,6,601,2309,1027,104,377,188,6,6.207794904708862,0
grid_5x5,medium,medium,p3_c40_mp2_pen0_h5,101,6,6,0,6,653,2504,1109,131,411,201,6,6.096193075180054,0
grid_5x5,medium,medium,p3_c40_mp2_pen0_h2,202,2,6,0,6,573,2196,955,52,345,188,6,6.370309352874756,0
grid_5x5,medium,medium,p3_c40_mp2_pen0_h2,42,4,6,0,6,601,2309,1027,104,377,188,6,6.490859270095825,0
grid_5x5,medium,medium,p3_c40_mp2_pen0_h2,101,6,6,0,6,653,2504,1109,131,411,201,6,6.5282862186431885,0
grid_5x5,medium,medium,p3_c40_mp3_pen0_h2,42,4,6,0,6,607,2336,1013,104,377,190,6,4.7301836013793945,0
grid_5x5,medium,medium,p3_c40_mp3_pen1_h0,42,5,6,0,6,629,2392,1123,130,417,176,0,6.362215995788574,0
grid_5x5,medium,medium,p3_c40_mp3_pen1_h0,101,6,6,1,5,610,2432,991,131,400,175,0,6.358493328094482,0
grid_5x5,medium,medium,p3_c40_mp3_pen1_h2,101,5,6,0,6,627,2368,1076,105,386,197,6,6.128232717514038,0
grid_5x5,medium,medium,p3_c40_mp2_pen0_h5,202,2,6,0,6,577,2216,955,52,345,192,6,6.534793376922607,0
grid_5x5,medium,medium,p3_c40_mp3_pen1_h0,202,4,4,0,4,596,2269,1082,104,392,170,0,6.491586208343506,0
grid_5x5,medium,medium,p3_c40_mp3_pen1_h2,202,2,6,0,6,575,2198,958,52,345,188,6,6.202622175216675,0
grid_5x5,medium,medium,p3_c40_mp3_pen1_h5,42,5,6,0,6,633,2414,1080,130,402,190,6,6.07025146484375,0
grid_5x5,medium,medium,p3_c40_mp3_pen1_h5,101,5,6,0,6,627,2368,1076,105,386,197,6,6.20025897026062,0
grid_5x5,medium,medium,p3_c40_mp3_pen0_h2,202,2,6,0,6,579,2202,955,52,345,188,6,5.61857795715332,0
grid_5x5,medium,medium,p3_c40_mp3_pen0_h0,101,5,6,0,6,563,2259,889,105,350,177,0,6.162675380706787,0
grid_5x5,medium,medium,p3_c40_mp3_pen0_h0,42,4,6,0,6,603,2298,1064,104,392,174,0,6.444813966751099,0
grid_5x5,medium,medium,p3_c40_mp3_pen0_h5,42,4,6,0,6,607,2336,1013,104,377,190,6,5.801308631896973,0
grid_5x5,medium,medium,p3_c40_mp3_pen0_h0,202,4,4,0,4,596,2293,1051,104,392,169,0,6.4471564292907715,0
grid_5x5,medium,medium,p3_c40_mp3_pen0_h2,101,5,6,0,6,627,2380,1061,105,386,197,6,6.516009330749512,0
grid_5x5,medium,medium,p3_c40_mp3_pen0_h5,101,5,6,0,6,627,2380,1061,105,386,197,6,6.462589740753174,0
grid_5x5,medium,medium,p3_c40_mp3_pen0_h5,202,2,6,0,6,583,2222,955,52,345,192,6,6.1086907386779785,0
grid_5x5,medium,medium,p3_c100_mp1_pen1_h0,42,5,6,0,6,621,2411,1096,130,417,176,0,6.3418309688568115,0
grid_5x5,medium,medium,p3_c100_mp1_pen1_h0,101,6,6,1,5,613,2437,1020,142,400,183,0,5.92112922668457,0
grid_5x5,medium,medium,p3_c100_mp1_pen0_h0,101,6,6,0,6,610,2483,982,156,400,181,0,5.381424427032471,0
grid_5x5,medium,medium,p3_c100_mp1_pen1_h0,202,4,4,0,4,589,2265,1079,104,392,170,0,6.2998175621032715,0
grid_5x5,medium,medium,p3_c100_mp1_pen0_h5,101,5,6,0,6,644,2487,1096,130,411,197,6,5.235623359680176,0
grid_5x5,medium,medium,p3_c100_mp1_pen1_h5,101,5,6,0,6,644,2484,1102,130,411,197,6,5.8431103229522705,0
grid_5x5,medium,medium,p3_c100_mp1_pen1_h2,42,6,6,0,6,654,2529,1118,156,427,193,6,6.38466477394104,0
grid_5x5,medium,medium,p3_c100_mp1_pen1_h2,202,2,6,0,6,564,2193,938,52,345,185,6,5.930859327316284,0
grid_5x5,medium,medium,p3_c100_mp1_pen1_h2,101,5,6,0,6,644,2484,1102,130,411,197,6,6.232839345932007,0
grid_5x5,medium,medium,p3_c100_mp1_pen0_h0,202,4,4,0,4,588,2287,1049,104,392,169,0,5.919854640960693,0
grid_5x5,medium,medium,p3_c100_mp1_pen0_h2,101,5,6,0,6,644,2487,1096,130,411,197,6,5.841897487640381,0
grid_5x5,medium,medium,p3_c100_mp1_pen0_h0,42,5,6,0,6,621,2404,1109,130,417,176,0,6.168159484863281,0
grid_5x5,medium,medium,p3_c100_mp1_pen1_h5,42,6,6,0,6,654,2529,1118,156,427,193,6,6.388281583786011,0
grid_5x5,medium,medium,p3_c100_mp1_pen1_h5,202,2,6,0,6,568,2213,938,52,345,189,6,6.514206171035767,0
grid_5x5,medium,medium,p3_c100_mp2_pen1_h0,202,4,4,0,4,593,2262,1086,104,392,170,0,5.446717739105225,0
grid_5x5,medium,medium,p3_c100_mp1_pen0_h2,42,4,6,0,6,597,2304,1028,104,377,188,6,6.3074657917022705,0
grid_5x5,medium,medium,p3_c100_mp1_pen0_h5,202,2,6,0,6,568,2206,942,52,345,189,6,6.022247076034546,0
grid_5x5,medium,medium,p3_c100_mp1_pen0_h5,42,4,6,0,6,597,2304,1028,104,377,188,6,6.313530445098877,0
grid_5x5,medium,medium,p3_c100_mp2_pen1_h0,42,5,6,0,6,625,2405,1106,130,417,176,0,6.182815074920654,0
grid_5x5,medium,medium,p3_c100_mp1_pen0_h2,202,2,6,0,6,564,2186,942,52,345,185,6,6.50389552116394,0
grid_5x5,medium,medium,p3_c100_mp2_pen1_h0,101,6,6,1,5,609,2385,1026,133,400,174,0,6.359144926071167,0
grid_5x5,medium,medium,p3_c100_mp2_pen1_h5,101,6,6,0,6,654,2515,1106,131,411,202,6,5.555473566055298,0
grid_5x5,medium,medium,p3_c100_mp2_pen1_h5,42,5,6,0,6,629,2410,1080,130,402,190,6,5.722003221511841,0
grid_5x5,medium,medium,p3_c100_mp2_pen1_h2,42,5,6,0,6,629,2410,1080,130,402,190,6,6.166863441467285,0
grid_5x5,medium,medium,p3_c100_mp2_pen1_h2,202,2,6,0,6,571,2192,960,52,345,188,6,6.223181486129761,0
grid_5x5,medium,medium,p3_c100_mp2_pen1_h2,101,6,6,0,6,654,2515,1106,131,411,202,6,6.434356451034546,0
grid_5x5,medium,medium,p3_c100_mp2_pen1_h5,202,2,6,0,6,575,2212,960,52,345,192,6,6.288985252380371,0
grid_5x5,medium,medium,p3_c100_mp2_pen0_h0,42,5,6,0,6,628,2399,1122,130,417,177,0,6.686044931411743,0
grid_5x5,medium,medium,p3_c100_mp2_pen0_h0,202,4,4,0,4,592,2292,1048,104,392,169,0,5.763355731964111,0
grid_5x5,medium,medium,p3_c100_mp3_pen1_h0,42,5,6,0,6,629,2392,1123,130,417,176,0,5.055870294570923,0
grid_5x5,medium,medium,p3_c100_mp2_pen0_h5,42,4,6,0,6,601,2309,1027,104,377,188,6,5.370133638381958,0
grid_5x5,medium,medium,p3_c100_mp2_pen0_h0,101,6,6,0,6,589,2381,940,131,375,181,0,6.360874176025391,0
grid_5x5,medium,medium,p3_c100_mp3_pen0_h0,42,4,6,0,6,603,2298,1064,104,392,174,0,4.889143466949463,0
grid_5x5,medium,medium,p3_c100_mp2_pen0_h2,101,6,6,0,6,653,2504,1109,131,411,201,6,6.11021876335144,0
grid_5x5,medium,medium,p3_c100_mp2_pen0_h2,42,4,6,0,6,601,2309,1027,104,377,188,6,6.289844989776611,0
grid_5x5,medium,medium,p3_c100_mp2_pen0_h2,202,2,6,0,6,573,2196,955,52,345,188,6,6.339335918426514,0
grid_5x5,medium,medium,p3_c100_mp2_pen0_h5,202,2,6,0,6,577,2216,955,52,345,192,6,6.270249366760254,0
grid_5x5,medium,medium,p3_c100_mp2_pen0_h5,101,6,6,0,6,653,2504,1109,131,411,201,6,6.3592352867126465,0
grid_5x5,medium,medium,p3_c100_mp3_pen1_h0,101,6,6,1,5,610,2432,991,131,400,175,0,6.364293813705444,0
grid_5x5,medium,medium,p3_c100_mp3_pen1_h0,202,4,4,0,4,596,2269,1082,104,392,170,0,6.347431898117065,0
grid_5x5,medium,medium,p3_c100_mp3_pen1_h2,42,5,6,0,6,633,2414,1080,130,402,190,6,6.219486713409424,0
grid_5x5,medium,medium,p3_c100_mp3_pen1_h2,202,2,6,0,6,575,2198,958,52,345,188,6,6.0258636474609375,0
grid_5x5,medium,medium,p3_c100_mp3_pen1_h5,42,5,6,0,6,633,2414,1080,130,402,190,6,6.237740516662598,0
grid_5x5,medium,medium,p3_c100_mp3_pen1_h2,101,5,6,0,6,627,2368,1076,105,386,197,6,6.5661725997924805,0
grid_5x5,medium,medium,p3_c100_mp3_pen1_h5,101,5,6,0,6,627,2368,1076,105,386,197,6,6.387972831726074,0
grid_5x5,medium,medium,p3_c100_mp3_pen0_h0,101,5,6,0,6,563,2259,889,105,350,177,0,6.0652594566345215,0
grid_5x5,medium,medium,p3_c100_mp3_pen1_h5,202,2,6,0,6,579,2218,958,52,345,192,6,6.371209383010864,0
grid_5x5,medium,medium,p3_c100_mp3_pen0_h0,202,4,4,0,4,596,2293,1051,104,392,169,0,6.20009183883667,0
grid_5x5,medium,medium,p3_c100_mp3_pen0_h2,101,5,6,0,6,627,2380,1061,105,386,197,6,6.190511703491211,0
grid_5x5,medium,medium,p3_c100_mp3_pen0_h2,202,2,6,0,6,579,2202,955,52,345,188,6,6.129395484924316,0
grid_5x5,medium,medium,p3_c100_mp3_pen0_h2,42,4,6,0,6,607,2336,1013,104,377,190,6,6.524259567260742,0
grid_5x5,medium,medium,p3_c100_mp3_pen0_h5,42,4,6,0,6,607,2336,1013,104,377,190,6,6.3664937019348145,0
grid_5x5,medium,medium,p3_c100_mp3_pen0_h5,101,5,6,0,6,627,2380,1061,105,386,197,6,6.494222402572632,0
grid_5x5,medium,medium,p3_c100_mp3_pen0_h5,202,2,6,0,6,583,2222,955,52,345,192,6,6.472318887710571,0
grid_5x5,medium,medium,p3_c105_mp1_pen1_h0,42,6,6,4,2,688,2587,1308,120,490,166,0,6.123960256576538,0
grid_5x5,medium,medium,p3_c105_mp1_pen1_h2,42,6,6,4,2,673,2585,1192,97,452,185,6,5.468148708343506,0
grid_5x5,medium,medium,p3_c105_mp1_pen1_h0,101,6,6,5,1,631,2414,1160,83,450,150,0,5.640943765640259,0
grid_5x5,medium,medium,p3_c105_mp1_pen1_h2,101,5,6,4,2,678,2528,1272,85,459,181,6,6.133843421936035,0
grid_5x5,medium,medium,p3_c105_mp1_pen1_h2,202,5,6,6,0,623,2362,1122,5,420,166,6,5.930243492126465,0
grid_5x5,medium,medium,p3_c105_mp1_pen1_h0,202,4,4,3,1,597,2230,1161,55,417,152,0,6.533555030822754,0
grid_5x5,medium,medium,p3_c105_mp1_pen1_h5,101,5,6,4,2,680,2529,1272,85,459,183,6,5.947713375091553,0
grid_5x5,medium,medium,p3_c105_mp1_pen0_h5,42,6,6,4,2,673,2585,1192,97,452,185,6,5.320244312286377,0
grid_5x5,medium,medium,p3_c105_mp1_pen0_h2,42,6,6,4,2,673,2585,1192,97,452,185,6,5.635939121246338,0
grid_5x5,medium,medium,p3_c105_mp1_pen0_h0,101,6,6,5,1,631,2414,1160,83,450,150,0,5.986739635467529,0
grid_5x5,medium,medium,p3_c105_mp2_pen1_h0,202,4,4,3,1,598,2242,1150,55,417,152,0,5.136489629745483,0
grid_5x5,medium,medium,p3_c105_mp1_pen1_h5,42,6,6,4,2,673,2585,1192,97,452,185,6,6.5704145431518555,0
grid_5x5,medium,medium,p3_c105_mp1_pen1_h5,202,5,6,6,0,627,2382,1122,5,420,170,6,6.408657789230347,0
grid_5x5,medium,medium,p3_c105_mp1_pen0_h0,42,6,6,4,2,688,2587,1308,120,490,166,0,6.200282573699951,0
grid_5x5,medium,medium,p3_c105_mp1_pen0_h5,101,5,6,4,2,678,2528,1272,85,459,181,6,5.514248847961426,0
grid_5x5,medium,medium,p3_c105_mp1_pen0_h0,202,4,4,3,1,597,2230,1161,55,417,152,0,6.352390289306641,0
grid_5x5,medium,medium,p3_c105_mp1_pen0_h2,202,5,6,6,0,623,2362,1122,5,420,166,6,6.375100135803223,0
grid_5x5,medium,medium,p3_c105_mp1_pen0_h5,202,5,6,6,0,627,2382,1122,5,420,170,6,6.068452835083008,0
grid_5x5,medium,medium,p3_c105_mp1_pen0_h2,101,5,6,4,2,678,2528,1272,85,459,181,6,6.574234485626221,0
grid_5x5,medium,medium,p3_c105_mp2_pen1_h2,101,5,6,4,2,680,2530,1272,85,459,181,6,5.666646480560303,0
grid_5x5,medium,medium,p3_c105_mp2_pen1_h0,101,6,6,5,1,632,2420,1155,83,450,150,0,6.456515312194824,0
grid_5x5,medium,medium,p3_c105_mp2_pen1_h2,42,5,6,4,2,646,2457,1156,71,427,182,6,6.409565687179565,0
grid_5x5,medium,medium,p3_c105_mp2_pen1_h0,42,6,6,4,2,690,2591,1306,120,490,166,0,6.579250812530518,0
grid_5x5,medium,medium,p3_c105_mp2_pen1_h2,202,5,6,6,0,623,2362,1122,5,420,166,6,5.972151041030884,0
grid_5x5,medium,medium,p3_c105_mp2_pen1_h5,42,5,6,4,2,646,2457,1156,71,427,182,6,6.394760847091675,0
grid_5x5,medium,medium,p3_c105_mp2_pen0_h0,101,6,6,5,1,632,2420,1155,83,450,150,0,5.212856769561768,0
grid_5x5,medium,medium,p3_c105_mp2_pen1_h5,101,5,6,4,2,682,2531,1272,85,459,183,6,6.327568769454956,0
grid_5x5,medium,medium,p3_c105_mp2_pen1_h5,202,5,6,6,0,627,2382,1122,5,420,170,6,6.2702014446258545,0
grid_5x5,medium,medium,p3_c105_mp2_pen0_h0,42,6,6,4,2,690,2591,1306,120,490,166,0,6.43249773979187,0
grid_5x5,medium,medium,p3_c105_mp2_pen0_h0,202,4,4,3,1,598,2242,1150,55,417,152,0,5.714857816696167,0
grid_5x5,medium,medium,p3_c105_mp2_pen0_h2,42,5,6,4,2,646,2457,1156,71,427,182,6,6.1059510707855225,0
grid_5x5,medium,medium,p3_c105_mp2_pen0_h2,202,5,6,6,0,623,2362,1122,5,420,166,6,5.784660339355469,0
grid_5x5,medium,medium,p3_c105_mp3_pen1_h0,101,6,6,5,1,633,2416,1160,83,450,150,0,5.281925678253174,0
grid_5x5,medium,medium,p3_c105_mp2_pen0_h2,101,5,6,4,2,680,2530,1272,85,459,181,6,6.365888833999634,0
grid_5x5,medium,medium,p3_c105_mp3_pen1_h0,42,5,6,4,2,663,2485,1245,94,465,163,0,5.587725400924683,0
grid_5x5,medium,medium,p3_c105_mp2_pen0_h5,42,5,6,4,2,646,2457,1156,71,427,182,6,6.426109313964844,0
grid_5x5,medium,medium,p3_c105_mp3_pen1_h2,101,5,6,4,2,682,2530,1274,85,459,181,6,5.774170637130737,0
grid_5x5,medium,medium,p3_c105_mp2_pen0_h5,202,5,6,6,0,627,2382,1122,5,420,170,6,6.186890602111816,0
grid_5x5,medium,medium,p3_c105_mp2_pen0_h5,101,5,6,4,2,680,2530,1272,85,459,181,6,6.637218236923218,0
grid_5x5,medium,medium,p3_c105_mp3_pen1_h0,202,4,4,3,1,599,2251,1142,55,417,152,0,6.350839853286743,0
grid_5x5,medium,medium,p3_c105_mp3_pen1_h5,42,4,6,4,2,638,2395,1162,64,427,173,6,6.228808403015137,0
grid_5x5,medium,medium,p3_c105_mp3_pen1_h2,202,5,6,6,0,623,2362,1122,5,420,166,6,6.2929463386535645,0
grid_5x5,medium,medium,p3_c105_mp3_pen1_h5,101,5,6,4,2,684,2531,1274,85,459,183,6,6.062867164611816,0
grid_5x5,medium,medium,p3_c105_mp3_pen1_h2,42,4,6,4,2,638,2395,1162,64,427,173,6,6.5302979946136475,0
grid_5x5,medium,medium,p3_c105_mp3_pen0_h0,101,6,6,5,1,633,2416,1160,83,450,150,0,6.076019048690796,0
grid_5x5,medium,medium,p3_c105_mp3_pen0_h0,42,5,6,4,2,663,2485,1245,94,465,163,0,6.260703086853027,0
grid_5x5,medium,medium,p3_c105_mp3_pen1_h5,202,5,6,6,0,627,2382,1122,5,420,170,6,6.367343902587891,0
grid_5x5,medium,medium,p3_c105_mp3_pen0_h2,42,4,6,4,2,638,2395,1162,64,427,173,6,5.963335037231445,0
grid_5x5,medium,medium,p3_c120_mp1_pen1_h0,202,4,4,3,1,597,2230,1161,55,417,152,0,4.510991334915161,0
grid_5x5,medium,medium,p3_c105_mp3_pen0_h2,101,5,6,4,2,682,2530,1274,85,459,181,6,6.1688361167907715,0
grid_5x5,medium,medium,p3_c105_mp3_pen0_h0,202,4,4,3,1,599,2251,1142,55,417,152,0,6.351146936416626,0
grid_5x5,medium,medium,p3_c105_mp3_pen0_h2,202,5,6,6,0,623,2362,1122,5,420,166,6,6.267954349517822,0
grid_5x5,medium,medium,p3_c105_mp3_pen0_h5,42,4,6,4,2,638,2395,1162,64,427,173,6,6.343455791473389,0
grid_5x5,medium,medium,p3_c105_mp3_pen0_h5,101,5,6,4,2,682,2530,1274,85,459,181,6,6.32218074798584,0
grid_5x5,medium,medium,p3_c120_mp1_pen1_h0,42,6,6,4,2,688,2587,1308,120,490,166,0,6.06696081161499,0
grid_5x5,medium,medium,p3_c105_mp3_pen0_h5,202,5,6,6,0,627,2382,1122,5,420,170,6,6.422335624694824,0
grid_5x5,medium,medium,p3_c120_mp1_pen1_h0,101,6,6,5,1,631,2414,1160,83,450,150,0,6.055739164352417,0
grid_5x5,medium,medium,p3_c120_mp1_pen1_h2,42,6,6,4,2,673,2585,1192,97,452,185,6,6.177361965179443,0
grid_5x5,medium,medium,p3_c120_mp1_pen1_h2,101,5,6,4,2,678,2528,1272,85,459,181,6,6.203046083450317,0
grid_5x5,medium,medium,p3_c120_mp1_pen1_h2,202,5,6,6,0,623,2362,1122,5,420,166,6,5.807218074798584,0
grid_5x5,medium,medium,p3_c120_mp1_pen0_h2,42,6,6,4,2,673,2585,1192,97,452,185,6,5.1686975955963135,0
grid_5x5,medium,medium,p3_c120_mp1_pen1_h5,202,5,6,6,0,627,2382,1122,5,420,170,6,6.105480432510376,0
grid_5x5,medium,medium,p3_c120_mp1_pen1_h5,42,6,6,4,2,673,2585,1192,97,452,185,6,6.442615985870361,0
grid_5x5,medium,medium,p3_c120_mp1_pen0_h0,42,6,6,4,2,688,2587,1308,120,490,166,0,6.105209589004517,0
grid_5x5,medium,medium,p3_c120_mp1_pen1_h5,101,5,6,4,2,680,2529,1272,85,459,183,6,6.474004745483398,0
grid_5x5,medium,medium,p3_c120_mp1_pen0_h0,101,6,6,5,1,631,2414,1160,83,450,150,0,6.145482063293457,0
grid_5x5,medium,medium,p3_c120_mp1_pen0_h0,202,4,4,3,1,597,2230,1161,55,417,152,0,6.535078763961792,0
grid_5x5,medium,medium,p3_c120_mp1_pen0_h5,202,5,6,6,0,627,2382,1122,5,420,170,6,6.052496910095215,0
grid_5x5,medium,medium,p3_c120_mp1_pen0_h2,202,5,6,6,0,623,2362,1122,5,420,166,6,6.437082290649414,0
grid_5x5,medium,medium,p3_c120_mp1_pen0_h5,101,5,6,4,2,678,2528,1272,85,459,181,6,6.377596139907837,0
grid_5x5,medium,medium,p3_c120_mp1_pen0_h5,42,6,6,4,2,673,2585,1192,97,452,185,6,6.409684419631958,0
grid_5x5,medium,medium,p3_c120_mp1_pen0_h2,101,5,6,4,2,678,2528,1272,85,459,181,6,6.497194766998291,0
grid_5x5,medium,medium,p3_c120_mp2_pen1_h0,202,4,4,3,1,598,2242,1150,55,417,152,0,5.927156448364258,0
grid_5x5,medium,medium,p3_c120_mp2_pen1_h2,42,5,6,4,2,646,2457,1156,71,427,182,6,5.896342754364014,0
grid_5x5,medium,medium,p3_c120_mp2_pen1_h0,42,6,6,4,2,690,2591,1306,120,490,166,0,6.242048501968384,0
grid_5x5,medium,medium,p3_c120_mp2_pen1_h0,101,6,6,5,1,632,2420,1155,83,450,150,0,6.2934229373931885,0
grid_5x5,medium,medium,p3_c120_mp2_pen0_h0,202,4,4,3,1,598,2242,1150,55,417,152,0,5.097343444824219,0
grid_5x5,medium,medium,p3_c120_mp2_pen1_h5,202,5,6,6,0,627,2382,1122,5,420,170,6,5.895248651504517,0
grid_5x5,medium,medium,p3_c120_mp2_pen1_h5,101,5,6,4,2,682,2531,1272,85,459,183,6,6.160846471786499,0
grid_5x5,medium,medium,p3_c120_mp2_pen1_h2,202,5,6,6,0,623,2362,1122,5,420,166,6,6.306505441665649,0
grid_5x5,medium,medium,p3_c120_mp2_pen1_h5,42,5,6,4,2,646,2457,1156,71,427,182,6,6.42110276222229,0
grid_5x5,medium,medium,p3_c120_mp2_pen1_h2,101,5,6,4,2,680,2530,1272,85,459,181,6,6.579902410507202,0
grid_5x5,medium,medium,p3_c120_mp2_pen0_h0,101,6,6,5,1,632,2420,1155,83,450,150,0,5.8575427532196045,0
grid_5x5,medium,medium,p3_c120_mp2_pen0_h0,42,6,6,4,2,690,2591,1306,120,490,166,0,6.297862768173218,0
grid_5x5,medium,medium,p3_c120_mp2_pen0_h2,42,5,6,4,2,646,2457,1156,71,427,182,6,5.980181932449341,0
grid_5x5,medium,medium,p3_c120_mp2_pen0_h5,101,5,6,4,2,680,2530,1272,85,459,181,6,4.981860876083374,0
grid_5x5,medium,medium,p3_c120_mp2_pen0_h2,101,5,6,4,2,680,2530,1272,85,459,181,6,6.293848037719727,0
grid_5x5,medium,medium,p3_c120_mp2_pen0_h5,42,5,6,4,2,646,2457,1156,71,427,182,6,5.688724994659424,0
grid_5x5,medium,medium,p3_c120_mp2_pen0_h5,202,5,6,6,0,627,2382,1122,5,420,170,6,5.216999769210815,0
grid_5x5,medium,medium,p3_c120_mp2_pen0_h2,202,5,6,6,0,623,2362,1122,5,420,166,6,6.2392778396606445,0
grid_5x5,medium,medium,p3_c120_mp3_pen1_h0,101,6,6,5,1,633,2416,1160,83,450,150,0,5.641847133636475,0
grid_5x5,medium,medium,p3_c120_mp3_pen1_h0,42,5,6,4,2,663,2485,1245,94,465,163,0,6.29856538772583,0
grid_5x5,medium,medium,p3_c120_mp3_pen1_h0,202,4,4,3,1,599,2251,1142,55,417,152,0,6.172816038131714,0
grid_5x5,medium,medium,p3_c120_mp3_pen1_h2,42,4,6,4,2,638,2395,1162,64,427,173,6,6.176590919494629,0
grid_5x5,medium,medium,p3_c120_mp3_pen1_h2,101,5,6,4,2,682,2530,1274,85,459,181,6,6.325869560241699,0
grid_5x5,medium,medium,p3_c120_mp3_pen0_h0,101,6,6,5,1,633,2416,1160,83,450,150,0,5.821051597595215,0
grid_5x5,medium,medium,p3_c120_mp3_pen0_h2,101,5,6,4,2,682,2530,1274,85,459,181,6,5.50975227355957,0
grid_5x5,medium,medium,p3_c120_mp3_pen1_h2,202,5,6,6,0,623,2362,1122,5,420,166,6,6.347646951675415,0
grid_5x5,medium,medium,p3_c120_mp3_pen1_h5,42,4,6,4,2,638,2395,1162,64,427,173,6,6.176700830459595,0
grid_5x5,medium,medium,p3_c120_mp3_pen0_h0,42,5,6,4,2,663,2485,1245,94,465,163,0,6.383539438247681,0
grid_5x5,medium,medium,p3_c120_mp3_pen0_h0,202,4,4,3,1,599,2251,1142,55,417,152,0,6.218648910522461,0
grid_5x5,medium,medium,p3_c120_mp3_pen1_h5,101,5,6,4,2,684,2531,1274,85,459,183,6,6.546029806137085,0
grid_5x5,medium,medium,p3_c120_mp3_pen1_h5,202,5,6,6,0,627,2382,1122,5,420,170,6,6.56212592124939,0
grid_5x5,medium,medium,p3_c120_mp3_pen0_h2,42,4,6,4,2,638,2395,1162,64,427,173,6,6.260317087173462,0
grid_5x5,medium,medium,p3_c120_mp3_pen0_h2,202,5,6,6,0,623,2362,1122,5,420,166,6,6.254357099533081,0
grid_5x5,medium,medium,p3_c120_mp3_pen0_h5,42,4,6,4,2,638,2395,1162,64,427,173,6,6.292045831680298,0
grid_5x5,medium,medium,p3_c120_mp3_pen0_h5,202,5,6,6,0,627,2382,1122,5,420,170,6,6.286618709564209,0
grid_5x5,medium,medium,p3_c120_mp3_pen0_h5,101,5,6,4,2,682,2530,1274,85,459,181,6,6.378545522689819,0
grid_5x5,medium,medium,p3_c160_mp1_pen1_h0,42,6,6,4,2,688,2587,1308,120,490,166,0,6.353234052658081,0
grid_5x5,medium,medium,p3_c160_mp1_pen1_h0,202,4,4,3,1,597,2230,1161,55,417,152,0,6.237324237823486,0
grid_5x5,medium,medium,p3_c160_mp1_pen1_h0,101,6,6,5,1,631,2414,1160,83,450,150,0,6.523693799972534,0
grid_5x5,medium,medium,p3_c160_mp1_pen1_h2,101,5,6,4,2,678,2528,1272,85,459,181,6,6.089908838272095,0
grid_5x5,medium,medium,p3_c160_mp1_pen1_h2,42,6,6,4,2,673,2585,1192,97,452,185,6,6.3196375370025635,0
grid_5x5,medium,medium,p3_c160_mp1_pen1_h2,202,5,6,6,0,623,2362,1122,5,420,166,6,5.979297161102295,0
grid_5x5,medium,medium,p3_c160_mp1_pen1_h5,42,6,6,4,2,673,2585,1192,97,452,185,6,5.909615993499756,0
grid_5x5,medium,medium,p3_c160_mp1_pen0_h0,42,6,6,4,2,688,2587,1308,120,490,166,0,5.88357949256897,0
grid_5x5,medium,medium,p3_c160_mp1_pen1_h5,202,5,6,6,0,627,2382,1122,5,420,170,6,6.036069393157959,0
grid_5x5,medium,medium,p3_c160_mp1_pen1_h5,101,5,6,4,2,680,2529,1272,85,459,183,6,6.466927766799927,0
grid_5x5,medium,medium,p3_c160_mp1_pen0_h0,101,6,6,5,1,631,2414,1160,83,450,150,0,5.962354898452759,0
grid_5x5,medium,medium,p3_c160_mp1_pen0_h5,101,5,6,4,2,678,2528,1272,85,459,181,6,5.516812324523926,0
grid_5x5,medium,medium,p3_c160_mp1_pen0_h0,202,4,4,3,1,597,2230,1161,55,417,152,0,6.446439027786255,0
grid_5x5,medium,medium,p3_c160_mp1_pen0_h2,101,5,6,4,2,678,2528,1272,85,459,181,6,6.377688646316528,0
grid_5x5,medium,medium,p3_c160_mp1_pen0_h2,42,6,6,4,2,673,2585,1192,97,452,185,6,6.480843544006348,0
grid_5x5,medium,medium,p3_c160_mp1_pen0_h5,42,6,6,4,2,673,2585,1192,97,452,185,6,5.858849048614502,0
grid_5x5,medium,medium,p3_c160_mp2_pen0_h0,101,6,6,5,1,632,2420,1155,83,450,150,0,4.3836095333099365,0
grid_5x5,medium,medium,p3_c160_mp2_pen1_h0,101,6,6,5,1,632,2420,1155,83,450,150,0,5.766180038452148,0
grid_5x5,medium,medium,p3_c160_mp1_pen0_h5,202,5,6,6,0,627,2382,1122,5,420,170,6,6.078274250030518,0
grid_5x5,medium,medium,p3_c160_mp1_pen0_h2,202,5,6,6,0,623,2362,1122,5,420,166,6,6.391444683074951,0
grid_5x5,medium,medium,p3_c160_mp2_pen1_h0,42,6,6,4,2,690,2591,1306,120,490,166,0,6.187530040740967,0
grid_5x5,medium,medium,p3_c160_mp2_pen1_h0,202,4,4,3,1,598,2242,1150,55,417,152,0,5.875311613082886,0
grid_5x5,medium,medium,p3_c160_mp2_pen1_h2,42,5,6,4,2,646,2457,1156,71,427,182,6,6.103821277618408,0
grid_5x5,medium,medium,p3_c160_mp2_pen1_h2,202,5,6,6,0,623,2362,1122,5,420,166,6,6.154154062271118,0
grid_5x5,medium,medium,p3_c160_mp2_pen1_h2,101,5,6,4,2,680,2530,1272,85,459,181,6,6.473443984985352,0
grid_5x5,medium,medium,p3_c160_mp2_pen1_h5,202,5,6,6,0,627,2382,1122,5,420,170,6,5.895229339599609,0
grid_5x5,medium,medium,p3_c160_mp2_pen1_h5,42,5,6,4,2,646,2457,1156,71,427,182,6,6.304006338119507,0
grid_5x5,medium,medium,p3_c160_mp2_pen0_h0,202,4,4,3,1,598,2242,1150,55,417,152,0,5.933731555938721,0
grid_5x5,medium,medium,p3_c160_mp2_pen1_h5,101,5,6,4,2,682,2531,1272,85,459,183,6,6.341247797012329,0
grid_5x5,medium,medium,p3_c160_mp2_pen0_h0,42,6,6,4,2,690,2591,1306,120,490,166,0,6.462025880813599,0
grid_5x5,medium,medium,p3_c160_mp2_pen0_h2,42,5,6,4,2,646,2457,1156,71,427,182,6,6.3829004764556885,0
grid_5x5,medium,medium,p3_c160_mp2_pen0_h2,101,5,6,4,2,680,2530,1272,85,459,181,6,6.334598064422607,0
grid_5x5,medium,medium,p3_c160_mp2_pen0_h2,202,5,6,6,0,623,2362,1122,5,420,166,6,6.377086162567139,0
grid_5x5,medium,medium,p3_c160_mp2_pen0_h5,101,5,6,4,2,680,2530,1272,85,459,181,6,6.160150766372681,0
grid_5x5,medium,medium,p3_c160_mp2_pen0_h5,42,5,6,4,2,646,2457,1156,71,427,182,6,6.330276966094971,0
grid_5x5,medium,medium,p3_c160_mp3_pen1_h0,202,4,4,3,1,599,2251,1142,55,417,152,0,5.539945602416992,0
grid_5x5,medium,medium,p3_c160_mp2_pen0_h5,202,5,6,6,0,627,2382,1122,5,420,170,6,6.307804346084595,0
grid_5x5,medium,medium,p3_c160_mp3_pen1_h0,101,6,6,5,1,633,2416,1160,83,450,150,0,6.116843223571777,0
grid_5x5,medium,medium,p3_c160_mp3_pen1_h0,42,5,6,4,2,663,2485,1245,94,465,163,0,6.341038227081299,0
grid_5x5,medium,medium,p3_c160_mp3_pen1_h2,42,4,6,4,2,638,2395,1162,64,427,173,6,5.6090052127838135,0
grid_5x5,medium,medium,p3_c160_mp3_pen1_h5,101,5,6,4,2,684,2531,1274,85,459,183,6,5.322933197021484,0
grid_5x5,medium,medium,p3_c160_mp3_pen1_h2,202,5,6,6,0,623,2362,1122,5,420,166,6,5.944033622741699,0
grid_5x5,heavy,medium,baseline,42,12,12,5,7,793,3044,1408,221,548,201,0,4.59605073928833,0
grid_5x5,medium,medium,p3_c160_mp3_pen1_h5,202,5,6,6,0,627,2382,1122,5,420,170,6,5.995845079421997,0
grid_5x5,medium,medium,p3_c160_mp3_pen0_h5,42,4,6,4,2,638,2395,1162,64,427,173,6,5.193815231323242,0
grid_5x5,medium,medium,p3_c160_mp3_pen1_h2,101,5,6,4,2,682,2530,1274,85,459,181,6,6.509426116943359,0
grid_5x5,medium,medium,p3_c160_mp3_pen1_h5,42,4,6,4,2,638,2395,1162,64,427,173,6,6.5131919384002686,0
grid_5x5,medium,medium,p3_c160_mp3_pen0_h0,202,4,4,3,1,599,2251,1142,55,417,152,0,5.983789682388306,0
grid_5x5,medium,medium,p3_c160_mp3_pen0_h5,101,5,6,4,2,682,2530,1274,85,459,181,6,5.380305051803589,0
grid_5x5,medium,medium,p3_c160_mp3_pen0_h0,42,5,6,4,2,663,2485,1245,94,465,163,0,6.36816930770874,0
grid_5x5,medium,medium,p3_c160_mp3_pen0_h0,101,6,6,5,1,633,2416,1160,83,450,150,0,6.343735456466675,0
grid_5x5,medium,medium,p3_c160_mp3_pen0_h2,42,4,6,4,2,638,2395,1162,64,427,173,6,6.306238889694214,0
grid_5x5,medium,medium,p3_c160_mp3_pen0_h2,202,5,6,6,0,623,2362,1122,5,420,166,6,6.105022430419922,0
grid_5x5,medium,medium,p3_c160_mp3_pen0_h2,101,5,6,4,2,682,2530,1274,85,459,181,6,6.519698143005371,0
grid_5x5,medium,medium,p3_c160_mp3_pen0_h5,202,5,6,6,0,627,2382,1122,5,420,170,6,6.213073968887329,0
grid_5x5,heavy,medium,p3_c40_mp1_pen1_h0,202,7,8,0,8,650,2544,1110,156,426,191,0,5.101337432861328,0
grid_5x5,heavy,medium,baseline,101,11,12,10,2,775,2956,1411,118,573,160,0,6.027355432510376,0
grid_5x5,heavy,medium,baseline,202,6,8,8,0,596,2257,1112,6,417,147,0,6.328583002090454,0
grid_5x5,heavy,medium,p3_c40_mp1_pen1_h0,42,11,12,2,10,802,3133,1383,268,554,208,0,6.374987363815308,0
grid_5x5,heavy,medium,p3_c40_mp1_pen1_h0,101,10,12,4,8,722,2840,1224,160,500,183,0,6.221041679382324,0
grid_5x5,heavy,medium,p3_c40_mp1_pen1_h2,42,10,12,1,11,731,2912,1157,208,475,212,6,5.90617299079895,0
grid_5x5,heavy,medium,p3_c40_mp1_pen1_h2,202,4,12,0,12,629,2389,1080,79,383,204,6,5.9992852210998535,0
grid_5x5,heavy,medium,p3_c40_mp1_pen1_h5,202,4,12,0,12,629,2389,1080,79,383,204,6,5.46708083152771,0
grid_5x5,heavy,medium,p3_c40_mp1_pen0_h0,202,6,8,4,4,655,2489,1206,89,452,169,0,5.002143621444702,0
grid_5x5,heavy,medium,p3_c40_mp1_pen1_h2,101,8,12,0,12,752,2940,1240,208,486,221,6,6.487529516220093,0
grid_5x5,heavy,medium,p3_c40_mp1_pen1_h5,101,8,12,0,12,752,2940,1240,208,486,221,6,6.163806915283203,0
grid_5x5,heavy,medium,p3_c40_mp1_pen0_h0,101,10,12,6,6,733,2893,1236,132,500,192,0,5.252472877502441,0
grid_5x5,heavy,medium,p3_c40_mp1_pen1_h5,42,10,12,1,11,731,2912,1157,208,475,212,6,6.52205491065979,0
grid_5x5,heavy,medium,p3_c40_mp1_pen0_h0,42,11,12,6,6,765,2964,1348,155,529,195,0,6.500105619430542,0
grid_5x5,heavy,medium,p3_c40_mp2_pen1_h2,42,10,12,1,11,780,3034,1278,235,516,209,6,5.102960109710693,0
grid_5x5,heavy,medium,p3_c40_mp1_pen0_h5,42,10,12,6,6,764,2933,1320,142,527,191,6,5.800027132034302,0
grid_5x5,heavy,medium,p3_c40_mp1_pen0_h5,101,9,12,6,6,799,2986,1460,159,559,192,6,5.980608701705933,0
grid_5x5,heavy,medium,p3_c40_mp1_pen0_h2,42,10,12,6,6,764,2933,1320,142,527,191,6,6.47209095954895,0
grid_5x5,heavy,medium,p3_c40_mp1_pen0_h5,202,7,12,6,6,747,2758,1381,65,508,192,6,5.85884952545166,0
grid_5x5,heavy,medium,p3_c40_mp1_pen0_h2,101,9,12,6,6,799,2986,1460,159,559,192,6,6.337657451629639,0
grid_5x5,heavy,medium,p3_c40_mp1_pen0_h2,202,7,12,6,6,743,2738,1381,65,508,188,6,6.364623308181763,0
grid_5x5,heavy,medium,p3_c40_mp2_pen1_h2,202,8,12,0,12,757,2857,1314,173,478,221,6,5.636590242385864,0
grid_5x5,heavy,medium,p3_c40_mp2_pen1_h0,42,9,12,2,10,701,2718,1168,168,454,201,0,6.258519172668457,0
grid_5x5,heavy,medium,p3_c40_mp2_pen1_h2,101,9,12,0,12,785,3028,1303,230,507,224,6,5.957322597503662,0
grid_5x5,heavy,medium,p3_c40_mp2_pen1_h5,42,10,12,1,11,780,3034,1278,235,516,209,6,5.87528395652771,0
grid_5x5,heavy,medium,p3_c40_mp2_pen1_h0,101,10,12,4,8,728,2800,1268,160,500,183,0,6.4542999267578125,0
grid_5x5,heavy,medium,p3_c40_mp2_pen1_h0,202,4,8,0,8,607,2354,1035,98,389,180,0,6.469321250915527,0
grid_5x5,heavy,medium,p3_c40_mp2_pen1_h5,202,8,12,0,12,757,2857,1314,173,478,221,6,6.151835680007935,0
grid_5x5,heavy,medium,p3_c40_mp2_pen1_h5,101,9,12,0,12,785,3028,1303,230,507,224,6,6.257575988769531,0
grid_5x5,heavy,medium,p3_c40_mp2_pen0_h0,42,11,12,6,6,777,2986,1348,162,529,200,0,6.3282151222229,0
grid_5x5,heavy,medium,p3_c40_mp2_pen0_h2,42,11,12,6,6,785,2993,1364,142,542,193,6,5.602592706680298,0
grid_5x5,heavy,medium,p3_c40_mp2_pen0_h0,202,6,8,4,4,647,2445,1179,61,437,173,0,5.780025482177734,0
grid_5x5,heavy,medium,p3_c40_mp2_pen0_h2,101,9,12,6,6,809,3001,1477,164,559,197,6,6.062463045120239,0
grid_5x5,heavy,medium,p3_c40_mp2_pen0_h0,101,10,12,6,6,800,3126,1372,195,550,203,0,6.517296552658081,0
grid_5x5,heavy,medium,p3_c40_mp3_pen1_h0,42,12,12,2,10,792,3000,1359,236,531,204,0,5.676443338394165,0
grid_5x5,heavy,medium,p3_c40_mp2_pen0_h2,202,8,12,6,6,761,2805,1394,85,503,203,6,6.294086456298828,0
grid_5x5,heavy,medium,p3_c40_mp2_pen0_h5,42,11,12,6,6,785,2993,1364,142,542,193,6,6.3585662841796875,0
grid_5x5,heavy,medium,p3_c40_mp2_pen0_h5,101,9,12,6,6,809,3001,1477,164,559,197,6,6.194334506988525,0
grid_5x5,heavy,medium,p3_c40_mp2_pen0_h5,202,8,12,6,6,765,2825,1394,85,503,207,6,6.162565469741821,0
grid_5x5,heavy,medium,p3_c40_mp3_pen1_h0,202,5,8,0,8,649,2468,1130,130,419,184,0,5.835012435913086,0
grid_5x5,heavy,medium,p3_c40_mp3_pen1_h0,101,10,12,0,12,785,3033,1285,260,523,200,0,6.5438501834869385,0
grid_5x5,heavy,medium,p3_c40_mp3_pen1_h2,42,11,12,1,11,780,2982,1292,236,501,217,6,6.465025424957275,0
grid_5x5,heavy,medium,p3_c40_mp3_pen1_h5,42,11,12,1,11,780,2982,1292,236,501,217,6,5.542452573776245,0
grid_5x5,heavy,medium,p3_c40_mp3_pen1_h2,101,8,12,1,11,768,2896,1302,183,499,212,6,6.0960893630981445,0
grid_5x5,heavy,medium,p3_c40_mp3_pen0_h5,42,12,12,6,6,810,3050,1435,175,551,202,6,4.976874351501465,0
grid_5x5,heavy,medium,p3_c40_mp3_pen0_h0,42,12,12,6,6,787,2946,1437,162,556,181,0,5.6374711990356445,0
grid_5x5,heavy,medium,p3_c40_mp3_pen1_h2,202,6,8,0,8,691,2647,1124,143,430,207,6,6.097285270690918,0
grid_5x5,heavy,medium,p3_c40_mp3_pen1_h5,101,8,12,1,11,768,2896,1302,183,499,212,6,5.95950174331665,0
grid_5x5,heavy,medium,p3_c40_mp3_pen1_h5,202,6,8,0,8,691,2647,1124,143,430,207,6,6.090276718139648,0
grid_5x5,heavy,medium,p3_c40_mp3_pen0_h0,101,10,12,6,6,787,2943,1423,157,548,182,0,6.248650312423706,0
grid_5x5,heavy,medium,p3_c40_mp3_pen0_h0,202,6,8,4,4,671,2492,1268,82,469,161,0,6.216748952865601,0
grid_5x5,heavy,medium,p3_c40_mp3_pen0_h2,101,10,12,6,6,860,3233,1523,177,600,202,6,6.015705823898315,0
grid_5x5,heavy,medium,p3_c40_mp3_pen0_h2,42,12,12,6,6,810,3050,1435,175,551,202,6,6.316992282867432,0
grid_5x5,heavy,medium,p3_c40_mp3_pen0_h2,202,5,8,4,4,636,2395,1101,42,405,183,6,6.418324947357178,0
grid_5x5,heavy,medium,p3_c40_mp3_pen0_h5,101,10,12,6,6,860,3233,1523,177,600,202,6,6.480501413345337,0
grid_5x5,heavy,medium,p3_c100_mp1_pen1_h0,42,11,12,2,10,802,3133,1383,268,554,208,0,6.070808410644531,0
grid_5x5,heavy,medium,p3_c100_mp1_pen1_h2,42,10,12,1,11,731,2912,1157,208,475,212,6,5.824349641799927,0
grid_5x5,heavy,medium,p3_c40_mp3_pen0_h5,202,5,8,4,4,640,2424,1101,42,405,187,6,6.237499952316284,0
grid_5x5,heavy,medium,p3_c100_mp1_pen1_h0,101,10,12,4,8,722,2840,1224,160,500,183,0,6.190136194229126,0
grid_5x5,heavy,medium,p3_c100_mp1_pen1_h0,202,7,8,0,8,650,2544,1110,156,426,191,0,6.345076322555542,0
grid_5x5,heavy,medium,p3_c100_mp1_pen1_h2,101,8,12,0,12,752,2940,1240,208,486,221,6,6.331501722335815,0
grid_5x5,heavy,medium,p3_c100_mp1_pen1_h2,202,4,12,0,12,629,2389,1080,79,383,204,6,6.409161806106567,0
grid_5x5,heavy,medium,p3_c100_mp1_pen1_h5,42,10,12,1,11,731,2912,1157,208,475,212,6,5.739746332168579,0
grid_5x5,heavy,medium,p3_c100_mp1_pen0_h0,42,11,12,6,6,765,2964,1348,155,529,195,0,5.758322715759277,0
grid_5x5,heavy,medium,p3_c100_mp1_pen0_h0,101,10,12,6,6,733,2893,1236,132,500,192,0,5.766510009765625,0
grid_5x5,heavy,medium,p3_c100_mp1_pen1_h5,101,8,12,0,12,752,2940,1240,208,486,221,6,6.058427333831787,0
grid_5x5,heavy,medium,p3_c100_mp1_pen1_h5,202,4,12,0,12,629,2389,1080,79,383,204,6,6.489949941635132,0
grid_5x5,heavy,medium,p3_c100_mp1_pen0_h0,202,6,8,4,4,655,2489,1206,89,452,169,0,6.392566919326782,0
grid_5x5,heavy,medium,p3_c100_mp1_pen0_h2,42,10,12,6,6,764,2933,1320,142,527,191,6,6.26260232925415,0
grid_5x5,heavy,medium,p3_c100_mp1_pen0_h2,202,7,12,6,6,743,2738,1381,65,508,188,6,5.841499090194702,0
grid_5x5,heavy,medium,p3_c100_mp2_pen1_h0,42,9,12,2,10,701,2718,1168,168,454,201,0,6.042344331741333,0
grid_5x5,heavy,medium,p3_c100_mp1_pen0_h2,101,9,12,6,6,799,2986,1460,159,559,192,6,6.594957590103149,0
grid_5x5,heavy,medium,p3_c100_mp2_pen1_h0,101,10,12,4,8,728,2800,1268,160,500,183,0,5.907888174057007,0
grid_5x5,heavy,medium,p3_c100_mp1_pen0_h5,42,10,12,6,6,764,2933,1320,142,527,191,6,6.251502752304077,0
grid_5x5,heavy,medium,p3_c100_mp1_pen0_h5,202,7,12,6,6,747,2758,1381,65,508,192,6,6.269679546356201,0
grid_5x5,heavy,medium,p3_c100_mp1_pen0_h5,101,9,12,6,6,799,2986,1460,159,559,192,6,6.295644998550415,0
grid_5x5,heavy,medium,p3_c100_mp2_pen1_h2,101,9,12,0,12,785,3028,1303,230,507,224,6,5.653522253036499,0
grid_5x5,heavy,medium,p3_c100_mp2_pen1_h0,202,4,8,0,8,607,2354,1035,98,389,180,0,6.333264589309692,0
grid_5x5,heavy,medium,p3_c100_mp2_pen1_h2,202,8,12,0,12,757,2857,1314,173,478,221,6,6.052971839904785,0
grid_5x5,heavy,medium,p3_c100_mp2_pen1_h2,42,10,12,1,11,780,3034,1278,235,516,209,6,6.299672603607178,0
grid_5x5,heavy,medium,p3_c100_mp2_pen1_h5,101,9,12,0,12,785,3028,1303,230,507,224,6,6.112432479858398,0
grid_5x5,heavy,medium,p3_c100_mp2_pen0_h0,202,6,8,4,4,647,2445,1179,61,437,173,0,5.625211477279663,0
grid_5x5,heavy,medium,p3_c100_mp2_pen1_h5,42,10,12,1,11,780,3034,1278,235,516,209,6,6.644629955291748,0
grid_5x5,heavy,medium,p3_c100_mp2_pen1_h5,202,8,12,0,12,757,2857,1314,173,478,221,6,6.222454071044922,0
grid_5x5,heavy,medium,p3_c100_mp2_pen0_h2,42,11,12,6,6,785,2993,1364,142,542,193,6,5.690349340438843,0
grid_5x5,heavy,medium,p3_c100_mp2_pen0_h0,42,11,12,6,6,777,2986,1348,162,529,200,0,6.206431865692139,0
grid_5x5,heavy,medium,p3_c100_mp2_pen0_h0,101,10,12,6,6,800,3126,1372,195,550,203,0,6.5260326862335205,0
grid_5x5,heavy,medium,p3_c100_mp2_pen0_h2,101,9,12,6,6,809,3001,1477,164,559,197,6,6.105876207351685,0
grid_5x5,heavy,medium,p3_c100_mp2_pen0_h5,42,11,12,6,6,785,2993,1364,142,542,193,6,5.983657598495483,0
grid_5x5,heavy,medium,p3_c100_mp2_pen0_h2,202,8,12,6,6,761,2805,1394,85,503,203,6,6.492576599121094,0
grid_5x5,heavy,medium,p3_c100_mp3_pen1_h0,202,5,8,0,8,649,2468,1130,130,419,184,0,5.004526138305664,0
grid_5x5,heavy,medium,p3_c100_mp3_pen1_h0,42,12,12,2,10,792,3000,1359,236,531,204,0,5.869722366333008,0
grid_5x5,heavy,medium,p3_c100_mp2_pen0_h5,101,9,12,6,6,809,3001,1477,164,559,197,6,6.584251642227173,0
grid_5x5,heavy,medium,p3_c100_mp3_pen1_h0,101,10,12,0,12,785,3033,1285,260,523,200,0,6.361096620559692,0
grid_5x5,heavy,medium,p3_c100_mp2_pen0_h5,202,8,12,6,6,765,2825,1394,85,503,207,6,6.416622638702393,0
grid_5x5,heavy,medium,p3_c100_mp3_pen1_h2,42,11,12,1,11,780,2982,1292,236,501,217,6,6.361142873764038,0
grid_5x5,heavy,medium,p3_c100_mp3_pen1_h5,202,6,8,0,8,691,2647,1124,143,430,207,6,5.591597080230713,0
grid_5x5,heavy,medium,p3_c100_mp3_pen1_h5,42,11,12,1,11,780,2982,1292,236,501,217,6,5.7174952030181885,0
grid_5x5,heavy,medium,p3_c100_mp3_pen1_h2,101,8,12,1,11,768,2896,1302,183,499,212,6,6.434528112411499,0
grid_5x5,heavy,medium,p3_c100_mp3_pen0_h2,202,5,8,4,4,636,2395,1101,42,405,183,6,5.353822231292725,0
grid_5x5,heavy,medium,p3_c100_mp3_pen1_h2,202,6,8,0,8,691,2647,1124,143,430,207,6,6.574518442153931,0
grid_5x5,heavy,medium,p3_c100_mp3_pen0_h0,42,12,12,6,6,787,2946,1437,162,556,181,0,6.3469626903533936,0
grid_5x5,heavy,medium,p3_c100_mp3_pen0_h0,101,10,12,6,6,787,2943,1423,157,548,182,0,6.36060357093811,0
grid_5x5,heavy,medium,p3_c100_mp3_pen0_h2,101,10,12,6,6,860,3233,1523,177,600,202,6,5.897121429443359,0
grid_5x5,heavy,medium,p3_c100_mp3_pen1_h5,101,8,12,1,11,768,2896,1302,183,499,212,6,6.56781268119812,0
grid_5x5,heavy,medium,p3_c100_mp3_pen0_h2,42,12,12,6,6,810,3050,1435,175,551,202,6,6.3671300411224365,0
grid_5x5,heavy,medium,p3_c100_mp3_pen0_h0,202,6,8,4,4,671,2492,1268,82,469,161,0,6.593362808227539,0
grid_5x5,heavy,medium,p3_c100_mp3_pen0_h5,42,12,12,6,6,810,3050,1435,175,551,202,6,6.337900876998901,0
grid_5x5,heavy,medium,p3_c105_mp1_pen1_h0,101,11,12,11,1,770,2927,1406,93,573,155,0,5.6353843212127686,0
grid_5x5,heavy,medium,p3_c105_mp1_pen1_h0,42,12,12,9,3,813,2974,1597,167,598,170,0,5.953304290771484,0
grid_5x5,heavy,medium,p3_c100_mp3_pen0_h5,101,10,12,6,6,860,3233,1523,177,600,202,6,6.250951051712036,0
grid_5x5,heavy,medium,p3_c100_mp3_pen0_h5,202,5,8,4,4,640,2424,1101,42,405,187,6,6.1474621295928955,0
grid_5x5,heavy,medium,p3_c105_mp1_pen1_h2,42,12,12,11,1,852,3084,1681,105,624,179,6,5.890951871871948,0
grid_5x5,heavy,medium,p3_c105_mp1_pen1_h0,202,6,8,8,0,596,2257,1112,6,417,147,0,6.505582571029663,0
grid_5x5,heavy,medium,p3_c105_mp1_pen1_h2,101,10,12,8,4,874,3155,1742,189,636,187,6,6.339733362197876,0
grid_5x5,heavy,medium,p3_c105_mp1_pen1_h2,202,10,12,10,2,809,3048,1482,105,570,188,6,6.375744819641113,0
grid_5x5,heavy,medium,p3_c105_mp1_pen1_h5,42,12,12,11,1,852,3084,1681,105,624,179,6,6.365315198898315,0
grid_5x5,heavy,medium,p3_c105_mp1_pen1_h5,101,10,12,8,4,874,3155,1742,189,636,187,6,6.14562726020813,0
grid_5x5,heavy,medium,p3_c105_mp1_pen0_h0,202,6,8,8,0,596,2257,1112,6,417,147,0,5.325137615203857,0
grid_5x5,heavy,medium,p3_c105_mp1_pen0_h0,42,12,12,9,3,813,2974,1597,167,598,170,0,5.95410418510437,0
grid_5x5,heavy,medium,p3_c105_mp1_pen1_h5,202,10,12,10,2,813,3071,1485,105,570,192,6,6.390233039855957,0
grid_5x5,heavy,medium,p3_c105_mp1_pen0_h5,42,12,12,11,1,852,3084,1681,105,624,179,6,4.9749250411987305,0
grid_5x5,heavy,medium,p3_c105_mp1_pen0_h2,42,12,12,11,1,852,3084,1681,105,624,179,6,6.21105432510376,0
grid_5x5,heavy,medium,p3_c105_mp1_pen0_h0,101,11,12,11,1,770,2927,1406,93,573,155,0,6.513082027435303,0
grid_5x5,heavy,medium,p3_c105_mp1_pen0_h2,202,10,12,10,2,809,3048,1482,105,570,188,6,6.018317699432373,0
grid_5x5,heavy,medium,p3_c105_mp1_pen0_h2,101,10,12,8,4,874,3155,1742,189,636,187,6,6.533785343170166,0
grid_5x5,heavy,medium,p3_c105_mp2_pen1_h0,101,11,12,10,2,815,3121,1463,156,597,172,0,5.7443177700042725,0
grid_5x5,heavy,medium,p3_c105_mp1_pen0_h5,101,10,12,8,4,874,3155,1742,189,636,187,6,6.476762771606445,0
grid_5x5,heavy,medium,p3_c105_mp1_pen0_h5,202,10,12,10,2,813,3071,1485,105,570,192,6,6.246431827545166,0
grid_5x5,heavy,medium,p3_c105_mp2_pen1_h0,42,11,12,8,4,796,2974,1472,173,573,174,0,6.374027252197266,0
grid_5x5,heavy,medium,p3_c105_mp2_pen1_h2,101,11,12,8,4,906,3287,1775,215,661,189,6,5.962459325790405,0
grid_5x5,heavy,medium,p3_c105_mp2_pen0_h0,42,11,12,8,4,796,2974,1472,173,573,174,0,5.111476898193359,0
grid_5x5,heavy,medium,p3_c105_mp2_pen1_h0,202,6,8,8,0,596,2257,1112,6,417,147,0,6.2179460525512695,0
grid_5x5,heavy,medium,p3_c105_mp2_pen1_h5,42,12,12,11,1,853,3108,1653,105,624,179,6,5.982866287231445,0
grid_5x5,heavy,medium,p3_c105_mp2_pen1_h2,202,10,12,10,2,783,2926,1441,79,543,188,6,6.151384353637695,0
grid_5x5,heavy,medium,p3_c105_mp2_pen1_h2,42,12,12,11,1,853,3108,1653,105,624,179,6,6.325791835784912,0
grid_5x5,heavy,medium,p3_c105_mp2_pen1_h5,101,11,12,8,4,906,3287,1775,215,661,189,6,5.878589630126953,0
grid_5x5,heavy,medium,p3_c105_mp2_pen1_h5,202,10,12,10,2,787,2955,1441,79,543,192,6,6.0427210330963135,0
grid_5x5,heavy,medium,p3_c105_mp2_pen0_h0,202,6,8,8,0,596,2257,1112,6,417,147,0,5.926525831222534,0
grid_5x5,heavy,medium,p3_c105_mp2_pen0_h0,101,11,12,10,2,815,3121,1463,156,597,172,0,6.2609217166900635,0
grid_5x5,heavy,medium,p3_c105_mp2_pen0_h2,42,12,12,11,1,853,3108,1653,105,624,179,6,6.276026964187622,0
grid_5x5,heavy,medium,p3_c105_mp2_pen0_h2,101,11,12,8,4,906,3287,1775,215,661,189,6,6.385629892349243,0
grid_5x5,heavy,medium,p3_c105_mp2_pen0_h2,202,10,12,10,2,783,2926,1441,79,543,188,6,6.2107133865356445,0
grid_5x5,heavy,medium,p3_c105_mp2_pen0_h5,42,12,12,11,1,853,3108,1653,105,624,179,6,6.229387044906616,0
grid_5x5,heavy,medium,p3_c105_mp2_pen0_h5,202,10,12,10,2,787,2955,1441,79,543,192,6,6.202977895736694,0
grid_5x5,heavy,medium,p3_c105_mp2_pen0_h5,101,11,12,8,4,906,3287,1775,215,661,189,6,6.424520254135132,0
grid_5x5,heavy,medium,p3_c105_mp3_pen1_h0,42,12,12,11,1,776,2831,1530,92,573,158,0,6.026041269302368,0
grid_5x5,heavy,medium,p3_c105_mp3_pen1_h2,101,11,12,8,4,882,3207,1703,187,611,211,6,5.2101030349731445,0
grid_5x5,heavy,medium,p3_c105_mp3_pen1_h0,101,11,12,11,1,798,2991,1497,119,598,155,0,6.2257773876190186,0
grid_5x5,heavy,medium,p3_c105_mp3_pen1_h0,202,6,8,8,0,596,2257,1112,6,417,147,0,6.427491664886475,0
grid_5x5,heavy,medium,p3_c105_mp3_pen1_h2,202,9,12,10,2,842,3158,1543,136,595,192,6,5.646870374679565,0
grid_5x5,heavy,medium,p3_c105_mp3_pen1_h2,42,12,12,11,1,858,3098,1677,109,624,183,6,6.453564167022705,0
grid_5x5,heavy,medium,p3_c105_mp3_pen1_h5,101,11,12,8,4,882,3207,1703,187,611,211,6,5.730036020278931,0
grid_5x5,heavy,medium,p3_c105_mp3_pen1_h5,42,12,12,11,1,858,3098,1677,109,624,183,6,6.234302520751953,0
grid_5x5,heavy,medium,p3_c105_mp3_pen0_h0,42,12,12,11,1,776,2831,1530,92,573,158,0,5.882199287414551,0
grid_5x5,heavy,medium,p3_c105_mp3_pen0_h0,101,11,12,11,1,798,2991,1497,119,598,155,0,6.055396556854248,0
grid_5x5,heavy,medium,p3_c105_mp3_pen0_h0,202,6,8,8,0,596,2257,1112,6,417,147,0,5.949402332305908,0
grid_5x5,heavy,medium,p3_c105_mp3_pen1_h5,202,9,12,10,2,846,3181,1546,136,595,196,6,6.633883237838745,0
grid_5x5,heavy,medium,p3_c105_mp3_pen0_h2,42,12,12,11,1,858,3098,1677,109,624,183,6,6.370683908462524,0
grid_5x5,heavy,medium,p3_c105_mp3_pen0_h2,202,9,12,10,2,842,3158,1543,136,595,192,6,6.206507444381714,0
grid_5x5,heavy,medium,p3_c105_mp3_pen0_h5,42,12,12,11,1,858,3098,1677,109,624,183,6,6.377352714538574,0
grid_5x5,heavy,medium,p3_c105_mp3_pen0_h2,101,11,12,8,4,882,3207,1703,187,611,211,6,6.545593976974487,0
grid_5x5,heavy,medium,p3_c105_mp3_pen0_h5,101,11,12,8,4,882,3207,1703,187,611,211,6,6.380972146987915,0
grid_5x5,heavy,medium,p3_c105_mp3_pen0_h5,202,9,12,10,2,846,3181,1546,136,595,196,6,6.383411169052124,0
grid_5x5,heavy,medium,p3_c120_mp1_pen1_h0,42,12,12,9,3,813,2974,1597,167,598,170,0,6.304258346557617,0
grid_5x5,heavy,medium,p3_c120_mp1_pen1_h5,101,10,12,8,4,874,3155,1742,189,636,187,6,4.886850357055664,0
grid_5x5,heavy,medium,p3_c120_mp1_pen1_h0,202,6,8,8,0,596,2257,1112,6,417,147,0,6.364261627197266,0
grid_5x5,heavy,medium,p3_c120_mp1_pen1_h0,101,11,12,11,1,770,2927,1406,93,573,155,0,6.579339504241943,0
grid_5x5,heavy,medium,p3_c120_mp1_pen1_h2,42,12,12,11,1,852,3084,1681,105,624,179,6,6.430254697799683,0
grid_5x5,heavy,medium,p3_c120_mp1_pen1_h2,101,10,12,8,4,874,3155,1742,189,636,187,6,6.206544637680054,0
grid_5x5,heavy,medium,p3_c120_mp1_pen1_h2,202,10,12,10,2,809,3048,1482,105,570,188,6,5.996553421020508,0
grid_5x5,heavy,medium,p3_c120_mp1_pen1_h5,42,12,12,11,1,852,3084,1681,105,624,179,6,5.795087099075317,0
grid_5x5,heavy,medium,p3_c120_mp1_pen0_h0,42,12,12,9,3,813,2974,1597,167,598,170,0,6.101557970046997,0
grid_5x5,heavy,medium,p3_c120_mp1_pen0_h0,101,11,12,11,1,770,2927,1406,93,573,155,0,5.93337607383728,0
grid_5x5,heavy,medium,p3_c120_mp1_pen1_h5,202,10,12,10,2,813,3071,1485,105,570,192,6,6.399588584899902,0
grid_5x5,heavy,medium,p3_c120_mp1_pen0_h0,202,6,8,8,0,596,2257,1112,6,417,147,0,6.510870933532715,0
grid_5x5,heavy,medium,p3_c120_mp1_pen0_h2,42,12,12,11,1,852,3084,1681,105,624,179,6,6.49643349647522,0
grid_5x5,heavy,medium,p3_c120_mp1_pen0_h2,202,10,12,10,2,809,3048,1482,105,570,188,6,6.303936719894409,0
grid_5x5,heavy,medium,p3_c120_mp1_pen0_h2,101,10,12,8,4,874,3155,1742,189,636,187,6,6.356116771697998,0
grid_5x5,heavy,medium,p3_c120_mp1_pen0_h5,42,12,12,11,1,852,3084,1681,105,624,179,6,5.986815929412842,0
grid_5x5,heavy,medium,p3_c120_mp1_pen0_h5,202,10,12,10,2,813,3071,1485,105,570,192,6,5.995683670043945,0
grid_5x5,heavy,medium,p3_c120_mp2_pen1_h2,42,12,12,11,1,853,3108,1653,105,624,179,6,5.22295880317688,0
grid_5x5,heavy,medium,p3_c120_mp1_pen0_h5,101,10,12,8,4,874,3155,1742,189,636,187,6,6.385238170623779,0
grid_5x5,heavy,medium,p3_c120_mp2_pen1_h0,202,6,8,8,0,596,2257,1112,6,417,147,0,5.812395334243774,0
grid_5x5,heavy,medium,p3_c120_mp2_pen1_h0,42,11,12,8,4,796,2974,1472,173,573,174,0,6.210484743118286,0
grid_5x5,heavy,medium,p3_c120_mp2_pen1_h0,101,11,12,10,2,815,3121,1463,156,597,172,0,5.910351514816284,0
grid_5x5,heavy,medium,p3_c120_mp2_pen1_h2,202,10,12,10,2,783,2926,1441,79,543,188,6,5.393341541290283,0
grid_5x5,heavy,medium,p3_c120_mp2_pen0_h0,42,11,12,8,4,796,2974,1472,173,573,174,0,6.022870779037476,0
grid_5x5,heavy,medium,p3_c120_mp2_pen1_h2,101,11,12,8,4,906,3287,1775,215,661,189,6,6.36953067779541,0
grid_5x5,heavy,medium,p3_c120_mp2_pen0_h5,202,10,12,10,2,787,2955,1441,79,543,192,6,4.7718751430511475,0
grid_5x5,heavy,medium,p3_c120_mp2_pen1_h5,101,11,12,8,4,906,3287,1775,215,661,189,6,6.337899446487427,0
grid_5x5,heavy,medium,p3_c120_mp2_pen1_h5,202,10,12,10,2,787,2955,1441,79,543,192,6,6.37637186050415,0
grid_5x5,heavy,medium,p3_c120_mp2_pen1_h5,42,12,12,11,1,853,3108,1653,105,624,179,6,6.505206346511841,0
grid_5x5,heavy,medium,p3_c120_mp2_pen0_h0,101,11,12,10,2,815,3121,1463,156,597,172,0,6.517621040344238,0
grid_5x5,heavy,medium,p3_c120_mp2_pen0_h2,42,12,12,11,1,853,3108,1653,105,624,179,6,6.064076900482178,0
grid_5x5,heavy,medium,p3_c120_mp2_pen0_h0,202,6,8,8,0,596,2257,1112,6,417,147,0,6.310187816619873,0
grid_5x5,heavy,medium,p3_c120_mp2_pen0_h2,101,11,12,8,4,906,3287,1775,215,661,189,6,6.396458387374878,0
grid_5x5,heavy,medium,p3_c120_mp2_pen0_h2,202,10,12,10,2,783,2926,1441,79,543,188,6,6.333263635635376,0
grid_5x5,heavy,medium,p3_c120_mp2_pen0_h5,42,12,12,11,1,853,3108,1653,105,624,179,6,6.341093063354492,0
grid_5x5,heavy,medium,p3_c120_mp2_pen0_h5,101,11,12,8,4,906,3287,1775,215,661,189,6,6.281112432479858,0
grid_5x5,heavy,medium,p3_c120_mp3_pen1_h0,101,11,12,11,1,798,2991,1497,119,598,155,0,6.028086185455322,0
grid_5x5,heavy,medium,p3_c120_mp3_pen1_h0,42,12,12,11,1,776,2831,1530,92,573,158,0,6.126104831695557,0
grid_5x5,heavy,medium,p3_c120_mp3_pen1_h0,202,6,8,8,0,596,2257,1112,6,417,147,0,6.0914833545684814,0
grid_5x5,heavy,medium,p3_c120_mp3_pen1_h5,101,11,12,8,4,882,3207,1703,187,611,211,6,5.140058755874634,0
grid_5x5,heavy,medium,p3_c120_mp3_pen1_h5,42,12,12,11,1,858,3098,1677,109,624,183,6,5.370603561401367,0
grid_5x5,heavy,medium,p3_c120_mp3_pen1_h2,42,12,12,11,1,858,3098,1677,109,624,183,6,5.9151411056518555,0
grid_5x5,heavy,medium,p3_c120_mp3_pen1_h2,202,9,12,10,2,842,3158,1543,136,595,192,6,5.9977357387542725,0
grid_5x5,heavy,medium,p3_c120_mp3_pen1_h2,101,11,12,8,4,882,3207,1703,187,611,211,6,6.371509790420532,0
grid_5x5,heavy,medium,p3_c120_mp3_pen0_h2,42,12,12,11,1,858,3098,1677,109,624,183,6,5.763888597488403,0
grid_5x5,heavy,medium,p3_c120_mp3_pen0_h0,42,12,12,11,1,776,2831,1530,92,573,158,0,6.207118272781372,0
grid_5x5,heavy,medium,p3_c120_mp3_pen1_h5,202,9,12,10,2,846,3181,1546,136,595,196,6,6.386218070983887,0
grid_5x5,heavy,medium,p3_c120_mp3_pen0_h0,101,11,12,11,1,798,2991,1497,119,598,155,0,6.542661666870117,0
grid_5x5,heavy,medium,p3_c120_mp3_pen0_h2,101,11,12,8,4,882,3207,1703,187,611,211,6,6.296654224395752,0
grid_5x5,heavy,medium,p3_c120_mp3_pen0_h0,202,6,8,8,0,596,2257,1112,6,417,147,0,6.499498605728149,0
grid_5x5,heavy,medium,p3_c120_mp3_pen0_h2,202,9,12,10,2,842,3158,1543,136,595,192,6,6.43111777305603,0
grid_5x5,heavy,medium,p3_c120_mp3_pen0_h5,42,12,12,11,1,858,3098,1677,109,624,183,6,5.763944387435913,0
grid_5x5,heavy,medium,p3_c120_mp3_pen0_h5,101,11,12,8,4,882,3207,1703,187,611,211,6,5.829324960708618,0
grid_5x5,heavy,medium,p3_c160_mp1_pen1_h0,101,11,12,11,1,770,2927,1406,93,573,155,0,5.997851133346558,0
grid_5x5,heavy,medium,p3_c160_mp1_pen1_h0,42,12,12,9,3,813,2974,1597,167,598,170,0,6.0652077198028564,0
grid_5x5,heavy,medium,p3_c160_mp1_pen1_h0,202,6,8,8,0,596,2257,1112,6,417,147,0,6.0075061321258545,0
grid_5x5,heavy,medium,p3_c120_mp3_pen0_h5,202,9,12,10,2,846,3181,1546,136,595,196,6,6.1937479972839355,0
grid_5x5,heavy,medium,p3_c160_mp1_pen1_h2,101,10,12,8,4,874,3155,1742,189,636,187,6,5.772355079650879,0
grid_5x5,heavy,medium,p3_c160_mp1_pen1_h2,42,12,12,11,1,852,3084,1681,105,624,179,6,6.39621376991272,0
grid_5x5,heavy,medium,p3_c160_mp1_pen1_h5,42,12,12,11,1,852,3084,1681,105,624,179,6,6.217229843139648,0
grid_5x5,heavy,medium,p3_c160_mp1_pen1_h2,202,10,12,10,2,809,3048,1482,105,570,188,6,6.581273317337036,0
grid_5x5,heavy,medium,p3_c160_mp1_pen1_h5,101,10,12,8,4,874,3155,1742,189,636,187,6,6.178319215774536,0
grid_5x5,heavy,medium,p3_c160_mp1_pen1_h5,202,10,12,10,2,813,3071,1485,105,570,192,6,6.33639931678772,0
grid_5x5,heavy,medium,p3_c160_mp1_pen0_h0,42,12,12,9,3,813,2974,1597,167,598,170,0,6.545330762863159,0
grid_5x5,heavy,medium,p3_c160_mp1_pen0_h0,202,6,8,8,0,596,2257,1112,6,417,147,0,5.626668691635132,0
grid_5x5,heavy,medium,p3_c160_mp1_pen0_h2,202,10,12,10,2,809,3048,1482,105,570,188,6,5.222902536392212,0
grid_5x5,heavy,medium,p3_c160_mp1_pen0_h0,101,11,12,11,1,770,2927,1406,93,573,155,0,5.732908487319946,0
grid_5x5,heavy,medium,p3_c160_mp1_pen0_h2,42,12,12,11,1,852,3084,1681,105,624,179,6,5.822369575500488,0
grid_5x5,heavy,medium,p3_c160_mp1_pen0_h2,101,10,12,8,4,874,3155,1742,189,636,187,6,5.846935749053955,0
grid_5x5,heavy,medium,p3_c160_mp1_pen0_h5,42,12,12,11,1,852,3084,1681,105,624,179,6,6.125916004180908,0
grid_5x5,heavy,medium,p3_c160_mp1_pen0_h5,101,10,12,8,4,874,3155,1742,189,636,187,6,6.372443675994873,0
grid_5x5,heavy,medium,p3_c160_mp1_pen0_h5,202,10,12,10,2,813,3071,1485,105,570,192,6,6.2163450717926025,0
grid_5x5,heavy,medium,p3_c160_mp2_pen1_h0,101,11,12,10,2,815,3121,1463,156,597,172,0,5.8575708866119385,0
grid_5x5,heavy,medium,p3_c160_mp2_pen1_h0,42,11,12,8,4,796,2974,1472,173,573,174,0,6.345008850097656,0
grid_5x5,heavy,medium,p3_c160_mp2_pen1_h0,202,6,8,8,0,596,2257,1112,6,417,147,0,6.381158351898193,0
grid_5x5,heavy,medium,p3_c160_mp2_pen1_h2,42,12,12,11,1,853,3108,1653,105,624,179,6,6.423093318939209,0
grid_5x5,heavy,medium,p3_c160_mp2_pen1_h2,101,11,12,8,4,906,3287,1775,215,661,189,6,6.5057573318481445,0
grid_5x5,heavy,medium,p3_c160_mp2_pen1_h2,202,10,12,10,2,783,2926,1441,79,543,188,6,6.393330812454224,0
grid_5x5,heavy,medium,p3_c160_mp2_pen1_h5,42,12,12,11,1,853,3108,1653,105,624,179,6,6.404862880706787,0
grid_5x5,heavy,medium,p3_c160_mp2_pen1_h5,202,10,12,10,2,787,2955,1441,79,543,192,6,6.370049238204956,0
grid_5x5,heavy,medium,p3_c160_mp2_pen1_h5,101,11,12,8,4,906,3287,1775,215,661,189,6,6.551703691482544,0
grid_5x5,heavy,medium,p3_c160_mp2_pen0_h0,202,6,8,8,0,596,2257,1112,6,417,147,0,5.976236343383789,0
grid_5x5,heavy,medium,p3_c160_mp2_pen0_h0,42,11,12,8,4,796,2974,1472,173,573,174,0,6.109835863113403,0
grid_5x5,heavy,medium,p3_c160_mp2_pen0_h2,42,12,12,11,1,853,3108,1653,105,624,179,6,6.0548505783081055,0
grid_5x5,heavy,medium,p3_c160_mp2_pen0_h0,101,11,12,10,2,815,3121,1463,156,597,172,0,6.3858253955841064,0
grid_5x5,heavy,medium,p3_c160_mp2_pen0_h2,202,10,12,10,2,783,2926,1441,79,543,188,6,5.82221531867981,0
grid_5x5,heavy,medium,p3_c160_mp2_pen0_h2,101,11,12,8,4,906,3287,1775,215,661,189,6,6.427943706512451,0
grid_5x5,heavy,medium,p3_c160_mp2_pen0_h5,42,12,12,11,1,853,3108,1653,105,624,179,6,6.067535638809204,0
grid_5x5,heavy,medium,p3_c160_mp2_pen0_h5,101,11,12,8,4,906,3287,1775,215,661,189,6,5.936170816421509,0
grid_5x5,heavy,medium,p3_c160_mp2_pen0_h5,202,10,12,10,2,787,2955,1441,79,543,192,6,6.10284423828125,0
grid_5x5,heavy,medium,p3_c160_mp3_pen1_h0,42,12,12,11,1,776,2831,1530,92,573,158,0,6.311326742172241,0
grid_5x5,heavy,medium,p3_c160_mp3_pen1_h2,42,12,12,11,1,858,3098,1677,109,624,183,6,5.946086883544922,0
grid_5x5,heavy,medium,p3_c160_mp3_pen1_h2,202,9,12,10,2,842,3158,1543,136,595,192,6,5.793974161148071,0
grid_5x5,heavy,medium,p3_c160_mp3_pen1_h0,202,6,8,8,0,596,2257,1112,6,417,147,0,6.267616271972656,0
grid_5x5,heavy,medium,p3_c160_mp3_pen1_h5,42,12,12,11,1,858,3098,1677,109,624,183,6,5.77944803237915,0
grid_5x5,heavy,medium,p3_c160_mp3_pen1_h0,101,11,12,11,1,798,2991,1497,119,598,155,0,6.504446744918823,0
grid_5x5,heavy,medium,p3_c160_mp3_pen1_h2,101,11,12,8,4,882,3207,1703,187,611,211,6,6.46727442741394,0
grid_5x5,heavy,medium,p3_c160_mp3_pen1_h5,101,11,12,8,4,882,3207,1703,187,611,211,6,6.219484567642212,0
grid_5x5,heavy,medium,p3_c160_mp3_pen0_h0,42,12,12,11,1,776,2831,1530,92,573,158,0,5.9228644371032715,0
grid_5x5,heavy,medium,p3_c160_mp3_pen1_h5,202,9,12,10,2,846,3181,1546,136,595,196,6,6.021534204483032,0
grid_5x5,heavy,medium,p3_c160_mp3_pen0_h0,101,11,12,11,1,798,2991,1497,119,598,155,0,6.026633977890015,0
grid_5x5,heavy,medium,p3_c160_mp3_pen0_h0,202,6,8,8,0,596,2257,1112,6,417,147,0,6.349987506866455,0
grid_5x5,heavy,medium,p3_c160_mp3_pen0_h5,42,12,12,11,1,858,3098,1677,109,624,183,6,5.771357297897339,0
grid_5x5,heavy,medium,p3_c160_mp3_pen0_h2,42,12,12,11,1,858,3098,1677,109,624,183,6,6.281853199005127,0
grid_5x5,heavy,medium,p3_c160_mp3_pen0_h5,202,9,12,10,2,846,3181,1546,136,595,196,6,5.649236679077148,0
grid_5x5,heavy,medium,p3_c160_mp3_pen0_h2,101,11,12,8,4,882,3207,1703,187,611,211,6,6.280155420303345,0
grid_5x5,heavy,medium,p3_c160_mp3_pen0_h2,202,9,12,10,2,842,3158,1543,136,595,192,6,6.240183353424072,0
grid_5x5,sparse,medium,baseline,42,4,5,4,1,578,2209,1064,41,391,160,0,5.998801946640015,0
grid_5x5,heavy,medium,p3_c160_mp3_pen0_h5,101,11,12,8,4,882,3207,1703,187,611,211,6,6.419111967086792,0
grid_5x5,sparse,medium,baseline,202,4,4,4,0,521,1960,986,4,348,147,0,5.951476812362671,0
grid_5x5,sparse,medium,p3_c40_mp1_pen1_h0,202,3,4,0,4,520,2036,895,78,328,167,0,5.641822099685669,0
grid_5x5,sparse,medium,baseline,101,5,5,4,1,591,2211,1131,56,412,150,0,6.347637176513672,0
grid_5x5,sparse,medium,p3_c40_mp1_pen1_h0,101,5,5,0,5,625,2399,1144,130,424,174,0,6.050537586212158,0
grid_5x5,sparse,medium,p3_c40_mp1_pen1_h0,42,5,5,0,5,630,2459,1106,130,429,174,0,6.395936727523804,0
grid_5x5,sparse,medium,p3_c40_mp1_pen0_h0,101,5,5,0,5,625,2407,1134,130,423,174,0,4.774170398712158,0
grid_5x5,sparse,medium,p3_c40_mp1_pen1_h2,42,5,5,0,5,669,2583,1170,130,449,187,6,6.438399314880371,0
grid_5x5,sparse,medium,p3_c40_mp1_pen1_h2,202,4,5,0,5,639,2400,1171,100,410,193,6,6.368406295776367,0
grid_5x5,sparse,medium,p3_c40_mp1_pen1_h2,101,4,5,0,5,599,2351,1008,104,370,196,6,6.467385292053223,0
grid_5x5,sparse,medium,p3_c40_mp1_pen1_h5,42,5,5,0,5,669,2583,1170,130,449,187,6,6.450411796569824,0
grid_5x5,sparse,medium,p3_c40_mp1_pen1_h5,101,4,5,0,5,605,2382,1010,104,370,202,6,6.16701602935791,0
grid_5x5,sparse,medium,p3_c40_mp1_pen0_h0,42,5,5,0,5,630,2435,1130,130,429,174,0,5.812132358551025,0
grid_5x5,sparse,medium,p3_c40_mp1_pen1_h5,202,4,5,0,5,643,2420,1171,100,410,197,6,6.160275459289551,0
grid_5x5,sparse,medium,p3_c40_mp1_pen0_h0,202,3,4,0,4,520,2036,895,78,328,167,0,6.169625759124756,0
grid_5x5,sparse,medium,p3_c40_mp1_pen0_h2,42,5,5,0,5,672,2585,1182,130,449,190,6,6.377980470657349,0
grid_5x5,sparse,medium,p3_c40_mp1_pen0_h2,101,4,5,0,5,599,2351,1008,104,370,196,6,6.376953363418579,0
grid_5x5,sparse,medium,p3_c40_mp1_pen0_h2,202,4,5,0,5,639,2383,1188,100,410,193,6,6.035773515701294,0
grid_5x5,sparse,medium,p3_c40_mp1_pen0_h5,42,5,5,0,5,672,2585,1182,130,449,190,6,6.03437066078186,0
grid_5x5,sparse,medium,p3_c40_mp1_pen0_h5,202,4,5,0,5,643,2403,1188,100,410,197,6,5.350268125534058,0
grid_5x5,sparse,medium,p3_c40_mp1_pen0_h5,101,4,5,0,5,603,2374,1008,104,370,200,6,6.218379497528076,0
grid_5x5,sparse,medium,p3_c40_mp2_pen1_h0,101,5,5,0,5,628,2400,1146,130,424,174,0,5.37540602684021,0
grid_5x5,sparse,medium,p3_c40_mp2_pen1_h0,42,2,5,0,5,542,2072,973,52,349,163,0,5.8616204261779785,0
grid_5x5,sparse,medium,p3_c40_mp2_pen1_h0,202,4,4,0,4,593,2297,1053,104,393,170,0,6.3517162799835205,0
grid_5x5,sparse,medium,p3_c40_mp2_pen1_h2,42,2,5,0,5,564,2097,1015,52,348,179,6,6.186498403549194,0
grid_5x5,sparse,medium,p3_c40_mp2_pen1_h5,101,4,4,0,4,584,2263,972,104,349,196,6,5.885808229446411,0
grid_5x5,sparse,medium,p3_c40_mp2_pen1_h5,202,4,5,0,5,646,2418,1176,100,410,197,6,5.945068597793579,0
grid_5x5,sparse,medium,p3_c40_mp2_pen1_h2,101,4,4,0,4,580,2249,969,104,349,192,6,6.387491941452026,0
grid_5x5,sparse,medium,p3_c40_mp2_pen1_h5,42,2,5,0,5,564,2097,1015,52,348,179,6,6.158423185348511,0
grid_5x5,sparse,medium,p3_c40_mp2_pen1_h2,202,4,5,0,5,642,2398,1176,100,410,193,6,6.502328157424927,0
grid_5x5,sparse,medium,p3_c40_mp2_pen0_h0,202,3,5,0,5,590,2224,1092,78,391,168,0,5.812567472457886,0
grid_5x5,sparse,medium,p3_c40_mp2_pen0_h0,42,2,5,0,5,542,2085,960,52,349,163,0,6.1593546867370605,0
grid_5x5,sparse,medium,p3_c40_mp2_pen0_h0,101,5,5,0,5,609,2334,1087,130,404,173,0,6.000747442245483,0
grid_5x5,sparse,medium,p3_c40_mp2_pen0_h2,42,2,5,0,5,564,2108,1010,52,348,179,6,6.194340944290161,0
grid_5x5,sparse,medium,p3_c40_mp2_pen0_h2,202,4,5,0,5,643,2404,1171,100,410,193,6,5.912207841873169,0
grid_5x5,sparse,medium,p3_c40_mp2_pen0_h2,101,4,4,0,4,580,2249,969,104,349,192,6,6.079553127288818,0
grid_5x5,sparse,medium,p3_c40_mp2_pen0_h5,42,2,5,0,5,564,2108,1010,52,348,179,6,6.345900535583496,0
grid_5x5,sparse,medium,p3_c40_mp3_pen1_h0,42,2,5,0,5,546,2079,970,52,349,163,0,5.984862804412842,0
grid_5x5,sparse,medium,p3_c40_mp2_pen0_h5,101,4,4,0,4,584,2266,969,104,349,196,6,6.554648399353027,0
grid_5x5,sparse,medium,p3_c40_mp2_pen0_h5,202,4,5,0,5,647,2424,1171,100,410,197,6,6.335670471191406,0
grid_5x5,sparse,medium,p3_c40_mp3_pen1_h0,101,5,5,0,5,610,2331,1081,130,401,174,0,6.163536548614502,0
grid_5x5,sparse,medium,p3_c40_mp3_pen1_h0,202,3,4,0,4,565,2117,1041,78,364,166,0,6.116551637649536,0
grid_5x5,sparse,medium,p3_c40_mp3_pen1_h5,42,2,5,0,5,568,2102,1014,52,348,179,6,5.543191432952881,0
grid_5x5,sparse,medium,p3_c40_mp3_pen1_h2,42,2,5,0,5,568,2102,1014,52,348,179,6,6.383593559265137,0
grid_5x5,sparse,medium,p3_c40_mp3_pen1_h2,101,4,4,0,4,604,2355,1001,104,375,191,6,6.294701814651489,0
grid_5x5,sparse,medium,p3_c40_mp3_pen1_h2,202,4,5,0,5,645,2415,1162,100,410,193,6,6.60533332824707,0
grid_5x5,sparse,medium,p3_c40_mp3_pen1_h5,101,4,4,0,4,610,2397,1001,104,375,197,6,6.203179597854614,0
grid_5x5,sparse,medium,p3_c40_mp3_pen0_h0,42,2,5,0,5,546,2089,960,52,349,163,0,6.0418009757995605,0
grid_5x5,sparse,medium,p3_c40_mp3_pen1_h5,202,4,5,0,5,649,2435,1162,100,410,197,6,6.493401050567627,0
grid_5x5,sparse,medium,p3_c40_mp3_pen0_h0,101,4,5,0,5,597,2280,1056,104,394,168,0,6.436431169509888,0
grid_5x5,sparse,medium,p3_c40_mp3_pen0_h2,101,4,4,0,4,605,2361,993,104,375,191,6,5.449334144592285,0
grid_5x5,sparse,medium,p3_c40_mp3_pen0_h0,202,2,4,0,4,537,2009,972,52,339,163,0,6.247357368469238,0
grid_5x5,sparse,medium,p3_c40_mp3_pen0_h2,202,4,5,0,5,647,2403,1176,100,410,193,6,5.4922261238098145,0
grid_5x5,sparse,medium,p3_c40_mp3_pen0_h2,42,2,5,0,5,568,2115,1007,52,348,179,6,6.062675714492798,0
grid_5x5,sparse,medium,p3_c100_mp1_pen1_h2,42,5,5,0,5,669,2583,1170,130,449,187,6,5.554250240325928,0
grid_5x5,sparse,medium,p3_c40_mp3_pen0_h5,202,4,5,0,5,651,2423,1176,100,410,197,6,6.218651533126831,0
grid_5x5,sparse,medium,p3_c40_mp3_pen0_h5,42,2,5,0,5,568,2115,1007,52,348,179,6,6.402921199798584,0
grid_5x5,sparse,medium,p3_c40_mp3_pen0_h5,101,4,4,0,4,611,2403,993,104,375,197,6,6.452679395675659,0
grid_5x5,sparse,medium,p3_c100_mp1_pen1_h0,101,5,5,0,5,625,2399,1144,130,424,174,0,6.278143882751465,0
grid_5x5,sparse,medium,p3_c100_mp1_pen1_h0,42,5,5,0,5,630,2459,1106,130,429,174,0,6.4462597370147705,0
grid_5x5,sparse,medium,p3_c100_mp1_pen1_h5,202,4,5,0,5,643,2420,1171,100,410,197,6,5.161817312240601,0
grid_5x5,sparse,medium,p3_c100_mp1_pen1_h2,202,4,5,0,5,639,2400,1171,100,410,193,6,6.159042835235596,0
grid_5x5,sparse,medium,p3_c100_mp1_pen1_h2,101,4,5,0,5,599,2351,1008,104,370,196,6,6.501389980316162,0
grid_5x5,sparse,medium,p3_c100_mp1_pen1_h0,202,3,4,0,4,520,2036,895,78,328,167,0,6.929594039916992,0
grid_5x5,sparse,medium,p3_c100_mp1_pen1_h5,42,5,5,0,5,669,2583,1170,130,449,187,6,6.247317790985107,0
grid_5x5,sparse,medium,p3_c100_mp1_pen0_h0,202,3,4,0,4,520,2036,895,78,328,167,0,5.617116212844849,0
grid_5x5,sparse,medium,p3_c100_mp1_pen0_h0,42,5,5,0,5,630,2435,1130,130,429,174,0,5.908630132675171,0
grid_5x5,sparse,medium,p3_c100_mp1_pen1_h5,101,4,5,0,5,605,2382,1010,104,370,202,6,6.4039764404296875,0
grid_5x5,sparse,medium,p3_c100_mp1_pen0_h2,42,5,5,0,5,672,2585,1182,130,449,190,6,6.219595909118652,0
grid_5x5,sparse,medium,p3_c100_mp1_pen0_h0,101,5,5,0,5,625,2407,1134,130,423,174,0,6.415640830993652,0
grid_5x5,sparse,medium,p3_c100_mp1_pen0_h2,101,4,5,0,5,599,2351,1008,104,370,196,6,5.918954610824585,0
grid_5x5,sparse,medium,p3_c100_mp1_pen0_h2,202,4,5,0,5,639,2383,1188,100,410,193,6,6.007966995239258,0
grid_5x5,sparse,medium,p3_c100_mp1_pen0_h5,42,5,5,0,5,672,2585,1182,130,449,190,6,6.148568391799927,0
grid_5x5,sparse,medium,p3_c100_mp1_pen0_h5,101,4,5,0,5,603,2374,1008,104,370,200,6,5.966729640960693,0
grid_5x5,sparse,medium,p3_c100_mp1_pen0_h5,202,4,5,0,5,643,2403,1188,100,410,197,6,5.667934417724609,0
grid_5x5,sparse,medium,p3_c100_mp2_pen1_h0,42,2,5,0,5,542,2072,973,52,349,163,0,6.250895261764526,0
grid_5x5,sparse,medium,p3_c100_mp2_pen1_h0,101,5,5,0,5,628,2400,1146,130,424,174,0,6.390007495880127,0
grid_5x5,sparse,medium,p3_c100_mp2_pen1_h0,202,4,4,0,4,593,2297,1053,104,393,170,0,6.238221883773804,0
grid_5x5,sparse,medium,p3_c100_mp2_pen1_h2,101,4,4,0,4,580,2249,969,104,349,192,6,6.188544511795044,0
grid_5x5,sparse,medium,p3_c100_mp2_pen1_h2,42,2,5,0,5,564,2097,1015,52,348,179,6,6.287469387054443,0
grid_5x5,sparse,medium,p3_c100_mp2_pen1_h2,202,4,5,0,5,642,2398,1176,100,410,193,6,6.287827491760254,0
grid_5x5,sparse,medium,p3_c100_mp2_pen0_h0,42,2,5,0,5,542,2085,960,52,349,163,0,5.37427282333374,0
grid_5x5,sparse,medium,p3_c100_mp2_pen0_h2,42,2,5,0,5,564,2108,1010,52,348,179,6,5.135894298553467,0
grid_5x5,sparse,medium,p3_c100_mp2_pen1_h5,42,2,5,0,5,564,2097,1015,52,348,179,6,6.174837350845337,0
grid_5x5,sparse,medium,p3_c100_mp2_pen1_h5,101,4,4,0,4,584,2263,972,104,349,196,6,6.114043474197388,0
grid_5x5,sparse,medium,p3_c100_mp2_pen1_h5,202,4,5,0,5,646,2418,1176,100,410,197,6,5.840617418289185,0
grid_5x5,sparse,medium,p3_c100_mp2_pen0_h0,202,3,5,0,5,590,2224,1092,78,391,168,0,6.289500951766968,0
grid_5x5,sparse,medium,p3_c100_mp2_pen0_h0,101,5,5,0,5,609,2334,1087,130,404,173,0,6.381239891052246,0
grid_5x5,sparse,medium,p3_c100_mp2_pen0_h5,101,4,4,0,4,584,2266,969,104,349,196,6,5.8629233837127686,0
grid_5x5,sparse,medium,p3_c100_mp2_pen0_h5,202,4,5,0,5,647,2424,1171,100,410,197,6,5.874967813491821,0
grid_5x5,sparse,medium,p3_c100_mp2_pen0_h2,101,4,4,0,4,580,2249,969,104,349,192,6,6.288997650146484,0
grid_5x5,sparse,medium,p3_c100_mp2_pen0_h2,202,4,5,0,5,643,2404,1171,100,410,193,6,6.3604161739349365,0
grid_5x5,sparse,medium,p3_c100_mp2_pen0_h5,42,2,5,0,5,564,2108,1010,52,348,179,6,6.305282831192017,0
grid_5x5,sparse,medium,p3_c100_mp3_pen1_h0,202,3,4,0,4,565,2117,1041,78,364,166,0,5.788203239440918,0
grid_5x5,sparse,medium,p3_c100_mp3_pen1_h0,42,2,5,0,5,546,2079,970,52,349,163,0,6.372948169708252,0
grid_5x5,sparse,medium,p3_c100_mp3_pen1_h2,42,2,5,0,5,568,2102,1014,52,348,179,6,5.8165106773376465,0
grid_5x5,sparse,medium,p3_c100_mp3_pen1_h2,202,4,5,0,5,645,2415,1162,100,410,193,6,5.764849662780762,0
grid_5x5,sparse,medium,p3_c100_mp3_pen1_h0,101,5,5,0,5,610,2331,1081,130,401,174,0,6.424638748168945,0
grid_5x5,sparse,medium,p3_c100_mp3_pen1_h2,101,4,4,0,4,604,2355,1001,104,375,191,6,6.576992988586426,0
grid_5x5,sparse,medium,p3_c100_mp3_pen1_h5,202,4,5,0,5,649,2435,1162,100,410,197,6,5.787383317947388,0
grid_5x5,sparse,medium,p3_c100_mp3_pen1_h5,42,2,5,0,5,568,2102,1014,52,348,179,6,6.4925689697265625,0
grid_5x5,sparse,medium,p3_c100_mp3_pen1_h5,101,4,4,0,4,610,2397,1001,104,375,197,6,6.553481101989746,0
grid_5x5,sparse,medium,p3_c100_mp3_pen0_h0,42,2,5,0,5,546,2089,960,52,349,163,0,6.396284818649292,0
grid_5x5,sparse,medium,p3_c100_mp3_pen0_h0,101,4,5,0,5,597,2280,1056,104,394,168,0,6.187995195388794,0
grid_5x5,sparse,medium,p3_c100_mp3_pen0_h0,202,2,4,0,4,537,2009,972,52,339,163,0,6.049049139022827,0
grid_5x5,sparse,medium,p3_c105_mp1_pen1_h0,42,4,5,4,1,578,2209,1064,41,391,160,0,5.115142345428467,0
grid_5x5,sparse,medium,p3_c100_mp3_pen0_h2,42,2,5,0,5,568,2115,1007,52,348,179,6,6.032968282699585,0
grid_5x5,sparse,medium,p3_c100_mp3_pen0_h2,101,4,4,0,4,605,2361,993,104,375,191,6,5.986223936080933,0
grid_5x5,sparse,medium,p3_c100_mp3_pen0_h2,202,4,5,0,5,647,2403,1176,100,410,193,6,6.095734357833862,0
grid_5x5,sparse,medium,p3_c105_mp1_pen1_h0,101,5,5,4,1,591,2211,1131,56,412,150,0,5.633928537368774,0
grid_5x5,sparse,medium,p3_c100_mp3_pen0_h5,202,4,5,0,5,651,2423,1176,100,410,197,6,5.954803466796875,0
grid_5x5,sparse,medium,p3_c100_mp3_pen0_h5,42,2,5,0,5,568,2115,1007,52,348,179,6,6.351891756057739,0
grid_5x5,sparse,medium,p3_c100_mp3_pen0_h5,101,4,4,0,4,611,2403,993,104,375,197,6,6.322211980819702,0
grid_5x5,sparse,medium,p3_c105_mp1_pen1_h0,202,4,4,4,0,521,1960,986,4,348,147,0,6.19761323928833,0
grid_5x5,sparse,medium,p3_c105_mp1_pen1_h2,42,4,5,4,1,672,2537,1242,71,457,181,6,6.111360311508179,0
grid_5x5,sparse,medium,p3_c105_mp1_pen1_h2,101,5,5,4,1,666,2518,1218,108,451,176,6,6.168969631195068,0
grid_5x5,sparse,medium,p3_c105_mp1_pen1_h2,202,4,4,3,1,611,2356,1063,40,393,182,6,6.249813079833984,0
grid_5x5,sparse,medium,p3_c105_mp1_pen1_h5,42,4,5,4,1,672,2537,1242,71,457,181,6,6.243290185928345,0
grid_5x5,sparse,medium,p3_c105_mp1_pen0_h0,42,4,5,4,1,578,2209,1064,41,391,160,0,5.881143093109131,0
grid_5x5,sparse,medium,p3_c105_mp1_pen1_h5,202,4,4,3,1,615,2379,1066,40,393,186,6,6.222294092178345,0
grid_5x5,sparse,medium,p3_c105_mp1_pen1_h5,101,5,5,4,1,668,2540,1218,108,451,178,6,6.36367130279541,0
grid_5x5,sparse,medium,p3_c105_mp1_pen0_h2,42,4,5,4,1,672,2537,1242,71,457,181,6,5.607478618621826,0
grid_5x5,sparse,medium,p3_c105_mp1_pen0_h0,101,5,5,4,1,591,2211,1131,56,412,150,0,6.160231828689575,0
grid_5x5,sparse,medium,p3_c105_mp1_pen0_h0,202,4,4,4,0,521,1960,986,4,348,147,0,6.115910530090332,0
grid_5x5,sparse,medium,p3_c105_mp1_pen0_h2,202,4,4,3,1,611,2356,1063,40,393,182,6,6.272777318954468,0
grid_5x5,sparse,medium,p3_c105_mp1_pen0_h2,101,5,5,4,1,666,2518,1218,108,451,176,6,6.369346618652344,0
grid_5x5,sparse,medium,p3_c105_mp1_pen0_h5,42,4,5,4,1,672,2537,1242,71,457,181,6,6.17671275138855,0
grid_5x5,sparse,medium,p3_c105_mp1_pen0_h5,202,4,4,3,1,615,2379,1066,40,393,186,6,6.100125789642334,0
grid_5x5,sparse,medium,p3_c105_mp1_pen0_h5,101,5,5,4,1,668,2540,1218,108,451,178,6,6.230472803115845,0
grid_5x5,sparse,medium,p3_c105_mp2_pen1_h0,101,5,5,4,1,592,2210,1133,56,412,150,0,6.1021668910980225,0
grid_5x5,sparse,medium,p3_c105_mp2_pen1_h0,42,4,5,4,1,579,2210,1064,41,391,160,0,6.441842794418335,0
grid_5x5,sparse,medium,p3_c105_mp2_pen1_h0,202,4,4,4,0,521,1960,986,4,348,147,0,5.8531270027160645,0
grid_5x5,sparse,medium,p3_c105_mp2_pen1_h2,42,4,5,4,1,673,2524,1256,71,457,181,6,5.662024736404419,0
grid_5x5,sparse,medium,p3_c105_mp2_pen1_h5,202,4,4,3,1,616,2378,1068,40,393,186,6,5.54808783531189,0
grid_5x5,sparse,medium,p3_c105_mp2_pen1_h2,202,4,4,3,1,612,2355,1065,40,393,182,6,6.056285381317139,0
grid_5x5,sparse,medium,p3_c105_mp2_pen1_h2,101,5,5,4,1,667,2520,1217,108,451,176,6,6.422472238540649,0
grid_5x5,sparse,medium,p3_c105_mp2_pen1_h5,42,4,5,4,1,673,2524,1256,71,457,181,6,6.511168003082275,0
grid_5x5,sparse,medium,p3_c105_mp2_pen0_h0,42,4,5,4,1,579,2210,1064,41,391,160,0,6.2340247631073,0
grid_5x5,sparse,medium,p3_c105_mp2_pen1_h5,101,5,5,4,1,669,2542,1217,108,451,178,6,6.5615129470825195,0
grid_5x5,sparse,medium,p3_c105_mp2_pen0_h0,101,5,5,4,1,592,2210,1133,56,412,150,0,6.175520181655884,0
grid_5x5,sparse,medium,p3_c105_mp2_pen0_h0,202,4,4,4,0,521,1960,986,4,348,147,0,6.137728214263916,0
grid_5x5,sparse,medium,p3_c105_mp2_pen0_h2,42,4,5,4,1,673,2524,1256,71,457,181,6,5.90195631980896,0
grid_5x5,sparse,medium,p3_c105_mp3_pen1_h0,42,4,5,4,1,580,2208,1067,41,391,160,0,5.233936786651611,0
grid_5x5,sparse,medium,p3_c105_mp2_pen0_h2,101,5,5,4,1,667,2520,1217,108,451,176,6,6.028515815734863,0
grid_5x5,sparse,medium,p3_c105_mp2_pen0_h2,202,4,4,3,1,612,2355,1065,40,393,182,6,6.009275197982788,0
grid_5x5,sparse,medium,p3_c105_mp2_pen0_h5,42,4,5,4,1,673,2524,1256,71,457,181,6,6.195018291473389,0
grid_5x5,sparse,medium,p3_c105_mp3_pen1_h0,101,5,5,4,1,593,2214,1130,56,412,150,0,5.899905204772949,0
grid_5x5,sparse,medium,p3_c105_mp2_pen0_h5,202,4,4,3,1,616,2378,1068,40,393,186,6,6.202720403671265,0
grid_5x5,sparse,medium,p3_c105_mp2_pen0_h5,101,5,5,4,1,669,2542,1217,108,451,178,6,6.295331001281738,0
grid_5x5,sparse,medium,p3_c105_mp3_pen1_h0,202,4,4,4,0,521,1960,986,4,348,147,0,6.349678993225098,0
grid_5x5,sparse,medium,p3_c105_mp3_pen1_h2,42,4,5,4,1,674,2536,1245,71,457,181,6,6.2912561893463135,0
grid_5x5,sparse,medium,p3_c105_mp3_pen1_h2,101,5,5,4,1,668,2518,1220,108,451,176,6,6.287695646286011,0
grid_5x5,sparse,medium,p3_c105_mp3_pen1_h2,202,4,4,3,1,612,2355,1065,40,393,182,6,6.073117971420288,0
grid_5x5,sparse,medium,p3_c105_mp3_pen1_h5,42,4,5,4,1,674,2536,1245,71,457,181,6,6.096647262573242,0
grid_5x5,sparse,medium,p3_c105_mp3_pen1_h5,101,5,5,4,1,670,2540,1220,108,451,178,6,6.256181955337524,0
grid_5x5,sparse,medium,p3_c105_mp3_pen1_h5,202,4,4,3,1,616,2378,1068,40,393,186,6,6.308147430419922,0
grid_5x5,sparse,medium,p3_c105_mp3_pen0_h0,42,4,5,4,1,580,2208,1067,41,391,160,0,6.360803842544556,0
grid_5x5,sparse,medium,p3_c105_mp3_pen0_h0,101,5,5,4,1,593,2214,1130,56,412,150,0,5.964431524276733,0
grid_5x5,sparse,medium,p3_c105_mp3_pen0_h0,202,4,4,4,0,521,1960,986,4,348,147,0,5.858592987060547,0
grid_5x5,sparse,medium,p3_c105_mp3_pen0_h2,202,4,4,3,1,612,2355,1065,40,393,182,6,5.165971279144287,0
grid_5x5,sparse,medium,p3_c105_mp3_pen0_h2,42,4,5,4,1,674,2536,1245,71,457,181,6,6.266348838806152,0
grid_5x5,sparse,medium,p3_c105_mp3_pen0_h2,101,5,5,4,1,668,2518,1220,108,451,176,6,6.26450252532959,0
grid_5x5,sparse,medium,p3_c105_mp3_pen0_h5,42,4,5,4,1,674,2536,1245,71,457,181,6,6.121118068695068,0
grid_5x5,sparse,medium,p3_c120_mp1_pen1_h2,42,4,5,4,1,672,2537,1242,71,457,181,6,5.662809371948242,0
grid_5x5,sparse,medium,p3_c105_mp3_pen0_h5,101,5,5,4,1,670,2540,1220,108,451,178,6,6.502226114273071,0
grid_5x5,sparse,medium,p3_c120_mp1_pen1_h0,101,5,5,4,1,591,2211,1131,56,412,150,0,6.111269474029541,0
grid_5x5,sparse,medium,p3_c120_mp1_pen1_h2,101,5,5,4,1,666,2518,1218,108,451,176,6,5.991819381713867,0
grid_5x5,sparse,medium,p3_c120_mp1_pen1_h0,202,4,4,4,0,521,1960,986,4,348,147,0,6.108080625534058,0
grid_5x5,sparse,medium,p3_c105_mp3_pen0_h5,202,4,4,3,1,616,2378,1068,40,393,186,6,6.399044036865234,0
grid_5x5,sparse,medium,p3_c120_mp1_pen1_h0,42,4,5,4,1,578,2209,1064,41,391,160,0,6.478299856185913,0
grid_5x5,sparse,medium,p3_c120_mp1_pen1_h2,202,4,4,3,1,611,2356,1063,40,393,182,6,5.935041189193726,0
grid_5x5,sparse,medium,p3_c120_mp1_pen1_h5,101,5,5,4,1,668,2540,1218,108,451,178,6,5.971113920211792,0
grid_5x5,sparse,medium,p3_c120_mp1_pen1_h5,42,4,5,4,1,672,2537,1242,71,457,181,6,6.183377265930176,0
grid_5x5,sparse,medium,p3_c120_mp1_pen0_h2,202,4,4,3,1,611,2356,1063,40,393,182,6,4.951858282089233,0
grid_5x5,sparse,medium,p3_c120_mp1_pen0_h2,42,4,5,4,1,672,2537,1242,71,457,181,6,5.432130813598633,0
grid_5x5,sparse,medium,p3_c120_mp1_pen0_h0,42,4,5,4,1,578,2209,1064,41,391,160,0,6.243373394012451,0
grid_5x5,sparse,medium,p3_c120_mp1_pen0_h0,202,4,4,4,0,521,1960,986,4,348,147,0,6.248855352401733,0
grid_5x5,sparse,medium,p3_c120_mp1_pen1_h5,202,4,4,3,1,615,2379,1066,40,393,186,6,6.429491758346558,0
grid_5x5,sparse,medium,p3_c120_mp1_pen0_h0,101,5,5,4,1,591,2211,1131,56,412,150,0,6.568654775619507,0
grid_5x5,sparse,medium,p3_c120_mp1_pen0_h2,101,5,5,4,1,666,2518,1218,108,451,176,6,6.562063932418823,0
grid_5x5,sparse,medium,p3_c120_mp1_pen0_h5,42,4,5,4,1,672,2537,1242,71,457,181,6,6.352189540863037,0
grid_5x5,sparse,medium,p3_c120_mp1_pen0_h5,101,5,5,4,1,668,2540,1218,108,451,178,6,6.349388122558594,0
grid_5x5,sparse,medium,p3_c120_mp2_pen1_h0,202,4,4,4,0,521,1960,986,4,348,147,0,5.5104451179504395,0
grid_5x5,sparse,medium,p3_c120_mp1_pen0_h5,202,4,4,3,1,615,2379,1066,40,393,186,6,6.3842291831970215,0
grid_5x5,sparse,medium,p3_c120_mp2_pen1_h2,101,5,5,4,1,667,2520,1217,108,451,176,6,5.581279039382935,0
grid_5x5,sparse,medium,p3_c120_mp2_pen1_h0,42,4,5,4,1,579,2210,1064,41,391,160,0,6.3914055824279785,0
grid_5x5,sparse,medium,p3_c120_mp2_pen1_h0,101,5,5,4,1,592,2210,1133,56,412,150,0,6.344728469848633,0
grid_5x5,sparse,medium,p3_c120_mp2_pen1_h2,42,4,5,4,1,673,2524,1256,71,457,181,6,6.395439147949219,0
grid_5x5,sparse,medium,p3_c120_mp2_pen1_h2,202,4,4,3,1,612,2355,1065,40,393,182,6,6.439324140548706,0
grid_5x5,sparse,medium,p3_c120_mp2_pen1_h5,42,4,5,4,1,673,2524,1256,71,457,181,6,6.41387939453125,0
grid_5x5,sparse,medium,p3_c120_mp2_pen1_h5,101,5,5,4,1,669,2542,1217,108,451,178,6,5.768396377563477,0
grid_5x5,sparse,medium,p3_c120_mp2_pen0_h5,101,5,5,4,1,669,2542,1217,108,451,178,6,5.036349058151245,0
grid_5x5,sparse,medium,p3_c120_mp2_pen0_h0,202,4,4,4,0,521,1960,986,4,348,147,0,5.775387763977051,0
grid_5x5,sparse,medium,p3_c120_mp2_pen0_h0,42,4,5,4,1,579,2210,1064,41,391,160,0,6.198091268539429,0
grid_5x5,sparse,medium,p3_c120_mp2_pen1_h5,202,4,4,3,1,616,2378,1068,40,393,186,6,6.368727922439575,0
grid_5x5,sparse,medium,p3_c120_mp2_pen0_h2,101,5,5,4,1,667,2520,1217,108,451,176,6,6.386246919631958,0
grid_5x5,sparse,medium,p3_c120_mp2_pen0_h0,101,5,5,4,1,592,2210,1133,56,412,150,0,6.495630741119385,0
grid_5x5,sparse,medium,p3_c120_mp2_pen0_h2,42,4,5,4,1,673,2524,1256,71,457,181,6,6.4066996574401855,0
grid_5x5,sparse,medium,p3_c120_mp2_pen0_h2,202,4,4,3,1,612,2355,1065,40,393,182,6,6.391582250595093,0
grid_5x5,sparse,medium,p3_c120_mp2_pen0_h5,202,4,4,3,1,616,2378,1068,40,393,186,6,5.986268997192383,0
grid_5x5,sparse,medium,p3_c120_mp2_pen0_h5,42,4,5,4,1,673,2524,1256,71,457,181,6,6.331072568893433,0
grid_5x5,sparse,medium,p3_c120_mp3_pen1_h2,101,5,5,4,1,668,2518,1220,108,451,176,6,5.61159348487854,0
grid_5x5,sparse,medium,p3_c120_mp3_pen1_h0,101,5,5,4,1,593,2214,1130,56,412,150,0,6.118841886520386,0
grid_5x5,sparse,medium,p3_c120_mp3_pen1_h0,202,4,4,4,0,521,1960,986,4,348,147,0,5.900746822357178,0
grid_5x5,sparse,medium,p3_c120_mp3_pen1_h2,42,4,5,4,1,674,2536,1245,71,457,181,6,5.960723638534546,0
grid_5x5,sparse,medium,p3_c120_mp3_pen1_h0,42,4,5,4,1,580,2208,1067,41,391,160,0,6.4950337409973145,0
grid_5x5,sparse,medium,p3_c120_mp3_pen1_h5,202,4,4,3,1,616,2378,1068,40,393,186,6,5.342176198959351,0
grid_5x5,sparse,medium,p3_c120_mp3_pen1_h2,202,4,4,3,1,612,2355,1065,40,393,182,6,6.468617916107178,0
grid_5x5,sparse,medium,p3_c120_mp3_pen1_h5,101,5,5,4,1,670,2540,1220,108,451,178,6,6.194300174713135,0
grid_5x5,sparse,medium,p3_c120_mp3_pen0_h2,42,4,5,4,1,674,2536,1245,71,457,181,6,5.401634931564331,0
grid_5x5,sparse,medium,p3_c120_mp3_pen1_h5,42,4,5,4,1,674,2536,1245,71,457,181,6,6.53877854347229,0
grid_5x5,sparse,medium,p3_c120_mp3_pen0_h0,42,4,5,4,1,580,2208,1067,41,391,160,0,6.250483989715576,0
grid_5x5,sparse,medium,p3_c120_mp3_pen0_h0,202,4,4,4,0,521,1960,986,4,348,147,0,6.148402452468872,0
grid_5x5,sparse,medium,p3_c120_mp3_pen0_h0,101,5,5,4,1,593,2214,1130,56,412,150,0,6.52012038230896,0
grid_5x5,sparse,medium,p3_c120_mp3_pen0_h2,101,5,5,4,1,668,2518,1220,108,451,176,6,6.522319555282593,0
grid_5x5,sparse,medium,p3_c120_mp3_pen0_h5,202,4,4,3,1,616,2378,1068,40,393,186,6,5.399183511734009,0
grid_5x5,sparse,medium,p3_c120_mp3_pen0_h2,202,4,4,3,1,612,2355,1065,40,393,182,6,6.259886026382446,0
grid_5x5,sparse,medium,p3_c120_mp3_pen0_h5,42,4,5,4,1,674,2536,1245,71,457,181,6,6.3302624225616455,0
grid_5x5,sparse,medium,p3_c120_mp3_pen0_h5,101,5,5,4,1,670,2540,1220,108,451,178,6,6.270283222198486,0
grid_5x5,sparse,medium,p3_c160_mp1_pen1_h0,202,4,4,4,0,521,1960,986,4,348,147,0,5.899418830871582,0
grid_5x5,sparse,medium,p3_c160_mp1_pen1_h0,42,4,5,4,1,578,2209,1064,41,391,160,0,6.033780813217163,0
grid_5x5,sparse,medium,p3_c160_mp1_pen1_h2,101,5,5,4,1,666,2518,1218,108,451,176,6,5.4726386070251465,0
grid_5x5,sparse,medium,p3_c160_mp1_pen1_h0,101,5,5,4,1,591,2211,1131,56,412,150,0,6.115705251693726,0
grid_5x5,sparse,medium,p3_c160_mp1_pen1_h5,202,4,4,3,1,615,2379,1066,40,393,186,6,5.0754311084747314,0
grid_5x5,sparse,medium,p3_c160_mp1_pen1_h2,42,4,5,4,1,672,2537,1242,71,457,181,6,6.281266927719116,0
grid_5x5,sparse,medium,p3_c160_mp1_pen1_h2,202,4,4,3,1,611,2356,1063,40,393,182,6,6.295906066894531,0
grid_5x5,sparse,medium,p3_c160_mp1_pen1_h5,101,5,5,4,1,668,2540,1218,108,451,178,6,6.282422780990601,0
grid_5x5,sparse,medium,p3_c160_mp1_pen1_h5,42,4,5,4,1,672,2537,1242,71,457,181,6,6.4459826946258545,0
grid_5x5,sparse,medium,p3_c160_mp1_pen0_h0,42,4,5,4,1,578,2209,1064,41,391,160,0,6.369869709014893,0
grid_5x5,sparse,medium,p3_c160_mp1_pen0_h0,101,5,5,4,1,591,2211,1131,56,412,150,0,6.136170387268066,0
grid_5x5,sparse,medium,p3_c160_mp1_pen0_h2,101,5,5,4,1,666,2518,1218,108,451,176,6,6.004113435745239,0
grid_5x5,sparse,medium,p3_c160_mp1_pen0_h2,202,4,4,3,1,611,2356,1063,40,393,182,6,5.980375051498413,0
grid_5x5,sparse,medium,p3_c160_mp1_pen0_h2,42,4,5,4,1,672,2537,1242,71,457,181,6,6.217448472976685,0
grid_5x5,sparse,medium,p3_c160_mp1_pen0_h0,202,4,4,4,0,521,1960,986,4,348,147,0,6.358394622802734,0
grid_5x5,sparse,medium,p3_c160_mp1_pen0_h5,101,5,5,4,1,668,2540,1218,108,451,178,6,5.9074976444244385,0
grid_5x5,sparse,medium,p3_c160_mp1_pen0_h5,42,4,5,4,1,672,2537,1242,71,457,181,6,6.119655132293701,0
grid_5x5,sparse,medium,p3_c160_mp1_pen0_h5,202,4,4,3,1,615,2379,1066,40,393,186,6,6.154306650161743,0
grid_5x5,sparse,medium,p3_c160_mp2_pen1_h0,42,4,5,4,1,579,2210,1064,41,391,160,0,5.983272075653076,0
grid_5x5,sparse,medium,p3_c160_mp2_pen1_h0,202,4,4,4,0,521,1960,986,4,348,147,0,5.794124603271484,0
grid_5x5,sparse,medium,p3_c160_mp2_pen1_h2,42,4,5,4,1,673,2524,1256,71,457,181,6,5.541656970977783,0
grid_5x5,sparse,medium,p3_c160_mp2_pen1_h0,101,5,5,4,1,592,2210,1133,56,412,150,0,6.4364142417907715,0
grid_5x5,sparse,medium,p3_c160_mp2_pen1_h5,42,4,5,4,1,673,2524,1256,71,457,181,6,5.6160194873809814,0
grid_5x5,sparse,medium,p3_c160_mp2_pen1_h2,101,5,5,4,1,667,2520,1217,108,451,176,6,6.23213005065918,0
grid_5x5,sparse,medium,p3_c160_mp2_pen1_h5,101,5,5,4,1,669,2542,1217,108,451,178,6,6.025897741317749,0
grid_5x5,sparse,medium,p3_c160_mp2_pen1_h2,202,4,4,3,1,612,2355,1065,40,393,182,6,6.412190914154053,0
grid_5x5,sparse,medium,p3_c160_mp2_pen0_h0,42,4,5,4,1,579,2210,1064,41,391,160,0,6.083969831466675,0
grid_5x5,sparse,medium,p3_c160_mp2_pen0_h0,202,4,4,4,0,521,1960,986,4,348,147,0,5.562980651855469,0
grid_5x5,sparse,medium,p3_c160_mp2_pen1_h5,202,4,4,3,1,616,2378,1068,40,393,186,6,6.3951356410980225,0
grid_5x5,sparse,medium,p3_c160_mp2_pen0_h2,42,4,5,4,1,673,2524,1256,71,457,181,6,6.151353120803833,0
grid_5x5,sparse,medium,p3_c160_mp2_pen0_h2,202,4,4,3,1,612,2355,1065,40,393,182,6,6.273043394088745,0
grid_5x5,sparse,medium,p3_c160_mp2_pen0_h2,101,5,5,4,1,667,2520,1217,108,451,176,6,6.373467206954956,0
grid_5x5,sparse,medium,p3_c160_mp2_pen0_h0,101,5,5,4,1,592,2210,1133,56,412,150,0,6.556298017501831,0
grid_5x5,sparse,medium,p3_c160_mp2_pen0_h5,42,4,5,4,1,673,2524,1256,71,457,181,6,6.182323217391968,0
grid_5x5,sparse,medium,p3_c160_mp3_pen1_h0,42,4,5,4,1,580,2208,1067,41,391,160,0,5.928809642791748,0
grid_5x5,sparse,medium,p3_c160_mp2_pen0_h5,202,4,4,3,1,616,2378,1068,40,393,186,6,6.078882217407227,0
grid_5x5,sparse,medium,p3_c160_mp2_pen0_h5,101,5,5,4,1,669,2542,1217,108,451,178,6,6.290333032608032,0
grid_5x5,sparse,medium,p3_c160_mp3_pen1_h2,202,4,4,3,1,612,2355,1065,40,393,182,6,5.602010250091553,0
grid_5x5,sparse,medium,p3_c160_mp3_pen1_h0,101,5,5,4,1,593,2214,1130,56,412,150,0,6.329279661178589,0
grid_5x5,sparse,medium,p3_c160_mp3_pen1_h5,101,5,5,4,1,670,2540,1220,108,451,178,6,5.460540771484375,0
grid_5x5,sparse,medium,p3_c160_mp3_pen1_h0,202,4,4,4,0,521,1960,986,4,348,147,0,6.313339710235596,0
grid_5x5,sparse,medium,p3_c160_mp3_pen1_h5,42,4,5,4,1,674,2536,1245,71,457,181,6,6.209226131439209,0
grid_5x5,sparse,medium,p3_c160_mp3_pen1_h2,101,5,5,4,1,668,2518,1220,108,451,176,6,6.334697961807251,0
grid_5x5,sparse,medium,p3_c160_mp3_pen1_h2,42,4,5,4,1,674,2536,1245,71,457,181,6,6.52121114730835,0
grid_5x5,sparse,medium,p3_c160_mp3_pen1_h5,202,4,4,3,1,616,2378,1068,40,393,186,6,6.377800226211548,0
grid_5x5,sparse,medium,p3_c160_mp3_pen0_h0,202,4,4,4,0,521,1960,986,4,348,147,0,5.820184230804443,0
grid_5x5,sparse,medium,p3_c160_mp3_pen0_h0,101,5,5,4,1,593,2214,1130,56,412,150,0,5.933712005615234,0
grid_5x5,sparse,medium,p3_c160_mp3_pen0_h2,42,4,5,4,1,674,2536,1245,71,457,181,6,5.8257787227630615,0
grid_5x5,sparse,medium,p3_c160_mp3_pen0_h0,42,4,5,4,1,580,2208,1067,41,391,160,0,6.536733388900757,0
grid_5x5,sparse,medium,p3_c160_mp3_pen0_h2,202,4,4,3,1,612,2355,1065,40,393,182,6,5.967030048370361,0
grid_5x5,sparse,medium,p3_c160_mp3_pen0_h2,101,5,5,4,1,668,2518,1220,108,451,176,6,6.350498676300049,0
grid_5x5,sparse,medium,p3_c160_mp3_pen0_h5,101,5,5,4,1,670,2540,1220,108,451,178,6,5.874799489974976,0
grid_5x5,sparse,medium,p3_c160_mp3_pen0_h5,202,4,4,3,1,616,2378,1068,40,393,186,6,5.587253570556641,0
grid_5x5,sparse,medium,p3_c160_mp3_pen0_h5,42,4,5,4,1,674,2536,1245,71,457,181,6,6.519670009613037,0
grid_5x5_nodiag,medium,medium,baseline,42,5,6,4,2,563,1297,514,75,359,175,0,6.069530725479126,0
grid_5x5_nodiag,medium,medium,baseline,101,5,6,5,1,564,1277,549,76,386,150,0,6.204186677932739,0
grid_5x5_nodiag,medium,medium,baseline,202,4,4,3,1,496,1145,447,65,303,167,0,6.204635143280029,0
grid_5x5_nodiag,medium,medium,p3_c40_mp1_pen1_h2,42,4,6,2,4,608,1396,558,98,390,187,5,5.630668878555298,0
grid_5x5_nodiag,medium,medium,p3_c40_mp1_pen1_h0,42,4,6,0,6,517,1210,455,102,316,175,0,6.1243884563446045,0
grid_5x5_nodiag,medium,medium,p3_c40_mp1_pen1_h0,101,6,6,1,5,567,1331,501,146,360,178,0,6.060636758804321,0
grid_5x5_nodiag,medium,medium,p3_c40_mp1_pen1_h0,202,3,4,0,4,445,1035,398,71,256,166,0,6.075881719589233,0
grid_5x5_nodiag,medium,medium,p3_c40_mp1_pen1_h2,101,5,6,2,4,610,1381,578,124,391,186,5,6.039875507354736,0
grid_5x5_nodiag,medium,medium,p3_c40_mp1_pen1_h2,202,2,4,0,4,489,1104,460,51,287,176,4,6.2441816329956055,0
grid_5x5_nodiag,medium,medium,p3_c40_mp1_pen1_h5,202,2,4,0,4,504,1138,466,50,286,190,6,5.807499170303345,0
grid_5x5_nodiag,medium,medium,p3_c40_mp1_pen1_h5,101,5,6,2,4,618,1403,578,124,391,193,6,6.173212289810181,0
grid_5x5_nodiag,medium,medium,p3_c40_mp1_pen0_h0,101,6,6,1,5,569,1330,508,148,362,178,0,5.478793382644653,0
grid_5x5_nodiag,medium,medium,p3_c40_mp1_pen1_h5,42,4,6,2,4,614,1409,564,98,390,192,6,6.3067402839660645,0
grid_5x5_nodiag,medium,medium,p3_c40_mp1_pen0_h0,42,4,6,0,6,515,1204,455,100,314,175,0,5.709790945053101,0
grid_5x5_nodiag,medium,medium,p3_c40_mp1_pen0_h2,202,2,4,0,4,489,1104,460,51,287,176,4,5.763201713562012,0
grid_5x5_nodiag,medium,medium,p3_c40_mp1_pen0_h2,101,5,6,2,4,610,1381,578,124,391,186,5,5.952895641326904,0
grid_5x5_nodiag,medium,medium,p3_c40_mp1_pen0_h0,202,2,4,0,4,420,986,368,47,233,165,0,6.3047614097595215,0
grid_5x5_nodiag,medium,medium,p3_c40_mp1_pen0_h2,42,4,6,2,4,608,1398,553,99,390,187,5,6.448225021362305,0
grid_5x5_nodiag,medium,medium,p3_c40_mp1_pen0_h5,42,4,6,2,4,614,1411,559,99,390,192,6,6.194940805435181,0
grid_5x5_nodiag,medium,medium,p3_c40_mp2_pen1_h0,42,4,6,0,6,521,1200,464,100,314,175,0,5.868137836456299,0
grid_5x5_nodiag,medium,medium,p3_c40_mp1_pen0_h5,101,5,6,2,4,618,1403,578,124,391,193,6,6.274667739868164,0
grid_5x5_nodiag,medium,medium,p3_c40_mp1_pen0_h5,202,2,4,0,4,504,1138,466,50,286,190,6,6.252173662185669,0
grid_5x5_nodiag,medium,medium,p3_c40_mp2_pen1_h2,202,2,4,0,4,492,1113,454,51,287,176,4,5.392410516738892,0
grid_5x5_nodiag,medium,medium,p3_c40_mp2_pen1_h0,101,6,6,1,5,571,1320,516,146,360,178,0,6.177930116653442,0
grid_5x5_nodiag,medium,medium,p3_c40_mp2_pen1_h0,202,3,4,0,4,448,1042,394,71,256,166,0,6.042253017425537,0
grid_5x5_nodiag,medium,medium,p3_c40_mp2_pen1_h2,42,5,6,2,4,642,1482,574,126,419,187,5,6.13515043258667,0
grid_5x5_nodiag,medium,medium,p3_c40_mp2_pen1_h5,42,5,6,2,4,650,1507,574,126,419,194,6,5.383800029754639,0
grid_5x5_nodiag,medium,medium,p3_c40_mp2_pen1_h2,101,6,6,1,5,610,1415,532,135,366,206,5,6.2503509521484375,0
grid_5x5_nodiag,medium,medium,p3_c40_mp2_pen1_h5,101,6,6,1,5,618,1437,532,135,366,213,6,5.377664804458618,0
grid_5x5_nodiag,medium,medium,p3_c40_mp2_pen0_h0,42,4,6,0,6,522,1204,463,101,315,175,0,5.802879095077515,0
grid_5x5_nodiag,medium,medium,p3_c40_mp2_pen0_h0,202,2,4,0,4,423,987,368,46,232,165,0,5.381710529327393,0
grid_5x5_nodiag,medium,medium,p3_c40_mp2_pen1_h5,202,2,4,0,4,509,1157,457,52,288,190,6,6.187715291976929,0
grid_5x5_nodiag,medium,medium,p3_c40_mp2_pen0_h2,42,5,6,2,4,645,1469,593,129,413,195,5,5.982824802398682,0
grid_5x5_nodiag,medium,medium,p3_c40_mp2_pen0_h0,101,6,6,1,5,571,1338,499,146,360,178,0,6.285659551620483,0
grid_5x5_nodiag,medium,medium,p3_c40_mp2_pen0_h2,101,6,6,1,5,610,1415,532,135,366,206,5,6.003214359283447,0
grid_5x5_nodiag,medium,medium,p3_c40_mp3_pen1_h0,101,5,6,1,5,545,1248,495,121,336,173,0,5.303539752960205,0
grid_5x5_nodiag,medium,medium,p3_c40_mp2_pen0_h2,202,2,4,0,4,493,1114,454,51,287,176,4,6.1834564208984375,0
grid_5x5_nodiag,medium,medium,p3_c40_mp2_pen0_h5,101,6,6,1,5,618,1437,532,135,366,213,6,6.048983573913574,0
grid_5x5_nodiag,medium,medium,p3_c40_mp3_pen1_h0,42,4,6,0,6,527,1216,456,100,314,175,0,5.958435297012329,0
grid_5x5_nodiag,medium,medium,p3_c40_mp3_pen1_h0,202,3,4,0,4,452,1049,393,72,257,166,0,5.926904678344727,0
grid_5x5_nodiag,medium,medium,p3_c40_mp2_pen0_h5,202,2,4,0,4,510,1158,457,52,288,190,6,6.144985198974609,0
grid_5x5_nodiag,medium,medium,p3_c40_mp2_pen0_h5,42,5,6,2,4,653,1494,593,129,413,202,6,6.4196202754974365,0
grid_5x5_nodiag,medium,medium,p3_c40_mp3_pen1_h2,202,2,4,0,4,494,1115,454,51,287,176,4,5.762893915176392,0
grid_5x5_nodiag,medium,medium,p3_c40_mp3_pen1_h2,42,5,6,2,4,617,1428,539,101,391,187,5,6.055976390838623,0
grid_5x5_nodiag,medium,medium,p3_c40_mp3_pen1_h5,42,5,6,2,4,625,1447,545,101,391,194,6,5.8006768226623535,0
grid_5x5_nodiag,medium,medium,p3_c40_mp3_pen1_h2,101,5,6,2,4,629,1442,555,135,393,195,5,6.363001585006714,0
grid_5x5_nodiag,medium,medium,p3_c40_mp3_pen1_h5,101,5,6,2,4,637,1464,555,135,393,202,6,5.382640600204468,0
grid_5x5_nodiag,medium,medium,p3_c40_mp3_pen0_h0,101,5,6,1,5,547,1258,491,123,338,173,0,5.440871238708496,0
grid_5x5_nodiag,medium,medium,p3_c40_mp3_pen1_h5,202,2,4,0,4,510,1149,461,50,286,190,6,6.0228962898254395,0
grid_5x5_nodiag,medium,medium,p3_c40_mp3_pen0_h0,42,4,6,0,6,527,1212,459,100,314,175,0,5.822341442108154,0
grid_5x5_nodiag,medium,medium,p3_c40_mp3_pen0_h0,202,2,4,0,4,428,994,368,47,233,165,0,5.644848823547363,0
grid_5x5_nodiag,medium,medium,p3_c40_mp3_pen0_h2,101,5,6,2,4,629,1442,555,135,393,195,5,5.4073309898376465,0
grid_5x5_nodiag,medium,medium,p3_c40_mp3_pen0_h2,42,4,6,2,4,605,1384,540,93,383,182,5,6.011893033981323,0
grid_5x5_nodiag,medium,medium,p3_c40_mp3_pen0_h5,101,5,6,2,4,637,1464,555,135,393,202,6,5.750534296035767,0
grid_5x5_nodiag,medium,medium,p3_c40_mp3_pen0_h5,202,2,4,0,4,512,1151,461,50,286,190,6,5.802266597747803,0
grid_5x5_nodiag,medium,medium,p3_c40_mp3_pen0_h5,42,4,6,2,4,611,1397,546,93,383,187,6,6.146134614944458,0
grid_5x5_nodiag,medium,medium,p3_c40_mp3_pen0_h2,202,2,4,0,4,497,1118,454,51,287,176,4,6.293105125427246,0
grid_5x5_nodiag,medium,medium,p3_c100_mp1_pen1_h2,202,2,4,0,4,489,1104,460,51,287,176,4,5.23920750617981,0
grid_5x5_nodiag,medium,medium,p3_c100_mp1_pen1_h0,42,4,6,0,6,517,1210,455,102,316,175,0,6.195528030395508,0
grid_5x5_nodiag,medium,medium,p3_c100_mp1_pen1_h0,202,3,4,0,4,445,1035,398,71,256,166,0,5.924840450286865,0
grid_5x5_nodiag,medium,medium,p3_c100_mp1_pen1_h0,101,6,6,1,5,567,1331,501,146,360,178,0,6.306178092956543,0
grid_5x5_nodiag,medium,medium,p3_c100_mp1_pen1_h2,42,4,6,2,4,608,1396,558,98,390,187,5,5.688972473144531,0
grid_5x5_nodiag,medium,medium,p3_c100_mp1_pen1_h2,101,5,6,2,4,610,1381,578,124,391,186,5,6.108820199966431,0
grid_5x5_nodiag,medium,medium,p3_c100_mp1_pen0_h0,42,4,6,0,6,515,1204,455,100,314,175,0,5.571659326553345,0
grid_5x5_nodiag,medium,medium,p3_c100_mp1_pen0_h0,101,6,6,1,5,569,1330,508,148,362,178,0,5.537799835205078,0
grid_5x5_nodiag,medium,medium,p3_c100_mp1_pen1_h5,42,4,6,2,4,614,1409,564,98,390,192,6,6.436945676803589,0
grid_5x5_nodiag,medium,medium,p3_c100_mp1_pen1_h5,101,5,6,2,4,618,1403,578,124,391,193,6,6.3671510219573975,0
grid_5x5_nodiag,medium,medium,p3_c100_mp1_pen0_h5,202,2,4,0,4,504,1138,466,50,286,190,6,5.0504679679870605,0
grid_5x5_nodiag,medium,medium,p3_c100_mp1_pen0_h0,202,2,4,0,4,420,986,368,47,233,165,0,6.193758964538574,0
grid_5x5_nodiag,medium,medium,p3_c100_mp1_pen1_h5,202,2,4,0,4,504,1138,466,50,286,190,6,6.396015167236328,0
grid_5x5_nodiag,medium,medium,p3_c100_mp1_pen0_h2,42,4,6,2,4,608,1398,553,99,390,187,5,6.411986589431763,0
grid_5x5_nodiag,medium,medium,p3_c100_mp1_pen0_h2,101,5,6,2,4,610,1381,578,124,391,186,5,6.0769875049591064,0
grid_5x5_nodiag,medium,medium,p3_c100_mp1_pen0_h2,202,2,4,0,4,489,1104,460,51,287,176,4,5.999555826187134,0
grid_5x5_nodiag,medium,medium,p3_c100_mp1_pen0_h5,42,4,6,2,4,614,1411,559,99,390,192,6,6.1906633377075195,0
grid_5x5_nodiag,medium,medium,p3_c100_mp1_pen0_h5,101,5,6,2,4,618,1403,578,124,391,193,6,6.3638482093811035,0
grid_5x5_nodiag,medium,medium,p3_c100_mp2_pen1_h2,42,5,6,2,4,642,1482,574,126,419,187,5,5.343937873840332,0
grid_5x5_nodiag,medium,medium,p3_c100_mp2_pen1_h0,101,6,6,1,5,571,1320,516,146,360,178,0,5.812035083770752,0
grid_5x5_nodiag,medium,medium,p3_c100_mp2_pen1_h0,42,4,6,0,6,521,1200,464,100,314,175,0,6.230656623840332,0
grid_5x5_nodiag,medium,medium,p3_c100_mp2_pen1_h0,202,3,4,0,4,448,1042,394,71,256,166,0,5.95203709602356,0
grid_5x5_nodiag,medium,medium,p3_c100_mp2_pen1_h2,101,6,6,1,5,610,1415,532,135,366,206,5,6.12319278717041,0
grid_5x5_nodiag,medium,medium,p3_c100_mp2_pen1_h5,101,6,6,1,5,618,1437,532,135,366,213,6,5.417600393295288,0
grid_5x5_nodiag,medium,medium,p3_c100_mp2_pen1_h2,202,2,4,0,4,492,1113,454,51,287,176,4,6.278260231018066,0
grid_5x5_nodiag,medium,medium,p3_c100_mp2_pen1_h5,42,5,6,2,4,650,1507,574,126,419,194,6,6.283098459243774,0
grid_5x5_nodiag,medium,medium,p3_c100_mp2_pen1_h5,202,2,4,0,4,509,1157,457,52,288,190,6,6.2228944301605225,0
grid_5x5_nodiag,medium,medium,p3_c100_mp2_pen0_h0,42,4,6,0,6,522,1204,463,101,315,175,0,6.584194183349609,0
grid_5x5_nodiag,medium,medium,p3_c100_mp2_pen0_h0,202,2,4,0,4,423,987,368,46,232,165,0,5.97521710395813,0
grid_5x5_nodiag,medium,medium,p3_c100_mp2_pen0_h2,42,5,6,2,4,645,1469,593,129,413,195,5,5.988832235336304,0
grid_5x5_nodiag,medium,medium,p3_c100_mp2_pen0_h5,42,5,6,2,4,653,1494,593,129,413,202,6,5.418841361999512,0
grid_5x5_nodiag,medium,medium,p3_c100_mp2_pen0_h0,101,6,6,1,5,571,1338,499,146,360,178,0,6.210419416427612,0
grid_5x5_nodiag,medium,medium,p3_c100_mp2_pen0_h5,101,6,6,1,5,618,1437,532,135,366,213,6,5.2887585163116455,0
grid_5x5_nodiag,medium,medium,p3_c100_mp2_pen0_h2,202,2,4,0,4,493,1114,454,51,287,176,4,6.2273173332214355,0
grid_5x5_nodiag,medium,medium,p3_c100_mp2_pen0_h2,101,6,6,1,5,610,1415,532,135,366,206,5,6.381882905960083,0
grid_5x5_nodiag,medium,medium,p3_c100_mp3_pen1_h0,42,4,6,0,6,527,1216,456,100,314,175,0,5.594574213027954,0
grid_5x5_nodiag,medium,medium,p3_c100_mp3_pen1_h0,202,3,4,0,4,452,1049,393,72,257,166,0,5.288623332977295,0
grid_5x5_nodiag,medium,medium,p3_c100_mp2_pen0_h5,202,2,4,0,4,510,1158,457,52,288,190,6,6.358423233032227,0
grid_5x5_nodiag,medium,medium,p3_c100_mp3_pen1_h0,101,5,6,1,5,545,1248,495,121,336,173,0,6.338987827301025,0
grid_5x5_nodiag,medium,medium,p3_c100_mp3_pen1_h2,42,5,6,2,4,617,1428,539,101,391,187,5,6.158523797988892,0
grid_5x5_nodiag,medium,medium,p3_c100_mp3_pen1_h2,101,5,6,2,4,629,1442,555,135,393,195,5,6.1967079639434814,0
grid_5x5_nodiag,medium,medium,p3_c100_mp3_pen1_h5,42,5,6,2,4,625,1447,545,101,391,194,6,6.0060203075408936,0
grid_5x5_nodiag,medium,medium,p3_c100_mp3_pen0_h0,101,5,6,1,5,547,1258,491,123,338,173,0,5.430506706237793,0
grid_5x5_nodiag,medium,medium,p3_c100_mp3_pen1_h2,202,2,4,0,4,494,1115,454,51,287,176,4,6.381958484649658,0
grid_5x5_nodiag,medium,medium,p3_c100_mp3_pen1_h5,101,5,6,2,4,637,1464,555,135,393,202,6,6.340519189834595,0
grid_5x5_nodiag,medium,medium,p3_c100_mp3_pen0_h0,202,2,4,0,4,428,994,368,47,233,165,0,5.54115629196167,0
grid_5x5_nodiag,medium,medium,p3_c100_mp3_pen0_h2,42,4,6,2,4,605,1384,540,93,383,182,5,5.464636325836182,0
grid_5x5_nodiag,medium,medium,p3_c100_mp3_pen1_h5,202,2,4,0,4,510,1149,461,50,286,190,6,6.169756650924683,0
grid_5x5_nodiag,medium,medium,p3_c100_mp3_pen0_h0,42,4,6,0,6,527,1212,459,100,314,175,0,6.228359937667847,0
grid_5x5_nodiag,medium,medium,p3_c100_mp3_pen0_h2,202,2,4,0,4,497,1118,454,51,287,176,4,5.463256120681763,0
grid_5x5_nodiag,medium,medium,p3_c100_mp3_pen0_h2,101,5,6,2,4,629,1442,555,135,393,195,5,6.007952690124512,0
grid_5x5_nodiag,medium,medium,p3_c105_mp1_pen1_h0,42,5,6,4,2,563,1297,514,75,359,175,0,4.780197620391846,0
grid_5x5_nodiag,medium,medium,p3_c100_mp3_pen0_h5,42,4,6,2,4,611,1397,546,93,383,187,6,6.064739227294922,0
grid_5x5_nodiag,medium,medium,p3_c100_mp3_pen0_h5,101,5,6,2,4,637,1464,555,135,393,202,6,6.076066017150879,0
grid_5x5_nodiag,medium,medium,p3_c105_mp1_pen1_h0,101,5,6,5,1,564,1277,549,76,386,150,0,5.512781381607056,0
grid_5x5_nodiag,medium,medium,p3_c100_mp3_pen0_h5,202,2,4,0,4,512,1151,461,50,286,190,6,6.37335991859436,0
grid_5x5_nodiag,medium,medium,p3_c105_mp1_pen1_h0,202,4,4,3,1,496,1145,447,65,303,167,0,5.76292872428894,0
grid_5x5_nodiag,medium,medium,p3_c105_mp1_pen1_h2,202,4,4,4,0,523,1134,545,5,335,160,4,6.070616960525513,0
grid_5x5_nodiag,medium,medium,p3_c105_mp1_pen1_h2,42,4,6,6,0,603,1352,592,25,409,163,5,6.222654342651367,0
grid_5x5_nodiag,medium,medium,p3_c105_mp1_pen1_h2,101,5,6,5,1,604,1360,575,62,380,190,5,6.204812049865723,0
grid_5x5_nodiag,medium,medium,p3_c105_mp1_pen1_h5,101,5,6,5,1,612,1382,575,62,380,197,6,5.86774754524231,0
grid_5x5_nodiag,medium,medium,p3_c105_mp1_pen1_h5,42,4,6,6,0,611,1377,592,25,409,170,6,6.2840964794158936,0
grid_5x5_nodiag,medium,medium,p3_c105_mp1_pen1_h5,202,4,4,3,1,598,1320,595,86,380,186,6,6.1871654987335205,0
grid_5x5_nodiag,medium,medium,p3_c105_mp1_pen0_h0,101,5,6,5,1,564,1277,549,76,386,150,0,5.70044207572937,0
grid_5x5_nodiag,medium,medium,p3_c105_mp1_pen0_h0,42,5,6,4,2,563,1297,514,75,359,175,0,6.113390922546387,0
grid_5x5_nodiag,medium,medium,p3_c105_mp1_pen0_h0,202,4,4,3,1,496,1145,447,65,303,167,0,6.364511251449585,0
grid_5x5_nodiag,medium,medium,p3_c105_mp1_pen0_h2,42,4,6,6,0,603,1352,592,25,409,163,5,6.2766618728637695,0
grid_5x5_nodiag,medium,medium,p3_c105_mp1_pen0_h2,101,5,6,5,1,604,1360,575,62,380,190,5,6.234943628311157,0
grid_5x5_nodiag,medium,medium,p3_c105_mp2_pen1_h0,202,4,4,3,1,497,1146,447,65,303,167,0,5.436503171920776,0
grid_5x5_nodiag,medium,medium,p3_c105_mp1_pen0_h5,101,5,6,5,1,612,1382,575,62,380,197,6,5.817960739135742,0
grid_5x5_nodiag,medium,medium,p3_c105_mp1_pen0_h2,202,4,4,4,0,523,1134,545,5,335,160,4,6.332446098327637,0
grid_5x5_nodiag,medium,medium,p3_c105_mp1_pen0_h5,202,4,4,3,1,598,1320,595,86,380,186,6,5.810000419616699,0
grid_5x5_nodiag,medium,medium,p3_c105_mp1_pen0_h5,42,4,6,6,0,611,1377,592,25,409,170,6,6.193074703216553,0
grid_5x5_nodiag,medium,medium,p3_c105_mp2_pen1_h2,202,4,4,4,0,523,1134,545,5,335,160,4,5.156999349594116,0
grid_5x5_nodiag,medium,medium,p3_c105_mp2_pen1_h0,42,5,6,4,2,565,1299,514,75,359,175,0,5.950244188308716,0
grid_5x5_nodiag,medium,medium,p3_c105_mp2_pen1_h2,42,4,6,6,0,603,1352,592,25,409,163,5,6.201465368270874,0
grid_5x5_nodiag,medium,medium,p3_c105_mp2_pen1_h0,101,6,6,5,1,589,1325,583,98,409,150,0,6.326510906219482,0
grid_5x5_nodiag,medium,medium,p3_c105_mp2_pen1_h5,42,4,6,6,0,611,1377,592,25,409,170,6,5.829843997955322,0
grid_5x5_nodiag,medium,medium,p3_c105_mp2_pen1_h2,101,5,6,5,1,600,1340,580,56,383,182,5,6.210559368133545,0
grid_5x5_nodiag,medium,medium,p3_c105_mp2_pen1_h5,101,5,6,5,1,608,1362,580,56,383,189,6,6.132350921630859,0
grid_5x5_nodiag,medium,medium,p3_c105_mp2_pen1_h5,202,4,4,3,1,599,1321,595,86,380,186,6,5.692404270172119,0
grid_5x5_nodiag,medium,medium,p3_c105_mp2_pen0_h0,42,5,6,4,2,565,1299,514,75,359,175,0,6.239344835281372,0
grid_5x5_nodiag,medium,medium,p3_c105_mp2_pen0_h0,202,4,4,3,1,497,1146,447,65,303,167,0,5.503134489059448,0
grid_5x5_nodiag,medium,medium,p3_c105_mp2_pen0_h0,101,6,6,5,1,589,1325,583,98,409,150,0,6.111295938491821,0
grid_5x5_nodiag,medium,medium,p3_c105_mp2_pen0_h5,101,5,6,5,1,608,1362,580,56,383,189,6,5.075575351715088,0
grid_5x5_nodiag,medium,medium,p3_c105_mp2_pen0_h2,42,4,6,6,0,603,1352,592,25,409,163,5,6.053447723388672,0
grid_5x5_nodiag,medium,medium,p3_c105_mp2_pen0_h5,42,4,6,6,0,611,1377,592,25,409,170,6,5.762037992477417,0
grid_5x5_nodiag,medium,medium,p3_c105_mp2_pen0_h2,202,4,4,4,0,523,1134,545,5,335,160,4,6.111754655838013,0
grid_5x5_nodiag,medium,medium,p3_c105_mp2_pen0_h2,101,5,6,5,1,600,1340,580,56,383,182,5,6.15057373046875,0
grid_5x5_nodiag,medium,medium,p3_c105_mp2_pen0_h5,202,4,4,3,1,599,1321,595,86,380,186,6,5.98263955116272,0
grid_5x5_nodiag,medium,medium,p3_c105_mp3_pen1_h0,202,4,4,3,1,498,1147,447,65,303,167,0,5.896599054336548,0
grid_5x5_nodiag,medium,medium,p3_c105_mp3_pen1_h0,101,6,6,5,1,618,1400,597,127,435,150,0,6.213453769683838,0
grid_5x5_nodiag,medium,medium,p3_c105_mp3_pen1_h2,202,4,4,4,0,523,1134,545,5,335,160,4,4.762732267379761,0
grid_5x5_nodiag,medium,medium,p3_c105_mp3_pen1_h0,42,5,6,4,2,567,1301,514,75,359,175,0,6.289995193481445,0
grid_5x5_nodiag,medium,medium,p3_c105_mp3_pen0_h0,202,4,4,3,1,498,1147,447,65,303,167,0,5.513209819793701,0
grid_5x5_nodiag,medium,medium,p3_c105_mp3_pen1_h2,101,5,6,5,1,606,1362,575,62,380,190,5,6.3109424114227295,0
grid_5x5_nodiag,medium,medium,p3_c105_mp3_pen1_h2,42,4,6,6,0,603,1352,592,25,409,163,5,6.463585138320923,0
grid_5x5_nodiag,medium,medium,p3_c105_mp3_pen0_h0,42,5,6,4,2,567,1301,514,75,359,175,0,5.929292917251587,0
grid_5x5_nodiag,medium,medium,p3_c105_mp3_pen1_h5,42,4,6,6,0,611,1377,592,25,409,170,6,6.139647722244263,0
grid_5x5_nodiag,medium,medium,p3_c105_mp3_pen0_h2,42,4,6,6,0,603,1352,592,25,409,163,5,5.991560935974121,0
grid_5x5_nodiag,medium,medium,p3_c105_mp3_pen0_h0,101,6,6,5,1,618,1400,597,127,435,150,0,6.204313516616821,0
grid_5x5_nodiag,medium,medium,p3_c105_mp3_pen1_h5,202,4,4,3,1,600,1322,595,86,380,186,6,6.261983871459961,0
grid_5x5_nodiag,medium,medium,p3_c105_mp3_pen1_h5,101,5,6,5,1,614,1384,575,62,380,197,6,6.400369167327881,0
grid_5x5_nodiag,medium,medium,p3_c105_mp3_pen0_h2,101,5,6,5,1,606,1362,575,62,380,190,5,6.149885416030884,0
grid_5x5_nodiag,medium,medium,p3_c105_mp3_pen0_h2,202,4,4,4,0,523,1134,545,5,335,160,4,6.296050786972046,0
grid_5x5_nodiag,medium,medium,p3_c105_mp3_pen0_h5,42,4,6,6,0,611,1377,592,25,409,170,6,6.16865348815918,0
grid_5x5_nodiag,medium,medium,p3_c105_mp3_pen0_h5,101,5,6,5,1,614,1384,575,62,380,197,6,6.248291015625,0
grid_5x5_nodiag,medium,medium,p3_c120_mp1_pen1_h0,42,5,6,4,2,563,1297,514,75,359,175,0,6.034459829330444,0
grid_5x5_nodiag,medium,medium,p3_c120_mp1_pen1_h0,101,5,6,5,1,564,1277,549,76,386,150,0,5.16341757774353,0
grid_5x5_nodiag,medium,medium,p3_c105_mp3_pen0_h5,202,4,4,3,1,600,1322,595,86,380,186,6,6.260406732559204,0
grid_5x5_nodiag,medium,medium,p3_c120_mp1_pen1_h0,202,4,4,3,1,496,1145,447,65,303,167,0,5.4214677810668945,0
grid_5x5_nodiag,medium,medium,p3_c120_mp1_pen1_h2,101,5,6,5,1,604,1360,575,62,380,190,5,5.634660005569458,0
grid_5x5_nodiag,medium,medium,p3_c120_mp1_pen1_h2,42,4,6,6,0,603,1352,592,25,409,163,5,6.2841103076934814,0
grid_5x5_nodiag,medium,medium,p3_c120_mp1_pen1_h2,202,4,4,4,0,523,1134,545,5,335,160,4,6.202193021774292,0
grid_5x5_nodiag,medium,medium,p3_c120_mp1_pen0_h0,42,5,6,4,2,563,1297,514,75,359,175,0,5.442919969558716,0
grid_5x5_nodiag,medium,medium,p3_c120_mp1_pen1_h5,42,4,6,6,0,611,1377,592,25,409,170,6,6.214033126831055,0
grid_5x5_nodiag,medium,medium,p3_c120_mp1_pen0_h0,101,5,6,5,1,564,1277,549,76,386,150,0,5.587210416793823,0
grid_5x5_nodiag,medium,medium,p3_c120_mp1_pen1_h5,202,4,4,3,1,598,1320,595,86,380,186,6,6.169358491897583,0
grid_5x5_nodiag,medium,medium,p3_c120_mp1_pen1_h5,101,5,6,5,1,612,1382,575,62,380,197,6,6.229215383529663,0
grid_5x5_nodiag,medium,medium,p3_c120_mp1_pen0_h0,202,4,4,3,1,496,1145,447,65,303,167,0,5.809670686721802,0
grid_5x5_nodiag,medium,medium,p3_c120_mp1_pen0_h2,101,5,6,5,1,604,1360,575,62,380,190,5,6.086251258850098,0
grid_5x5_nodiag,medium,medium,p3_c120_mp1_pen0_h2,42,4,6,6,0,603,1352,592,25,409,163,5,6.261706352233887,0
grid_5x5_nodiag,medium,medium,p3_c120_mp1_pen0_h5,42,4,6,6,0,611,1377,592,25,409,170,6,5.598277568817139,0
grid_5x5_nodiag,medium,medium,p3_c120_mp1_pen0_h2,202,4,4,4,0,523,1134,545,5,335,160,4,5.823141813278198,0
grid_5x5_nodiag,medium,medium,p3_c120_mp2_pen1_h0,202,4,4,3,1,497,1146,447,65,303,167,0,5.713287353515625,0
grid_5x5_nodiag,medium,medium,p3_c120_mp1_pen0_h5,202,4,4,3,1,598,1320,595,86,380,186,6,6.041982412338257,0
grid_5x5_nodiag,medium,medium,p3_c120_mp1_pen0_h5,101,5,6,5,1,612,1382,575,62,380,197,6,6.185432434082031,0
grid_5x5_nodiag,medium,medium,p3_c120_mp2_pen1_h0,42,5,6,4,2,565,1299,514,75,359,175,0,6.0831122398376465,0
grid_5x5_nodiag,medium,medium,p3_c120_mp2_pen1_h0,101,6,6,5,1,589,1325,583,98,409,150,0,6.146104097366333,0
grid_5x5_nodiag,medium,medium,p3_c120_mp2_pen1_h2,42,4,6,6,0,603,1352,592,25,409,163,5,6.253693580627441,0
grid_5x5_nodiag,medium,medium,p3_c120_mp2_pen1_h2,101,5,6,5,1,600,1340,580,56,383,182,5,6.264721155166626,0
grid_5x5_nodiag,medium,medium,p3_c120_mp2_pen1_h2,202,4,4,4,0,523,1134,545,5,335,160,4,6.00988245010376,0
grid_5x5_nodiag,medium,medium,p3_c120_mp2_pen1_h5,42,4,6,6,0,611,1377,592,25,409,170,6,5.973940849304199,0
grid_5x5_nodiag,medium,medium,p3_c120_mp2_pen0_h0,202,4,4,3,1,497,1146,447,65,303,167,0,5.296758413314819,0
grid_5x5_nodiag,medium,medium,p3_c120_mp2_pen1_h5,101,5,6,5,1,608,1362,580,56,383,189,6,5.979340314865112,0
grid_5x5_nodiag,medium,medium,p3_c120_mp2_pen0_h0,101,6,6,5,1,589,1325,583,98,409,150,0,5.92950439453125,0
grid_5x5_nodiag,medium,medium,p3_c120_mp2_pen1_h5,202,4,4,3,1,599,1321,595,86,380,186,6,6.280093431472778,0
grid_5x5_nodiag,medium,medium,p3_c120_mp2_pen0_h0,42,5,6,4,2,565,1299,514,75,359,175,0,6.336392402648926,0
grid_5x5_nodiag,medium,medium,p3_c120_mp2_pen0_h2,101,5,6,5,1,600,1340,580,56,383,182,5,5.660564184188843,0
grid_5x5_nodiag,medium,medium,p3_c120_mp2_pen0_h2,42,4,6,6,0,603,1352,592,25,409,163,5,6.443925380706787,0
grid_5x5_nodiag,medium,medium,p3_c120_mp2_pen0_h2,202,4,4,4,0,523,1134,545,5,335,160,4,5.657690763473511,0
grid_5x5_nodiag,medium,medium,p3_c120_mp2_pen0_h5,101,5,6,5,1,608,1362,580,56,383,189,6,5.242287635803223,0
grid_5x5_nodiag,medium,medium,p3_c120_mp2_pen0_h5,202,4,4,3,1,599,1321,595,86,380,186,6,5.41927170753479,0
grid_5x5_nodiag,medium,medium,p3_c120_mp3_pen1_h0,101,6,6,5,1,618,1400,597,127,435,150,0,5.384287118911743,0
grid_5x5_nodiag,medium,medium,p3_c120_mp2_pen0_h5,42,4,6,6,0,611,1377,592,25,409,170,6,6.012739658355713,0
grid_5x5_nodiag,medium,medium,p3_c120_mp3_pen1_h0,42,5,6,4,2,567,1301,514,75,359,175,0,5.718768835067749,0
grid_5x5_nodiag,medium,medium,p3_c120_mp3_pen1_h2,42,4,6,6,0,603,1352,592,25,409,163,5,5.994732618331909,0
grid_5x5_nodiag,medium,medium,p3_c120_mp3_pen1_h0,202,4,4,3,1,498,1147,447,65,303,167,0,6.353243112564087,0
grid_5x5_nodiag,medium,medium,p3_c120_mp3_pen1_h2,101,5,6,5,1,606,1362,575,62,380,190,5,6.205004453659058,0
grid_5x5_nodiag,medium,medium,p3_c120_mp3_pen1_h2,202,4,4,4,0,523,1134,545,5,335,160,4,6.152116298675537,0
grid_5x5_nodiag,medium,medium,p3_c120_mp3_pen1_h5,202,4,4,3,1,600,1322,595,86,380,186,6,5.296131372451782,0
grid_5x5_nodiag,medium,medium,p3_c120_mp3_pen1_h5,42,4,6,6,0,611,1377,592,25,409,170,6,6.067075729370117,0
grid_5x5_nodiag,medium,medium,p3_c120_mp3_pen1_h5,101,5,6,5,1,614,1384,575,62,380,197,6,6.123528480529785,0
grid_5x5_nodiag,medium,medium,p3_c120_mp3_pen0_h2,101,5,6,5,1,606,1362,575,62,380,190,5,5.624473810195923,0
grid_5x5_nodiag,medium,medium,p3_c120_mp3_pen0_h0,202,4,4,3,1,498,1147,447,65,303,167,0,6.145081281661987,0
grid_5x5_nodiag,medium,medium,p3_c120_mp3_pen0_h0,101,6,6,5,1,618,1400,597,127,435,150,0,6.25091028213501,0
grid_5x5_nodiag,medium,medium,p3_c120_mp3_pen0_h2,42,4,6,6,0,603,1352,592,25,409,163,5,6.0057597160339355,0
grid_5x5_nodiag,medium,medium,p3_c120_mp3_pen0_h0,42,5,6,4,2,567,1301,514,75,359,175,0,6.374562740325928,0
grid_5x5_nodiag,medium,medium,p3_c120_mp3_pen0_h2,202,4,4,4,0,523,1134,545,5,335,160,4,6.086694240570068,0
grid_5x5_nodiag,medium,medium,p3_c120_mp3_pen0_h5,42,4,6,6,0,611,1377,592,25,409,170,6,6.006086111068726,0
grid_5x5_nodiag,medium,medium,p3_c160_mp1_pen1_h0,202,4,4,3,1,496,1145,447,65,303,167,0,5.502920389175415,0
grid_5x5_nodiag,medium,medium,p3_c120_mp3_pen0_h5,101,5,6,5,1,614,1384,575,62,380,197,6,6.163461685180664,0
grid_5x5_nodiag,medium,medium,p3_c160_mp1_pen1_h0,42,5,6,4,2,563,1297,514,75,359,175,0,6.1763410568237305,0
grid_5x5_nodiag,medium,medium,p3_c120_mp3_pen0_h5,202,4,4,3,1,600,1322,595,86,380,186,6,6.2632763385772705,0
grid_5x5_nodiag,medium,medium,p3_c160_mp1_pen1_h0,101,5,6,5,1,564,1277,549,76,386,150,0,6.052010774612427,0
grid_5x5_nodiag,medium,medium,p3_c160_mp1_pen1_h2,42,4,6,6,0,603,1352,592,25,409,163,5,6.278194189071655,0
grid_5x5_nodiag,medium,medium,p3_c160_mp1_pen1_h2,202,4,4,4,0,523,1134,545,5,335,160,4,5.8664679527282715,0
grid_5x5_nodiag,medium,medium,p3_c160_mp1_pen1_h2,101,5,6,5,1,604,1360,575,62,380,190,5,6.413876056671143,0
grid_5x5_nodiag,medium,medium,p3_c160_mp1_pen1_h5,42,4,6,6,0,611,1377,592,25,409,170,6,6.43366003036499,0
grid_5x5_nodiag,medium,medium,p3_c160_mp1_pen1_h5,101,5,6,5,1,612,1382,575,62,380,197,6,6.26426362991333,0
grid_5x5_nodiag,medium,medium,p3_c160_mp1_pen0_h0,101,5,6,5,1,564,1277,549,76,386,150,0,5.820913076400757,0
grid_5x5_nodiag,medium,medium,p3_c160_mp1_pen0_h0,202,4,4,3,1,496,1145,447,65,303,167,0,5.560563325881958,0
grid_5x5_nodiag,medium,medium,p3_c160_mp1_pen1_h5,202,4,4,3,1,598,1320,595,86,380,186,6,6.24192214012146,0
grid_5x5_nodiag,medium,medium,p3_c160_mp1_pen0_h0,42,5,6,4,2,563,1297,514,75,359,175,0,6.13823127746582,0
grid_5x5_nodiag,medium,medium,p3_c160_mp1_pen0_h2,42,4,6,6,0,603,1352,592,25,409,163,5,5.69942569732666,0
grid_5x5_nodiag,medium,medium,p3_c160_mp1_pen0_h2,202,4,4,4,0,523,1134,545,5,335,160,4,5.646442174911499,0
grid_5x5_nodiag,medium,medium,p3_c160_mp1_pen0_h2,101,5,6,5,1,604,1360,575,62,380,190,5,6.151806831359863,0
grid_5x5_nodiag,medium,medium,p3_c160_mp1_pen0_h5,42,4,6,6,0,611,1377,592,25,409,170,6,5.768621921539307,0
grid_5x5_nodiag,medium,medium,p3_c160_mp1_pen0_h5,101,5,6,5,1,612,1382,575,62,380,197,6,6.26660943031311,0
grid_5x5_nodiag,medium,medium,p3_c160_mp1_pen0_h5,202,4,4,3,1,598,1320,595,86,380,186,6,6.264993667602539,0
grid_5x5_nodiag,medium,medium,p3_c160_mp2_pen1_h0,42,5,6,4,2,565,1299,514,75,359,175,0,6.420441389083862,0
grid_5x5_nodiag,medium,medium,p3_c160_mp2_pen1_h0,202,4,4,3,1,497,1146,447,65,303,167,0,5.919889450073242,0
grid_5x5_nodiag,medium,medium,p3_c160_mp2_pen1_h2,101,5,6,5,1,600,1340,580,56,383,182,5,5.876967430114746,0
grid_5x5_nodiag,medium,medium,p3_c160_mp2_pen0_h0,42,5,6,4,2,565,1299,514,75,359,175,0,5.2354576587677,0
grid_5x5_nodiag,medium,medium,p3_c160_mp2_pen1_h2,202,4,4,4,0,523,1134,545,5,335,160,4,6.090388774871826,0
grid_5x5_nodiag,medium,medium,p3_c160_mp2_pen1_h0,101,6,6,5,1,589,1325,583,98,409,150,0,6.327625274658203,0
grid_5x5_nodiag,medium,medium,p3_c160_mp2_pen1_h5,42,4,6,6,0,611,1377,592,25,409,170,6,5.814716339111328,0
grid_5x5_nodiag,medium,medium,p3_c160_mp2_pen1_h2,42,4,6,6,0,603,1352,592,25,409,163,5,6.288816928863525,0
grid_5x5_nodiag,medium,medium,p3_c160_mp2_pen1_h5,101,5,6,5,1,608,1362,580,56,383,189,6,5.9679274559021,0
grid_5x5_nodiag,medium,medium,p3_c160_mp2_pen1_h5,202,4,4,3,1,599,1321,595,86,380,186,6,5.991565227508545,0
grid_5x5_nodiag,medium,medium,p3_c160_mp2_pen0_h0,202,4,4,3,1,497,1146,447,65,303,167,0,6.132984638214111,0
grid_5x5_nodiag,medium,medium,p3_c160_mp2_pen0_h0,101,6,6,5,1,589,1325,583,98,409,150,0,6.207414388656616,0
grid_5x5_nodiag,medium,medium,p3_c160_mp2_pen0_h2,101,5,6,5,1,600,1340,580,56,383,182,5,5.73484468460083,0
grid_5x5_nodiag,medium,medium,p3_c160_mp2_pen0_h2,42,4,6,6,0,603,1352,592,25,409,163,5,6.326944828033447,0
grid_5x5_nodiag,medium,medium,p3_c160_mp2_pen0_h2,202,4,4,4,0,523,1134,545,5,335,160,4,6.323938846588135,0
grid_5x5_nodiag,medium,medium,p3_c160_mp3_pen1_h2,42,4,6,6,0,603,1352,592,25,409,163,5,4.960334062576294,0
grid_5x5_nodiag,medium,medium,p3_c160_mp3_pen1_h0,202,4,4,3,1,498,1147,447,65,303,167,0,5.123097658157349,0
grid_5x5_nodiag,medium,medium,p3_c160_mp3_pen1_h0,101,6,6,5,1,618,1400,597,127,435,150,0,5.468035697937012,0
grid_5x5_nodiag,medium,medium,p3_c160_mp2_pen0_h5,42,4,6,6,0,611,1377,592,25,409,170,6,6.32393217086792,0
grid_5x5_nodiag,medium,medium,p3_c160_mp2_pen0_h5,202,4,4,3,1,599,1321,595,86,380,186,6,5.915039300918579,0
grid_5x5_nodiag,medium,medium,p3_c160_mp2_pen0_h5,101,5,6,5,1,608,1362,580,56,383,189,6,6.186585187911987,0
grid_5x5_nodiag,medium,medium,p3_c160_mp3_pen1_h0,42,5,6,4,2,567,1301,514,75,359,175,0,6.359553575515747,0
grid_5x5_nodiag,medium,medium,p3_c160_mp3_pen1_h2,101,5,6,5,1,606,1362,575,62,380,190,5,6.108881950378418,0
grid_5x5_nodiag,medium,medium,p3_c160_mp3_pen1_h5,42,4,6,6,0,611,1377,592,25,409,170,6,5.694979906082153,0
grid_5x5_nodiag,medium,medium,p3_c160_mp3_pen1_h5,101,5,6,5,1,614,1384,575,62,380,197,6,5.783849477767944,0
grid_5x5_nodiag,medium,medium,p3_c160_mp3_pen1_h2,202,4,4,4,0,523,1134,545,5,335,160,4,6.159677982330322,0
grid_5x5_nodiag,medium,medium,p3_c160_mp3_pen1_h5,202,4,4,3,1,600,1322,595,86,380,186,6,6.42174220085144,0
grid_5x5_nodiag,medium,medium,p3_c160_mp3_pen0_h0,101,6,6,5,1,618,1400,597,127,435,150,0,6.074847221374512,0
grid_5x5_nodiag,medium,medium,p3_c160_mp3_pen0_h0,42,5,6,4,2,567,1301,514,75,359,175,0,6.367910146713257,0
grid_5x5_nodiag,medium,medium,p3_c160_mp3_pen0_h2,101,5,6,5,1,606,1362,575,62,380,190,5,5.950650691986084,0
grid_5x5_nodiag,medium,medium,p3_c160_mp3_pen0_h5,202,4,4,3,1,600,1322,595,86,380,186,6,5.919514894485474,0
grid_5x5_nodiag,medium,medium,p3_c160_mp3_pen0_h5,101,5,6,5,1,614,1384,575,62,380,197,6,6.224071502685547,0
grid_5x5_nodiag,medium,medium,p3_c160_mp3_pen0_h2,202,4,4,4,0,523,1134,545,5,335,160,4,6.399343013763428,0
grid_5x5_nodiag,medium,medium,p3_c160_mp3_pen0_h0,202,4,4,3,1,498,1147,447,65,303,167,0,6.6546385288238525,0
grid_5x5_nodiag,medium,medium,p3_c160_mp3_pen0_h2,42,4,6,6,0,603,1352,592,25,409,163,5,6.681023836135864,0
grid_5x5_nodiag,heavy,medium,baseline,42,11,12,5,7,707,1659,580,143,420,245,0,6.246790885925293,0
grid_5x5_nodiag,heavy,medium,baseline,101,9,12,9,3,670,1501,645,126,451,180,0,6.200753211975098,0
grid_5x5_nodiag,medium,medium,p3_c160_mp3_pen0_h5,42,4,6,6,0,611,1377,592,25,409,170,6,6.854963302612305,0
grid_5x5_nodiag,heavy,medium,p3_c40_mp1_pen1_h0,42,7,12,0,12,629,1479,536,146,389,205,0,6.4947192668914795,0
grid_5x5_nodiag,heavy,medium,baseline,202,8,8,5,3,597,1347,567,132,396,167,0,6.800346612930298,0
grid_5x5_nodiag,heavy,medium,p3_c40_mp1_pen1_h0,101,10,12,3,9,722,1710,610,253,458,224,0,6.404837608337402,0
grid_5x5_nodiag,heavy,medium,p3_c40_mp1_pen1_h0,202,4,11,0,11,508,1202,415,102,287,190,0,6.6294615268707275,0
grid_5x5_nodiag,heavy,medium,p3_c40_mp1_pen1_h2,42,7,12,1,11,707,1651,613,183,430,236,5,6.231927156448364,0
grid_5x5_nodiag,heavy,medium,p3_c40_mp1_pen1_h2,101,10,12,5,7,751,1680,710,196,502,204,6,6.722636699676514,0
grid_5x5_nodiag,heavy,medium,p3_c40_mp1_pen1_h2,202,7,12,2,10,674,1514,628,150,421,210,6,6.744835138320923,0
grid_5x5_nodiag,heavy,medium,p3_c40_mp1_pen1_h5,42,7,12,1,11,715,1674,613,183,430,243,6,6.908069372177124,0
grid_5x5_nodiag,heavy,medium,p3_c40_mp1_pen1_h5,101,10,12,5,7,753,1686,710,196,502,206,6,6.862606048583984,0
grid_5x5_nodiag,heavy,medium,p3_c40_mp1_pen0_h0,42,9,12,6,6,670,1512,636,82,462,170,0,6.847745180130005,0
grid_5x5_nodiag,heavy,medium,p3_c40_mp1_pen0_h0,101,10,12,7,5,668,1545,597,134,429,199,0,6.372105598449707,0
grid_5x5_nodiag,heavy,medium,p3_c40_mp1_pen1_h5,202,7,12,2,10,675,1547,596,144,398,234,6,7.599735736846924,0
grid_5x5_nodiag,heavy,medium,p3_c40_mp1_pen0_h0,202,5,11,5,6,578,1291,551,85,369,175,0,6.878361940383911,0
grid_5x5_nodiag,heavy,medium,p3_c40_mp1_pen0_h2,42,9,12,6,6,798,1808,740,182,524,227,6,6.854325532913208,0
grid_5x5_nodiag,heavy,medium,p3_c40_mp1_pen0_h2,101,9,12,8,4,759,1717,700,148,504,209,6,6.721120357513428,0
grid_5x5_nodiag,heavy,medium,p3_c40_mp1_pen0_h2,202,8,12,7,5,762,1676,749,149,514,202,6,6.934689283370972,0
grid_5x5_nodiag,heavy,medium,p3_c40_mp1_pen0_h5,42,9,12,6,6,798,1808,740,182,524,227,6,6.634546518325806,0
grid_5x5_nodiag,heavy,medium,p3_c40_mp1_pen0_h5,202,9,12,7,5,796,1745,788,175,532,216,6,6.487549304962158,0
grid_5x5_nodiag,heavy,medium,p3_c40_mp2_pen1_h5,42,11,12,3,9,780,1792,670,238,487,239,6,5.585789680480957,0
grid_5x5_nodiag,heavy,medium,p3_c40_mp1_pen0_h5,101,9,12,8,4,761,1723,700,148,504,211,6,6.734051942825317,0
grid_5x5_nodiag,heavy,medium,p3_c40_mp2_pen1_h2,202,3,8,4,4,580,1297,552,72,364,181,4,6.057690143585205,0
grid_5x5_nodiag,heavy,medium,p3_c40_mp2_pen1_h0,101,10,12,3,9,715,1648,639,239,455,215,0,6.569859743118286,0
grid_5x5_nodiag,heavy,medium,p3_c40_mp2_pen1_h0,42,8,12,0,12,622,1416,545,150,370,204,0,6.860977649688721,0
grid_5x5_nodiag,heavy,medium,p3_c40_mp2_pen1_h0,202,6,8,1,7,557,1252,520,141,341,180,0,6.688969135284424,0
grid_5x5_nodiag,heavy,medium,p3_c40_mp2_pen1_h2,42,11,12,3,9,780,1792,670,238,487,239,6,6.660274505615234,0
grid_5x5_nodiag,heavy,medium,p3_c40_mp2_pen1_h2,101,11,12,4,8,779,1764,706,226,511,215,6,6.653177976608276,0
grid_5x5_nodiag,heavy,medium,p3_c40_mp2_pen1_h5,101,11,12,4,8,779,1764,706,226,511,215,6,6.53934907913208,0
grid_5x5_nodiag,heavy,medium,p3_c40_mp2_pen0_h0,101,7,12,8,4,676,1514,650,124,454,181,0,5.825356721878052,0
grid_5x5_nodiag,heavy,medium,p3_c40_mp2_pen1_h5,202,5,8,4,4,673,1508,636,125,431,202,6,6.864539384841919,0
grid_5x5_nodiag,heavy,medium,p3_c40_mp2_pen0_h0,42,10,12,6,6,752,1684,714,173,504,199,0,6.280606031417847,0
grid_5x5_nodiag,heavy,medium,p3_c40_mp2_pen0_h0,202,6,8,4,4,532,1227,465,60,322,175,0,6.559860467910767,0
grid_5x5_nodiag,heavy,medium,p3_c40_mp2_pen0_h2,42,9,12,8,4,768,1717,726,155,517,201,6,6.414796829223633,0
grid_5x5_nodiag,heavy,medium,p3_c40_mp2_pen0_h2,101,10,12,8,4,809,1790,787,191,559,199,6,6.513140678405762,0
grid_5x5_nodiag,heavy,medium,p3_c40_mp3_pen1_h0,42,8,12,0,12,662,1483,580,175,400,202,0,5.45690655708313,0
grid_5x5_nodiag,heavy,medium,p3_c40_mp2_pen0_h5,101,10,12,8,4,811,1796,787,191,559,201,6,5.943739414215088,0
grid_5x5_nodiag,heavy,medium,p3_c40_mp2_pen0_h5,42,9,12,8,4,768,1717,726,155,517,201,6,6.431285381317139,0
grid_5x5_nodiag,heavy,medium,p3_c40_mp2_pen0_h2,202,5,8,5,3,608,1335,597,83,388,183,4,6.612030744552612,0
grid_5x5_nodiag,heavy,medium,p3_c40_mp2_pen0_h5,202,6,8,5,3,671,1529,596,101,413,217,6,6.185179948806763,0
grid_5x5_nodiag,heavy,medium,p3_c40_mp3_pen1_h0,101,6,8,3,5,588,1339,547,122,374,175,0,6.3303468227386475,0
grid_5x5_nodiag,heavy,medium,p3_c40_mp3_pen1_h0,202,4,4,0,4,452,1051,385,69,251,169,0,5.749557018280029,0
grid_5x5_nodiag,heavy,medium,p3_c40_mp3_pen1_h2,101,10,12,5,7,759,1689,703,191,501,201,5,5.877911329269409,0
grid_5x5_nodiag,heavy,medium,p3_c40_mp3_pen1_h5,42,9,12,3,9,761,1741,657,184,471,232,6,5.690064191818237,0
grid_5x5_nodiag,heavy,medium,p3_c40_mp3_pen1_h2,42,9,12,3,9,753,1716,657,184,471,225,5,6.465311765670776,0
grid_5x5_nodiag,heavy,medium,p3_c40_mp3_pen1_h2,202,6,12,1,11,668,1482,607,156,397,216,6,6.390447616577148,0
grid_5x5_nodiag,heavy,medium,p3_c40_mp3_pen0_h0,101,5,8,5,3,598,1382,550,105,379,184,0,5.554426670074463,0
grid_5x5_nodiag,heavy,medium,p3_c40_mp3_pen0_h0,42,9,12,6,6,711,1578,663,127,465,194,0,5.851856231689453,0
grid_5x5_nodiag,heavy,medium,p3_c40_mp3_pen1_h5,202,6,12,1,11,674,1500,609,157,398,221,6,5.964221000671387,0
grid_5x5_nodiag,heavy,medium,p3_c40_mp3_pen1_h5,101,10,12,5,7,767,1711,703,191,501,208,6,6.094629526138306,0
grid_5x5_nodiag,heavy,medium,p3_c40_mp3_pen0_h2,42,10,12,7,5,842,1912,759,203,567,219,6,5.975368976593018,0
grid_5x5_nodiag,heavy,medium,p3_c40_mp3_pen0_h2,101,9,12,8,4,742,1649,708,124,506,186,5,5.998522996902466,0
grid_5x5_nodiag,heavy,medium,p3_c40_mp3_pen0_h0,202,4,4,2,2,460,1040,430,48,274,157,0,6.3379199504852295,0
grid_5x5_nodiag,heavy,medium,p3_c40_mp3_pen0_h5,42,10,12,7,5,842,1912,759,203,567,219,6,5.989924192428589,0
grid_5x5_nodiag,heavy,medium,p3_c40_mp3_pen0_h2,202,9,12,6,6,768,1699,723,152,496,215,5,6.119131803512573,0
grid_5x5_nodiag,heavy,medium,p3_c40_mp3_pen0_h5,101,9,12,8,4,750,1671,708,124,506,193,6,6.130735635757446,0
grid_5x5_nodiag,heavy,medium,p3_c100_mp1_pen1_h0,42,7,12,0,12,629,1479,536,146,389,205,0,5.633613109588623,0
grid_5x5_nodiag,heavy,medium,p3_c100_mp1_pen1_h0,101,10,12,3,9,722,1710,610,253,458,224,0,5.708837270736694,0
grid_5x5_nodiag,heavy,medium,p3_c100_mp1_pen1_h0,202,4,11,0,11,508,1202,415,102,287,190,0,5.894810914993286,0
grid_5x5_nodiag,heavy,medium,p3_c40_mp3_pen0_h5,202,9,12,6,6,784,1737,735,159,492,234,6,6.38857102394104,0
grid_5x5_nodiag,heavy,medium,p3_c100_mp1_pen1_h2,101,10,12,5,7,751,1680,710,196,502,204,6,6.035287618637085,0
grid_5x5_nodiag,heavy,medium,p3_c100_mp1_pen1_h5,101,10,12,5,7,753,1686,710,196,502,206,6,5.3030102252960205,0
grid_5x5_nodiag,heavy,medium,p3_c100_mp1_pen1_h2,42,7,12,1,11,707,1651,613,183,430,236,5,6.410292148590088,0
grid_5x5_nodiag,heavy,medium,p3_c100_mp1_pen1_h2,202,7,12,2,10,674,1514,628,150,421,210,6,6.138141632080078,0
grid_5x5_nodiag,heavy,medium,p3_c100_mp1_pen0_h0,42,9,12,6,6,670,1512,636,82,462,170,0,5.5638885498046875,0
grid_5x5_nodiag,heavy,medium,p3_c100_mp1_pen1_h5,42,7,12,1,11,715,1674,613,183,430,243,6,6.132828235626221,0
grid_5x5_nodiag,heavy,medium,p3_c100_mp1_pen0_h0,101,10,12,7,5,668,1545,597,134,429,199,0,5.997256517410278,0
grid_5x5_nodiag,heavy,medium,p3_c100_mp1_pen1_h5,202,7,12,2,10,675,1547,596,144,398,234,6,6.420588731765747,0
grid_5x5_nodiag,heavy,medium,p3_c100_mp1_pen0_h2,101,9,12,8,4,759,1717,700,148,504,209,6,5.264536619186401,0
grid_5x5_nodiag,heavy,medium,p3_c100_mp1_pen0_h0,202,5,11,5,6,578,1291,551,85,369,175,0,6.089289665222168,0
grid_5x5_nodiag,heavy,medium,p3_c100_mp1_pen0_h2,42,9,12,6,6,798,1808,740,182,524,227,6,6.421991348266602,0
grid_5x5_nodiag,heavy,medium,p3_c100_mp1_pen0_h2,202,8,12,7,5,762,1676,749,149,514,202,6,5.787743806838989,0
grid_5x5_nodiag,heavy,medium,p3_c100_mp1_pen0_h5,101,9,12,8,4,761,1723,700,148,504,211,6,5.93884015083313,0
grid_5x5_nodiag,heavy,medium,p3_c100_mp1_pen0_h5,42,9,12,6,6,798,1808,740,182,524,227,6,6.19103741645813,0
grid_5x5_nodiag,heavy,medium,p3_c100_mp2_pen1_h0,202,6,8,1,7,557,1252,520,141,341,180,0,5.886440277099609,0
grid_5x5_nodiag,heavy,medium,p3_c100_mp1_pen0_h5,202,9,12,7,5,796,1745,788,175,532,216,6,6.251014471054077,0
grid_5x5_nodiag,heavy,medium,p3_c100_mp2_pen1_h0,42,8,12,0,12,622,1416,545,150,370,204,0,6.237603425979614,0
grid_5x5_nodiag,heavy,medium,p3_c100_mp2_pen1_h2,202,3,8,4,4,580,1297,552,72,364,181,4,5.503741025924683,0
grid_5x5_nodiag,heavy,medium,p3_c100_mp2_pen1_h0,101,10,12,3,9,715,1648,639,239,455,215,0,6.231129169464111,0
grid_5x5_nodiag,heavy,medium,p3_c100_mp2_pen1_h5,42,11,12,3,9,780,1792,670,238,487,239,6,5.569967031478882,0
grid_5x5_nodiag,heavy,medium,p3_c100_mp2_pen1_h2,101,11,12,4,8,779,1764,706,226,511,215,6,5.902269601821899,0
grid_5x5_nodiag,heavy,medium,p3_c100_mp2_pen1_h2,42,11,12,3,9,780,1792,670,238,487,239,6,6.048171281814575,0
grid_5x5_nodiag,heavy,medium,p3_c100_mp2_pen1_h5,101,11,12,4,8,779,1764,706,226,511,215,6,5.924883127212524,0
grid_5x5_nodiag,heavy,medium,p3_c100_mp2_pen1_h5,202,5,8,4,4,673,1508,636,125,431,202,6,5.9093077182769775,0
grid_5x5_nodiag,heavy,medium,p3_c100_mp2_pen0_h0,42,10,12,6,6,752,1684,714,173,504,199,0,6.075458526611328,0
grid_5x5_nodiag,heavy,medium,p3_c100_mp2_pen0_h0,101,7,12,8,4,676,1514,650,124,454,181,0,6.072038888931274,0
grid_5x5_nodiag,heavy,medium,p3_c100_mp2_pen0_h5,101,10,12,8,4,811,1796,787,191,559,201,6,4.64516282081604,0
grid_5x5_nodiag,heavy,medium,p3_c100_mp2_pen0_h0,202,6,8,4,4,532,1227,465,60,322,175,0,6.157318592071533,0
grid_5x5_nodiag,heavy,medium,p3_c100_mp2_pen0_h2,42,9,12,8,4,768,1717,726,155,517,201,6,6.253880023956299,0
grid_5x5_nodiag,heavy,medium,p3_c100_mp3_pen1_h0,42,8,12,0,12,662,1483,580,175,400,202,0,5.574336767196655,0
grid_5x5_nodiag,heavy,medium,p3_c100_mp2_pen0_h2,202,5,8,5,3,608,1335,597,83,388,183,4,6.225604295730591,0
grid_5x5_nodiag,heavy,medium,p3_c100_mp2_pen0_h2,101,10,12,8,4,809,1790,787,191,559,199,6,6.284294128417969,0
grid_5x5_nodiag,heavy,medium,p3_c100_mp2_pen0_h5,202,6,8,5,3,671,1529,596,101,413,217,6,5.917775392532349,0
grid_5x5_nodiag,heavy,medium,p3_c100_mp2_pen0_h5,42,9,12,8,4,768,1717,726,155,517,201,6,6.370631217956543,0
grid_5x5_nodiag,heavy,medium,p3_c100_mp3_pen1_h2,42,9,12,3,9,753,1716,657,184,471,225,5,5.79436993598938,0
grid_5x5_nodiag,heavy,medium,p3_c100_mp3_pen1_h0,101,6,8,3,5,588,1339,547,122,374,175,0,6.25969934463501,0
grid_5x5_nodiag,heavy,medium,p3_c100_mp3_pen1_h0,202,4,4,0,4,452,1051,385,69,251,169,0,6.14989447593689,0
grid_5x5_nodiag,heavy,medium,p3_c100_mp3_pen1_h2,101,10,12,5,7,759,1689,703,191,501,201,5,6.101564884185791,0
grid_5x5_nodiag,heavy,medium,p3_c100_mp3_pen1_h2,202,6,12,1,11,668,1482,607,156,397,216,6,5.920835494995117,0
grid_5x5_nodiag,heavy,medium,p3_c100_mp3_pen1_h5,42,9,12,3,9,761,1741,657,184,471,232,6,5.960596084594727,0
grid_5x5_nodiag,heavy,medium,p3_c100_mp3_pen1_h5,202,6,12,1,11,674,1500,609,157,398,221,6,5.885409593582153,0
grid_5x5_nodiag,heavy,medium,p3_c100_mp3_pen1_h5,101,10,12,5,7,767,1711,703,191,501,208,6,6.160932302474976,0
grid_5x5_nodiag,heavy,medium,p3_c100_mp3_pen0_h0,42,9,12,6,6,711,1578,663,127,465,194,0,5.687527179718018,0
grid_5x5_nodiag,heavy,medium,p3_c105_mp1_pen1_h0,101,9,12,11,1,755,1683,757,174,547,169,0,4.698404550552368,0
grid_5x5_nodiag,heavy,medium,p3_c100_mp3_pen0_h2,42,10,12,7,5,842,1912,759,203,567,219,6,5.712276458740234,0
grid_5x5_nodiag,heavy,medium,p3_c100_mp3_pen0_h0,202,4,4,2,2,460,1040,430,48,274,157,0,5.960801124572754,0
grid_5x5_nodiag,heavy,medium,p3_c100_mp3_pen0_h2,101,9,12,8,4,742,1649,708,124,506,186,5,5.947187900543213,0
grid_5x5_nodiag,heavy,medium,p3_c100_mp3_pen0_h0,101,5,8,5,3,598,1382,550,105,379,184,0,6.18330454826355,0
grid_5x5_nodiag,heavy,medium,p3_c100_mp3_pen0_h5,202,9,12,6,6,784,1737,735,159,492,234,6,5.7531702518463135,0
grid_5x5_nodiag,heavy,medium,p3_c100_mp3_pen0_h2,202,9,12,6,6,768,1699,723,152,496,215,5,6.230097770690918,0
grid_5x5_nodiag,heavy,medium,p3_c100_mp3_pen0_h5,42,10,12,7,5,842,1912,759,203,567,219,6,6.235054016113281,0
grid_5x5_nodiag,heavy,medium,p3_c100_mp3_pen0_h5,101,9,12,8,4,750,1671,708,124,506,193,6,6.213401556015015,0
grid_5x5_nodiag,heavy,medium,p3_c105_mp1_pen1_h0,42,9,12,9,3,767,1728,726,141,534,192,0,5.97238826751709,0
grid_5x5_nodiag,heavy,medium,p3_c105_mp1_pen1_h0,202,7,8,6,2,562,1259,544,85,368,161,0,6.112865924835205,0
grid_5x5_nodiag,heavy,medium,p3_c105_mp1_pen1_h2,42,8,12,10,2,762,1706,732,105,540,178,6,6.233141899108887,0
grid_5x5_nodiag,heavy,medium,p3_c105_mp1_pen1_h2,202,12,12,11,1,765,1689,742,103,535,183,5,5.880419015884399,0
grid_5x5_nodiag,heavy,medium,p3_c105_mp1_pen1_h2,101,11,12,9,3,828,1830,820,194,578,201,6,6.270652532577515,0
grid_5x5_nodiag,heavy,medium,p3_c105_mp1_pen1_h5,101,11,12,9,3,828,1830,820,194,578,201,6,5.926006555557251,0
grid_5x5_nodiag,heavy,medium,p3_c105_mp1_pen1_h5,202,10,12,11,1,725,1632,671,67,487,193,6,6.037022829055786,0
grid_5x5_nodiag,heavy,medium,p3_c105_mp1_pen0_h0,42,9,12,9,3,767,1728,726,141,534,192,0,5.972706317901611,0
grid_5x5_nodiag,heavy,medium,p3_c105_mp1_pen1_h5,42,8,12,10,2,762,1706,732,105,540,178,6,6.269491910934448,0
grid_5x5_nodiag,heavy,medium,p3_c105_mp1_pen0_h0,101,9,12,11,1,755,1683,757,174,547,169,0,6.181985139846802,0
grid_5x5_nodiag,heavy,medium,p3_c105_mp1_pen0_h0,202,7,8,6,2,562,1259,544,85,368,161,0,6.084188222885132,0
grid_5x5_nodiag,heavy,medium,p3_c105_mp1_pen0_h2,42,8,12,10,2,762,1706,732,105,540,178,6,5.974496603012085,0
grid_5x5_nodiag,heavy,medium,p3_c105_mp1_pen0_h2,202,12,12,11,1,765,1689,742,103,535,183,5,5.931706666946411,0
grid_5x5_nodiag,heavy,medium,p3_c105_mp1_pen0_h2,101,11,12,9,3,828,1830,820,194,578,201,6,6.223714828491211,0
grid_5x5_nodiag,heavy,medium,p3_c105_mp1_pen0_h5,42,8,12,10,2,762,1706,732,105,540,178,6,6.271937131881714,0
grid_5x5_nodiag,heavy,medium,p3_c105_mp1_pen0_h5,101,11,12,9,3,828,1830,820,194,578,201,6,6.188152551651001,0
grid_5x5_nodiag,heavy,medium,p3_c105_mp1_pen0_h5,202,10,12,11,1,725,1632,671,67,487,193,6,5.985970735549927,0
grid_5x5_nodiag,heavy,medium,p3_c105_mp2_pen1_h2,202,12,12,11,1,765,1689,740,102,534,183,5,5.080888032913208,0
grid_5x5_nodiag,heavy,medium,p3_c105_mp2_pen1_h0,42,9,12,9,3,745,1680,698,112,515,187,0,6.227408170700073,0
grid_5x5_nodiag,heavy,medium,p3_c105_mp2_pen1_h0,101,9,12,11,1,749,1649,762,163,546,162,0,6.1641950607299805,0
grid_5x5_nodiag,heavy,medium,p3_c105_mp2_pen1_h2,42,10,12,9,3,828,1858,781,187,584,193,6,6.143610000610352,0
grid_5x5_nodiag,heavy,medium,p3_c105_mp2_pen1_h0,202,7,8,5,3,616,1380,593,153,417,162,0,6.214809417724609,0
grid_5x5_nodiag,heavy,medium,p3_c105_mp2_pen0_h0,101,9,12,11,1,749,1649,762,163,546,162,0,5.508187770843506,0
grid_5x5_nodiag,heavy,medium,p3_c105_mp2_pen1_h5,42,10,12,9,3,830,1867,781,187,584,195,6,6.264797925949097,0
grid_5x5_nodiag,heavy,medium,p3_c105_mp2_pen1_h2,101,11,12,9,3,794,1767,767,156,552,192,6,6.349409103393555,0
grid_5x5_nodiag,heavy,medium,p3_c105_mp2_pen0_h0,42,9,12,9,3,745,1680,698,112,515,187,0,5.905916452407837,0
grid_5x5_nodiag,heavy,medium,p3_c105_mp2_pen1_h5,202,10,12,11,1,726,1631,671,67,487,193,6,6.122167587280273,0
grid_5x5_nodiag,heavy,medium,p3_c105_mp2_pen1_h5,101,11,12,9,3,794,1767,767,156,552,192,6,6.309395790100098,0
grid_5x5_nodiag,heavy,medium,p3_c105_mp2_pen0_h0,202,7,8,5,3,616,1380,593,153,417,162,0,6.117657661437988,0
grid_5x5_nodiag,heavy,medium,p3_c105_mp2_pen0_h2,42,10,12,9,3,828,1858,781,187,584,193,6,5.817121505737305,0
grid_5x5_nodiag,heavy,medium,p3_c105_mp2_pen0_h2,101,11,12,9,3,794,1767,767,156,552,192,6,6.052258491516113,0
grid_5x5_nodiag,heavy,medium,p3_c105_mp2_pen0_h5,42,10,12,9,3,828,1858,781,187,584,193,6,5.9916040897369385,0
grid_5x5_nodiag,heavy,medium,p3_c105_mp2_pen0_h2,202,12,12,11,1,765,1689,740,102,534,183,5,6.3116419315338135,0
grid_5x5_nodiag,heavy,medium,p3_c105_mp2_pen0_h5,101,11,12,9,3,794,1767,767,156,552,192,6,5.772239446640015,0
grid_5x5_nodiag,heavy,medium,p3_c105_mp2_pen0_h5,202,10,12,11,1,726,1631,671,67,487,193,6,6.002045154571533,0
grid_5x5_nodiag,heavy,medium,p3_c105_mp3_pen1_h0,42,9,12,9,3,802,1797,755,168,558,196,0,6.122472286224365,0
grid_5x5_nodiag,heavy,medium,p3_c105_mp3_pen1_h0,101,9,12,10,2,752,1679,731,182,528,179,0,6.393620729446411,0
grid_5x5_nodiag,heavy,medium,p3_c105_mp3_pen1_h0,202,8,8,5,3,649,1455,619,183,439,169,0,6.09033465385437,0
grid_5x5_nodiag,heavy,medium,p3_c105_mp3_pen1_h2,42,9,12,9,3,783,1738,748,139,538,193,6,6.122954368591309,0
grid_5x5_nodiag,heavy,medium,p3_c105_mp3_pen1_h2,202,12,12,11,1,774,1719,736,101,536,188,6,6.0737144947052,0
grid_5x5_nodiag,heavy,medium,p3_c105_mp3_pen1_h2,101,11,12,9,3,849,1862,848,210,599,197,6,6.320102691650391,0
grid_5x5_nodiag,heavy,medium,p3_c105_mp3_pen1_h5,42,9,12,9,3,785,1747,748,139,538,195,6,6.094777345657349,0
grid_5x5_nodiag,heavy,medium,p3_c105_mp3_pen0_h0,42,9,12,9,3,802,1797,755,168,558,196,0,5.268537521362305,0
grid_5x5_nodiag,heavy,medium,p3_c105_mp3_pen1_h5,101,11,12,9,3,849,1862,848,210,599,197,6,5.964327335357666,0
grid_5x5_nodiag,heavy,medium,p3_c105_mp3_pen1_h5,202,10,12,11,1,727,1630,673,67,487,193,6,5.806828498840332,0
grid_5x5_nodiag,heavy,medium,p3_c105_mp3_pen0_h0,101,9,12,10,2,752,1679,731,182,528,179,0,5.690950870513916,0
grid_5x5_nodiag,heavy,medium,p3_c105_mp3_pen0_h0,202,8,8,5,3,650,1450,622,183,441,167,0,5.975680828094482,0
grid_5x5_nodiag,heavy,medium,p3_c105_mp3_pen0_h5,202,10,12,11,1,727,1630,673,67,487,193,6,5.0971434116363525,0
grid_5x5_nodiag,heavy,medium,p3_c105_mp3_pen0_h2,42,9,12,9,3,783,1738,748,139,538,193,6,5.817995548248291,0
grid_5x5_nodiag,heavy,medium,p3_c105_mp3_pen0_h5,101,11,12,9,3,849,1862,848,210,599,197,6,5.52575945854187,0
grid_5x5_nodiag,heavy,medium,p3_c105_mp3_pen0_h2,101,11,12,9,3,849,1862,848,210,599,197,6,6.1207275390625,0
grid_5x5_nodiag,heavy,medium,p3_c105_mp3_pen0_h2,202,12,12,11,1,774,1719,736,101,536,188,6,6.217746019363403,0
grid_5x5_nodiag,heavy,medium,p3_c105_mp3_pen0_h5,42,9,12,9,3,783,1738,748,139,538,193,6,6.229809284210205,0
grid_5x5_nodiag,heavy,medium,p3_c120_mp1_pen1_h0,42,9,12,9,3,767,1728,726,141,534,192,0,6.181025266647339,0
grid_5x5_nodiag,heavy,medium,p3_c120_mp1_pen1_h0,101,9,12,11,1,755,1683,757,174,547,169,0,6.003961801528931,0
grid_5x5_nodiag,heavy,medium,p3_c120_mp1_pen1_h2,42,8,12,10,2,762,1706,732,105,540,178,6,6.043989419937134,0
grid_5x5_nodiag,heavy,medium,p3_c120_mp1_pen1_h2,202,12,12,11,1,765,1689,742,103,535,183,5,5.356154680252075,0
grid_5x5_nodiag,heavy,medium,p3_c120_mp1_pen1_h0,202,7,8,6,2,562,1259,544,85,368,161,0,6.1510255336761475,0
grid_5x5_nodiag,heavy,medium,p3_c120_mp1_pen1_h2,101,11,12,9,3,828,1830,820,194,578,201,6,5.791746377944946,0
grid_5x5_nodiag,heavy,medium,p3_c120_mp1_pen1_h5,42,8,12,10,2,762,1706,732,105,540,178,6,6.103976488113403,0
grid_5x5_nodiag,heavy,medium,p3_c120_mp1_pen1_h5,101,11,12,9,3,828,1830,820,194,578,201,6,6.2709105014801025,0
grid_5x5_nodiag,heavy,medium,p3_c120_mp1_pen1_h5,202,10,12,11,1,725,1632,671,67,487,193,6,6.230614423751831,0
grid_5x5_nodiag,heavy,medium,p3_c120_mp1_pen0_h0,42,9,12,9,3,767,1728,726,141,534,192,0,6.024353981018066,0
grid_5x5_nodiag,heavy,medium,p3_c120_mp1_pen0_h0,101,9,12,11,1,755,1683,757,174,547,169,0,5.959251403808594,0
grid_5x5_nodiag,heavy,medium,p3_c120_mp1_pen0_h0,202,7,8,6,2,562,1259,544,85,368,161,0,6.179405927658081,0
grid_5x5_nodiag,heavy,medium,p3_c120_mp1_pen0_h2,42,8,12,10,2,762,1706,732,105,540,178,6,6.171165466308594,0
grid_5x5_nodiag,heavy,medium,p3_c120_mp1_pen0_h5,101,11,12,9,3,828,1830,820,194,578,201,6,5.441721439361572,0
grid_5x5_nodiag,heavy,medium,p3_c120_mp1_pen0_h5,42,8,12,10,2,762,1706,732,105,540,178,6,5.8000099658966064,0
grid_5x5_nodiag,heavy,medium,p3_c120_mp2_pen1_h0,101,9,12,11,1,749,1649,762,163,546,162,0,5.514840602874756,0
grid_5x5_nodiag,heavy,medium,p3_c120_mp1_pen0_h2,202,12,12,11,1,765,1689,742,103,535,183,5,6.0639567375183105,0
grid_5x5_nodiag,heavy,medium,p3_c120_mp1_pen0_h2,101,11,12,9,3,828,1830,820,194,578,201,6,6.3645405769348145,0
grid_5x5_nodiag,heavy,medium,p3_c120_mp1_pen0_h5,202,10,12,11,1,725,1632,671,67,487,193,6,6.120403051376343,0
grid_5x5_nodiag,heavy,medium,p3_c120_mp2_pen1_h0,42,9,12,9,3,745,1680,698,112,515,187,0,6.393992185592651,0
grid_5x5_nodiag,heavy,medium,p3_c120_mp2_pen1_h0,202,7,8,5,3,616,1380,593,153,417,162,0,5.8962719440460205,0
grid_5x5_nodiag,heavy,medium,p3_c120_mp2_pen1_h2,42,10,12,9,3,828,1858,781,187,584,193,6,5.7734599113464355,0
grid_5x5_nodiag,heavy,medium,p3_c120_mp2_pen1_h5,42,10,12,9,3,830,1867,781,187,584,195,6,5.595708608627319,0
grid_5x5_nodiag,heavy,medium,p3_c120_mp2_pen1_h2,101,11,12,9,3,794,1767,767,156,552,192,6,6.205987930297852,0
grid_5x5_nodiag,heavy,medium,p3_c120_mp2_pen1_h2,202,12,12,11,1,765,1689,740,102,534,183,5,6.21650242805481,0
grid_5x5_nodiag,heavy,medium,p3_c120_mp2_pen0_h2,42,10,12,9,3,828,1858,781,187,584,193,6,5.1361589431762695,0
grid_5x5_nodiag,heavy,medium,p3_c120_mp2_pen0_h0,42,9,12,9,3,745,1680,698,112,515,187,0,5.795264482498169,0
grid_5x5_nodiag,heavy,medium,p3_c120_mp2_pen1_h5,101,11,12,9,3,794,1767,767,156,552,192,6,6.246668815612793,0
grid_5x5_nodiag,heavy,medium,p3_c120_mp2_pen0_h5,42,10,12,9,3,828,1858,781,187,584,193,6,5.367966890335083,0
grid_5x5_nodiag,heavy,medium,p3_c120_mp2_pen1_h5,202,10,12,11,1,726,1631,671,67,487,193,6,6.269767761230469,0
grid_5x5_nodiag,heavy,medium,p3_c120_mp2_pen0_h0,101,9,12,11,1,749,1649,762,163,546,162,0,6.045916318893433,0
grid_5x5_nodiag,heavy,medium,p3_c120_mp2_pen0_h2,101,11,12,9,3,794,1767,767,156,552,192,6,5.957823991775513,0
grid_5x5_nodiag,heavy,medium,p3_c120_mp2_pen0_h0,202,7,8,5,3,616,1380,593,153,417,162,0,6.328645706176758,0
grid_5x5_nodiag,heavy,medium,p3_c120_mp2_pen0_h2,202,12,12,11,1,765,1689,740,102,534,183,5,6.201754331588745,0
grid_5x5_nodiag,heavy,medium,p3_c120_mp2_pen0_h5,101,11,12,9,3,794,1767,767,156,552,192,6,6.240715026855469,0
grid_5x5_nodiag,heavy,medium,p3_c120_mp2_pen0_h5,202,10,12,11,1,726,1631,671,67,487,193,6,6.107940673828125,0
grid_5x5_nodiag,heavy,medium,p3_c120_mp3_pen1_h0,101,9,12,10,2,752,1679,731,182,528,179,0,6.12327766418457,0
grid_5x5_nodiag,heavy,medium,p3_c120_mp3_pen1_h0,202,8,8,5,3,649,1455,619,183,439,169,0,6.0508036613464355,0
grid_5x5_nodiag,heavy,medium,p3_c120_mp3_pen1_h0,42,9,12,9,3,802,1797,755,168,558,196,0,6.3582892417907715,0
grid_5x5_nodiag,heavy,medium,p3_c120_mp3_pen1_h2,42,9,12,9,3,783,1738,748,139,538,193,6,5.5957770347595215,0
grid_5x5_nodiag,heavy,medium,p3_c120_mp3_pen1_h2,202,12,12,11,1,774,1719,736,101,536,188,6,5.9205756187438965,0
grid_5x5_nodiag,heavy,medium,p3_c120_mp3_pen1_h2,101,11,12,9,3,849,1862,848,210,599,197,6,6.372928619384766,0
grid_5x5_nodiag,heavy,medium,p3_c120_mp3_pen0_h0,101,9,12,10,2,752,1679,731,182,528,179,0,5.778132677078247,0
grid_5x5_nodiag,heavy,medium,p3_c120_mp3_pen1_h5,42,9,12,9,3,785,1747,748,139,538,195,6,6.39630126953125,0
grid_5x5_nodiag,heavy,medium,p3_c120_mp3_pen0_h0,42,9,12,9,3,802,1797,755,168,558,196,0,6.154866933822632,0
grid_5x5_nodiag,heavy,medium,p3_c120_mp3_pen1_h5,202,10,12,11,1,727,1630,673,67,487,193,6,6.215181350708008,0
grid_5x5_nodiag,heavy,medium,p3_c120_mp3_pen0_h0,202,8,8,5,3,650,1450,622,183,441,167,0,5.518883943557739,0
grid_5x5_nodiag,heavy,medium,p3_c120_mp3_pen1_h5,101,11,12,9,3,849,1862,848,210,599,197,6,6.399995565414429,0
grid_5x5_nodiag,heavy,medium,p3_c120_mp3_pen0_h2,101,11,12,9,3,849,1862,848,210,599,197,6,5.738704681396484,0
grid_5x5_nodiag,heavy,medium,p3_c120_mp3_pen0_h2,42,9,12,9,3,783,1738,748,139,538,193,6,6.183083772659302,0
grid_5x5_nodiag,heavy,medium,p3_c120_mp3_pen0_h5,101,11,12,9,3,849,1862,848,210,599,197,6,5.8983094692230225,0
grid_5x5_nodiag,heavy,medium,p3_c120_mp3_pen0_h2,202,12,12,11,1,774,1719,736,101,536,188,6,6.179735422134399,0
grid_5x5_nodiag,heavy,medium,p3_c120_mp3_pen0_h5,42,9,12,9,3,783,1738,748,139,538,193,6,6.020801067352295,0
grid_5x5_nodiag,heavy,medium,p3_c160_mp1_pen1_h0,42,9,12,9,3,767,1728,726,141,534,192,0,5.97979736328125,0
grid_5x5_nodiag,heavy,medium,p3_c120_mp3_pen0_h5,202,10,12,11,1,727,1630,673,67,487,193,6,6.105806589126587,0
grid_5x5_nodiag,heavy,medium,p3_c160_mp1_pen1_h2,101,11,12,9,3,828,1830,820,194,578,201,6,5.619912385940552,0
grid_5x5_nodiag,heavy,medium,p3_c160_mp1_pen1_h0,101,9,12,11,1,755,1683,757,174,547,169,0,6.157474517822266,0
grid_5x5_nodiag,heavy,medium,p3_c160_mp1_pen1_h0,202,7,8,6,2,562,1259,544,85,368,161,0,6.1726038455963135,0
grid_5x5_nodiag,heavy,medium,p3_c160_mp1_pen1_h2,42,8,12,10,2,762,1706,732,105,540,178,6,6.412781476974487,0
grid_5x5_nodiag,heavy,medium,p3_c160_mp1_pen1_h2,202,12,12,11,1,765,1689,742,103,535,183,5,6.1890716552734375,0
grid_5x5_nodiag,heavy,medium,p3_c160_mp1_pen1_h5,101,11,12,9,3,828,1830,820,194,578,201,6,6.001751899719238,0
grid_5x5_nodiag,heavy,medium,p3_c160_mp1_pen1_h5,42,8,12,10,2,762,1706,732,105,540,178,6,6.207236289978027,0
grid_5x5_nodiag,heavy,medium,p3_c160_mp1_pen0_h0,101,9,12,11,1,755,1683,757,174,547,169,0,4.636145830154419,0
grid_5x5_nodiag,heavy,medium,p3_c160_mp1_pen1_h5,202,10,12,11,1,725,1632,671,67,487,193,6,5.966728448867798,0
grid_5x5_nodiag,heavy,medium,p3_c160_mp1_pen0_h0,42,9,12,9,3,767,1728,726,141,534,192,0,6.153438329696655,0
grid_5x5_nodiag,heavy,medium,p3_c160_mp1_pen0_h0,202,7,8,6,2,562,1259,544,85,368,161,0,5.908103704452515,0
grid_5x5_nodiag,heavy,medium,p3_c160_mp1_pen0_h2,101,11,12,9,3,828,1830,820,194,578,201,6,5.875343561172485,0
grid_5x5_nodiag,heavy,medium,p3_c160_mp1_pen0_h2,42,8,12,10,2,762,1706,732,105,540,178,6,6.243026494979858,0
grid_5x5_nodiag,heavy,medium,p3_c160_mp1_pen0_h2,202,12,12,11,1,765,1689,742,103,535,183,5,6.1336236000061035,0
grid_5x5_nodiag,heavy,medium,p3_c160_mp1_pen0_h5,42,8,12,10,2,762,1706,732,105,540,178,6,6.36104679107666,0
grid_5x5_nodiag,heavy,medium,p3_c160_mp2_pen1_h0,101,9,12,11,1,749,1649,762,163,546,162,0,5.9495038986206055,0
grid_5x5_nodiag,heavy,medium,p3_c160_mp1_pen0_h5,202,10,12,11,1,725,1632,671,67,487,193,6,6.224460124969482,0
grid_5x5_nodiag,heavy,medium,p3_c160_mp1_pen0_h5,101,11,12,9,3,828,1830,820,194,578,201,6,6.341565370559692,0
grid_5x5_nodiag,heavy,medium,p3_c160_mp2_pen1_h0,202,7,8,5,3,616,1380,593,153,417,162,0,6.169764518737793,0
grid_5x5_nodiag,heavy,medium,p3_c160_mp2_pen1_h0,42,9,12,9,3,745,1680,698,112,515,187,0,6.327679872512817,0
grid_5x5_nodiag,heavy,medium,p3_c160_mp2_pen1_h2,42,10,12,9,3,828,1858,781,187,584,193,6,6.354299783706665,0
grid_5x5_nodiag,heavy,medium,p3_c160_mp2_pen1_h2,101,11,12,9,3,794,1767,767,156,552,192,6,6.01467752456665,0
grid_5x5_nodiag,heavy,medium,p3_c160_mp2_pen1_h5,202,10,12,11,1,726,1631,671,67,487,193,6,5.176398754119873,0
grid_5x5_nodiag,heavy,medium,p3_c160_mp2_pen1_h5,42,10,12,9,3,830,1867,781,187,584,195,6,5.623265504837036,0
grid_5x5_nodiag,heavy,medium,p3_c160_mp2_pen1_h2,202,12,12,11,1,765,1689,740,102,534,183,5,6.369265794754028,0
grid_5x5_nodiag,heavy,medium,p3_c160_mp2_pen1_h5,101,11,12,9,3,794,1767,767,156,552,192,6,5.782083988189697,0
grid_5x5_nodiag,heavy,medium,p3_c160_mp2_pen0_h0,42,9,12,9,3,745,1680,698,112,515,187,0,5.829909563064575,0
grid_5x5_nodiag,heavy,medium,p3_c160_mp2_pen0_h2,101,11,12,9,3,794,1767,767,156,552,192,6,5.485576629638672,0
grid_5x5_nodiag,heavy,medium,p3_c160_mp2_pen0_h0,101,9,12,11,1,749,1649,762,163,546,162,0,6.0073113441467285,0
grid_5x5_nodiag,heavy,medium,p3_c160_mp2_pen0_h0,202,7,8,5,3,616,1380,593,153,417,162,0,6.021464586257935,0
grid_5x5_nodiag,heavy,medium,p3_c160_mp2_pen0_h5,202,10,12,11,1,726,1631,671,67,487,193,6,5.318087577819824,0
grid_5x5_nodiag,heavy,medium,p3_c160_mp2_pen0_h2,42,10,12,9,3,828,1858,781,187,584,193,6,6.120384693145752,0
grid_5x5_nodiag,heavy,medium,p3_c160_mp2_pen0_h2,202,12,12,11,1,765,1689,740,102,534,183,5,6.1534388065338135,0
grid_5x5_nodiag,heavy,medium,p3_c160_mp2_pen0_h5,101,11,12,9,3,794,1767,767,156,552,192,6,5.972246408462524,0
grid_5x5_nodiag,heavy,medium,p3_c160_mp2_pen0_h5,42,10,12,9,3,828,1858,781,187,584,193,6,6.3545308113098145,0
grid_5x5_nodiag,heavy,medium,p3_c160_mp3_pen1_h0,42,9,12,9,3,802,1797,755,168,558,196,0,6.1588709354400635,0
grid_5x5_nodiag,heavy,medium,p3_c160_mp3_pen1_h0,202,8,8,5,3,649,1455,619,183,439,169,0,5.566548824310303,0
grid_5x5_nodiag,heavy,medium,p3_c160_mp3_pen1_h0,101,9,12,10,2,752,1679,731,182,528,179,0,6.092928886413574,0
grid_5x5_nodiag,heavy,medium,p3_c160_mp3_pen1_h2,42,9,12,9,3,783,1738,748,139,538,193,6,5.86805534362793,0
grid_5x5_nodiag,heavy,medium,p3_c160_mp3_pen1_h2,101,11,12,9,3,849,1862,848,210,599,197,6,6.402090072631836,0
grid_5x5_nodiag,heavy,medium,p3_c160_mp3_pen1_h2,202,12,12,11,1,774,1719,736,101,536,188,6,6.306520223617554,0
grid_5x5_nodiag,heavy,medium,p3_c160_mp3_pen1_h5,42,9,12,9,3,785,1747,748,139,538,195,6,6.037527561187744,0
grid_5x5_nodiag,heavy,medium,p3_c160_mp3_pen1_h5,202,10,12,11,1,727,1630,673,67,487,193,6,5.759360074996948,0
grid_5x5_nodiag,heavy,medium,p3_c160_mp3_pen0_h0,101,9,12,10,2,752,1679,731,182,528,179,0,5.586968660354614,0
grid_5x5_nodiag,heavy,medium,p3_c160_mp3_pen1_h5,101,11,12,9,3,849,1862,848,210,599,197,6,6.2215492725372314,0
grid_5x5_nodiag,heavy,medium,p3_c160_mp3_pen0_h2,202,12,12,11,1,774,1719,736,101,536,188,6,5.758991956710815,0
grid_5x5_nodiag,heavy,medium,p3_c160_mp3_pen0_h0,202,8,8,5,3,650,1450,622,183,441,167,0,6.315790414810181,0
grid_5x5_nodiag,heavy,medium,p3_c160_mp3_pen0_h0,42,9,12,9,3,802,1797,755,168,558,196,0,6.392703294754028,0
grid_5x5_nodiag,heavy,medium,p3_c160_mp3_pen0_h2,101,11,12,9,3,849,1862,848,210,599,197,6,6.161011457443237,0
grid_5x5_nodiag,heavy,medium,p3_c160_mp3_pen0_h2,42,9,12,9,3,783,1738,748,139,538,193,6,6.340486526489258,0
grid_5x5_nodiag,heavy,medium,p3_c160_mp3_pen0_h5,202,10,12,11,1,727,1630,673,67,487,193,6,5.575111627578735,0
grid_5x5_nodiag,heavy,medium,p3_c160_mp3_pen0_h5,42,9,12,9,3,783,1738,748,139,538,193,6,6.402363538742065,0
grid_5x5_nodiag,sparse,medium,baseline,101,3,4,3,1,511,1179,477,72,314,172,0,5.314474105834961,0
grid_5x5_nodiag,heavy,medium,p3_c160_mp3_pen0_h5,101,11,12,9,3,849,1862,848,210,599,197,6,6.247153997421265,0
grid_5x5_nodiag,sparse,medium,baseline,42,3,5,4,1,509,1188,459,40,316,168,0,6.131215810775757,0
grid_5x5_nodiag,sparse,medium,baseline,202,2,4,4,0,504,1126,507,28,334,147,0,6.082653999328613,0
grid_5x5_nodiag,sparse,medium,p3_c40_mp1_pen1_h0,202,3,3,0,3,467,1094,414,72,281,164,0,5.636581897735596,0
grid_5x5_nodiag,sparse,medium,p3_c40_mp1_pen1_h0,101,3,4,2,2,490,1136,449,70,289,177,0,5.872231960296631,0
grid_5x5_nodiag,sparse,medium,p3_c40_mp1_pen1_h2,42,3,5,2,3,531,1271,435,51,327,176,4,5.928280830383301,0
grid_5x5_nodiag,sparse,medium,p3_c40_mp1_pen1_h0,42,5,5,2,3,544,1278,480,110,345,172,0,6.384962797164917,0
grid_5x5_nodiag,sparse,medium,p3_c40_mp1_pen1_h2,101,4,4,2,2,521,1196,474,51,316,176,5,5.55378270149231,0
grid_5x5_nodiag,sparse,medium,p3_c40_mp1_pen1_h5,101,4,4,2,2,529,1218,474,51,316,183,6,5.656809568405151,0
grid_5x5_nodiag,sparse,medium,p3_c40_mp1_pen1_h2,202,3,3,0,3,506,1120,497,71,295,183,6,6.071807384490967,0
grid_5x5_nodiag,sparse,medium,p3_c40_mp1_pen1_h5,202,3,3,0,3,508,1127,495,71,295,185,6,5.638456106185913,0
grid_5x5_nodiag,sparse,medium,p3_c40_mp1_pen1_h5,42,3,5,2,3,547,1318,435,51,327,190,6,6.269195795059204,0
grid_5x5_nodiag,sparse,medium,p3_c40_mp1_pen0_h0,42,5,5,2,3,544,1278,480,110,345,172,0,5.636134147644043,0
grid_5x5_nodiag,sparse,medium,p3_c40_mp1_pen0_h0,101,3,4,2,2,490,1136,449,70,289,177,0,5.98006534576416,0
grid_5x5_nodiag,sparse,medium,p3_c40_mp1_pen0_h0,202,3,3,0,3,467,1094,414,72,281,164,0,5.7124035358428955,0
grid_5x5_nodiag,sparse,medium,p3_c40_mp1_pen0_h2,42,3,5,2,3,552,1287,488,73,347,176,4,5.7490410804748535,0
grid_5x5_nodiag,sparse,medium,p3_c40_mp1_pen0_h5,42,3,5,2,3,568,1334,488,73,347,190,6,5.7399280071258545,0
grid_5x5_nodiag,sparse,medium,p3_c40_mp1_pen0_h2,101,4,4,2,2,521,1196,474,51,316,176,5,6.2363386154174805,0
grid_5x5_nodiag,sparse,medium,p3_c40_mp1_pen0_h2,202,3,3,0,3,506,1120,497,71,295,183,6,6.149203777313232,0
grid_5x5_nodiag,sparse,medium,p3_c40_mp1_pen0_h5,101,4,4,2,2,529,1218,474,51,316,183,6,5.959854364395142,0
grid_5x5_nodiag,sparse,medium,p3_c40_mp2_pen1_h0,42,2,5,2,3,491,1130,451,50,305,160,0,5.669488191604614,0
grid_5x5_nodiag,sparse,medium,p3_c40_mp1_pen0_h5,202,3,3,0,3,508,1127,495,71,295,185,6,6.135623455047607,0
grid_5x5_nodiag,sparse,medium,p3_c40_mp2_pen0_h0,202,3,3,0,3,449,1032,406,76,260,164,0,4.531240463256836,0
grid_5x5_nodiag,sparse,medium,p3_c40_mp2_pen1_h0,101,3,4,2,2,491,1133,453,70,289,177,0,6.083782911300659,0
grid_5x5_nodiag,sparse,medium,p3_c40_mp2_pen1_h2,42,3,5,1,4,587,1347,533,76,367,187,5,6.054765462875366,0
grid_5x5_nodiag,sparse,medium,p3_c40_mp2_pen1_h0,202,3,3,0,3,449,1032,406,76,260,164,0,6.227280616760254,0
grid_5x5_nodiag,sparse,medium,p3_c40_mp2_pen1_h2,101,4,4,2,2,551,1272,493,80,343,176,5,6.217670440673828,0
grid_5x5_nodiag,sparse,medium,p3_c40_mp2_pen1_h5,202,2,4,2,2,513,1130,501,45,297,186,6,5.760442018508911,0
grid_5x5_nodiag,sparse,medium,p3_c40_mp2_pen1_h2,202,3,4,2,2,498,1088,499,45,299,170,4,6.234650373458862,0
grid_5x5_nodiag,sparse,medium,p3_c40_mp2_pen1_h5,42,3,5,1,4,597,1374,533,76,367,196,6,6.358627080917358,0
grid_5x5_nodiag,sparse,medium,p3_c40_mp2_pen1_h5,101,4,4,2,2,559,1294,493,80,343,183,6,6.227849245071411,0
grid_5x5_nodiag,sparse,medium,p3_c40_mp2_pen0_h0,42,3,5,2,3,515,1167,490,73,328,160,0,6.0870795249938965,0
grid_5x5_nodiag,sparse,medium,p3_c40_mp2_pen0_h0,101,3,4,2,2,491,1133,453,70,289,177,0,6.150547742843628,0
grid_5x5_nodiag,sparse,medium,p3_c40_mp2_pen0_h2,42,3,5,1,4,587,1347,533,76,367,187,5,5.959609508514404,0
grid_5x5_nodiag,sparse,medium,p3_c40_mp2_pen0_h2,101,4,4,2,2,551,1272,493,80,343,176,5,6.225686311721802,0
grid_5x5_nodiag,sparse,medium,p3_c40_mp2_pen0_h2,202,3,4,2,2,498,1088,499,45,299,170,4,6.235576629638672,0
grid_5x5_nodiag,sparse,medium,p3_c40_mp3_pen1_h0,101,3,4,2,2,492,1138,449,70,289,177,0,5.194328546524048,0
grid_5x5_nodiag,sparse,medium,p3_c40_mp2_pen0_h5,101,4,4,2,2,559,1294,493,80,343,183,6,6.090171813964844,0
grid_5x5_nodiag,sparse,medium,p3_c40_mp2_pen0_h5,42,3,5,1,4,597,1374,533,76,367,196,6,6.117035627365112,0
grid_5x5_nodiag,sparse,medium,p3_c40_mp3_pen1_h0,42,3,5,2,3,502,1155,450,73,312,160,0,5.647491455078125,0
grid_5x5_nodiag,sparse,medium,p3_c40_mp2_pen0_h5,202,2,4,2,2,513,1130,501,45,297,186,6,6.212636709213257,0
grid_5x5_nodiag,sparse,medium,p3_c40_mp3_pen1_h0,202,2,3,0,3,430,1016,356,48,242,161,0,6.23805570602417,0
grid_5x5_nodiag,sparse,medium,p3_c40_mp3_pen1_h2,101,4,4,2,2,525,1196,478,51,316,176,5,6.163835763931274,0
grid_5x5_nodiag,sparse,medium,p3_c40_mp3_pen1_h2,42,3,5,1,4,590,1351,534,76,367,187,5,6.454181671142578,0
grid_5x5_nodiag,sparse,medium,p3_c40_mp3_pen1_h5,101,4,4,2,2,533,1218,478,51,316,183,6,5.382296085357666,0
grid_5x5_nodiag,sparse,medium,p3_c40_mp3_pen0_h5,42,3,5,1,4,600,1378,534,76,367,196,6,4.670092344284058,0
grid_5x5_nodiag,sparse,medium,p3_c40_mp3_pen1_h5,202,3,5,0,5,539,1213,486,77,310,191,6,5.566865921020508,0
grid_5x5_nodiag,sparse,medium,p3_c40_mp3_pen1_h2,202,3,5,0,5,537,1212,482,77,310,189,6,6.169321537017822,0
grid_5x5_nodiag,sparse,medium,p3_c40_mp3_pen0_h2,42,3,5,1,4,590,1351,534,76,367,187,5,5.268792629241943,0
grid_5x5_nodiag,sparse,medium,p3_c40_mp3_pen1_h5,42,3,5,1,4,600,1378,534,76,367,196,6,6.406328916549683,0
grid_5x5_nodiag,sparse,medium,p3_c40_mp3_pen0_h2,101,4,4,2,2,525,1196,478,51,316,176,5,5.5951831340789795,0
grid_5x5_nodiag,sparse,medium,p3_c40_mp3_pen0_h0,42,3,5,2,3,502,1155,450,73,312,160,0,6.116734504699707,0
grid_5x5_nodiag,sparse,medium,p3_c40_mp3_pen0_h0,101,3,4,2,2,492,1138,449,70,289,177,0,6.091400861740112,0
grid_5x5_nodiag,sparse,medium,p3_c40_mp3_pen0_h0,202,2,3,0,3,430,1016,356,48,242,161,0,6.220985412597656,0
grid_5x5_nodiag,sparse,medium,p3_c40_mp3_pen0_h2,202,3,5,0,5,539,1214,482,77,310,189,6,6.136815786361694,0
grid_5x5_nodiag,sparse,medium,p3_c100_mp1_pen1_h0,101,3,4,2,2,490,1136,449,70,289,177,0,5.746885061264038,0
grid_5x5_nodiag,sparse,medium,p3_c40_mp3_pen0_h5,101,4,4,2,2,533,1218,478,51,316,183,6,6.195587635040283,0
grid_5x5_nodiag,sparse,medium,p3_c40_mp3_pen0_h5,202,3,5,0,5,541,1215,486,77,310,191,6,6.085853576660156,0
grid_5x5_nodiag,sparse,medium,p3_c100_mp1_pen1_h0,42,5,5,2,3,544,1278,480,110,345,172,0,6.210173845291138,0
grid_5x5_nodiag,sparse,medium,p3_c100_mp1_pen1_h2,202,3,3,0,3,506,1120,497,71,295,183,6,5.506307601928711,0
grid_5x5_nodiag,sparse,medium,p3_c100_mp1_pen1_h0,202,3,3,0,3,467,1094,414,72,281,164,0,6.1877593994140625,0
grid_5x5_nodiag,sparse,medium,p3_c100_mp1_pen1_h2,101,4,4,2,2,521,1196,474,51,316,176,5,5.986376523971558,0
grid_5x5_nodiag,sparse,medium,p3_c100_mp1_pen1_h2,42,3,5,2,3,531,1271,435,51,327,176,4,6.181466579437256,0
grid_5x5_nodiag,sparse,medium,p3_c100_mp1_pen1_h5,42,3,5,2,3,547,1318,435,51,327,190,6,6.244975566864014,0
grid_5x5_nodiag,sparse,medium,p3_c100_mp1_pen1_h5,101,4,4,2,2,529,1218,474,51,316,183,6,6.0956525802612305,0
grid_5x5_nodiag,sparse,medium,p3_c100_mp1_pen0_h0,101,3,4,2,2,490,1136,449,70,289,177,0,6.0248703956604,0
grid_5x5_nodiag,sparse,medium,p3_c100_mp1_pen0_h0,42,5,5,2,3,544,1278,480,110,345,172,0,6.079423427581787,0
grid_5x5_nodiag,sparse,medium,p3_c100_mp1_pen1_h5,202,3,3,0,3,508,1127,495,71,295,185,6,6.141406536102295,0
grid_5x5_nodiag,sparse,medium,p3_c100_mp1_pen0_h0,202,3,3,0,3,467,1094,414,72,281,164,0,6.180797100067139,0
grid_5x5_nodiag,sparse,medium,p3_c100_mp1_pen0_h2,42,3,5,2,3,552,1287,488,73,347,176,4,5.712445974349976,0
grid_5x5_nodiag,sparse,medium,p3_c100_mp1_pen0_h2,101,4,4,2,2,521,1196,474,51,316,176,5,6.216271638870239,0
grid_5x5_nodiag,sparse,medium,p3_c100_mp1_pen0_h5,42,3,5,2,3,568,1334,488,73,347,190,6,6.108853816986084,0
grid_5x5_nodiag,sparse,medium,p3_c100_mp1_pen0_h2,202,3,3,0,3,506,1120,497,71,295,183,6,6.157270669937134,0
grid_5x5_nodiag,sparse,medium,p3_c100_mp2_pen1_h2,202,3,4,2,2,498,1088,499,45,299,170,4,5.078953266143799,0
grid_5x5_nodiag,sparse,medium,p3_c100_mp1_pen0_h5,101,4,4,2,2,529,1218,474,51,316,183,6,6.247129917144775,0
grid_5x5_nodiag,sparse,medium,p3_c100_mp1_pen0_h5,202,3,3,0,3,508,1127,495,71,295,185,6,6.169487476348877,0
grid_5x5_nodiag,sparse,medium,p3_c100_mp2_pen1_h0,42,2,5,2,3,491,1130,451,50,305,160,0,6.319427967071533,0
grid_5x5_nodiag,sparse,medium,p3_c100_mp2_pen1_h0,202,3,3,0,3,449,1032,406,76,260,164,0,6.001807451248169,0
grid_5x5_nodiag,sparse,medium,p3_c100_mp2_pen1_h0,101,3,4,2,2,491,1133,453,70,289,177,0,6.245342254638672,0
grid_5x5_nodiag,sparse,medium,p3_c100_mp2_pen1_h2,101,4,4,2,2,551,1272,493,80,343,176,5,5.9914915561676025,0
grid_5x5_nodiag,sparse,medium,p3_c100_mp2_pen1_h2,42,3,5,1,4,587,1347,533,76,367,187,5,6.315346956253052,0
grid_5x5_nodiag,sparse,medium,p3_c100_mp2_pen0_h2,202,3,4,2,2,498,1088,499,45,299,170,4,4.452898025512695,0
grid_5x5_nodiag,sparse,medium,p3_c100_mp2_pen1_h5,42,3,5,1,4,597,1374,533,76,367,196,6,6.0020811557769775,0
grid_5x5_nodiag,sparse,medium,p3_c100_mp2_pen0_h2,42,3,5,1,4,587,1347,533,76,367,187,5,4.866454839706421,0
grid_5x5_nodiag,sparse,medium,p3_c100_mp2_pen1_h5,101,4,4,2,2,559,1294,493,80,343,183,6,6.310579776763916,0
grid_5x5_nodiag,sparse,medium,p3_c100_mp2_pen0_h0,42,3,5,2,3,515,1167,490,73,328,160,0,6.079338312149048,0
grid_5x5_nodiag,sparse,medium,p3_c100_mp2_pen1_h5,202,2,4,2,2,513,1130,501,45,297,186,6,6.362823247909546,0
grid_5x5_nodiag,sparse,medium,p3_c100_mp2_pen0_h0,101,3,4,2,2,491,1133,453,70,289,177,0,6.276247262954712,0
grid_5x5_nodiag,sparse,medium,p3_c100_mp2_pen0_h0,202,3,3,0,3,449,1032,406,76,260,164,0,6.196493625640869,0
grid_5x5_nodiag,sparse,medium,p3_c100_mp2_pen0_h2,101,4,4,2,2,551,1272,493,80,343,176,5,6.04854154586792,0
grid_5x5_nodiag,sparse,medium,p3_c100_mp2_pen0_h5,42,3,5,1,4,597,1374,533,76,367,196,6,5.97137713432312,0
grid_5x5_nodiag,sparse,medium,p3_c100_mp3_pen1_h2,42,3,5,1,4,590,1351,534,76,367,187,5,4.905548572540283,0
grid_5x5_nodiag,sparse,medium,p3_c100_mp2_pen0_h5,101,4,4,2,2,559,1294,493,80,343,183,6,6.007700443267822,0
grid_5x5_nodiag,sparse,medium,p3_c100_mp3_pen1_h0,101,3,4,2,2,492,1138,449,70,289,177,0,5.721640110015869,0
grid_5x5_nodiag,sparse,medium,p3_c100_mp2_pen0_h5,202,2,4,2,2,513,1130,501,45,297,186,6,6.3465001583099365,0
grid_5x5_nodiag,sparse,medium,p3_c100_mp3_pen1_h0,42,3,5,2,3,502,1155,450,73,312,160,0,6.177005767822266,0
grid_5x5_nodiag,sparse,medium,p3_c100_mp3_pen1_h0,202,2,3,0,3,430,1016,356,48,242,161,0,6.183835983276367,0
grid_5x5_nodiag,sparse,medium,p3_c100_mp3_pen1_h2,101,4,4,2,2,525,1196,478,51,316,176,5,6.364088296890259,0
grid_5x5_nodiag,sparse,medium,p3_c100_mp3_pen0_h2,101,4,4,2,2,525,1196,478,51,316,176,5,4.876232147216797,0
grid_5x5_nodiag,sparse,medium,p3_c100_mp3_pen0_h0,202,2,3,0,3,430,1016,356,48,242,161,0,5.414775371551514,0
grid_5x5_nodiag,sparse,medium,p3_c100_mp3_pen1_h5,101,4,4,2,2,533,1218,478,51,316,183,6,6.150403022766113,0
grid_5x5_nodiag,sparse,medium,p3_c100_mp3_pen0_h0,101,3,4,2,2,492,1138,449,70,289,177,0,5.656201362609863,0
grid_5x5_nodiag,sparse,medium,p3_c100_mp3_pen1_h5,42,3,5,1,4,600,1378,534,76,367,196,6,6.326009273529053,0
grid_5x5_nodiag,sparse,medium,p3_c100_mp3_pen1_h2,202,3,5,0,5,537,1212,482,77,310,189,6,6.363418102264404,0
grid_5x5_nodiag,sparse,medium,p3_c100_mp3_pen1_h5,202,3,5,0,5,539,1213,486,77,310,191,6,6.1656653881073,0
grid_5x5_nodiag,sparse,medium,p3_c100_mp3_pen0_h5,42,3,5,1,4,600,1378,534,76,367,196,6,5.318158864974976,0
grid_5x5_nodiag,sparse,medium,p3_c100_mp3_pen0_h0,42,3,5,2,3,502,1155,450,73,312,160,0,6.2437732219696045,0
grid_5x5_nodiag,sparse,medium,p3_c100_mp3_pen0_h2,42,3,5,1,4,590,1351,534,76,367,187,5,6.24811863899231,0
grid_5x5_nodiag,sparse,medium,p3_c100_mp3_pen0_h2,202,3,5,0,5,539,1214,482,77,310,189,6,6.315763711929321,0
grid_5x5_nodiag,sparse,medium,p3_c100_mp3_pen0_h5,101,4,4,2,2,533,1218,478,51,316,183,6,5.966073989868164,0
grid_5x5_nodiag,sparse,medium,p3_c105_mp1_pen1_h0,42,3,5,4,1,509,1188,459,40,316,168,0,5.7069361209869385,0
grid_5x5_nodiag,sparse,medium,p3_c100_mp3_pen0_h5,202,3,5,0,5,541,1215,486,77,310,191,6,6.147365570068359,0
grid_5x5_nodiag,sparse,medium,p3_c105_mp1_pen1_h0,101,3,4,3,1,511,1179,477,72,314,172,0,6.053709983825684,0
grid_5x5_nodiag,sparse,medium,p3_c105_mp1_pen1_h0,202,2,4,4,0,504,1126,507,28,334,147,0,6.073733568191528,0
grid_5x5_nodiag,sparse,medium,p3_c105_mp1_pen1_h2,202,4,4,3,1,538,1242,479,78,316,192,4,5.863786220550537,0
grid_5x5_nodiag,sparse,medium,p3_c105_mp1_pen1_h2,42,4,5,4,1,574,1307,528,61,361,181,5,6.2679831981658936,0
grid_5x5_nodiag,sparse,medium,p3_c105_mp1_pen1_h2,101,4,4,4,0,562,1274,532,54,364,167,5,6.366431713104248,0
grid_5x5_nodiag,sparse,medium,p3_c105_mp1_pen1_h5,42,4,5,4,1,584,1334,528,61,361,190,6,6.089023113250732,0
grid_5x5_nodiag,sparse,medium,p3_c105_mp1_pen1_h5,101,4,4,4,0,570,1296,532,54,364,174,6,6.055896043777466,0
grid_5x5_nodiag,sparse,medium,p3_c105_mp1_pen0_h0,42,3,5,4,1,509,1188,459,40,316,168,0,5.668478488922119,0
grid_5x5_nodiag,sparse,medium,p3_c105_mp1_pen1_h5,202,4,4,3,1,527,1221,456,51,295,201,6,5.960310459136963,0
grid_5x5_nodiag,sparse,medium,p3_c105_mp1_pen0_h0,101,3,4,3,1,511,1179,477,72,314,172,0,5.93378758430481,0
grid_5x5_nodiag,sparse,medium,p3_c105_mp1_pen0_h2,101,4,4,4,0,562,1274,532,54,364,167,5,5.472825050354004,0
grid_5x5_nodiag,sparse,medium,p3_c105_mp1_pen0_h0,202,2,4,4,0,504,1126,507,28,334,147,0,6.138011693954468,0
grid_5x5_nodiag,sparse,medium,p3_c105_mp1_pen0_h2,42,4,5,4,1,574,1307,528,61,361,181,5,6.3414623737335205,0
grid_5x5_nodiag,sparse,medium,p3_c105_mp2_pen1_h0,42,3,5,4,1,510,1186,462,40,316,168,0,4.778126001358032,0
grid_5x5_nodiag,sparse,medium,p3_c105_mp1_pen0_h5,42,4,5,4,1,584,1334,528,61,361,190,6,5.603364944458008,0
grid_5x5_nodiag,sparse,medium,p3_c105_mp1_pen0_h2,202,4,4,3,1,538,1242,479,78,316,192,4,6.141078948974609,0
grid_5x5_nodiag,sparse,medium,p3_c105_mp1_pen0_h5,202,4,4,3,1,527,1221,456,51,295,201,6,5.652404308319092,0
grid_5x5_nodiag,sparse,medium,p3_c105_mp1_pen0_h5,101,4,4,4,0,570,1296,532,54,364,174,6,5.934823513031006,0
grid_5x5_nodiag,sparse,medium,p3_c105_mp2_pen1_h0,202,2,4,4,0,504,1126,507,28,334,147,0,6.0695860385894775,0
grid_5x5_nodiag,sparse,medium,p3_c105_mp2_pen1_h2,101,4,4,4,0,562,1274,532,54,364,167,5,5.8730504512786865,0
grid_5x5_nodiag,sparse,medium,p3_c105_mp2_pen1_h0,101,3,4,3,1,511,1179,477,72,314,172,0,6.1839280128479,0
grid_5x5_nodiag,sparse,medium,p3_c105_mp2_pen1_h2,202,4,4,3,1,539,1239,483,78,316,192,4,5.9514875411987305,0
grid_5x5_nodiag,sparse,medium,p3_c105_mp2_pen1_h2,42,4,5,4,1,575,1308,528,61,361,181,5,6.218397617340088,0
grid_5x5_nodiag,sparse,medium,p3_c105_mp2_pen1_h5,101,4,4,4,0,570,1296,532,54,364,174,6,5.510772705078125,0
grid_5x5_nodiag,sparse,medium,p3_c105_mp2_pen1_h5,42,4,5,4,1,585,1335,528,61,361,190,6,6.072342872619629,0
grid_5x5_nodiag,sparse,medium,p3_c105_mp2_pen1_h5,202,4,4,3,1,523,1200,460,46,295,196,6,6.081401824951172,0
grid_5x5_nodiag,sparse,medium,p3_c105_mp2_pen0_h0,101,3,4,3,1,511,1179,477,72,314,172,0,6.04317569732666,0
grid_5x5_nodiag,sparse,medium,p3_c105_mp2_pen0_h0,42,3,5,4,1,510,1186,462,40,316,168,0,6.303379774093628,0
grid_5x5_nodiag,sparse,medium,p3_c105_mp2_pen0_h0,202,2,4,4,0,504,1126,507,28,334,147,0,5.735661506652832,0
grid_5x5_nodiag,sparse,medium,p3_c105_mp2_pen0_h2,101,4,4,4,0,562,1274,532,54,364,167,5,5.62140679359436,0
grid_5x5_nodiag,sparse,medium,p3_c105_mp2_pen0_h2,42,4,5,4,1,575,1308,528,61,361,181,5,6.189508676528931,0
grid_5x5_nodiag,sparse,medium,p3_c105_mp2_pen0_h2,202,4,4,3,1,539,1239,483,78,316,192,4,6.202795743942261,0
grid_5x5_nodiag,sparse,medium,p3_c105_mp2_pen0_h5,42,4,5,4,1,585,1335,528,61,361,190,6,6.385250568389893,0
grid_5x5_nodiag,sparse,medium,p3_c105_mp2_pen0_h5,202,4,4,3,1,523,1200,460,46,295,196,6,6.074408054351807,0
grid_5x5_nodiag,sparse,medium,p3_c105_mp2_pen0_h5,101,4,4,4,0,570,1296,532,54,364,174,6,6.147377014160156,0
grid_5x5_nodiag,sparse,medium,p3_c105_mp3_pen1_h0,42,3,5,4,1,511,1187,462,40,316,168,0,6.205162048339844,0
grid_5x5_nodiag,sparse,medium,p3_c105_mp3_pen1_h0,202,2,4,4,0,504,1126,507,28,334,147,0,6.008280277252197,0
grid_5x5_nodiag,sparse,medium,p3_c105_mp3_pen1_h0,101,3,4,3,1,511,1179,477,72,314,172,0,6.197735071182251,0
grid_5x5_nodiag,sparse,medium,p3_c105_mp3_pen1_h2,42,4,5,4,1,599,1362,551,86,383,181,5,6.172147750854492,0
grid_5x5_nodiag,sparse,medium,p3_c105_mp3_pen1_h2,101,4,4,4,0,562,1274,532,54,364,167,5,6.2211833000183105,0
grid_5x5_nodiag,sparse,medium,p3_c105_mp3_pen1_h2,202,4,4,3,1,540,1240,483,78,316,192,4,6.206967830657959,0
grid_5x5_nodiag,sparse,medium,p3_c105_mp3_pen1_h5,42,4,5,4,1,609,1389,551,86,383,190,6,6.23283576965332,0
grid_5x5_nodiag,sparse,medium,p3_c105_mp3_pen1_h5,202,4,4,3,1,524,1201,460,46,295,196,6,5.79849648475647,0
grid_5x5_nodiag,sparse,medium,p3_c105_mp3_pen1_h5,101,4,4,4,0,570,1296,532,54,364,174,6,6.010688543319702,0
grid_5x5_nodiag,sparse,medium,p3_c105_mp3_pen0_h0,101,3,4,3,1,511,1179,477,72,314,172,0,5.617447376251221,0
grid_5x5_nodiag,sparse,medium,p3_c105_mp3_pen0_h0,42,3,5,4,1,511,1187,462,40,316,168,0,6.0305469036102295,0
grid_5x5_nodiag,sparse,medium,p3_c105_mp3_pen0_h0,202,2,4,4,0,504,1126,507,28,334,147,0,5.497902870178223,0
grid_5x5_nodiag,sparse,medium,p3_c105_mp3_pen0_h5,42,4,5,4,1,609,1389,551,86,383,190,6,5.420912265777588,0
grid_5x5_nodiag,sparse,medium,p3_c120_mp1_pen1_h0,202,2,4,4,0,504,1126,507,28,334,147,0,4.776474475860596,0
grid_5x5_nodiag,sparse,medium,p3_c105_mp3_pen0_h5,101,4,4,4,0,570,1296,532,54,364,174,6,6.025450944900513,0
grid_5x5_nodiag,sparse,medium,p3_c105_mp3_pen0_h2,101,4,4,4,0,562,1274,532,54,364,167,5,6.35542893409729,0
grid_5x5_nodiag,sparse,medium,p3_c105_mp3_pen0_h2,42,4,5,4,1,599,1362,551,86,383,181,5,6.4032676219940186,0
grid_5x5_nodiag,sparse,medium,p3_c105_mp3_pen0_h2,202,4,4,3,1,540,1240,483,78,316,192,4,6.382111549377441,0
grid_5x5_nodiag,sparse,medium,p3_c105_mp3_pen0_h5,202,4,4,3,1,524,1201,460,46,295,196,6,6.190133571624756,0
grid_5x5_nodiag,sparse,medium,p3_c120_mp1_pen1_h0,42,3,5,4,1,509,1188,459,40,316,168,0,5.94861102104187,0
grid_5x5_nodiag,sparse,medium,p3_c120_mp1_pen1_h2,42,4,5,4,1,574,1307,528,61,361,181,5,5.631014585494995,0
grid_5x5_nodiag,sparse,medium,p3_c120_mp1_pen1_h2,101,4,4,4,0,562,1274,532,54,364,167,5,5.613309383392334,0
grid_5x5_nodiag,sparse,medium,p3_c120_mp1_pen1_h0,101,3,4,3,1,511,1179,477,72,314,172,0,6.104548454284668,0
grid_5x5_nodiag,sparse,medium,p3_c120_mp1_pen1_h2,202,4,4,3,1,538,1242,479,78,316,192,4,6.238337278366089,0
grid_5x5_nodiag,sparse,medium,p3_c120_mp1_pen0_h0,42,3,5,4,1,509,1188,459,40,316,168,0,5.68407416343689,0
grid_5x5_nodiag,sparse,medium,p3_c120_mp1_pen1_h5,42,4,5,4,1,584,1334,528,61,361,190,6,6.2729551792144775,0
grid_5x5_nodiag,sparse,medium,p3_c120_mp1_pen1_h5,202,4,4,3,1,527,1221,456,51,295,201,6,6.196936130523682,0
grid_5x5_nodiag,sparse,medium,p3_c120_mp1_pen1_h5,101,4,4,4,0,570,1296,532,54,364,174,6,6.385837078094482,0
grid_5x5_nodiag,sparse,medium,p3_c120_mp1_pen0_h0,202,2,4,4,0,504,1126,507,28,334,147,0,6.1558756828308105,0
grid_5x5_nodiag,sparse,medium,p3_c120_mp1_pen0_h2,101,4,4,4,0,562,1274,532,54,364,167,5,5.956733465194702,0
grid_5x5_nodiag,sparse,medium,p3_c120_mp1_pen0_h0,101,3,4,3,1,511,1179,477,72,314,172,0,6.317795515060425,0
grid_5x5_nodiag,sparse,medium,p3_c120_mp1_pen0_h2,42,4,5,4,1,574,1307,528,61,361,181,5,6.232165813446045,0
grid_5x5_nodiag,sparse,medium,p3_c120_mp1_pen0_h2,202,4,4,3,1,538,1242,479,78,316,192,4,6.1072869300842285,0
grid_5x5_nodiag,sparse,medium,p3_c120_mp1_pen0_h5,42,4,5,4,1,584,1334,528,61,361,190,6,6.095523834228516,0
grid_5x5_nodiag,sparse,medium,p3_c120_mp1_pen0_h5,202,4,4,3,1,527,1221,456,51,295,201,6,5.850422382354736,0
grid_5x5_nodiag,sparse,medium,p3_c120_mp1_pen0_h5,101,4,4,4,0,570,1296,532,54,364,174,6,6.141250848770142,0
grid_5x5_nodiag,sparse,medium,p3_c120_mp2_pen1_h0,42,3,5,4,1,510,1186,462,40,316,168,0,6.220452308654785,0
grid_5x5_nodiag,sparse,medium,p3_c120_mp2_pen1_h0,101,3,4,3,1,511,1179,477,72,314,172,0,5.990898847579956,0
grid_5x5_nodiag,sparse,medium,p3_c120_mp2_pen1_h0,202,2,4,4,0,504,1126,507,28,334,147,0,5.8169755935668945,0
grid_5x5_nodiag,sparse,medium,p3_c120_mp2_pen1_h5,42,4,5,4,1,585,1335,528,61,361,190,6,5.19964861869812,0
grid_5x5_nodiag,sparse,medium,p3_c120_mp2_pen1_h2,42,4,5,4,1,575,1308,528,61,361,181,5,6.166139125823975,0
grid_5x5_nodiag,sparse,medium,p3_c120_mp2_pen1_h2,101,4,4,4,0,562,1274,532,54,364,167,5,5.959984302520752,0
grid_5x5_nodiag,sparse,medium,p3_c120_mp2_pen0_h0,202,2,4,4,0,504,1126,507,28,334,147,0,4.9242844581604,0
grid_5x5_nodiag,sparse,medium,p3_c120_mp2_pen1_h2,202,4,4,3,1,539,1239,483,78,316,192,4,5.845948219299316,0
grid_5x5_nodiag,sparse,medium,p3_c120_mp2_pen1_h5,101,4,4,4,0,570,1296,532,54,364,174,6,5.668736934661865,0
grid_5x5_nodiag,sparse,medium,p3_c120_mp2_pen0_h0,42,3,5,4,1,510,1186,462,40,316,168,0,5.955399751663208,0
grid_5x5_nodiag,sparse,medium,p3_c120_mp2_pen0_h2,202,4,4,3,1,539,1239,483,78,316,192,4,5.357148885726929,0
grid_5x5_nodiag,sparse,medium,p3_c120_mp2_pen0_h2,101,4,4,4,0,562,1274,532,54,364,167,5,5.553832292556763,0
grid_5x5_nodiag,sparse,medium,p3_c120_mp2_pen1_h5,202,4,4,3,1,523,1200,460,46,295,196,6,6.3108131885528564,0
grid_5x5_nodiag,sparse,medium,p3_c120_mp2_pen0_h0,101,3,4,3,1,511,1179,477,72,314,172,0,6.070613145828247,0
grid_5x5_nodiag,sparse,medium,p3_c120_mp2_pen0_h2,42,4,5,4,1,575,1308,528,61,361,181,5,5.908660411834717,0
grid_5x5_nodiag,sparse,medium,p3_c120_mp2_pen0_h5,101,4,4,4,0,570,1296,532,54,364,174,6,5.849778652191162,0
grid_5x5_nodiag,sparse,medium,p3_c120_mp2_pen0_h5,42,4,5,4,1,585,1335,528,61,361,190,6,6.3956427574157715,0
grid_5x5_nodiag,sparse,medium,p3_c120_mp3_pen1_h0,42,3,5,4,1,511,1187,462,40,316,168,0,5.862735271453857,0
grid_5x5_nodiag,sparse,medium,p3_c120_mp2_pen0_h5,202,4,4,3,1,523,1200,460,46,295,196,6,6.328278303146362,0
grid_5x5_nodiag,sparse,medium,p3_c120_mp3_pen1_h0,101,3,4,3,1,511,1179,477,72,314,172,0,6.338026523590088,0
grid_5x5_nodiag,sparse,medium,p3_c120_mp3_pen1_h2,42,4,5,4,1,599,1362,551,86,383,181,5,6.159364700317383,0
grid_5x5_nodiag,sparse,medium,p3_c120_mp3_pen1_h2,101,4,4,4,0,562,1274,532,54,364,167,5,6.181891441345215,0
grid_5x5_nodiag,sparse,medium,p3_c120_mp3_pen1_h0,202,2,4,4,0,504,1126,507,28,334,147,0,6.352799654006958,0
grid_5x5_nodiag,sparse,medium,p3_c120_mp3_pen1_h2,202,4,4,3,1,540,1240,483,78,316,192,4,6.29817008972168,0
grid_5x5_nodiag,sparse,medium,p3_c120_mp3_pen1_h5,42,4,5,4,1,609,1389,551,86,383,190,6,6.2325239181518555,0
grid_5x5_nodiag,sparse,medium,p3_c120_mp3_pen1_h5,101,4,4,4,0,570,1296,532,54,364,174,6,6.298755168914795,0
grid_5x5_nodiag,sparse,medium,p3_c120_mp3_pen1_h5,202,4,4,3,1,524,1201,460,46,295,196,6,6.185988426208496,0
grid_5x5_nodiag,sparse,medium,p3_c120_mp3_pen0_h0,101,3,4,3,1,511,1179,477,72,314,172,0,5.953577041625977,0
grid_5x5_nodiag,sparse,medium,p3_c120_mp3_pen0_h5,101,4,4,4,0,570,1296,532,54,364,174,6,5.228530645370483,0
grid_5x5_nodiag,sparse,medium,p3_c120_mp3_pen0_h0,42,3,5,4,1,511,1187,462,40,316,168,0,6.234033584594727,0
grid_5x5_nodiag,sparse,medium,p3_c120_mp3_pen0_h0,202,2,4,4,0,504,1126,507,28,334,147,0,6.150511264801025,0
grid_5x5_nodiag,sparse,medium,p3_c120_mp3_pen0_h2,42,4,5,4,1,599,1362,551,86,383,181,5,6.140307188034058,0
grid_5x5_nodiag,sparse,medium,p3_c160_mp1_pen1_h0,101,3,4,3,1,511,1179,477,72,314,172,0,4.956024885177612,0
grid_5x5_nodiag,sparse,medium,p3_c120_mp3_pen0_h5,202,4,4,3,1,524,1201,460,46,295,196,6,5.7482452392578125,0
grid_5x5_nodiag,sparse,medium,p3_c120_mp3_pen0_h5,42,4,5,4,1,609,1389,551,86,383,190,6,5.942522764205933,0
grid_5x5_nodiag,sparse,medium,p3_c120_mp3_pen0_h2,202,4,4,3,1,540,1240,483,78,316,192,4,6.102781534194946,0
grid_5x5_nodiag,sparse,medium,p3_c120_mp3_pen0_h2,101,4,4,4,0,562,1274,532,54,364,167,5,6.21504807472229,0
grid_5x5_nodiag,sparse,medium,p3_c160_mp1_pen1_h2,42,4,5,4,1,574,1307,528,61,361,181,5,5.384780406951904,0
grid_5x5_nodiag,sparse,medium,p3_c160_mp1_pen1_h0,42,3,5,4,1,509,1188,459,40,316,168,0,6.359994888305664,0
grid_5x5_nodiag,sparse,medium,p3_c160_mp1_pen1_h5,42,4,5,4,1,584,1334,528,61,361,190,6,5.663180112838745,0
grid_5x5_nodiag,sparse,medium,p3_c160_mp1_pen1_h0,202,2,4,4,0,504,1126,507,28,334,147,0,6.103658199310303,0
grid_5x5_nodiag,sparse,medium,p3_c160_mp1_pen1_h2,101,4,4,4,0,562,1274,532,54,364,167,5,6.33579158782959,0
grid_5x5_nodiag,sparse,medium,p3_c160_mp1_pen1_h2,202,4,4,3,1,538,1242,479,78,316,192,4,6.347507953643799,0
grid_5x5_nodiag,sparse,medium,p3_c160_mp1_pen1_h5,101,4,4,4,0,570,1296,532,54,364,174,6,5.616724252700806,0
grid_5x5_nodiag,sparse,medium,p3_c160_mp1_pen1_h5,202,4,4,3,1,527,1221,456,51,295,201,6,6.099388360977173,0
grid_5x5_nodiag,sparse,medium,p3_c160_mp1_pen0_h0,42,3,5,4,1,509,1188,459,40,316,168,0,6.211589574813843,0
grid_5x5_nodiag,sparse,medium,p3_c160_mp1_pen0_h0,101,3,4,3,1,511,1179,477,72,314,172,0,6.09716796875,0
grid_5x5_nodiag,sparse,medium,p3_c160_mp1_pen0_h0,202,2,4,4,0,504,1126,507,28,334,147,0,6.054011106491089,0
grid_5x5_nodiag,sparse,medium,p3_c160_mp1_pen0_h2,202,4,4,3,1,538,1242,479,78,316,192,4,5.828041076660156,0
grid_5x5_nodiag,sparse,medium,p3_c160_mp1_pen0_h5,42,4,5,4,1,584,1334,528,61,361,190,6,5.820335149765015,0
grid_5x5_nodiag,sparse,medium,p3_c160_mp1_pen0_h2,101,4,4,4,0,562,1274,532,54,364,167,5,6.166874647140503,0
grid_5x5_nodiag,sparse,medium,p3_c160_mp1_pen0_h2,42,4,5,4,1,574,1307,528,61,361,181,5,6.421449184417725,0
grid_5x5_nodiag,sparse,medium,p3_c160_mp2_pen1_h0,101,3,4,3,1,511,1179,477,72,314,172,0,5.022753715515137,0
grid_5x5_nodiag,sparse,medium,p3_c160_mp1_pen0_h5,101,4,4,4,0,570,1296,532,54,364,174,6,6.259777545928955,0
grid_5x5_nodiag,sparse,medium,p3_c160_mp2_pen1_h2,42,4,5,4,1,575,1308,528,61,361,181,5,5.543221950531006,0
grid_5x5_nodiag,sparse,medium,p3_c160_mp2_pen1_h0,42,3,5,4,1,510,1186,462,40,316,168,0,5.940405607223511,0
grid_5x5_nodiag,sparse,medium,p3_c160_mp1_pen0_h5,202,4,4,3,1,527,1221,456,51,295,201,6,6.360224723815918,0
grid_5x5_nodiag,sparse,medium,p3_c160_mp2_pen0_h0,42,3,5,4,1,510,1186,462,40,316,168,0,5.238234281539917,0
grid_5x5_nodiag,sparse,medium,p3_c160_mp2_pen1_h0,202,2,4,4,0,504,1126,507,28,334,147,0,5.954254627227783,0
grid_5x5_nodiag,sparse,medium,p3_c160_mp2_pen1_h5,101,4,4,4,0,570,1296,532,54,364,174,6,5.65802788734436,0
grid_5x5_nodiag,sparse,medium,p3_c160_mp2_pen1_h5,42,4,5,4,1,585,1335,528,61,361,190,6,5.787367343902588,0
grid_5x5_nodiag,sparse,medium,p3_c160_mp2_pen1_h5,202,4,4,3,1,523,1200,460,46,295,196,6,5.807353734970093,0
grid_5x5_nodiag,sparse,medium,p3_c160_mp2_pen0_h0,101,3,4,3,1,511,1179,477,72,314,172,0,5.70903468132019,0
grid_5x5_nodiag,sparse,medium,p3_c160_mp2_pen1_h2,101,4,4,4,0,562,1274,532,54,364,167,5,6.216536521911621,0
grid_5x5_nodiag,sparse,medium,p3_c160_mp2_pen1_h2,202,4,4,3,1,539,1239,483,78,316,192,4,6.209827661514282,0
grid_5x5_nodiag,sparse,medium,p3_c160_mp2_pen0_h0,202,2,4,4,0,504,1126,507,28,334,147,0,6.207810163497925,0
grid_5x5_nodiag,sparse,medium,p3_c160_mp2_pen0_h2,42,4,5,4,1,575,1308,528,61,361,181,5,6.002484560012817,0
grid_5x5_nodiag,sparse,medium,p3_c160_mp2_pen0_h2,101,4,4,4,0,562,1274,532,54,364,167,5,6.001530408859253,0
grid_5x5_nodiag,sparse,medium,p3_c160_mp2_pen0_h2,202,4,4,3,1,539,1239,483,78,316,192,4,5.772365093231201,0
star_5,medium,medium,baseline,42,6,6,4,2,78,246,0,20,28,14,0,1.4117701053619385,0
star_5,medium,medium,baseline,101,6,6,4,2,78,246,0,20,28,14,0,1.3699347972869873,0
star_5,medium,medium,baseline,202,6,6,4,2,78,246,0,20,28,14,0,1.4072840213775635,0
grid_5x5_nodiag,sparse,medium,p3_c160_mp2_pen0_h5,101,4,4,4,0,570,1296,532,54,364,174,6,6.165250539779663,0
grid_5x5_nodiag,sparse,medium,p3_c160_mp2_pen0_h5,202,4,4,3,1,523,1200,460,46,295,196,6,5.609247446060181,0
grid_5x5_nodiag,sparse,medium,p3_c160_mp2_pen0_h5,42,4,5,4,1,585,1335,528,61,361,190,6,6.4176926612854,0
star_5,medium,medium,p3_c40_mp1_pen1_h0,42,6,6,0,6,70,222,0,12,26,12,0,1.4119534492492676,0
star_5,medium,medium,p3_c40_mp1_pen1_h0,202,6,6,0,6,70,222,0,12,26,12,0,1.2135403156280518,0
star_5,medium,medium,p3_c40_mp1_pen1_h0,101,6,6,0,6,70,222,0,12,26,12,0,1.398789405822754,0
star_5,medium,medium,p3_c40_mp1_pen1_h2,42,6,6,0,6,70,222,0,12,26,12,0,1.4404728412628174,0
star_5,medium,medium,p3_c40_mp1_pen1_h2,202,6,6,0,6,70,222,0,12,26,12,0,1.2179045677185059,0
star_5,medium,medium,p3_c40_mp1_pen1_h2,101,6,6,0,6,70,222,0,12,26,12,0,1.4483287334442139,0
star_5,medium,medium,p3_c40_mp1_pen1_h5,42,6,6,0,6,70,222,0,12,26,12,0,1.4401443004608154,0
star_5,medium,medium,p3_c40_mp1_pen1_h5,101,6,6,0,6,70,222,0,12,26,12,0,1.2115375995635986,0
grid_5x5_nodiag,sparse,medium,p3_c160_mp3_pen1_h2,101,4,4,4,0,562,1274,532,54,364,167,5,5.319437503814697,0
star_5,medium,medium,p3_c40_mp1_pen1_h5,202,6,6,0,6,70,222,0,12,26,12,0,1.44209623336792,0
star_5,medium,medium,p3_c40_mp1_pen0_h0,202,6,6,0,6,70,222,0,12,26,12,0,1.1634938716888428,0
grid_5x5_nodiag,sparse,medium,p3_c160_mp3_pen1_h2,42,4,5,4,1,599,1362,551,86,383,181,5,5.4901204109191895,0
grid_5x5_nodiag,sparse,medium,p3_c160_mp3_pen1_h0,42,3,5,4,1,511,1187,462,40,316,168,0,6.277864217758179,0
star_5,medium,medium,p3_c40_mp1_pen0_h0,42,6,6,0,6,70,222,0,12,26,12,0,1.4150710105895996,0
star_5,medium,medium,p3_c40_mp1_pen0_h0,101,6,6,0,6,70,222,0,12,26,12,0,1.3410296440124512,0
grid_5x5_nodiag,sparse,medium,p3_c160_mp3_pen1_h0,202,2,4,4,0,504,1126,507,28,334,147,0,6.208749532699585,0
star_5,medium,medium,p3_c40_mp1_pen0_h2,42,6,6,0,6,70,222,0,12,26,12,0,1.4089653491973877,0
star_5,medium,medium,p3_c40_mp1_pen0_h2,202,6,6,0,6,70,222,0,12,26,12,0,1.248335838317871,0
grid_5x5_nodiag,sparse,medium,p3_c160_mp3_pen1_h0,101,3,4,3,1,511,1179,477,72,314,172,0,6.4687659740448,0
star_5,medium,medium,p3_c40_mp1_pen0_h2,101,6,6,0,6,70,222,0,12,26,12,0,1.4253814220428467,0
grid_5x5_nodiag,sparse,medium,p3_c160_mp3_pen1_h5,101,4,4,4,0,570,1296,532,54,364,174,6,5.8017754554748535,0
grid_5x5_nodiag,sparse,medium,p3_c160_mp3_pen1_h2,202,4,4,3,1,540,1240,483,78,316,192,4,6.248135566711426,0
grid_5x5_nodiag,sparse,medium,p3_c160_mp3_pen0_h0,202,2,4,4,0,504,1126,507,28,334,147,0,4.940885066986084,0
star_5,medium,medium,p3_c40_mp1_pen0_h5,42,6,6,0,6,70,222,0,12,26,12,0,1.4131088256835938,0
grid_5x5_nodiag,sparse,medium,p3_c160_mp3_pen1_h5,42,4,5,4,1,609,1389,551,86,383,190,6,6.14831805229187,0
star_5,medium,medium,p3_c40_mp1_pen0_h5,202,6,6,0,6,70,222,0,12,26,12,0,1.2757635116577148,0
star_5,medium,medium,p3_c40_mp1_pen0_h5,101,6,6,0,6,70,222,0,12,26,12,0,1.4058184623718262,0
grid_5x5_nodiag,sparse,medium,p3_c160_mp3_pen1_h5,202,4,4,3,1,524,1201,460,46,295,196,6,6.042790651321411,0
star_5,medium,medium,p3_c40_mp2_pen1_h0,101,6,6,0,6,76,228,0,12,26,12,0,1.2512359619140625,0
star_5,medium,medium,p3_c40_mp2_pen1_h2,42,6,6,0,6,76,228,0,12,26,12,0,1.2397313117980957,0
star_5,medium,medium,p3_c40_mp2_pen1_h0,42,6,6,0,6,76,228,0,12,26,12,0,1.4147582054138184,0
star_5,medium,medium,p3_c40_mp2_pen1_h0,202,6,6,0,6,76,228,0,12,26,12,0,1.42201828956604,0
star_5,medium,medium,p3_c40_mp2_pen1_h2,202,6,6,0,6,76,228,0,12,26,12,0,1.4155962467193604,0
star_5,medium,medium,p3_c40_mp2_pen1_h5,42,6,6,0,6,76,228,0,12,26,12,0,1.2666356563568115,0
star_5,medium,medium,p3_c40_mp2_pen1_h2,101,6,6,0,6,76,228,0,12,26,12,0,1.4325830936431885,0
star_5,medium,medium,p3_c40_mp2_pen1_h5,101,6,6,0,6,76,228,0,12,26,12,0,1.1821246147155762,0
star_5,medium,medium,p3_c40_mp2_pen0_h0,101,6,6,0,6,76,228,0,12,26,12,0,1.0586681365966797,0
grid_5x5_nodiag,sparse,medium,p3_c160_mp3_pen0_h0,101,3,4,3,1,511,1179,477,72,314,172,0,5.861215591430664,0
star_5,medium,medium,p3_c40_mp2_pen1_h5,202,6,6,0,6,76,228,0,12,26,12,0,1.3329718112945557,0
star_5,medium,medium,p3_c40_mp2_pen0_h0,202,6,6,0,6,76,228,0,12,26,12,0,1.2419078350067139,0
grid_5x5_nodiag,sparse,medium,p3_c160_mp3_pen0_h0,42,3,5,4,1,511,1187,462,40,316,168,0,6.236708164215088,0
star_5,medium,medium,p3_c40_mp2_pen0_h0,42,6,6,0,6,76,228,0,12,26,12,0,1.367138147354126,0
star_5,medium,medium,p3_c40_mp2_pen0_h2,42,6,6,0,6,76,228,0,12,26,12,0,1.2805559635162354,0
star_5,medium,medium,p3_c40_mp2_pen0_h5,202,6,6,0,6,76,228,0,12,26,12,0,1.245243787765503,0
star_5,medium,medium,p3_c40_mp2_pen0_h2,202,6,6,0,6,76,228,0,12,26,12,0,1.3405134677886963,0
grid_5x5_nodiag,sparse,medium,p3_c160_mp3_pen0_h2,42,4,5,4,1,599,1362,551,86,383,181,5,6.199290752410889,0
grid_5x5_nodiag,sparse,medium,p3_c160_mp3_pen0_h2,101,4,4,4,0,562,1274,532,54,364,167,5,6.195428133010864,0
star_5,medium,medium,p3_c40_mp2_pen0_h2,101,6,6,0,6,76,228,0,12,26,12,0,1.4092638492584229,0
star_5,medium,medium,p3_c40_mp2_pen0_h5,42,6,6,0,6,76,228,0,12,26,12,0,1.4089891910552979,0
grid_5x5_nodiag,sparse,medium,p3_c160_mp3_pen0_h2,202,4,4,3,1,540,1240,483,78,316,192,4,6.15563178062439,0
star_5,medium,medium,p3_c40_mp3_pen1_h0,42,6,6,0,6,82,234,0,12,26,12,0,1.4109485149383545,0
star_5,medium,medium,p3_c40_mp2_pen0_h5,101,6,6,0,6,76,228,0,12,26,12,0,1.4420099258422852,0
grid_5x5_nodiag,sparse,medium,p3_c160_mp3_pen0_h5,202,4,4,3,1,524,1201,460,46,295,196,6,5.849534034729004,0
star_5,medium,medium,p3_c40_mp3_pen1_h0,101,6,6,0,6,81,227,2,11,25,12,0,1.3690569400787354,0
star_5,medium,medium,p3_c40_mp3_pen1_h0,202,6,6,0,6,82,234,0,12,26,12,0,1.3633265495300293,0
grid_5x5_nodiag,sparse,medium,p3_c160_mp3_pen0_h5,101,4,4,4,0,570,1296,532,54,364,174,6,6.2097320556640625,0
star_5,medium,medium,p3_c40_mp3_pen1_h2,42,6,6,0,6,82,234,0,12,26,12,0,1.442389726638794,0
grid_5x5_nodiag,sparse,medium,p3_c160_mp3_pen0_h5,42,4,5,4,1,609,1389,551,86,383,190,6,6.338020324707031,0
star_5,medium,medium,p3_c40_mp3_pen1_h2,101,6,6,0,6,81,227,2,11,25,12,0,1.4424183368682861,0
star_5,medium,medium,p3_c40_mp3_pen1_h2,202,6,6,0,6,82,234,0,12,26,12,0,1.2941362857818604,0
star_5,medium,medium,p3_c40_mp3_pen0_h0,101,6,6,0,6,81,227,2,11,25,12,0,1.1766374111175537,0
star_5,medium,medium,p3_c40_mp3_pen0_h0,42,6,6,0,6,82,234,0,12,26,12,0,1.2383666038513184,0
star_5,medium,medium,p3_c40_mp3_pen0_h0,202,6,6,0,6,82,234,0,12,26,12,0,1.1631906032562256,0
star_5,medium,medium,p3_c40_mp3_pen1_h5,42,6,6,0,6,82,234,0,12,26,12,0,1.429823875427246,0
star_5,medium,medium,p3_c40_mp3_pen1_h5,202,6,6,0,6,82,234,0,12,26,12,0,1.424259901046753,0
star_5,medium,medium,p3_c40_mp3_pen1_h5,101,6,6,0,6,81,227,2,11,25,12,0,1.4304399490356445,0
star_5,medium,medium,p3_c40_mp3_pen0_h2,42,6,6,0,6,82,234,0,12,26,12,0,1.384139060974121,0
star_5,medium,medium,p3_c40_mp3_pen0_h2,202,6,6,0,6,82,234,0,12,26,12,0,1.285888910293579,0
star_5,medium,medium,p3_c40_mp3_pen0_h5,42,6,6,0,6,82,234,0,12,26,12,0,1.2984485626220703,0
star_5,medium,medium,p3_c40_mp3_pen0_h2,101,6,6,0,6,81,227,2,11,25,12,0,1.433933973312378,0
star_5,medium,medium,p3_c40_mp3_pen0_h5,101,6,6,0,6,81,227,2,11,25,12,0,1.402425765991211,0
star_5,medium,medium,p3_c100_mp1_pen1_h5,101,6,6,0,6,70,222,0,12,26,12,0,1.1538491249084473,0
star_5,medium,medium,p3_c40_mp3_pen0_h5,202,6,6,0,6,82,234,0,12,26,12,0,1.3543105125427246,0
star_5,medium,medium,p3_c100_mp1_pen1_h2,101,6,6,0,6,70,222,0,12,26,12,0,1.2899560928344727,0
star_5,medium,medium,p3_c100_mp1_pen1_h5,202,6,6,0,6,70,222,0,12,26,12,0,1.217489242553711,0
star_5,medium,medium,p3_c100_mp1_pen1_h0,42,6,6,0,6,70,222,0,12,26,12,0,1.3763811588287354,0
star_5,medium,medium,p3_c100_mp1_pen1_h2,42,6,6,0,6,70,222,0,12,26,12,0,1.342909574508667,0
star_5,medium,medium,p3_c100_mp1_pen1_h0,101,6,6,0,6,70,222,0,12,26,12,0,1.4219145774841309,0
star_5,medium,medium,p3_c100_mp1_pen1_h0,202,6,6,0,6,70,222,0,12,26,12,0,1.3896780014038086,0
star_5,medium,medium,p3_c100_mp1_pen1_h2,202,6,6,0,6,70,222,0,12,26,12,0,1.3893537521362305,0
star_5,medium,medium,p3_c100_mp1_pen1_h5,42,6,6,0,6,70,222,0,12,26,12,0,1.4186289310455322,0
star_5,medium,medium,p3_c100_mp1_pen0_h0,42,6,6,0,6,70,222,0,12,26,12,0,1.3081982135772705,0
star_5,medium,medium,p3_c100_mp1_pen0_h2,101,6,6,0,6,70,222,0,12,26,12,0,1.2396020889282227,0
star_5,medium,medium,p3_c100_mp1_pen0_h0,101,6,6,0,6,70,222,0,12,26,12,0,1.3724656105041504,0
star_5,medium,medium,p3_c100_mp1_pen0_h5,202,6,6,0,6,70,222,0,12,26,12,0,1.2219033241271973,0
star_5,medium,medium,p3_c100_mp1_pen0_h0,202,6,6,0,6,70,222,0,12,26,12,0,1.363713026046753,0
star_5,medium,medium,p3_c100_mp1_pen0_h5,42,6,6,0,6,70,222,0,12,26,12,0,1.2785632610321045,0
star_5,medium,medium,p3_c100_mp1_pen0_h2,42,6,6,0,6,70,222,0,12,26,12,0,1.3920769691467285,0
star_5,medium,medium,p3_c100_mp2_pen1_h0,101,6,6,0,6,76,228,0,12,26,12,0,1.2273356914520264,0
star_5,medium,medium,p3_c100_mp1_pen0_h2,202,6,6,0,6,70,222,0,12,26,12,0,1.3814411163330078,0
star_5,medium,medium,p3_c100_mp2_pen1_h0,42,6,6,0,6,76,228,0,12,26,12,0,1.338393211364746,0
star_5,medium,medium,p3_c100_mp1_pen0_h5,101,6,6,0,6,70,222,0,12,26,12,0,1.4006690979003906,0
star_5,medium,medium,p3_c100_mp2_pen1_h0,202,6,6,0,6,76,228,0,12,26,12,0,1.3891279697418213,0
star_5,medium,medium,p3_c100_mp2_pen1_h2,42,6,6,0,6,76,228,0,12,26,12,0,1.3854405879974365,0
star_5,medium,medium,p3_c100_mp2_pen1_h2,101,6,6,0,6,76,228,0,12,26,12,0,1.2664997577667236,0
star_5,medium,medium,p3_c100_mp2_pen1_h5,42,6,6,0,6,76,228,0,12,26,12,0,1.300438642501831,0
star_5,medium,medium,p3_c100_mp2_pen1_h2,202,6,6,0,6,76,228,0,12,26,12,0,1.3863584995269775,0
star_5,medium,medium,p3_c100_mp2_pen1_h5,101,6,6,0,6,76,228,0,12,26,12,0,1.3972206115722656,0
star_5,medium,medium,p3_c100_mp2_pen0_h5,202,6,6,0,6,76,228,0,12,26,12,0,1.0609652996063232,0
star_5,medium,medium,p3_c100_mp2_pen0_h0,42,6,6,0,6,76,228,0,12,26,12,0,1.2994515895843506,0
star_5,medium,medium,p3_c100_mp2_pen1_h5,202,6,6,0,6,76,228,0,12,26,12,0,1.3681626319885254,0
star_5,medium,medium,p3_c100_mp2_pen0_h2,101,6,6,0,6,76,228,0,12,26,12,0,1.2259917259216309,0
star_5,medium,medium,p3_c100_mp2_pen0_h0,202,6,6,0,6,76,228,0,12,26,12,0,1.342212200164795,0
star_5,medium,medium,p3_c100_mp2_pen0_h0,101,6,6,0,6,76,228,0,12,26,12,0,1.4049575328826904,0
star_5,medium,medium,p3_c100_mp2_pen0_h2,42,6,6,0,6,76,228,0,12,26,12,0,1.4044923782348633,0
star_5,medium,medium,p3_c100_mp2_pen0_h2,202,6,6,0,6,76,228,0,12,26,12,0,1.3748958110809326,0
star_5,medium,medium,p3_c100_mp2_pen0_h5,42,6,6,0,6,76,228,0,12,26,12,0,1.3974664211273193,0
star_5,medium,medium,p3_c100_mp3_pen1_h0,42,6,6,0,6,82,234,0,12,26,12,0,1.305798053741455,0
star_5,medium,medium,p3_c100_mp3_pen1_h0,101,6,6,0,6,81,227,2,11,25,12,0,1.2062079906463623,0
star_5,medium,medium,p3_c100_mp2_pen0_h5,101,6,6,0,6,76,228,0,12,26,12,0,1.458491563796997,0
star_5,medium,medium,p3_c100_mp3_pen1_h0,202,6,6,0,6,82,234,0,12,26,12,0,1.2157526016235352,0
star_5,medium,medium,p3_c100_mp3_pen1_h5,202,6,6,0,6,82,234,0,12,26,12,0,1.2714827060699463,0
star_5,medium,medium,p3_c100_mp3_pen1_h2,202,6,6,0,6,82,234,0,12,26,12,0,1.3838832378387451,0
star_5,medium,medium,p3_c100_mp3_pen1_h2,101,6,6,0,6,81,227,2,11,25,12,0,1.3983144760131836,0
star_5,medium,medium,p3_c100_mp3_pen0_h0,202,6,6,0,6,82,234,0,12,26,12,0,1.2572548389434814,0
star_5,medium,medium,p3_c100_mp3_pen1_h5,42,6,6,0,6,82,234,0,12,26,12,0,1.4013586044311523,0
star_5,medium,medium,p3_c100_mp3_pen0_h0,101,6,6,0,6,81,227,2,11,25,12,0,1.2829227447509766,0
star_5,medium,medium,p3_c100_mp3_pen1_h2,42,6,6,0,6,82,234,0,12,26,12,0,1.4585931301116943,0
star_5,medium,medium,p3_c100_mp3_pen1_h5,101,6,6,0,6,81,227,2,11,25,12,0,1.4150445461273193,0
star_5,medium,medium,p3_c100_mp3_pen0_h0,42,6,6,0,6,82,234,0,12,26,12,0,1.4369022846221924,0
star_5,medium,medium,p3_c100_mp3_pen0_h2,42,6,6,0,6,82,234,0,12,26,12,0,1.402574062347412,0
star_5,medium,medium,p3_c100_mp3_pen0_h2,101,6,6,0,6,81,227,2,11,25,12,0,1.4730944633483887,0
star_5,medium,medium,p3_c100_mp3_pen0_h5,42,6,6,0,6,82,234,0,12,26,12,0,1.3140230178833008,0
star_5,medium,medium,p3_c100_mp3_pen0_h2,202,6,6,0,6,82,234,0,12,26,12,0,1.4242126941680908,0
star_5,medium,medium,p3_c100_mp3_pen0_h5,101,6,6,0,6,81,227,2,11,25,12,0,1.452690839767456,0
star_5,medium,medium,p3_c105_mp1_pen1_h0,42,6,6,4,2,78,246,0,20,28,14,0,1.2488360404968262,0
star_5,medium,medium,p3_c100_mp3_pen0_h5,202,6,6,0,6,82,234,0,12,26,12,0,1.3838181495666504,0
star_5,medium,medium,p3_c105_mp1_pen1_h0,101,6,6,4,2,78,246,0,20,28,14,0,1.2698659896850586,0
star_5,medium,medium,p3_c105_mp1_pen1_h2,101,6,6,4,2,78,246,0,20,28,14,0,1.2253680229187012,0
star_5,medium,medium,p3_c105_mp1_pen1_h2,42,6,6,4,2,78,246,0,20,28,14,0,1.355154275894165,0
star_5,medium,medium,p3_c105_mp1_pen1_h0,202,6,6,4,2,78,246,0,20,28,14,0,1.425382137298584,0
star_5,medium,medium,p3_c105_mp1_pen1_h5,202,6,6,4,2,78,246,0,20,28,14,0,1.258674144744873,0
star_5,medium,medium,p3_c105_mp1_pen0_h0,101,6,6,4,2,78,246,0,20,28,14,0,1.291424036026001,0
star_5,medium,medium,p3_c105_mp1_pen1_h5,101,6,6,4,2,78,246,0,20,28,14,0,1.4066495895385742,0
star_5,medium,medium,p3_c105_mp1_pen1_h5,42,6,6,4,2,78,246,0,20,28,14,0,1.4234354496002197,0
star_5,medium,medium,p3_c105_mp1_pen1_h2,202,6,6,4,2,78,246,0,20,28,14,0,1.4900367259979248,0
star_5,medium,medium,p3_c105_mp1_pen0_h0,202,6,6,4,2,78,246,0,20,28,14,0,1.303844690322876,0
star_5,medium,medium,p3_c105_mp1_pen0_h0,42,6,6,4,2,78,246,0,20,28,14,0,1.3661694526672363,0
star_5,medium,medium,p3_c105_mp1_pen0_h2,101,6,6,4,2,78,246,0,20,28,14,0,1.234093189239502,0
star_5,medium,medium,p3_c105_mp1_pen0_h2,42,6,6,4,2,78,246,0,20,28,14,0,1.476691484451294,0
star_5,medium,medium,p3_c105_mp1_pen0_h5,42,6,6,4,2,78,246,0,20,28,14,0,1.360793113708496,0
star_5,medium,medium,p3_c105_mp2_pen1_h0,42,6,6,4,2,80,248,0,20,28,14,0,1.3437292575836182,0
star_5,medium,medium,p3_c105_mp1_pen0_h2,202,6,6,4,2,78,246,0,20,28,14,0,1.387840747833252,0
star_5,medium,medium,p3_c105_mp1_pen0_h5,101,6,6,4,2,78,246,0,20,28,14,0,1.458768606185913,0
star_5,medium,medium,p3_c105_mp1_pen0_h5,202,6,6,4,2,78,246,0,20,28,14,0,1.4497778415679932,0
star_5,medium,medium,p3_c105_mp2_pen1_h0,101,6,6,4,2,80,248,0,20,28,14,0,1.4446728229522705,0
star_5,medium,medium,p3_c105_mp2_pen1_h0,202,6,6,4,2,80,248,0,20,28,14,0,1.4177839756011963,0
star_5,medium,medium,p3_c105_mp2_pen1_h2,202,6,6,4,2,80,248,0,20,28,14,0,1.1913154125213623,0
star_5,medium,medium,p3_c105_mp2_pen1_h2,42,6,6,4,2,80,248,0,20,28,14,0,1.4329626560211182,0
star_5,medium,medium,p3_c105_mp2_pen1_h2,101,6,6,4,2,80,248,0,20,28,14,0,1.3508336544036865,0
star_5,medium,medium,p3_c105_mp2_pen1_h5,42,6,6,4,2,80,248,0,20,28,14,0,1.314713716506958,0
star_5,medium,medium,p3_c105_mp2_pen1_h5,101,6,6,4,2,80,248,0,20,28,14,0,1.3161556720733643,0
star_5,medium,medium,p3_c105_mp2_pen0_h0,42,6,6,4,2,80,248,0,20,28,14,0,1.3543078899383545,0
star_5,medium,medium,p3_c105_mp2_pen1_h5,202,6,6,4,2,80,248,0,20,28,14,0,1.4529926776885986,0
star_5,medium,medium,p3_c105_mp2_pen0_h0,202,6,6,4,2,80,248,0,20,28,14,0,1.3571875095367432,0
star_5,medium,medium,p3_c105_mp2_pen0_h0,101,6,6,4,2,80,248,0,20,28,14,0,1.439537763595581,0
star_5,medium,medium,p3_c105_mp3_pen1_h2,42,6,6,4,2,81,243,2,19,28,13,0,1.0328047275543213,0
star_5,medium,medium,p3_c105_mp2_pen0_h2,101,6,6,4,2,80,248,0,20,28,14,0,1.37568998336792,0
star_5,medium,medium,p3_c105_mp2_pen0_h2,42,6,6,4,2,80,248,0,20,28,14,0,1.4111249446868896,0
star_5,medium,medium,p3_c105_mp2_pen0_h2,202,6,6,4,2,80,248,0,20,28,14,0,1.41105055809021,0
star_5,medium,medium,p3_c105_mp2_pen0_h5,42,6,6,4,2,80,248,0,20,28,14,0,1.3706855773925781,0
star_5,medium,medium,p3_c105_mp3_pen1_h0,101,6,6,4,2,82,250,0,20,28,14,0,1.2674517631530762,0
star_5,medium,medium,p3_c105_mp3_pen1_h0,42,6,6,4,2,81,243,2,19,28,13,0,1.2911901473999023,0
star_5,medium,medium,p3_c105_mp2_pen0_h5,101,6,6,4,2,80,248,0,20,28,14,0,1.3737454414367676,0
star_5,medium,medium,p3_c105_mp3_pen1_h0,202,6,6,4,2,82,250,0,20,28,14,0,1.3702983856201172,0
star_5,medium,medium,p3_c105_mp2_pen0_h5,202,6,6,4,2,80,248,0,20,28,14,0,1.4161181449890137,0
star_5,medium,medium,p3_c105_mp3_pen1_h5,101,6,6,4,2,82,250,0,20,28,14,0,1.091252326965332,0
star_5,medium,medium,p3_c105_mp3_pen1_h2,101,6,6,4,2,82,250,0,20,28,14,0,1.3770430088043213,0
star_5,medium,medium,p3_c105_mp3_pen1_h2,202,6,6,4,2,82,250,0,20,28,14,0,1.3838717937469482,0
star_5,medium,medium,p3_c105_mp3_pen1_h5,42,6,6,4,2,81,243,2,19,28,13,0,1.3901629447937012,0
star_5,medium,medium,p3_c105_mp3_pen1_h5,202,6,6,4,2,82,250,0,20,28,14,0,1.3855459690093994,0
star_5,medium,medium,p3_c105_mp3_pen0_h0,101,6,6,4,2,82,250,0,20,28,14,0,1.3773541450500488,0
star_5,medium,medium,p3_c105_mp3_pen0_h0,42,6,6,4,2,81,243,2,19,28,13,0,1.4125893115997314,0
star_5,medium,medium,p3_c105_mp3_pen0_h0,202,6,6,4,2,82,250,0,20,28,14,0,1.4031710624694824,0
star_5,medium,medium,p3_c105_mp3_pen0_h2,42,6,6,4,2,81,243,2,19,28,13,0,1.407820701599121,0
star_5,medium,medium,p3_c105_mp3_pen0_h2,101,6,6,4,2,82,250,0,20,28,14,0,1.4076526165008545,0
star_5,medium,medium,p3_c105_mp3_pen0_h5,101,6,6,4,2,82,250,0,20,28,14,0,1.2445969581604004,0
star_5,medium,medium,p3_c105_mp3_pen0_h2,202,6,6,4,2,82,250,0,20,28,14,0,1.361774206161499,0
star_5,medium,medium,p3_c105_mp3_pen0_h5,42,6,6,4,2,81,243,2,19,28,13,0,1.428281307220459,0
star_5,medium,medium,p3_c105_mp3_pen0_h5,202,6,6,4,2,82,250,0,20,28,14,0,1.4184775352478027,0
star_5,medium,medium,p3_c120_mp1_pen1_h0,101,6,6,4,2,78,246,0,20,28,14,0,1.214930772781372,0
star_5,medium,medium,p3_c120_mp1_pen1_h0,42,6,6,4,2,78,246,0,20,28,14,0,1.3477706909179688,0
star_5,medium,medium,p3_c120_mp1_pen1_h2,42,6,6,4,2,78,246,0,20,28,14,0,1.369666337966919,0
star_5,medium,medium,p3_c120_mp1_pen1_h0,202,6,6,4,2,78,246,0,20,28,14,0,1.3853754997253418,0
star_5,medium,medium,p3_c120_mp1_pen1_h5,42,6,6,4,2,78,246,0,20,28,14,0,1.2582244873046875,0
star_5,medium,medium,p3_c120_mp1_pen1_h5,202,6,6,4,2,78,246,0,20,28,14,0,1.2032012939453125,0
star_5,medium,medium,p3_c120_mp1_pen1_h2,202,6,6,4,2,78,246,0,20,28,14,0,1.3526132106781006,0
star_5,medium,medium,p3_c120_mp1_pen1_h2,101,6,6,4,2,78,246,0,20,28,14,0,1.4399032592773438,0
star_5,medium,medium,p3_c120_mp1_pen0_h0,202,6,6,4,2,78,246,0,20,28,14,0,1.1770257949829102,0
star_5,medium,medium,p3_c120_mp1_pen0_h0,42,6,6,4,2,78,246,0,20,28,14,0,1.2876758575439453,0
star_5,medium,medium,p3_c120_mp1_pen1_h5,101,6,6,4,2,78,246,0,20,28,14,0,1.4043288230895996,0
star_5,medium,medium,p3_c120_mp1_pen0_h2,42,6,6,4,2,78,246,0,20,28,14,0,1.2757420539855957,0
star_5,medium,medium,p3_c120_mp1_pen0_h0,101,6,6,4,2,78,246,0,20,28,14,0,1.381960153579712,0
star_5,medium,medium,p3_c120_mp1_pen0_h2,202,6,6,4,2,78,246,0,20,28,14,0,1.339404582977295,0
star_5,medium,medium,p3_c120_mp1_pen0_h2,101,6,6,4,2,78,246,0,20,28,14,0,1.4155006408691406,0
star_5,medium,medium,p3_c120_mp1_pen0_h5,42,6,6,4,2,78,246,0,20,28,14,0,1.2732644081115723,0
star_5,medium,medium,p3_c120_mp1_pen0_h5,101,6,6,4,2,78,246,0,20,28,14,0,1.3643357753753662,0
star_5,medium,medium,p3_c120_mp2_pen1_h0,202,6,6,4,2,80,248,0,20,28,14,0,1.2049720287322998,0
star_5,medium,medium,p3_c120_mp1_pen0_h5,202,6,6,4,2,78,246,0,20,28,14,0,1.3705568313598633,0
star_5,medium,medium,p3_c120_mp2_pen1_h0,42,6,6,4,2,80,248,0,20,28,14,0,1.3704919815063477,0
star_5,medium,medium,p3_c120_mp2_pen1_h0,101,6,6,4,2,80,248,0,20,28,14,0,1.4162867069244385,0
star_5,medium,medium,p3_c120_mp2_pen1_h2,42,6,6,4,2,80,248,0,20,28,14,0,1.3856391906738281,0
star_5,medium,medium,p3_c120_mp2_pen1_h2,202,6,6,4,2,80,248,0,20,28,14,0,1.3359870910644531,0
star_5,medium,medium,p3_c120_mp2_pen1_h2,101,6,6,4,2,80,248,0,20,28,14,0,1.3562452793121338,0
star_5,medium,medium,p3_c120_mp2_pen1_h5,101,6,6,4,2,80,248,0,20,28,14,0,1.4239885807037354,0
star_5,medium,medium,p3_c120_mp2_pen1_h5,42,6,6,4,2,80,248,0,20,28,14,0,1.4329044818878174,0
star_5,medium,medium,p3_c120_mp2_pen1_h5,202,6,6,4,2,80,248,0,20,28,14,0,1.3910119533538818,0
star_5,medium,medium,p3_c120_mp2_pen0_h0,42,6,6,4,2,80,248,0,20,28,14,0,1.3287265300750732,0
star_5,medium,medium,p3_c120_mp2_pen0_h0,202,6,6,4,2,80,248,0,20,28,14,0,1.2088027000427246,0
star_5,medium,medium,p3_c120_mp2_pen0_h0,101,6,6,4,2,80,248,0,20,28,14,0,1.2743232250213623,0
star_5,medium,medium,p3_c120_mp2_pen0_h2,202,6,6,4,2,80,248,0,20,28,14,0,1.1732087135314941,0
star_5,medium,medium,p3_c120_mp3_pen1_h0,202,6,6,4,2,82,250,0,20,28,14,0,1.066560983657837,0
star_5,medium,medium,p3_c120_mp2_pen0_h2,101,6,6,4,2,80,248,0,20,28,14,0,1.4003794193267822,0
star_5,medium,medium,p3_c120_mp2_pen0_h5,42,6,6,4,2,80,248,0,20,28,14,0,1.3451545238494873,0
star_5,medium,medium,p3_c120_mp2_pen0_h2,42,6,6,4,2,80,248,0,20,28,14,0,1.427572250366211,0
star_5,medium,medium,p3_c120_mp2_pen0_h5,101,6,6,4,2,80,248,0,20,28,14,0,1.3848955631256104,0
star_5,medium,medium,p3_c120_mp2_pen0_h5,202,6,6,4,2,80,248,0,20,28,14,0,1.3988494873046875,0
star_5,medium,medium,p3_c120_mp3_pen1_h2,42,6,6,4,2,81,243,2,19,28,13,0,1.27358078956604,0
star_5,medium,medium,p3_c120_mp3_pen1_h0,42,6,6,4,2,81,243,2,19,28,13,0,1.4095470905303955,0
star_5,medium,medium,p3_c120_mp3_pen1_h0,101,6,6,4,2,82,250,0,20,28,14,0,1.3850069046020508,0
star_5,medium,medium,p3_c120_mp3_pen1_h2,202,6,6,4,2,82,250,0,20,28,14,0,1.2961757183074951,0
star_5,medium,medium,p3_c120_mp3_pen1_h2,101,6,6,4,2,82,250,0,20,28,14,0,1.418459415435791,0
star_5,medium,medium,p3_c120_mp3_pen1_h5,101,6,6,4,2,82,250,0,20,28,14,0,1.278486728668213,0
star_5,medium,medium,p3_c120_mp3_pen1_h5,42,6,6,4,2,81,243,2,19,28,13,0,1.396646499633789,0
star_5,medium,medium,p3_c120_mp3_pen0_h0,101,6,6,4,2,82,250,0,20,28,14,0,1.1919715404510498,0
star_5,medium,medium,p3_c120_mp3_pen1_h5,202,6,6,4,2,82,250,0,20,28,14,0,1.428248405456543,0
star_5,medium,medium,p3_c120_mp3_pen0_h0,202,6,6,4,2,82,250,0,20,28,14,0,1.3016083240509033,0
star_5,medium,medium,p3_c120_mp3_pen0_h0,42,6,6,4,2,81,243,2,19,28,13,0,1.3636424541473389,0
star_5,medium,medium,p3_c120_mp3_pen0_h2,202,6,6,4,2,82,250,0,20,28,14,0,1.1958577632904053,0
star_5,medium,medium,p3_c120_mp3_pen0_h2,42,6,6,4,2,81,243,2,19,28,13,0,1.2806310653686523,0
star_5,medium,medium,p3_c120_mp3_pen0_h2,101,6,6,4,2,82,250,0,20,28,14,0,1.3652069568634033,0
star_5,medium,medium,p3_c160_mp1_pen1_h0,101,6,6,4,2,78,246,0,20,28,14,0,1.2243437767028809,0
star_5,medium,medium,p3_c120_mp3_pen0_h5,101,6,6,4,2,82,250,0,20,28,14,0,1.3098196983337402,0
star_5,medium,medium,p3_c120_mp3_pen0_h5,42,6,6,4,2,81,243,2,19,28,13,0,1.4303879737854004,0
star_5,medium,medium,p3_c120_mp3_pen0_h5,202,6,6,4,2,82,250,0,20,28,14,0,1.4240975379943848,0
star_5,medium,medium,p3_c160_mp1_pen1_h0,42,6,6,4,2,78,246,0,20,28,14,0,1.3744621276855469,0
star_5,medium,medium,p3_c160_mp1_pen1_h0,202,6,6,4,2,78,246,0,20,28,14,0,1.3308680057525635,0
star_5,medium,medium,p3_c160_mp1_pen1_h2,101,6,6,4,2,78,246,0,20,28,14,0,1.2986488342285156,0
star_5,medium,medium,p3_c160_mp1_pen1_h2,42,6,6,4,2,78,246,0,20,28,14,0,1.4292924404144287,0
star_5,medium,medium,p3_c160_mp1_pen1_h2,202,6,6,4,2,78,246,0,20,28,14,0,1.4191086292266846,0
star_5,medium,medium,p3_c160_mp1_pen0_h2,42,6,6,4,2,78,246,0,20,28,14,0,1.2291748523712158,0
star_5,medium,medium,p3_c160_mp1_pen1_h5,202,6,6,4,2,78,246,0,20,28,14,0,1.344613790512085,0
star_5,medium,medium,p3_c160_mp1_pen1_h5,101,6,6,4,2,78,246,0,20,28,14,0,1.4042394161224365,0
star_5,medium,medium,p3_c160_mp1_pen0_h0,101,6,6,4,2,78,246,0,20,28,14,0,1.317406415939331,0
star_5,medium,medium,p3_c160_mp1_pen0_h0,202,6,6,4,2,78,246,0,20,28,14,0,1.2950048446655273,0
star_5,medium,medium,p3_c160_mp1_pen0_h0,42,6,6,4,2,78,246,0,20,28,14,0,1.3547918796539307,0
star_5,medium,medium,p3_c160_mp1_pen0_h5,42,6,6,4,2,78,246,0,20,28,14,0,1.1386399269104004,0
star_5,medium,medium,p3_c160_mp1_pen1_h5,42,6,6,4,2,78,246,0,20,28,14,0,1.4328839778900146,0
star_5,medium,medium,p3_c160_mp1_pen0_h5,101,6,6,4,2,78,246,0,20,28,14,0,1.1791152954101562,0
star_5,medium,medium,p3_c160_mp1_pen0_h2,101,6,6,4,2,78,246,0,20,28,14,0,1.4039194583892822,0
star_5,medium,medium,p3_c160_mp1_pen0_h2,202,6,6,4,2,78,246,0,20,28,14,0,1.3549473285675049,0
star_5,medium,medium,p3_c160_mp1_pen0_h5,202,6,6,4,2,78,246,0,20,28,14,0,1.3193440437316895,0
star_5,medium,medium,p3_c160_mp2_pen1_h0,202,6,6,4,2,80,248,0,20,28,14,0,1.197495460510254,0
star_5,medium,medium,p3_c160_mp2_pen1_h0,42,6,6,4,2,80,248,0,20,28,14,0,1.3214631080627441,0
star_5,medium,medium,p3_c160_mp2_pen1_h2,101,6,6,4,2,80,248,0,20,28,14,0,1.2482876777648926,0
star_5,medium,medium,p3_c160_mp2_pen1_h2,42,6,6,4,2,80,248,0,20,28,14,0,1.314661979675293,0
star_5,medium,medium,p3_c160_mp2_pen1_h0,101,6,6,4,2,80,248,0,20,28,14,0,1.422151803970337,0
star_5,medium,medium,p3_c160_mp2_pen1_h5,42,6,6,4,2,80,248,0,20,28,14,0,1.236222743988037,0
star_5,medium,medium,p3_c160_mp2_pen1_h2,202,6,6,4,2,80,248,0,20,28,14,0,1.361860990524292,0
star_5,medium,medium,p3_c160_mp2_pen0_h0,42,6,6,4,2,80,248,0,20,28,14,0,1.3224153518676758,0
star_5,medium,medium,p3_c160_mp2_pen0_h0,202,6,6,4,2,80,248,0,20,28,14,0,1.2869977951049805,0
star_5,medium,medium,p3_c160_mp2_pen1_h5,202,6,6,4,2,80,248,0,20,28,14,0,1.4293344020843506,0
star_5,medium,medium,p3_c160_mp2_pen1_h5,101,6,6,4,2,80,248,0,20,28,14,0,1.4525549411773682,0
star_5,medium,medium,p3_c160_mp2_pen0_h2,101,6,6,4,2,80,248,0,20,28,14,0,1.2696168422698975,0
star_5,medium,medium,p3_c160_mp2_pen0_h0,101,6,6,4,2,80,248,0,20,28,14,0,1.383009433746338,0
star_5,medium,medium,p3_c160_mp2_pen0_h2,42,6,6,4,2,80,248,0,20,28,14,0,1.4074211120605469,0
star_5,medium,medium,p3_c160_mp2_pen0_h2,202,6,6,4,2,80,248,0,20,28,14,0,1.3447654247283936,0
star_5,medium,medium,p3_c160_mp2_pen0_h5,202,6,6,4,2,80,248,0,20,28,14,0,1.1743497848510742,0
star_5,medium,medium,p3_c160_mp3_pen1_h2,42,6,6,4,2,81,243,2,19,28,13,0,1.1951134204864502,0
star_5,medium,medium,p3_c160_mp2_pen0_h5,42,6,6,4,2,80,248,0,20,28,14,0,1.3129122257232666,0
star_5,medium,medium,p3_c160_mp3_pen1_h0,101,6,6,4,2,82,250,0,20,28,14,0,1.3048486709594727,0
star_5,medium,medium,p3_c160_mp3_pen1_h5,42,6,6,4,2,81,243,2,19,28,13,0,1.2286887168884277,0
star_5,medium,medium,p3_c160_mp3_pen1_h0,202,6,6,4,2,82,250,0,20,28,14,0,1.3325128555297852,0
star_5,medium,medium,p3_c160_mp2_pen0_h5,101,6,6,4,2,80,248,0,20,28,14,0,1.4197008609771729,0
star_5,medium,medium,p3_c160_mp3_pen1_h2,202,6,6,4,2,82,250,0,20,28,14,0,1.3819754123687744,0
star_5,medium,medium,p3_c160_mp3_pen1_h0,42,6,6,4,2,81,243,2,19,28,13,0,1.4091315269470215,0
star_5,medium,medium,p3_c160_mp3_pen1_h2,101,6,6,4,2,82,250,0,20,28,14,0,1.406740427017212,0
star_5,medium,medium,p3_c160_mp3_pen1_h5,101,6,6,4,2,82,250,0,20,28,14,0,1.384950876235962,0
star_5,medium,medium,p3_c160_mp3_pen1_h5,202,6,6,4,2,82,250,0,20,28,14,0,1.341843843460083,0
star_5,medium,medium,p3_c160_mp3_pen0_h0,202,6,6,4,2,82,250,0,20,28,14,0,1.2074732780456543,0
star_5,medium,medium,p3_c160_mp3_pen0_h0,42,6,6,4,2,81,243,2,19,28,13,0,1.3632471561431885,0
star_5,medium,medium,p3_c160_mp3_pen0_h2,42,6,6,4,2,81,243,2,19,28,13,0,1.2804210186004639,0
star_5,medium,medium,p3_c160_mp3_pen0_h2,101,6,6,4,2,82,250,0,20,28,14,0,1.2484302520751953,0
star_5,medium,medium,p3_c160_mp3_pen0_h0,101,6,6,4,2,82,250,0,20,28,14,0,1.4415690898895264,0
star_5,medium,medium,p3_c160_mp3_pen0_h2,202,6,6,4,2,82,250,0,20,28,14,0,1.4253125190734863,0
star_5,heavy,medium,baseline,202,12,12,4,8,100,306,2,31,29,23,0,1.1701469421386719,0
star_5,medium,medium,p3_c160_mp3_pen0_h5,42,6,6,4,2,81,243,2,19,28,13,0,1.4349005222320557,0
star_5,medium,medium,p3_c160_mp3_pen0_h5,101,6,6,4,2,82,250,0,20,28,14,0,1.4563665390014648,0
star_5,heavy,medium,p3_c40_mp1_pen1_h0,202,12,12,0,12,94,294,0,24,32,18,0,1.2506563663482666,0
star_5,heavy,medium,p3_c40_mp1_pen1_h0,101,12,12,0,12,94,294,0,24,32,18,0,1.353637933731079,0
star_5,medium,medium,p3_c160_mp3_pen0_h5,202,6,6,4,2,82,250,0,20,28,14,0,1.507657766342163,0
star_5,heavy,medium,baseline,42,12,12,4,8,100,306,2,31,29,23,0,1.4832749366760254,0
star_5,heavy,medium,baseline,101,12,12,4,8,100,306,2,31,29,23,0,1.5171458721160889,0
star_5,heavy,medium,p3_c40_mp1_pen1_h0,42,12,12,0,12,94,294,0,24,32,18,0,1.4845991134643555,0
star_5,heavy,medium,p3_c40_mp1_pen1_h2,202,12,12,0,12,94,294,0,24,32,18,0,1.255418300628662,0
star_5,heavy,medium,p3_c40_mp1_pen1_h2,42,12,12,0,12,94,294,0,24,32,18,0,1.4808452129364014,0
star_5,heavy,medium,p3_c40_mp1_pen1_h2,101,12,12,0,12,94,294,0,24,32,18,0,1.478818655014038,0
star_5,heavy,medium,p3_c40_mp1_pen1_h5,202,12,12,0,12,94,294,0,24,32,18,0,1.3804845809936523,0
star_5,heavy,medium,p3_c40_mp1_pen1_h5,42,12,12,0,12,94,294,0,24,32,18,0,1.4751079082489014,0
star_5,heavy,medium,p3_c40_mp1_pen1_h5,101,12,12,0,12,94,294,0,24,32,18,0,1.398205041885376,0
star_5,heavy,medium,p3_c40_mp1_pen0_h0,101,12,12,0,12,94,294,0,24,32,18,0,1.426832675933838,0
star_5,heavy,medium,p3_c40_mp1_pen0_h0,202,12,12,0,12,94,294,0,24,32,18,0,1.409109354019165,0
star_5,heavy,medium,p3_c40_mp1_pen0_h0,42,12,12,0,12,94,294,0,24,32,18,0,1.4984714984893799,0
star_5,heavy,medium,p3_c40_mp1_pen0_h2,101,12,12,0,12,94,294,0,24,32,18,0,1.4720239639282227,0
star_5,heavy,medium,p3_c40_mp1_pen0_h2,202,12,12,0,12,94,294,0,24,32,18,0,1.4697020053863525,0
star_5,heavy,medium,p3_c40_mp1_pen0_h5,101,12,12,0,12,94,294,0,24,32,18,0,1.4433209896087646,0
star_5,heavy,medium,p3_c40_mp1_pen0_h2,42,12,12,0,12,94,294,0,24,32,18,0,1.6914055347442627,0
star_5,heavy,medium,p3_c40_mp1_pen0_h5,42,12,12,0,12,94,294,0,24,32,18,0,1.5818002223968506,0
star_5,heavy,medium,p3_c40_mp2_pen1_h0,42,12,12,0,12,106,306,0,24,32,18,0,1.4187891483306885,0
star_5,heavy,medium,p3_c40_mp1_pen0_h5,202,12,12,0,12,94,294,0,24,32,18,0,1.5130977630615234,0
star_5,heavy,medium,p3_c40_mp2_pen1_h0,202,12,12,0,12,106,304,0,24,32,18,0,1.409303903579712,0
star_5,heavy,medium,p3_c40_mp2_pen1_h0,101,12,12,0,12,106,306,0,24,32,18,0,1.5086851119995117,0
star_5,heavy,medium,p3_c40_mp2_pen1_h2,42,12,12,0,12,106,306,0,24,32,18,0,1.3661973476409912,0
star_5,heavy,medium,p3_c40_mp2_pen1_h5,101,12,12,0,12,106,306,0,24,32,18,0,1.3063292503356934,0
star_5,heavy,medium,p3_c40_mp2_pen1_h2,202,12,12,0,12,106,304,0,24,32,18,0,1.5174167156219482,0
star_5,heavy,medium,p3_c40_mp2_pen1_h5,42,12,12,0,12,106,306,0,24,32,18,0,1.5319921970367432,0
star_5,heavy,medium,p3_c40_mp2_pen0_h0,42,12,12,0,12,106,306,0,24,32,18,0,1.4111511707305908,0
star_5,heavy,medium,p3_c40_mp2_pen1_h2,101,12,12,0,12,106,306,0,24,32,18,0,1.693770170211792,0
star_5,heavy,medium,p3_c40_mp2_pen0_h2,101,12,12,0,12,106,306,0,24,32,18,0,1.4877197742462158,0
star_5,heavy,medium,p3_c40_mp2_pen0_h0,101,12,12,0,12,106,306,0,24,32,18,0,1.6030213832855225,0
star_5,heavy,medium,p3_c40_mp2_pen0_h5,101,12,12,0,12,106,306,0,24,32,18,0,1.2997775077819824,0
star_5,heavy,medium,p3_c40_mp2_pen0_h0,202,12,12,0,12,106,304,0,24,32,18,0,1.6484591960906982,0
star_5,heavy,medium,p3_c40_mp2_pen1_h5,202,12,12,0,12,106,304,0,24,32,18,0,1.7580649852752686,0
star_5,heavy,medium,p3_c40_mp2_pen0_h5,202,12,12,0,12,106,304,0,24,32,18,0,1.4401066303253174,0
star_5,heavy,medium,p3_c40_mp2_pen0_h2,42,12,12,0,12,106,306,0,24,32,18,0,1.7490112781524658,0
star_5,heavy,medium,p3_c40_mp2_pen0_h5,42,12,12,0,12,106,306,0,24,32,18,0,1.5846045017242432,0
star_5,heavy,medium,p3_c40_mp3_pen1_h0,42,12,12,0,12,117,311,2,23,31,18,0,1.5674502849578857,0
star_5,heavy,medium,p3_c40_mp2_pen0_h2,202,12,12,0,12,106,304,0,24,32,18,0,1.7668523788452148,0
star_5,heavy,medium,p3_c40_mp3_pen1_h0,202,12,12,0,12,118,318,0,24,32,18,0,1.5296392440795898,0
star_5,heavy,medium,p3_c40_mp3_pen1_h0,101,12,12,0,12,118,318,0,24,32,18,0,1.564760446548462,0
star_5,heavy,medium,p3_c40_mp3_pen1_h2,101,12,12,0,12,118,318,0,24,32,18,0,1.587444543838501,0
star_5,heavy,medium,p3_c40_mp3_pen1_h5,42,12,12,0,12,117,311,2,23,31,18,0,1.4789328575134277,0
star_5,heavy,medium,p3_c40_mp3_pen1_h2,202,12,12,0,12,118,318,0,24,32,18,0,1.6685633659362793,0
star_5,heavy,medium,p3_c40_mp3_pen0_h0,202,12,12,0,12,118,318,0,24,32,18,0,1.4129548072814941,0
star_5,heavy,medium,p3_c40_mp3_pen1_h2,42,12,12,0,12,117,311,2,23,31,18,0,1.8267910480499268,0
star_5,heavy,medium,p3_c40_mp3_pen0_h0,42,12,12,0,12,117,311,2,23,31,18,0,1.538172721862793,0
star_5,heavy,medium,p3_c40_mp3_pen1_h5,202,12,12,0,12,118,318,0,24,32,18,0,1.609846591949463,0
star_5,heavy,medium,p3_c40_mp3_pen0_h0,101,12,12,0,12,118,318,0,24,32,18,0,1.6226370334625244,0
star_5,heavy,medium,p3_c40_mp3_pen0_h2,42,12,12,0,12,117,311,2,23,31,18,0,1.5595364570617676,0
star_5,heavy,medium,p3_c40_mp3_pen1_h5,101,12,12,0,12,118,318,0,24,32,18,0,1.801481008529663,0
star_5,heavy,medium,p3_c40_mp3_pen0_h2,101,12,12,0,12,118,318,0,24,32,18,0,1.5641789436340332,0
star_5,heavy,medium,p3_c40_mp3_pen0_h5,42,12,12,0,12,117,311,2,23,31,18,0,1.4083194732666016,0
star_5,heavy,medium,p3_c40_mp3_pen0_h2,202,12,12,0,12,118,318,0,24,32,18,0,1.4440181255340576,0
star_5,heavy,medium,p3_c40_mp3_pen0_h5,101,12,12,0,12,118,318,0,24,32,18,0,1.41682767868042,0
star_5,heavy,medium,p3_c40_mp3_pen0_h5,202,12,12,0,12,118,318,0,24,32,18,0,1.4638185501098633,0
star_5,heavy,medium,p3_c100_mp1_pen1_h0,42,12,12,0,12,94,294,0,24,32,18,0,1.50380539894104,0
star_5,heavy,medium,p3_c100_mp1_pen1_h0,101,12,12,0,12,94,294,0,24,32,18,0,1.4564650058746338,0
star_5,heavy,medium,p3_c100_mp1_pen1_h0,202,12,12,0,12,94,294,0,24,32,18,0,1.5309054851531982,0
star_5,heavy,medium,p3_c100_mp1_pen1_h2,202,12,12,0,12,94,294,0,24,32,18,0,1.462177038192749,0
star_5,heavy,medium,p3_c100_mp1_pen1_h2,42,12,12,0,12,94,294,0,24,32,18,0,1.599130392074585,0
star_5,heavy,medium,p3_c100_mp1_pen0_h0,202,12,12,0,12,94,294,0,24,32,18,0,1.3398542404174805,0
star_5,heavy,medium,p3_c100_mp1_pen0_h0,42,12,12,0,12,94,294,0,24,32,18,0,1.4304180145263672,0
star_5,heavy,medium,p3_c100_mp1_pen1_h5,42,12,12,0,12,94,294,0,24,32,18,0,1.5946464538574219,0
star_5,heavy,medium,p3_c100_mp1_pen1_h5,101,12,12,0,12,94,294,0,24,32,18,0,1.589390754699707,0
star_5,heavy,medium,p3_c100_mp1_pen1_h2,101,12,12,0,12,94,294,0,24,32,18,0,1.7772517204284668,0
star_5,heavy,medium,p3_c100_mp1_pen1_h5,202,12,12,0,12,94,294,0,24,32,18,0,1.6922767162322998,0
star_5,heavy,medium,p3_c100_mp1_pen0_h2,42,12,12,0,12,94,294,0,24,32,18,0,1.5963528156280518,0
star_5,heavy,medium,p3_c100_mp1_pen0_h2,101,12,12,0,12,94,294,0,24,32,18,0,1.4837307929992676,0
star_5,heavy,medium,p3_c100_mp1_pen0_h0,101,12,12,0,12,94,294,0,24,32,18,0,1.6588201522827148,0
star_5,heavy,medium,p3_c100_mp1_pen0_h5,42,12,12,0,12,94,294,0,24,32,18,0,1.424210548400879,0
star_5,heavy,medium,p3_c100_mp1_pen0_h5,202,12,12,0,12,94,294,0,24,32,18,0,1.4513697624206543,0
star_5,heavy,medium,p3_c100_mp1_pen0_h2,202,12,12,0,12,94,294,0,24,32,18,0,1.6718125343322754,0
star_5,heavy,medium,p3_c100_mp2_pen1_h2,101,12,12,0,12,106,306,0,24,32,18,0,1.4141554832458496,0
star_5,heavy,medium,p3_c100_mp2_pen1_h0,202,12,12,0,12,106,304,0,24,32,18,0,1.5076162815093994,0
star_5,heavy,medium,p3_c100_mp1_pen0_h5,101,12,12,0,12,94,294,0,24,32,18,0,1.678633689880371,0
star_5,heavy,medium,p3_c100_mp2_pen1_h0,101,12,12,0,12,106,306,0,24,32,18,0,1.621786117553711,0
star_5,heavy,medium,p3_c100_mp2_pen1_h0,42,12,12,0,12,106,306,0,24,32,18,0,1.6482386589050293,0
star_5,heavy,medium,p3_c100_mp2_pen1_h2,202,12,12,0,12,106,304,0,24,32,18,0,1.4584033489227295,0
star_5,heavy,medium,p3_c100_mp2_pen1_h2,42,12,12,0,12,106,306,0,24,32,18,0,1.6029129028320312,0
star_5,heavy,medium,p3_c100_mp2_pen1_h5,202,12,12,0,12,106,304,0,24,32,18,0,1.3914053440093994,0
star_5,heavy,medium,p3_c100_mp2_pen1_h5,42,12,12,0,12,106,306,0,24,32,18,0,1.4932494163513184,0
star_5,heavy,medium,p3_c100_mp2_pen0_h0,101,12,12,0,12,106,306,0,24,32,18,0,1.335261344909668,0
star_5,heavy,medium,p3_c100_mp2_pen0_h0,42,12,12,0,12,106,306,0,24,32,18,0,1.457770586013794,0
star_5,heavy,medium,p3_c100_mp2_pen1_h5,101,12,12,0,12,106,306,0,24,32,18,0,1.7913110256195068,0
star_5,heavy,medium,p3_c100_mp2_pen0_h0,202,12,12,0,12,106,304,0,24,32,18,0,1.6036829948425293,0
star_5,heavy,medium,p3_c100_mp2_pen0_h2,202,12,12,0,12,106,304,0,24,32,18,0,1.4461286067962646,0
star_5,heavy,medium,p3_c100_mp2_pen0_h5,101,12,12,0,12,106,306,0,24,32,18,0,1.3532309532165527,0
star_5,heavy,medium,p3_c100_mp2_pen0_h2,101,12,12,0,12,106,306,0,24,32,18,0,1.582036018371582,0
star_5,heavy,medium,p3_c100_mp2_pen0_h5,42,12,12,0,12,106,306,0,24,32,18,0,1.4407989978790283,0
star_5,heavy,medium,p3_c100_mp2_pen0_h2,42,12,12,0,12,106,306,0,24,32,18,0,1.6993203163146973,0
star_5,heavy,medium,p3_c100_mp2_pen0_h5,202,12,12,0,12,106,304,0,24,32,18,0,1.5008747577667236,0
star_5,heavy,medium,p3_c100_mp3_pen1_h0,202,12,12,0,12,118,318,0,24,32,18,0,1.4422380924224854,0
star_5,heavy,medium,p3_c100_mp3_pen1_h0,101,12,12,0,12,118,318,0,24,32,18,0,1.5263340473175049,0
star_5,heavy,medium,p3_c100_mp3_pen1_h2,202,12,12,0,12,118,318,0,24,32,18,0,1.4228715896606445,0
star_5,heavy,medium,p3_c100_mp3_pen1_h2,42,12,12,0,12,117,311,2,23,31,18,0,1.5819950103759766,0
star_5,heavy,medium,p3_c100_mp3_pen1_h0,42,12,12,0,12,117,311,2,23,31,18,0,1.8020448684692383,0
star_5,heavy,medium,p3_c100_mp3_pen1_h2,101,12,12,0,12,118,318,0,24,32,18,0,1.6306018829345703,0
star_5,heavy,medium,p3_c100_mp3_pen1_h5,101,12,12,0,12,118,318,0,24,32,18,0,1.5702905654907227,0
star_5,heavy,medium,p3_c100_mp3_pen1_h5,42,12,12,0,12,117,311,2,23,31,18,0,1.6625556945800781,0
star_5,heavy,medium,p3_c100_mp3_pen0_h0,101,12,12,0,12,118,318,0,24,32,18,0,1.4433138370513916,0
star_5,heavy,medium,p3_c100_mp3_pen1_h5,202,12,12,0,12,118,318,0,24,32,18,0,1.6040685176849365,0
star_5,heavy,medium,p3_c100_mp3_pen0_h2,42,12,12,0,12,117,311,2,23,31,18,0,1.5471196174621582,0
star_5,heavy,medium,p3_c100_mp3_pen0_h2,202,12,12,0,12,118,318,0,24,32,18,0,1.568833351135254,0
star_5,heavy,medium,p3_c100_mp3_pen0_h0,42,12,12,0,12,117,311,2,23,31,18,0,1.696730375289917,0
star_5,heavy,medium,p3_c100_mp3_pen0_h2,101,12,12,0,12,118,318,0,24,32,18,0,1.6566877365112305,0
star_5,heavy,medium,p3_c105_mp1_pen1_h0,101,12,12,8,4,108,330,2,39,36,20,0,1.5189049243927002,0
star_5,heavy,medium,p3_c100_mp3_pen0_h5,42,12,12,0,12,117,311,2,23,31,18,0,1.7427303791046143,0
star_5,heavy,medium,p3_c105_mp1_pen1_h0,42,12,12,8,4,108,330,2,39,36,20,0,1.5901687145233154,0
star_5,heavy,medium,p3_c100_mp3_pen0_h5,202,12,12,0,12,118,318,0,24,32,18,0,1.7752649784088135,0
star_5,heavy,medium,p3_c100_mp3_pen0_h0,202,12,12,0,12,118,318,0,24,32,18,0,1.9393033981323242,0
star_5,heavy,medium,p3_c100_mp3_pen0_h5,101,12,12,0,12,118,318,0,24,32,18,0,1.8447015285491943,0
star_5,heavy,medium,p3_c105_mp1_pen1_h2,42,12,12,8,4,108,330,2,39,36,20,0,1.4983153343200684,0
star_5,heavy,medium,p3_c105_mp1_pen1_h0,202,12,12,8,4,108,330,2,39,36,20,0,1.727128028869629,0
star_5,heavy,medium,p3_c105_mp1_pen1_h2,202,12,12,8,4,108,330,2,39,36,20,0,1.5029985904693604,0
star_5,heavy,medium,p3_c105_mp1_pen1_h2,101,12,12,8,4,108,330,2,39,36,20,0,1.5854299068450928,0
star_5,heavy,medium,p3_c105_mp1_pen0_h0,42,12,12,8,4,108,330,2,39,36,20,0,1.3996827602386475,0
star_5,heavy,medium,p3_c105_mp1_pen1_h5,202,12,12,8,4,108,330,2,39,36,20,0,1.4515454769134521,0
star_5,heavy,medium,p3_c105_mp1_pen1_h5,42,12,12,8,4,108,330,2,39,36,20,0,1.5399913787841797,0
star_5,heavy,medium,p3_c105_mp1_pen1_h5,101,12,12,8,4,108,330,2,39,36,20,0,1.5357019901275635,0
star_5,heavy,medium,p3_c105_mp1_pen0_h2,42,12,12,8,4,108,330,2,39,36,20,0,1.3054745197296143,0
star_5,heavy,medium,p3_c105_mp1_pen0_h0,202,12,12,8,4,108,330,2,39,36,20,0,1.4116082191467285,0
star_5,heavy,medium,p3_c105_mp1_pen0_h0,101,12,12,8,4,108,330,2,39,36,20,0,1.4490666389465332,0
star_5,heavy,medium,p3_c105_mp1_pen0_h2,101,12,12,8,4,108,330,2,39,36,20,0,1.395939826965332,0
star_5,heavy,medium,p3_c105_mp1_pen0_h2,202,12,12,8,4,108,330,2,39,36,20,0,1.3782289028167725,0
star_5,heavy,medium,p3_c105_mp1_pen0_h5,42,12,12,8,4,108,330,2,39,36,20,0,1.5386669635772705,0
star_5,heavy,medium,p3_c105_mp1_pen0_h5,101,12,12,8,4,108,330,2,39,36,20,0,1.535935878753662,0
star_5,heavy,medium,p3_c105_mp1_pen0_h5,202,12,12,8,4,108,330,2,39,36,20,0,1.5051844120025635,0
star_5,heavy,medium,p3_c105_mp2_pen1_h0,101,12,12,8,4,112,334,2,39,36,20,0,1.4748008251190186,0
star_5,heavy,medium,p3_c105_mp2_pen1_h0,42,12,12,8,4,112,334,2,39,36,20,0,1.588700294494629,0
star_5,heavy,medium,p3_c105_mp2_pen1_h0,202,12,12,8,4,112,334,2,39,36,20,0,1.5012741088867188,0
star_5,heavy,medium,p3_c105_mp2_pen1_h5,101,12,12,8,4,112,334,2,39,36,20,0,1.2795159816741943,0
star_5,heavy,medium,p3_c105_mp2_pen1_h2,101,12,12,8,4,112,334,2,39,36,20,0,1.4540536403656006,0
star_5,heavy,medium,p3_c105_mp2_pen1_h2,202,12,12,8,4,112,334,2,39,36,20,0,1.4371294975280762,0
star_5,heavy,medium,p3_c105_mp2_pen1_h2,42,12,12,8,4,112,334,2,39,36,20,0,1.484363317489624,0
star_5,heavy,medium,p3_c105_mp2_pen1_h5,42,12,12,8,4,112,334,2,39,36,20,0,1.3125219345092773,0
star_5,heavy,medium,p3_c105_mp2_pen1_h5,202,12,12,8,4,112,334,2,39,36,20,0,1.4228546619415283,0
star_5,heavy,medium,p3_c105_mp2_pen0_h0,202,12,12,8,4,112,334,2,39,36,20,0,1.4123787879943848,0
star_5,heavy,medium,p3_c105_mp2_pen0_h0,42,12,12,8,4,112,334,2,39,36,20,0,1.4506690502166748,0
star_5,heavy,medium,p3_c105_mp2_pen0_h0,101,12,12,8,4,112,334,2,39,36,20,0,1.449876308441162,0
star_5,heavy,medium,p3_c105_mp2_pen0_h2,202,12,12,8,4,112,334,2,39,36,20,0,1.2431347370147705,0
star_5,heavy,medium,p3_c105_mp2_pen0_h5,42,12,12,8,4,112,334,2,39,36,20,0,1.18503737449646,0
star_5,heavy,medium,p3_c105_mp3_pen1_h0,101,12,12,8,4,116,338,2,39,36,20,0,1.165147066116333,0
star_5,heavy,medium,p3_c105_mp3_pen1_h0,42,12,12,8,4,115,331,4,38,36,19,0,1.2469377517700195,0
star_5,heavy,medium,p3_c105_mp2_pen0_h2,42,12,12,8,4,112,334,2,39,36,20,0,1.399765968322754,0
star_5,heavy,medium,p3_c105_mp2_pen0_h5,202,12,12,8,4,112,334,2,39,36,20,0,1.2735176086425781,0
star_5,heavy,medium,p3_c105_mp2_pen0_h2,101,12,12,8,4,112,334,2,39,36,20,0,1.4126737117767334,0
star_5,heavy,medium,p3_c105_mp3_pen1_h2,101,12,12,8,4,116,338,2,39,36,20,0,1.2238256931304932,0
star_5,heavy,medium,p3_c105_mp2_pen0_h5,101,12,12,8,4,112,334,2,39,36,20,0,1.4429466724395752,0
star_5,heavy,medium,p3_c105_mp3_pen1_h0,202,12,12,8,4,116,338,2,39,36,20,0,1.3826172351837158,0
star_5,heavy,medium,p3_c105_mp3_pen1_h2,42,12,12,8,4,115,331,4,38,36,19,0,1.3515336513519287,0
star_5,heavy,medium,p3_c105_mp3_pen1_h5,42,12,12,8,4,115,331,4,38,36,19,0,1.264148235321045,0
star_5,heavy,medium,p3_c105_mp3_pen1_h5,202,12,12,8,4,116,338,2,39,36,20,0,1.092580795288086,0
star_5,heavy,medium,p3_c105_mp3_pen1_h2,202,12,12,8,4,116,338,2,39,36,20,0,1.3968665599822998,0
star_5,heavy,medium,p3_c105_mp3_pen1_h5,101,12,12,8,4,116,338,2,39,36,20,0,1.3800230026245117,0
star_5,heavy,medium,p3_c105_mp3_pen0_h0,42,12,12,8,4,115,331,4,38,36,19,0,1.3800923824310303,0
star_5,heavy,medium,p3_c105_mp3_pen0_h0,101,12,12,8,4,116,338,2,39,36,20,0,1.3861191272735596,0
star_5,heavy,medium,p3_c105_mp3_pen0_h0,202,12,12,8,4,116,338,2,39,36,20,0,1.3332035541534424,0
star_5,heavy,medium,p3_c105_mp3_pen0_h2,42,12,12,8,4,115,331,4,38,36,19,0,1.3269758224487305,0
star_5,heavy,medium,p3_c105_mp3_pen0_h5,101,12,12,8,4,116,338,2,39,36,20,0,1.3099689483642578,0
star_5,heavy,medium,p3_c105_mp3_pen0_h5,42,12,12,8,4,115,331,4,38,36,19,0,1.3752193450927734,0
star_5,heavy,medium,p3_c105_mp3_pen0_h5,202,12,12,8,4,116,338,2,39,36,20,0,1.3647685050964355,0
star_5,heavy,medium,p3_c105_mp3_pen0_h2,101,12,12,8,4,116,338,2,39,36,20,0,1.3891544342041016,0
star_5,heavy,medium,p3_c105_mp3_pen0_h2,202,12,12,8,4,116,338,2,39,36,20,0,1.3946328163146973,0
star_5,heavy,medium,p3_c120_mp1_pen1_h2,42,12,12,8,4,108,330,2,39,36,20,0,1.1488547325134277,0
star_5,heavy,medium,p3_c120_mp1_pen1_h0,101,12,12,8,4,108,330,2,39,36,20,0,1.2527589797973633,0
star_5,heavy,medium,p3_c120_mp1_pen1_h0,42,12,12,8,4,108,330,2,39,36,20,0,1.415452241897583,0
star_5,heavy,medium,p3_c120_mp1_pen1_h2,101,12,12,8,4,108,330,2,39,36,20,0,1.2448492050170898,0
star_5,heavy,medium,p3_c120_mp1_pen1_h5,42,12,12,8,4,108,330,2,39,36,20,0,1.288623332977295,0
star_5,heavy,medium,p3_c120_mp1_pen1_h0,202,12,12,8,4,108,330,2,39,36,20,0,1.4121429920196533,0
star_5,heavy,medium,p3_c120_mp1_pen0_h0,42,12,12,8,4,108,330,2,39,36,20,0,1.2360703945159912,0
star_5,heavy,medium,p3_c120_mp1_pen1_h2,202,12,12,8,4,108,330,2,39,36,20,0,1.351959228515625,0
star_5,heavy,medium,p3_c120_mp1_pen0_h2,202,12,12,8,4,108,330,2,39,36,20,0,1.0660057067871094,0
star_5,heavy,medium,p3_c120_mp1_pen1_h5,202,12,12,8,4,108,330,2,39,36,20,0,1.3959507942199707,0
star_5,heavy,medium,p3_c120_mp1_pen1_h5,101,12,12,8,4,108,330,2,39,36,20,0,1.4127197265625,0
star_5,heavy,medium,p3_c120_mp1_pen0_h0,101,12,12,8,4,108,330,2,39,36,20,0,1.392794132232666,0
star_5,heavy,medium,p3_c120_mp1_pen0_h0,202,12,12,8,4,108,330,2,39,36,20,0,1.356003999710083,0
star_5,heavy,medium,p3_c120_mp1_pen0_h2,101,12,12,8,4,108,330,2,39,36,20,0,1.3206887245178223,0
star_5,heavy,medium,p3_c120_mp1_pen0_h2,42,12,12,8,4,108,330,2,39,36,20,0,1.4192771911621094,0
star_5,heavy,medium,p3_c120_mp1_pen0_h5,42,12,12,8,4,108,330,2,39,36,20,0,1.4279327392578125,0
star_5,heavy,medium,p3_c120_mp1_pen0_h5,202,12,12,8,4,108,330,2,39,36,20,0,1.3916311264038086,0
star_5,heavy,medium,p3_c120_mp1_pen0_h5,101,12,12,8,4,108,330,2,39,36,20,0,1.4231865406036377,0
star_5,heavy,medium,p3_c120_mp2_pen0_h0,101,12,12,8,4,112,334,2,39,36,20,0,1.0118300914764404,0
star_5,heavy,medium,p3_c120_mp2_pen1_h0,42,12,12,8,4,112,334,2,39,36,20,0,1.376664400100708,0
star_5,heavy,medium,p3_c120_mp2_pen1_h5,101,12,12,8,4,112,334,2,39,36,20,0,1.152306318283081,0
star_5,heavy,medium,p3_c120_mp2_pen1_h0,101,12,12,8,4,112,334,2,39,36,20,0,1.3852128982543945,0
star_5,heavy,medium,p3_c120_mp2_pen1_h0,202,12,12,8,4,112,334,2,39,36,20,0,1.367408275604248,0
star_5,heavy,medium,p3_c120_mp2_pen1_h2,42,12,12,8,4,112,334,2,39,36,20,0,1.395571231842041,0
star_5,heavy,medium,p3_c120_mp2_pen1_h5,42,12,12,8,4,112,334,2,39,36,20,0,1.2443599700927734,0
star_5,heavy,medium,p3_c120_mp2_pen1_h5,202,12,12,8,4,112,334,2,39,36,20,0,1.3182182312011719,0
star_5,heavy,medium,p3_c120_mp2_pen1_h2,101,12,12,8,4,112,334,2,39,36,20,0,1.442864179611206,0
star_5,heavy,medium,p3_c120_mp2_pen1_h2,202,12,12,8,4,112,334,2,39,36,20,0,1.422703504562378,0
star_5,heavy,medium,p3_c120_mp2_pen0_h0,42,12,12,8,4,112,334,2,39,36,20,0,1.3560168743133545,0
star_5,heavy,medium,p3_c120_mp2_pen0_h0,202,12,12,8,4,112,334,2,39,36,20,0,1.2781658172607422,0
star_5,heavy,medium,p3_c120_mp2_pen0_h5,42,12,12,8,4,112,334,2,39,36,20,0,1.2837419509887695,0
star_5,heavy,medium,p3_c120_mp2_pen0_h5,202,12,12,8,4,112,334,2,39,36,20,0,1.2908689975738525,0
star_5,heavy,medium,p3_c120_mp2_pen0_h2,101,12,12,8,4,112,334,2,39,36,20,0,1.3995883464813232,0
star_5,heavy,medium,p3_c120_mp2_pen0_h5,101,12,12,8,4,112,334,2,39,36,20,0,1.3175585269927979,0
star_5,heavy,medium,p3_c120_mp2_pen0_h2,42,12,12,8,4,112,334,2,39,36,20,0,1.4808681011199951,0
star_5,heavy,medium,p3_c120_mp2_pen0_h2,202,12,12,8,4,112,334,2,39,36,20,0,1.3953850269317627,0
star_5,heavy,medium,p3_c120_mp3_pen1_h0,42,12,12,8,4,115,331,4,38,36,19,0,1.434741735458374,0
star_5,heavy,medium,p3_c120_mp3_pen1_h0,101,12,12,8,4,116,338,2,39,36,20,0,1.340735673904419,0
star_5,heavy,medium,p3_c120_mp3_pen1_h2,42,12,12,8,4,115,331,4,38,36,19,0,1.3018524646759033,0
star_5,heavy,medium,p3_c120_mp3_pen1_h0,202,12,12,8,4,116,338,2,39,36,20,0,1.352480173110962,0
star_5,heavy,medium,p3_c120_mp3_pen1_h2,101,12,12,8,4,116,338,2,39,36,20,0,1.379704236984253,0
star_5,heavy,medium,p3_c120_mp3_pen1_h2,202,12,12,8,4,116,338,2,39,36,20,0,1.3829424381256104,0
star_5,heavy,medium,p3_c120_mp3_pen1_h5,42,12,12,8,4,115,331,4,38,36,19,0,1.3837521076202393,0
star_5,heavy,medium,p3_c120_mp3_pen1_h5,101,12,12,8,4,116,338,2,39,36,20,0,1.4026710987091064,0
star_5,heavy,medium,p3_c120_mp3_pen1_h5,202,12,12,8,4,116,338,2,39,36,20,0,1.3346478939056396,0
star_5,heavy,medium,p3_c120_mp3_pen0_h0,42,12,12,8,4,115,331,4,38,36,19,0,1.3971261978149414,0
star_5,heavy,medium,p3_c120_mp3_pen0_h0,101,12,12,8,4,116,338,2,39,36,20,0,1.2978515625,0
star_5,heavy,medium,p3_c120_mp3_pen0_h0,202,12,12,8,4,116,338,2,39,36,20,0,1.3575465679168701,0
star_5,heavy,medium,p3_c120_mp3_pen0_h2,202,12,12,8,4,116,338,2,39,36,20,0,1.268589973449707,0
star_5,heavy,medium,p3_c120_mp3_pen0_h5,101,12,12,8,4,116,338,2,39,36,20,0,1.260493516921997,0
star_5,heavy,medium,p3_c120_mp3_pen0_h2,42,12,12,8,4,115,331,4,38,36,19,0,1.378295660018921,0
star_5,heavy,medium,p3_c120_mp3_pen0_h2,101,12,12,8,4,116,338,2,39,36,20,0,1.415712594985962,0
star_5,heavy,medium,p3_c120_mp3_pen0_h5,42,12,12,8,4,115,331,4,38,36,19,0,1.4030346870422363,0
star_5,heavy,medium,p3_c120_mp3_pen0_h5,202,12,12,8,4,116,338,2,39,36,20,0,1.3249635696411133,0
star_5,heavy,medium,p3_c160_mp1_pen1_h0,101,12,12,8,4,108,330,2,39,36,20,0,1.3650131225585938,0
star_5,heavy,medium,p3_c160_mp1_pen1_h0,42,12,12,8,4,108,330,2,39,36,20,0,1.420280933380127,0
star_5,heavy,medium,p3_c160_mp1_pen1_h0,202,12,12,8,4,108,330,2,39,36,20,0,1.4065523147583008,0
star_5,heavy,medium,p3_c160_mp1_pen1_h2,42,12,12,8,4,108,330,2,39,36,20,0,1.3798739910125732,0
star_5,heavy,medium,p3_c160_mp1_pen1_h2,101,12,12,8,4,108,330,2,39,36,20,0,1.2255480289459229,0
star_5,heavy,medium,p3_c160_mp1_pen0_h0,42,12,12,8,4,108,330,2,39,36,20,0,1.21832275390625,0
star_5,heavy,medium,p3_c160_mp1_pen1_h5,101,12,12,8,4,108,330,2,39,36,20,0,1.2824907302856445,0
star_5,heavy,medium,p3_c160_mp1_pen1_h5,42,12,12,8,4,108,330,2,39,36,20,0,1.3388893604278564,0
star_5,heavy,medium,p3_c160_mp1_pen1_h2,202,12,12,8,4,108,330,2,39,36,20,0,1.357999563217163,0
star_5,heavy,medium,p3_c160_mp1_pen1_h5,202,12,12,8,4,108,330,2,39,36,20,0,1.4040639400482178,0
star_5,heavy,medium,p3_c160_mp1_pen0_h0,202,12,12,8,4,108,330,2,39,36,20,0,1.3498649597167969,0
star_5,heavy,medium,p3_c160_mp1_pen0_h2,42,12,12,8,4,108,330,2,39,36,20,0,1.3677270412445068,0
star_5,heavy,medium,p3_c160_mp1_pen0_h0,101,12,12,8,4,108,330,2,39,36,20,0,1.4286506175994873,0
star_5,heavy,medium,p3_c160_mp1_pen0_h2,101,12,12,8,4,108,330,2,39,36,20,0,1.4076173305511475,0
star_5,heavy,medium,p3_c160_mp1_pen0_h5,42,12,12,8,4,108,330,2,39,36,20,0,1.3348572254180908,0
star_5,heavy,medium,p3_c160_mp1_pen0_h2,202,12,12,8,4,108,330,2,39,36,20,0,1.3949522972106934,0
star_5,heavy,medium,p3_c160_mp1_pen0_h5,101,12,12,8,4,108,330,2,39,36,20,0,1.3044631481170654,0
star_5,heavy,medium,p3_c160_mp2_pen1_h0,42,12,12,8,4,112,334,2,39,36,20,0,1.1632568836212158,0
star_5,heavy,medium,p3_c160_mp1_pen0_h5,202,12,12,8,4,108,330,2,39,36,20,0,1.3690767288208008,0
star_5,heavy,medium,p3_c160_mp2_pen1_h0,202,12,12,8,4,112,334,2,39,36,20,0,1.344698190689087,0
star_5,heavy,medium,p3_c160_mp2_pen1_h0,101,12,12,8,4,112,334,2,39,36,20,0,1.4061343669891357,0
star_5,heavy,medium,p3_c160_mp2_pen1_h2,42,12,12,8,4,112,334,2,39,36,20,0,1.3757925033569336,0
star_5,heavy,medium,p3_c160_mp2_pen1_h5,42,12,12,8,4,112,334,2,39,36,20,0,1.247891902923584,0
star_5,heavy,medium,p3_c160_mp2_pen1_h2,202,12,12,8,4,112,334,2,39,36,20,0,1.2940447330474854,0
star_5,heavy,medium,p3_c160_mp2_pen1_h2,101,12,12,8,4,112,334,2,39,36,20,0,1.389817714691162,0
star_5,heavy,medium,p3_c160_mp2_pen0_h0,42,12,12,8,4,112,334,2,39,36,20,0,1.2444136142730713,0
star_5,heavy,medium,p3_c160_mp2_pen1_h5,202,12,12,8,4,112,334,2,39,36,20,0,1.2541136741638184,0
star_5,heavy,medium,p3_c160_mp2_pen1_h5,101,12,12,8,4,112,334,2,39,36,20,0,1.4047329425811768,0
star_5,heavy,medium,p3_c160_mp2_pen0_h0,202,12,12,8,4,112,334,2,39,36,20,0,1.2940144538879395,0
star_5,heavy,medium,p3_c160_mp2_pen0_h0,101,12,12,8,4,112,334,2,39,36,20,0,1.3551576137542725,0
star_5,heavy,medium,p3_c160_mp2_pen0_h2,101,12,12,8,4,112,334,2,39,36,20,0,1.3000566959381104,0
star_5,heavy,medium,p3_c160_mp2_pen0_h2,42,12,12,8,4,112,334,2,39,36,20,0,1.3921010494232178,0
star_5,heavy,medium,p3_c160_mp3_pen1_h0,42,12,12,8,4,115,331,4,38,36,19,0,1.2634294033050537,0
star_5,heavy,medium,p3_c160_mp2_pen0_h2,202,12,12,8,4,112,334,2,39,36,20,0,1.4331035614013672,0
star_5,heavy,medium,p3_c160_mp2_pen0_h5,202,12,12,8,4,112,334,2,39,36,20,0,1.3380012512207031,0
star_5,heavy,medium,p3_c160_mp2_pen0_h5,42,12,12,8,4,112,334,2,39,36,20,0,1.403773546218872,0
star_5,heavy,medium,p3_c160_mp2_pen0_h5,101,12,12,8,4,112,334,2,39,36,20,0,1.4386677742004395,0
star_5,heavy,medium,p3_c160_mp3_pen0_h0,42,12,12,8,4,115,331,4,38,36,19,0,0.9846653938293457,0
star_5,heavy,medium,p3_c160_mp3_pen1_h0,101,12,12,8,4,116,338,2,39,36,20,0,1.4272100925445557,0
star_5,heavy,medium,p3_c160_mp3_pen1_h0,202,12,12,8,4,116,338,2,39,36,20,0,1.3457820415496826,0
star_5,heavy,medium,p3_c160_mp3_pen1_h2,42,12,12,8,4,115,331,4,38,36,19,0,1.392855167388916,0
star_5,heavy,medium,p3_c160_mp3_pen1_h5,42,12,12,8,4,115,331,4,38,36,19,0,1.342376470565796,0
star_5,heavy,medium,p3_c160_mp3_pen1_h2,101,12,12,8,4,116,338,2,39,36,20,0,1.4339268207550049,0
star_5,heavy,medium,p3_c160_mp3_pen1_h2,202,12,12,8,4,116,338,2,39,36,20,0,1.404444694519043,0
star_5,heavy,medium,p3_c160_mp3_pen1_h5,101,12,12,8,4,116,338,2,39,36,20,0,1.3699228763580322,0
star_5,heavy,medium,p3_c160_mp3_pen1_h5,202,12,12,8,4,116,338,2,39,36,20,0,1.382167100906372,0
star_5,heavy,medium,p3_c160_mp3_pen0_h0,101,12,12,8,4,116,338,2,39,36,20,0,1.3584144115447998,0
star_5,heavy,medium,p3_c160_mp3_pen0_h2,42,12,12,8,4,115,331,4,38,36,19,0,1.2579874992370605,0
star_5,heavy,medium,p3_c160_mp3_pen0_h2,202,12,12,8,4,116,338,2,39,36,20,0,1.250901460647583,0
star_5,heavy,medium,p3_c160_mp3_pen0_h0,202,12,12,8,4,116,338,2,39,36,20,0,1.3531668186187744,0
star_5,heavy,medium,p3_c160_mp3_pen0_h2,101,12,12,8,4,116,338,2,39,36,20,0,1.2823872566223145,0
star_5,heavy,medium,p3_c160_mp3_pen0_h5,101,12,12,8,4,116,338,2,39,36,20,0,1.2912821769714355,0
star_5,heavy,medium,p3_c160_mp3_pen0_h5,42,12,12,8,4,115,331,4,38,36,19,0,1.3379523754119873,0
star_5,sparse,medium,p3_c40_mp1_pen1_h0,202,5,5,0,5,66,210,0,10,25,11,0,1.0137672424316406,0
star_5,heavy,medium,p3_c160_mp3_pen0_h5,202,12,12,8,4,116,338,2,39,36,20,0,1.3308742046356201,0
star_5,sparse,medium,baseline,42,5,5,4,1,74,234,0,18,28,12,0,1.3351600170135498,0
star_5,sparse,medium,baseline,101,5,5,4,1,74,234,0,18,28,12,0,1.357006311416626,0
star_5,sparse,medium,baseline,202,5,5,4,1,74,234,0,18,28,12,0,1.3727271556854248,0
star_5,sparse,medium,p3_c40_mp1_pen1_h0,101,5,5,0,5,66,210,0,10,25,11,0,1.35844087600708,0
star_5,sparse,medium,p3_c40_mp1_pen1_h0,42,5,5,0,5,66,210,0,10,25,11,0,1.4098193645477295,0
star_5,sparse,medium,p3_c40_mp1_pen1_h2,101,5,5,0,5,66,210,0,10,25,11,0,1.3281497955322266,0
star_5,sparse,medium,p3_c40_mp1_pen1_h5,202,5,5,0,5,66,210,0,10,25,11,0,1.2206404209136963,0
star_5,sparse,medium,p3_c40_mp1_pen1_h2,42,5,5,0,5,66,210,0,10,25,11,0,1.3566992282867432,0
star_5,sparse,medium,p3_c40_mp1_pen1_h5,42,5,5,0,5,66,210,0,10,25,11,0,1.362274169921875,0
star_5,sparse,medium,p3_c40_mp1_pen1_h2,202,5,5,0,5,66,210,0,10,25,11,0,1.4122579097747803,0
star_5,sparse,medium,p3_c40_mp1_pen1_h5,101,5,5,0,5,66,210,0,10,25,11,0,1.3811137676239014,0
star_5,sparse,medium,p3_c40_mp1_pen0_h0,101,5,5,0,5,66,210,0,10,25,11,0,1.2347509860992432,0
star_5,sparse,medium,p3_c40_mp1_pen0_h2,101,5,5,0,5,66,210,0,10,25,11,0,1.242720365524292,0
star_5,sparse,medium,p3_c40_mp1_pen0_h0,42,5,5,0,5,66,210,0,10,25,11,0,1.380082607269287,0
star_5,sparse,medium,p3_c40_mp1_pen0_h0,202,5,5,0,5,66,210,0,10,25,11,0,1.3221228122711182,0
star_5,sparse,medium,p3_c40_mp1_pen0_h2,202,5,5,0,5,66,210,0,10,25,11,0,1.4250142574310303,0
star_5,sparse,medium,p3_c40_mp1_pen0_h2,42,5,5,0,5,66,210,0,10,25,11,0,1.452517032623291,0
star_5,sparse,medium,p3_c40_mp1_pen0_h5,42,5,5,0,5,66,210,0,10,25,11,0,1.4475839138031006,0
star_5,sparse,medium,p3_c40_mp1_pen0_h5,101,5,5,0,5,66,210,0,10,25,11,0,1.3957240581512451,0
star_5,sparse,medium,p3_c40_mp2_pen1_h0,202,5,5,0,5,71,215,0,10,25,11,0,1.1940419673919678,0
star_5,sparse,medium,p3_c40_mp2_pen1_h0,101,5,5,0,5,71,215,0,10,25,11,0,1.2412497997283936,0
star_5,sparse,medium,p3_c40_mp1_pen0_h5,202,5,5,0,5,66,210,0,10,25,11,0,1.3939933776855469,0
star_5,sparse,medium,p3_c40_mp2_pen1_h0,42,5,5,0,5,71,215,0,10,25,11,0,1.3646271228790283,0
star_5,sparse,medium,p3_c40_mp2_pen1_h2,42,5,5,0,5,71,215,0,10,25,11,0,1.370495080947876,0
star_5,sparse,medium,p3_c40_mp2_pen1_h5,42,5,5,0,5,71,215,0,10,25,11,0,1.2599644660949707,0
star_5,sparse,medium,p3_c40_mp2_pen1_h2,101,5,5,0,5,71,215,0,10,25,11,0,1.3415343761444092,0
star_5,sparse,medium,p3_c40_mp2_pen0_h0,42,5,5,0,5,71,215,0,10,25,11,0,1.1681559085845947,0
star_5,sparse,medium,p3_c40_mp2_pen1_h2,202,5,5,0,5,71,215,0,10,25,11,0,1.4218497276306152,0
star_5,sparse,medium,p3_c40_mp2_pen1_h5,202,5,5,0,5,71,215,0,10,25,11,0,1.390845537185669,0
star_5,sparse,medium,p3_c40_mp2_pen1_h5,101,5,5,0,5,71,215,0,10,25,11,0,1.4137458801269531,0
star_5,sparse,medium,p3_c40_mp2_pen0_h0,202,5,5,0,5,71,215,0,10,25,11,0,1.2665104866027832,0
star_5,sparse,medium,p3_c40_mp2_pen0_h5,42,5,5,0,5,71,215,0,10,25,11,0,1.1650211811065674,0
star_5,sparse,medium,p3_c40_mp2_pen0_h0,101,5,5,0,5,71,215,0,10,25,11,0,1.395927906036377,0
star_5,sparse,medium,p3_c40_mp2_pen0_h2,42,5,5,0,5,71,215,0,10,25,11,0,1.3974225521087646,0
star_5,sparse,medium,p3_c40_mp2_pen0_h2,101,5,5,0,5,71,215,0,10,25,11,0,1.4097528457641602,0
star_5,sparse,medium,p3_c40_mp2_pen0_h2,202,5,5,0,5,71,215,0,10,25,11,0,1.412607192993164,0
star_5,sparse,medium,p3_c40_mp3_pen1_h0,202,5,5,0,5,76,220,0,10,25,11,0,1.1533257961273193,0
star_5,sparse,medium,p3_c40_mp2_pen0_h5,202,5,5,0,5,71,215,0,10,25,11,0,1.337843418121338,0
star_5,sparse,medium,p3_c40_mp3_pen1_h0,42,5,5,0,5,76,220,0,10,25,11,0,1.3097162246704102,0
star_5,sparse,medium,p3_c40_mp2_pen0_h5,101,5,5,0,5,71,215,0,10,25,11,0,1.3970801830291748,0
star_5,sparse,medium,p3_c40_mp3_pen1_h0,101,5,5,0,5,76,220,0,10,25,11,0,1.4152536392211914,0
star_5,sparse,medium,p3_c40_mp3_pen1_h2,42,5,5,0,5,76,220,0,10,25,11,0,1.4001200199127197,0
star_5,sparse,medium,p3_c40_mp3_pen1_h2,101,5,5,0,5,76,220,0,10,25,11,0,1.4016058444976807,0
star_5,sparse,medium,p3_c40_mp3_pen0_h0,202,5,5,0,5,76,220,0,10,25,11,0,1.1497948169708252,0
star_5,sparse,medium,p3_c40_mp3_pen1_h5,42,5,5,0,5,76,220,0,10,25,11,0,1.4016528129577637,0
star_5,sparse,medium,p3_c40_mp3_pen1_h2,202,5,5,0,5,76,220,0,10,25,11,0,1.4233283996582031,0
star_5,sparse,medium,p3_c40_mp3_pen1_h5,202,5,5,0,5,76,220,0,10,25,11,0,1.3612291812896729,0
star_5,sparse,medium,p3_c40_mp3_pen1_h5,101,5,5,0,5,76,220,0,10,25,11,0,1.4150214195251465,0
star_5,sparse,medium,p3_c40_mp3_pen0_h0,42,5,5,0,5,76,220,0,10,25,11,0,1.3509879112243652,0
star_5,sparse,medium,p3_c40_mp3_pen0_h0,101,5,5,0,5,76,220,0,10,25,11,0,1.3083770275115967,0
star_5,sparse,medium,p3_c40_mp3_pen0_h2,42,5,5,0,5,76,220,0,10,25,11,0,1.354677438735962,0
star_5,sparse,medium,p3_c40_mp3_pen0_h2,101,5,5,0,5,76,220,0,10,25,11,0,1.4025871753692627,0
star_5,sparse,medium,p3_c100_mp1_pen1_h0,101,5,5,0,5,66,210,0,10,25,11,0,1.2163057327270508,0
star_5,sparse,medium,p3_c40_mp3_pen0_h5,42,5,5,0,5,76,220,0,10,25,11,0,1.384484052658081,0
star_5,sparse,medium,p3_c40_mp3_pen0_h2,202,5,5,0,5,76,220,0,10,25,11,0,1.4430346488952637,0
star_5,sparse,medium,p3_c40_mp3_pen0_h5,101,5,5,0,5,76,220,0,10,25,11,0,1.3892056941986084,0
star_5,sparse,medium,p3_c100_mp1_pen1_h0,42,5,5,0,5,66,210,0,10,25,11,0,1.3058116436004639,0
star_5,sparse,medium,p3_c40_mp3_pen0_h5,202,5,5,0,5,76,220,0,10,25,11,0,1.406229019165039,0
star_5,sparse,medium,p3_c100_mp1_pen1_h2,42,5,5,0,5,66,210,0,10,25,11,0,1.2741222381591797,0
star_5,sparse,medium,p3_c100_mp1_pen1_h0,202,5,5,0,5,66,210,0,10,25,11,0,1.324167251586914,0
star_5,sparse,medium,p3_c100_mp1_pen1_h2,101,5,5,0,5,66,210,0,10,25,11,0,1.240966558456421,0
star_5,sparse,medium,p3_c100_mp1_pen0_h0,202,5,5,0,5,66,210,0,10,25,11,0,1.2033004760742188,0
star_5,sparse,medium,p3_c100_mp1_pen1_h5,202,5,5,0,5,66,210,0,10,25,11,0,1.2462811470031738,0
star_5,sparse,medium,p3_c100_mp1_pen1_h2,202,5,5,0,5,66,210,0,10,25,11,0,1.402829647064209,0
star_5,sparse,medium,p3_c100_mp1_pen0_h0,42,5,5,0,5,66,210,0,10,25,11,0,1.3315024375915527,0
star_5,sparse,medium,p3_c100_mp1_pen1_h5,101,5,5,0,5,66,210,0,10,25,11,0,1.40578031539917,0
star_5,sparse,medium,p3_c100_mp1_pen1_h5,42,5,5,0,5,66,210,0,10,25,11,0,1.4332704544067383,0
star_5,sparse,medium,p3_c100_mp1_pen0_h0,101,5,5,0,5,66,210,0,10,25,11,0,1.395796775817871,0
star_5,sparse,medium,p3_c100_mp1_pen0_h2,42,5,5,0,5,66,210,0,10,25,11,0,1.3787949085235596,0
star_5,sparse,medium,p3_c100_mp1_pen0_h2,101,5,5,0,5,66,210,0,10,25,11,0,1.3385496139526367,0
star_5,sparse,medium,p3_c100_mp1_pen0_h2,202,5,5,0,5,66,210,0,10,25,11,0,1.4288814067840576,0
star_5,sparse,medium,p3_c100_mp1_pen0_h5,42,5,5,0,5,66,210,0,10,25,11,0,1.2668025493621826,0
star_5,sparse,medium,p3_c100_mp1_pen0_h5,101,5,5,0,5,66,210,0,10,25,11,0,1.3362650871276855,0
star_5,sparse,medium,p3_c100_mp2_pen1_h0,202,5,5,0,5,71,215,0,10,25,11,0,1.2453422546386719,0
star_5,sparse,medium,p3_c100_mp2_pen1_h0,42,5,5,0,5,71,215,0,10,25,11,0,1.3914268016815186,0
star_5,sparse,medium,p3_c100_mp2_pen0_h0,101,5,5,0,5,71,215,0,10,25,11,0,0.9650619029998779,0
star_5,sparse,medium,p3_c100_mp2_pen1_h0,101,5,5,0,5,71,215,0,10,25,11,0,1.383777141571045,0
star_5,sparse,medium,p3_c100_mp1_pen0_h5,202,5,5,0,5,66,210,0,10,25,11,0,1.4307632446289062,0
star_5,sparse,medium,p3_c100_mp2_pen1_h2,42,5,5,0,5,71,215,0,10,25,11,0,1.3638129234313965,0
star_5,sparse,medium,p3_c100_mp2_pen1_h5,101,5,5,0,5,71,215,0,10,25,11,0,1.2665603160858154,0
star_5,sparse,medium,p3_c100_mp2_pen1_h2,101,5,5,0,5,71,215,0,10,25,11,0,1.4531285762786865,0
star_5,sparse,medium,p3_c100_mp2_pen1_h2,202,5,5,0,5,71,215,0,10,25,11,0,1.3120520114898682,0
star_5,sparse,medium,p3_c100_mp2_pen1_h5,42,5,5,0,5,71,215,0,10,25,11,0,1.346893310546875,0
star_5,sparse,medium,p3_c100_mp2_pen0_h0,42,5,5,0,5,71,215,0,10,25,11,0,1.3236095905303955,0
star_5,sparse,medium,p3_c100_mp2_pen0_h2,202,5,5,0,5,71,215,0,10,25,11,0,1.162036657333374,0
star_5,sparse,medium,p3_c100_mp2_pen0_h0,202,5,5,0,5,71,215,0,10,25,11,0,1.3791022300720215,0
star_5,sparse,medium,p3_c100_mp2_pen1_h5,202,5,5,0,5,71,215,0,10,25,11,0,1.4692864418029785,0
star_5,sparse,medium,p3_c100_mp2_pen0_h2,42,5,5,0,5,71,215,0,10,25,11,0,1.3951280117034912,0
star_5,sparse,medium,p3_c100_mp2_pen0_h2,101,5,5,0,5,71,215,0,10,25,11,0,1.4071109294891357,0
star_5,sparse,medium,p3_c100_mp2_pen0_h5,101,5,5,0,5,71,215,0,10,25,11,0,1.2743110656738281,0
star_5,sparse,medium,p3_c100_mp2_pen0_h5,202,5,5,0,5,71,215,0,10,25,11,0,1.3285350799560547,0
star_5,sparse,medium,p3_c100_mp2_pen0_h5,42,5,5,0,5,71,215,0,10,25,11,0,1.4239037036895752,0
star_5,sparse,medium,p3_c100_mp3_pen1_h0,42,5,5,0,5,76,220,0,10,25,11,0,1.3803586959838867,0
star_5,sparse,medium,p3_c100_mp3_pen1_h0,101,5,5,0,5,76,220,0,10,25,11,0,1.3715856075286865,0
star_5,sparse,medium,p3_c100_mp3_pen1_h0,202,5,5,0,5,76,220,0,10,25,11,0,1.3773458003997803,0
star_5,sparse,medium,p3_c100_mp3_pen1_h2,42,5,5,0,5,76,220,0,10,25,11,0,1.3529243469238281,0
star_5,sparse,medium,p3_c100_mp3_pen1_h2,101,5,5,0,5,76,220,0,10,25,11,0,1.3334228992462158,0
star_5,sparse,medium,p3_c100_mp3_pen1_h5,101,5,5,0,5,76,220,0,10,25,11,0,1.2296087741851807,0
star_5,sparse,medium,p3_c100_mp3_pen1_h2,202,5,5,0,5,76,220,0,10,25,11,0,1.378598690032959,0
star_5,sparse,medium,p3_c100_mp3_pen0_h0,101,5,5,0,5,76,220,0,10,25,11,0,1.168950080871582,0
star_5,sparse,medium,p3_c100_mp3_pen1_h5,42,5,5,0,5,76,220,0,10,25,11,0,1.3266270160675049,0
star_5,sparse,medium,p3_c100_mp3_pen1_h5,202,5,5,0,5,76,220,0,10,25,11,0,1.2970302104949951,0
star_5,sparse,medium,p3_c100_mp3_pen0_h0,42,5,5,0,5,76,220,0,10,25,11,0,1.383270502090454,0
star_5,sparse,medium,p3_c100_mp3_pen0_h2,42,5,5,0,5,76,220,0,10,25,11,0,1.361032247543335,0
star_5,sparse,medium,p3_c100_mp3_pen0_h0,202,5,5,0,5,76,220,0,10,25,11,0,1.3687891960144043,0
star_5,sparse,medium,p3_c100_mp3_pen0_h2,202,5,5,0,5,76,220,0,10,25,11,0,1.3900225162506104,0
star_5,sparse,medium,p3_c100_mp3_pen0_h2,101,5,5,0,5,76,220,0,10,25,11,0,1.448653221130371,0
star_5,sparse,medium,p3_c100_mp3_pen0_h5,42,5,5,0,5,76,220,0,10,25,11,0,1.2983136177062988,0
star_5,sparse,medium,p3_c100_mp3_pen0_h5,202,5,5,0,5,76,220,0,10,25,11,0,1.3081414699554443,0
star_5,sparse,medium,p3_c100_mp3_pen0_h5,101,5,5,0,5,76,220,0,10,25,11,0,1.3510222434997559,0
star_5,sparse,medium,p3_c105_mp1_pen1_h0,101,5,5,4,1,74,234,0,18,28,12,0,1.3301174640655518,0
star_5,sparse,medium,p3_c105_mp1_pen1_h0,202,5,5,4,1,74,234,0,18,28,12,0,1.352198839187622,0
star_5,sparse,medium,p3_c105_mp1_pen1_h0,42,5,5,4,1,74,234,0,18,28,12,0,1.392134666442871,0
star_5,sparse,medium,p3_c105_mp1_pen1_h2,202,5,5,4,1,74,234,0,18,28,12,0,1.2627770900726318,0
star_5,sparse,medium,p3_c105_mp1_pen1_h2,42,5,5,4,1,74,234,0,18,28,12,0,1.3830280303955078,0
star_5,sparse,medium,p3_c105_mp1_pen1_h2,101,5,5,4,1,74,234,0,18,28,12,0,1.3911139965057373,0
star_5,sparse,medium,p3_c105_mp1_pen1_h5,42,5,5,4,1,74,234,0,18,28,12,0,1.3865172863006592,0
star_5,sparse,medium,p3_c105_mp1_pen1_h5,101,5,5,4,1,74,234,0,18,28,12,0,1.3657453060150146,0
star_5,sparse,medium,p3_c105_mp1_pen0_h2,101,5,5,4,1,74,234,0,18,28,12,0,1.1416993141174316,0
star_5,sparse,medium,p3_c105_mp1_pen1_h5,202,5,5,4,1,74,234,0,18,28,12,0,1.3835334777832031,0
star_5,sparse,medium,p3_c105_mp1_pen0_h0,42,5,5,4,1,74,234,0,18,28,12,0,1.3803229331970215,0
star_5,sparse,medium,p3_c105_mp1_pen0_h0,101,5,5,4,1,74,234,0,18,28,12,0,1.3803551197052002,0
star_5,sparse,medium,p3_c105_mp1_pen0_h0,202,5,5,4,1,74,234,0,18,28,12,0,1.37845778465271,0
star_5,sparse,medium,p3_c105_mp1_pen0_h2,42,5,5,4,1,74,234,0,18,28,12,0,1.4299368858337402,0
star_5,sparse,medium,p3_c105_mp1_pen0_h2,202,5,5,4,1,74,234,0,18,28,12,0,1.3727929592132568,0
star_5,sparse,medium,p3_c105_mp1_pen0_h5,42,5,5,4,1,74,234,0,18,28,12,0,1.3301036357879639,0
star_5,sparse,medium,p3_c105_mp2_pen1_h2,202,5,5,4,1,75,235,0,18,28,12,0,1.052668809890747,0
star_5,sparse,medium,p3_c105_mp1_pen0_h5,101,5,5,4,1,74,234,0,18,28,12,0,1.4115269184112549,0
star_5,sparse,medium,p3_c105_mp2_pen1_h0,42,5,5,4,1,75,235,0,18,28,12,0,1.3770451545715332,0
star_5,sparse,medium,p3_c105_mp1_pen0_h5,202,5,5,4,1,74,234,0,18,28,12,0,1.4035420417785645,0
star_5,sparse,medium,p3_c105_mp2_pen1_h0,101,5,5,4,1,75,235,0,18,28,12,0,1.3926866054534912,0
star_5,sparse,medium,p3_c105_mp2_pen1_h2,42,5,5,4,1,75,235,0,18,28,12,0,1.32511305809021,0
star_5,sparse,medium,p3_c105_mp2_pen1_h0,202,5,5,4,1,75,235,0,18,28,12,0,1.3769011497497559,0
star_5,sparse,medium,p3_c105_mp2_pen1_h2,101,5,5,4,1,75,235,0,18,28,12,0,1.3764338493347168,0
star_5,sparse,medium,p3_c105_mp2_pen1_h5,42,5,5,4,1,75,235,0,18,28,12,0,1.3658742904663086,0
star_5,sparse,medium,p3_c105_mp2_pen1_h5,202,5,5,4,1,75,235,0,18,28,12,0,1.346259593963623,0
star_5,sparse,medium,p3_c105_mp2_pen1_h5,101,5,5,4,1,75,235,0,18,28,12,0,1.4069669246673584,0
star_5,sparse,medium,p3_c105_mp2_pen0_h0,42,5,5,4,1,75,235,0,18,28,12,0,1.362522840499878,0
star_5,sparse,medium,p3_c105_mp2_pen0_h0,202,5,5,4,1,75,235,0,18,28,12,0,1.3210313320159912,0
star_5,sparse,medium,p3_c105_mp2_pen0_h0,101,5,5,4,1,75,235,0,18,28,12,0,1.3456509113311768,0
star_5,sparse,medium,p3_c105_mp2_pen0_h2,42,5,5,4,1,75,235,0,18,28,12,0,1.3108930587768555,0
star_5,sparse,medium,p3_c105_mp2_pen0_h2,101,5,5,4,1,75,235,0,18,28,12,0,1.3942134380340576,0
star_5,sparse,medium,p3_c105_mp2_pen0_h5,42,5,5,4,1,75,235,0,18,28,12,0,1.3585424423217773,0
star_5,sparse,medium,p3_c105_mp2_pen0_h2,202,5,5,4,1,75,235,0,18,28,12,0,1.4230358600616455,0
star_5,sparse,medium,p3_c105_mp2_pen0_h5,202,5,5,4,1,75,235,0,18,28,12,0,1.3256568908691406,0
star_5,sparse,medium,p3_c105_mp2_pen0_h5,101,5,5,4,1,75,235,0,18,28,12,0,1.4273285865783691,0
star_5,sparse,medium,p3_c105_mp3_pen1_h2,101,5,5,4,1,76,236,0,18,28,12,0,1.1097016334533691,0
star_5,sparse,medium,p3_c105_mp3_pen1_h0,42,5,5,4,1,75,229,2,17,28,11,0,1.3536410331726074,0
star_5,sparse,medium,p3_c105_mp3_pen1_h0,101,5,5,4,1,76,236,0,18,28,12,0,1.3688924312591553,0
star_5,sparse,medium,p3_c105_mp3_pen1_h0,202,5,5,4,1,76,236,0,18,28,12,0,1.3749892711639404,0
star_5,sparse,medium,p3_c105_mp3_pen1_h5,42,5,5,4,1,75,229,2,17,28,11,0,1.2742664813995361,0
star_5,sparse,medium,p3_c105_mp3_pen1_h2,202,5,5,4,1,76,236,0,18,28,12,0,1.2981295585632324,0
star_5,sparse,medium,p3_c105_mp3_pen1_h2,42,5,5,4,1,75,229,2,17,28,11,0,1.4301402568817139,0
star_5,sparse,medium,p3_c105_mp3_pen1_h5,101,5,5,4,1,76,236,0,18,28,12,0,1.382868766784668,0
star_5,sparse,medium,p3_c105_mp3_pen0_h0,202,5,5,4,1,76,236,0,18,28,12,0,1.241523027420044,0
star_5,sparse,medium,p3_c105_mp3_pen0_h0,42,5,5,4,1,75,229,2,17,28,11,0,1.3657786846160889,0
star_5,sparse,medium,p3_c105_mp3_pen1_h5,202,5,5,4,1,76,236,0,18,28,12,0,1.3774726390838623,0
star_5,sparse,medium,p3_c105_mp3_pen0_h0,101,5,5,4,1,76,236,0,18,28,12,0,1.3496551513671875,0
star_5,sparse,medium,p3_c105_mp3_pen0_h5,42,5,5,4,1,75,229,2,17,28,11,0,1.213287591934204,0
star_5,sparse,medium,p3_c105_mp3_pen0_h2,42,5,5,4,1,75,229,2,17,28,11,0,1.3679907321929932,0
star_5,sparse,medium,p3_c105_mp3_pen0_h2,101,5,5,4,1,76,236,0,18,28,12,0,1.387854814529419,0
star_5,sparse,medium,p3_c105_mp3_pen0_h2,202,5,5,4,1,76,236,0,18,28,12,0,1.3888380527496338,0
star_5,sparse,medium,p3_c105_mp3_pen0_h5,101,5,5,4,1,76,236,0,18,28,12,0,1.2772679328918457,0
star_5,sparse,medium,p3_c105_mp3_pen0_h5,202,5,5,4,1,76,236,0,18,28,12,0,1.3756992816925049,0
star_5,sparse,medium,p3_c120_mp1_pen1_h2,101,5,5,4,1,74,234,0,18,28,12,0,1.296255350112915,0
star_5,sparse,medium,p3_c120_mp1_pen1_h0,202,5,5,4,1,74,234,0,18,28,12,0,1.3168554306030273,0
star_5,sparse,medium,p3_c120_mp1_pen1_h0,42,5,5,4,1,74,234,0,18,28,12,0,1.3907759189605713,0
star_5,sparse,medium,p3_c120_mp1_pen1_h2,42,5,5,4,1,74,234,0,18,28,12,0,1.330298662185669,0
star_5,sparse,medium,p3_c120_mp1_pen1_h0,101,5,5,4,1,74,234,0,18,28,12,0,1.3977594375610352,0
star_5,sparse,medium,p3_c120_mp1_pen1_h2,202,5,5,4,1,74,234,0,18,28,12,0,1.2692818641662598,0
star_5,sparse,medium,p3_c120_mp1_pen1_h5,42,5,5,4,1,74,234,0,18,28,12,0,1.288266897201538,0
star_5,sparse,medium,p3_c120_mp1_pen0_h0,101,5,5,4,1,74,234,0,18,28,12,0,1.1705453395843506,0
star_5,sparse,medium,p3_c120_mp1_pen0_h0,42,5,5,4,1,74,234,0,18,28,12,0,1.2263364791870117,0
star_5,sparse,medium,p3_c120_mp1_pen1_h5,101,5,5,4,1,74,234,0,18,28,12,0,1.4063732624053955,0
star_5,sparse,medium,p3_c120_mp1_pen0_h0,202,5,5,4,1,74,234,0,18,28,12,0,1.307532787322998,0
star_5,sparse,medium,p3_c120_mp1_pen1_h5,202,5,5,4,1,74,234,0,18,28,12,0,1.437279224395752,0
star_5,sparse,medium,p3_c120_mp1_pen0_h2,42,5,5,4,1,74,234,0,18,28,12,0,1.3038833141326904,0
star_5,sparse,medium,p3_c120_mp1_pen0_h5,42,5,5,4,1,74,234,0,18,28,12,0,1.226149559020996,0
star_5,sparse,medium,p3_c120_mp1_pen0_h5,101,5,5,4,1,74,234,0,18,28,12,0,1.2754416465759277,0
star_5,sparse,medium,p3_c120_mp1_pen0_h2,101,5,5,4,1,74,234,0,18,28,12,0,1.429609775543213,0
star_5,sparse,medium,p3_c120_mp1_pen0_h2,202,5,5,4,1,74,234,0,18,28,12,0,1.3731091022491455,0
star_5,sparse,medium,p3_c120_mp2_pen1_h0,202,5,5,4,1,75,235,0,18,28,12,0,1.1739795207977295,0
star_5,sparse,medium,p3_c120_mp1_pen0_h5,202,5,5,4,1,74,234,0,18,28,12,0,1.289522409439087,0
star_5,sparse,medium,p3_c120_mp2_pen1_h0,42,5,5,4,1,75,235,0,18,28,12,0,1.383216142654419,0
star_5,sparse,medium,p3_c120_mp2_pen1_h0,101,5,5,4,1,75,235,0,18,28,12,0,1.3749990463256836,0
star_5,sparse,medium,p3_c120_mp2_pen1_h2,101,5,5,4,1,75,235,0,18,28,12,0,1.3045055866241455,0
star_5,sparse,medium,p3_c120_mp2_pen1_h2,42,5,5,4,1,75,235,0,18,28,12,0,1.4001750946044922,0
star_5,sparse,medium,p3_c120_mp2_pen1_h5,202,5,5,4,1,75,235,0,18,28,12,0,1.2644462585449219,0
star_5,sparse,medium,p3_c120_mp2_pen1_h2,202,5,5,4,1,75,235,0,18,28,12,0,1.416825532913208,0
star_5,sparse,medium,p3_c120_mp2_pen1_h5,42,5,5,4,1,75,235,0,18,28,12,0,1.398144006729126,0
star_5,sparse,medium,p3_c120_mp2_pen1_h5,101,5,5,4,1,75,235,0,18,28,12,0,1.4002931118011475,0
star_5,sparse,medium,p3_c120_mp2_pen0_h2,42,5,5,4,1,75,235,0,18,28,12,0,1.3109958171844482,0
star_5,sparse,medium,p3_c120_mp2_pen0_h0,42,5,5,4,1,75,235,0,18,28,12,0,1.379950761795044,0
star_5,sparse,medium,p3_c120_mp2_pen0_h0,202,5,5,4,1,75,235,0,18,28,12,0,1.4023268222808838,0
star_5,sparse,medium,p3_c120_mp2_pen0_h0,101,5,5,4,1,75,235,0,18,28,12,0,1.431640863418579,0
star_5,sparse,medium,p3_c120_mp2_pen0_h2,101,5,5,4,1,75,235,0,18,28,12,0,1.4061543941497803,0
star_5,sparse,medium,p3_c120_mp2_pen0_h2,202,5,5,4,1,75,235,0,18,28,12,0,1.419778823852539,0
star_5,sparse,medium,p3_c120_mp2_pen0_h5,42,5,5,4,1,75,235,0,18,28,12,0,1.3607118129730225,0
star_5,sparse,medium,p3_c120_mp2_pen0_h5,202,5,5,4,1,75,235,0,18,28,12,0,1.3240289688110352,0
star_5,sparse,medium,p3_c120_mp2_pen0_h5,101,5,5,4,1,75,235,0,18,28,12,0,1.4073631763458252,0
star_5,sparse,medium,p3_c120_mp3_pen1_h0,42,5,5,4,1,75,229,2,17,28,11,0,1.339076042175293,0
star_5,sparse,medium,p3_c120_mp3_pen1_h0,101,5,5,4,1,76,236,0,18,28,12,0,1.331862211227417,0
star_5,sparse,medium,p3_c120_mp3_pen1_h0,202,5,5,4,1,76,236,0,18,28,12,0,1.3132426738739014,0
star_5,sparse,medium,p3_c120_mp3_pen1_h2,101,5,5,4,1,76,236,0,18,28,12,0,1.2327120304107666,0
star_5,sparse,medium,p3_c120_mp3_pen1_h2,42,5,5,4,1,75,229,2,17,28,11,0,1.3768229484558105,0
star_5,sparse,medium,p3_c120_mp3_pen1_h2,202,5,5,4,1,76,236,0,18,28,12,0,1.3929173946380615,0
star_5,sparse,medium,p3_c120_mp3_pen1_h5,101,5,5,4,1,76,236,0,18,28,12,0,1.2788951396942139,0
star_5,sparse,medium,p3_c120_mp3_pen1_h5,42,5,5,4,1,75,229,2,17,28,11,0,1.3393745422363281,0
star_5,sparse,medium,p3_c120_mp3_pen0_h0,101,5,5,4,1,76,236,0,18,28,12,0,1.2617015838623047,0
star_5,sparse,medium,p3_c120_mp3_pen0_h0,42,5,5,4,1,75,229,2,17,28,11,0,1.3271770477294922,0
star_5,sparse,medium,p3_c120_mp3_pen0_h0,202,5,5,4,1,76,236,0,18,28,12,0,1.2164971828460693,0
star_5,sparse,medium,p3_c120_mp3_pen1_h5,202,5,5,4,1,76,236,0,18,28,12,0,1.4075069427490234,0
star_5,sparse,medium,p3_c120_mp3_pen0_h2,101,5,5,4,1,76,236,0,18,28,12,0,1.3605480194091797,0
star_5,sparse,medium,p3_c120_mp3_pen0_h5,202,5,5,4,1,76,236,0,18,28,12,0,1.182213306427002,0
star_5,sparse,medium,p3_c120_mp3_pen0_h2,42,5,5,4,1,75,229,2,17,28,11,0,1.4321420192718506,0
star_5,sparse,medium,p3_c120_mp3_pen0_h2,202,5,5,4,1,76,236,0,18,28,12,0,1.429128885269165,0
star_5,sparse,medium,p3_c120_mp3_pen0_h5,42,5,5,4,1,75,229,2,17,28,11,0,1.4024252891540527,0
star_5,sparse,medium,p3_c120_mp3_pen0_h5,101,5,5,4,1,76,236,0,18,28,12,0,1.3978996276855469,0
star_5,sparse,medium,p3_c160_mp1_pen1_h0,42,5,5,4,1,74,234,0,18,28,12,0,1.3814396858215332,0
star_5,sparse,medium,p3_c160_mp1_pen1_h0,101,5,5,4,1,74,234,0,18,28,12,0,1.4035937786102295,0
star_5,sparse,medium,p3_c160_mp1_pen1_h0,202,5,5,4,1,74,234,0,18,28,12,0,1.3845248222351074,0
star_5,sparse,medium,p3_c160_mp1_pen1_h5,42,5,5,4,1,74,234,0,18,28,12,0,1.2992298603057861,0
star_5,sparse,medium,p3_c160_mp1_pen1_h2,101,5,5,4,1,74,234,0,18,28,12,0,1.366687297821045,0
star_5,sparse,medium,p3_c160_mp1_pen1_h2,42,5,5,4,1,74,234,0,18,28,12,0,1.3902912139892578,0
star_5,sparse,medium,p3_c160_mp1_pen0_h0,42,5,5,4,1,74,234,0,18,28,12,0,1.2112247943878174,0
star_5,sparse,medium,p3_c160_mp1_pen1_h2,202,5,5,4,1,74,234,0,18,28,12,0,1.3868308067321777,0
star_5,sparse,medium,p3_c160_mp1_pen1_h5,101,5,5,4,1,74,234,0,18,28,12,0,1.3391156196594238,0
star_5,sparse,medium,p3_c160_mp1_pen0_h2,42,5,5,4,1,74,234,0,18,28,12,0,1.2544009685516357,0
star_5,sparse,medium,p3_c160_mp1_pen0_h2,202,5,5,4,1,74,234,0,18,28,12,0,1.1153783798217773,0
star_5,sparse,medium,p3_c160_mp1_pen1_h5,202,5,5,4,1,74,234,0,18,28,12,0,1.4150962829589844,0
star_5,sparse,medium,p3_c160_mp1_pen0_h0,101,5,5,4,1,74,234,0,18,28,12,0,1.3979194164276123,0
star_5,sparse,medium,p3_c160_mp1_pen0_h0,202,5,5,4,1,74,234,0,18,28,12,0,1.3595986366271973,0
star_5,sparse,medium,p3_c160_mp1_pen0_h2,101,5,5,4,1,74,234,0,18,28,12,0,1.3660926818847656,0
star_5,sparse,medium,p3_c160_mp2_pen1_h0,42,5,5,4,1,75,235,0,18,28,12,0,1.109649658203125,0
star_5,sparse,medium,p3_c160_mp1_pen0_h5,101,5,5,4,1,74,234,0,18,28,12,0,1.4014763832092285,0
star_5,sparse,medium,p3_c160_mp1_pen0_h5,42,5,5,4,1,74,234,0,18,28,12,0,1.4297699928283691,0
star_5,sparse,medium,p3_c160_mp1_pen0_h5,202,5,5,4,1,74,234,0,18,28,12,0,1.4228107929229736,0
star_5,sparse,medium,p3_c160_mp2_pen1_h0,202,5,5,4,1,75,235,0,18,28,12,0,1.3397367000579834,0
star_5,sparse,medium,p3_c160_mp2_pen1_h2,42,5,5,4,1,75,235,0,18,28,12,0,1.3658020496368408,0
star_5,sparse,medium,p3_c160_mp2_pen1_h0,101,5,5,4,1,75,235,0,18,28,12,0,1.3942904472351074,0
star_5,sparse,medium,p3_c160_mp2_pen0_h0,42,5,5,4,1,75,235,0,18,28,12,0,1.1854841709136963,0
star_5,sparse,medium,p3_c160_mp2_pen1_h2,202,5,5,4,1,75,235,0,18,28,12,0,1.371527910232544,0
star_5,sparse,medium,p3_c160_mp2_pen1_h5,202,5,5,4,1,75,235,0,18,28,12,0,1.2811481952667236,0
star_5,sparse,medium,p3_c160_mp2_pen1_h2,101,5,5,4,1,75,235,0,18,28,12,0,1.4256515502929688,0
star_5,sparse,medium,p3_c160_mp2_pen1_h5,42,5,5,4,1,75,235,0,18,28,12,0,1.4021823406219482,0
star_5,sparse,medium,p3_c160_mp2_pen1_h5,101,5,5,4,1,75,235,0,18,28,12,0,1.3892827033996582,0
star_5,sparse,medium,p3_c160_mp2_pen0_h0,101,5,5,4,1,75,235,0,18,28,12,0,1.409654140472412,0
star_5,sparse,medium,p3_c160_mp2_pen0_h2,101,5,5,4,1,75,235,0,18,28,12,0,1.2129566669464111,0
star_5,sparse,medium,p3_c160_mp2_pen0_h5,42,5,5,4,1,75,235,0,18,28,12,0,1.274500846862793,0
star_5,sparse,medium,p3_c160_mp2_pen0_h5,202,5,5,4,1,75,235,0,18,28,12,0,1.2697994709014893,0
star_5,sparse,medium,p3_c160_mp2_pen0_h2,202,5,5,4,1,75,235,0,18,28,12,0,1.3102984428405762,0
star_5,sparse,medium,p3_c160_mp2_pen0_h0,202,5,5,4,1,75,235,0,18,28,12,0,1.4070498943328857,0
star_5,sparse,medium,p3_c160_mp2_pen0_h2,42,5,5,4,1,75,235,0,18,28,12,0,1.4131970405578613,0
star_5,sparse,medium,p3_c160_mp3_pen1_h0,101,5,5,4,1,76,236,0,18,28,12,0,1.2560770511627197,0
star_5,sparse,medium,p3_c160_mp2_pen0_h5,101,5,5,4,1,75,235,0,18,28,12,0,1.4221463203430176,0
star_5,sparse,medium,p3_c160_mp3_pen1_h0,42,5,5,4,1,75,229,2,17,28,11,0,1.4100496768951416,0
star_5,sparse,medium,p3_c160_mp3_pen1_h0,202,5,5,4,1,76,236,0,18,28,12,0,1.3357336521148682,0
star_5,sparse,medium,p3_c160_mp3_pen1_h2,202,5,5,4,1,76,236,0,18,28,12,0,1.3069007396697998,0
star_5,sparse,medium,p3_c160_mp3_pen1_h2,101,5,5,4,1,76,236,0,18,28,12,0,1.3478291034698486,0
star_5,sparse,medium,p3_c160_mp3_pen1_h2,42,5,5,4,1,75,229,2,17,28,11,0,1.4305458068847656,0
star_5,sparse,medium,p3_c160_mp3_pen1_h5,101,5,5,4,1,76,236,0,18,28,12,0,1.340287685394287,0
star_5,sparse,medium,p3_c160_mp3_pen1_h5,42,5,5,4,1,75,229,2,17,28,11,0,1.3953404426574707,0
star_5,sparse,medium,p3_c160_mp3_pen1_h5,202,5,5,4,1,76,236,0,18,28,12,0,1.2811143398284912,0
star_5,sparse,medium,p3_c160_mp3_pen0_h0,101,5,5,4,1,76,236,0,18,28,12,0,1.3625679016113281,0
star_5,sparse,medium,p3_c160_mp3_pen0_h0,42,5,5,4,1,75,229,2,17,28,11,0,1.4080297946929932,0
star_5,sparse,medium,p3_c160_mp3_pen0_h2,42,5,5,4,1,75,229,2,17,28,11,0,1.330716609954834,0
star_5,sparse,medium,p3_c160_mp3_pen0_h2,101,5,5,4,1,76,236,0,18,28,12,0,1.339707851409912,0
star_5,sparse,medium,p3_c160_mp3_pen0_h0,202,5,5,4,1,76,236,0,18,28,12,0,1.406388521194458,0
star_5,sparse,medium,p3_c160_mp3_pen0_h5,202,5,5,4,1,76,236,0,18,28,12,0,1.1765615940093994,0
star_5,sparse,medium,p3_c160_mp3_pen0_h2,202,5,5,4,1,76,236,0,18,28,12,0,1.2668554782867432,0
star_5,sparse,medium,p3_c160_mp3_pen0_h5,42,5,5,4,1,75,229,2,17,28,11,0,1.420201063156128,0
star_5,sparse,medium,p3_c160_mp3_pen0_h5,101,5,5,4,1,76,236,0,18,28,12,0,1.4301347732543945,0
star_8,medium,medium,baseline,42,6,6,6,0,106,498,0,24,44,12,0,1.8921012878417969,0
star_8,medium,medium,baseline,101,6,6,6,0,106,498,0,24,44,12,0,1.928389310836792,0
star_8,medium,medium,baseline,202,6,6,6,0,105,488,0,24,43,12,0,1.986327886581421,0
star_8,medium,medium,p3_c40_mp1_pen1_h0,42,5,6,0,6,91,427,0,10,37,11,0,1.9954164028167725,0
star_8,medium,medium,p3_c40_mp1_pen1_h0,101,6,6,0,6,94,444,0,12,38,12,0,1.9307591915130615,0
star_8,medium,medium,p3_c40_mp1_pen1_h2,42,5,6,0,6,91,427,0,10,37,11,0,1.9808952808380127,0
star_8,medium,medium,p3_c40_mp1_pen0_h0,42,5,6,0,6,91,427,0,10,37,11,0,1.8323249816894531,0
star_8,medium,medium,p3_c40_mp1_pen1_h5,101,6,6,0,6,94,444,0,12,38,12,0,1.8953170776367188,0
star_8,medium,medium,p3_c40_mp1_pen0_h0,101,6,6,0,6,94,444,0,12,38,12,0,1.783823013305664,0
star_8,medium,medium,p3_c40_mp1_pen1_h0,202,6,6,0,6,93,434,0,12,37,12,0,2.067281484603882,0
star_8,medium,medium,p3_c40_mp1_pen1_h2,101,6,6,0,6,94,444,0,12,38,12,0,2.028754472732544,0
star_8,medium,medium,p3_c40_mp1_pen1_h5,202,6,6,0,6,93,434,0,12,37,12,0,1.9549803733825684,0
star_8,medium,medium,p3_c40_mp1_pen1_h5,42,5,6,0,6,91,427,0,10,37,11,0,2.0115015506744385,0
star_8,medium,medium,p3_c40_mp1_pen1_h2,202,6,6,0,6,93,434,0,12,37,12,0,2.06950306892395,0
star_8,medium,medium,p3_c40_mp1_pen0_h5,42,5,6,0,6,91,427,0,10,37,11,0,1.6058897972106934,0
star_8,medium,medium,p3_c40_mp1_pen0_h0,202,6,6,0,6,93,434,0,12,37,12,0,1.957160234451294,0
star_8,medium,medium,p3_c40_mp1_pen0_h2,101,6,6,0,6,94,444,0,12,38,12,0,1.9687755107879639,0
star_8,medium,medium,p3_c40_mp1_pen0_h2,42,5,6,0,6,91,427,0,10,37,11,0,2.052574872970581,0
star_8,medium,medium,p3_c40_mp1_pen0_h2,202,6,6,0,6,93,434,0,12,37,12,0,1.986210584640503,0
star_8,medium,medium,p3_c40_mp2_pen1_h0,42,5,6,0,6,97,433,0,10,37,11,0,1.9791347980499268,0
star_8,medium,medium,p3_c40_mp1_pen0_h5,101,6,6,0,6,94,444,0,12,38,12,0,2.038931369781494,0
star_8,medium,medium,p3_c40_mp2_pen1_h0,101,6,6,0,6,100,450,0,12,38,12,0,2.0291576385498047,0
star_8,medium,medium,p3_c40_mp1_pen0_h5,202,6,6,0,6,93,434,0,12,37,12,0,2.078573703765869,0
star_8,medium,medium,p3_c40_mp2_pen1_h0,202,6,6,0,6,99,438,0,12,37,12,0,2.043574571609497,0
star_8,medium,medium,p3_c40_mp2_pen1_h2,42,5,6,0,6,97,433,0,10,37,11,0,1.9807853698730469,0
star_8,medium,medium,p3_c40_mp2_pen1_h2,202,6,6,0,6,99,438,0,12,37,12,0,1.8252387046813965,0
star_8,medium,medium,p3_c40_mp2_pen1_h2,101,6,6,0,6,100,450,0,12,38,12,0,2.1300599575042725,0
star_8,medium,medium,p3_c40_mp2_pen1_h5,42,5,6,0,6,97,433,0,10,37,11,0,1.9584941864013672,0
star_8,medium,medium,p3_c40_mp2_pen1_h5,101,6,6,0,6,100,450,0,12,38,12,0,1.8650774955749512,0
star_8,medium,medium,p3_c40_mp3_pen1_h0,202,6,6,0,6,105,446,0,12,37,12,0,1.5184192657470703,0
star_8,medium,medium,p3_c40_mp2_pen1_h5,202,6,6,0,6,99,438,0,12,37,12,0,2.059396266937256,0
star_8,medium,medium,p3_c40_mp2_pen0_h0,101,6,6,0,6,100,450,0,12,38,12,0,1.8704724311828613,0
star_8,medium,medium,p3_c40_mp2_pen0_h0,202,6,6,0,6,99,438,0,12,37,12,0,1.925401210784912,0
star_8,medium,medium,p3_c40_mp2_pen0_h2,42,5,6,0,6,97,433,0,10,37,11,0,1.930880069732666,0
star_8,medium,medium,p3_c40_mp2_pen0_h0,42,5,6,0,6,97,433,0,10,37,11,0,2.1075634956359863,0
star_8,medium,medium,p3_c40_mp2_pen0_h5,42,5,6,0,6,97,433,0,10,37,11,0,2.0301597118377686,0
star_8,medium,medium,p3_c40_mp2_pen0_h2,101,6,6,0,6,100,450,0,12,38,12,0,2.071004867553711,0
star_8,medium,medium,p3_c40_mp2_pen0_h2,202,6,6,0,6,99,438,0,12,37,12,0,2.0867412090301514,0
star_8,medium,medium,p3_c40_mp2_pen0_h5,101,6,6,0,6,100,450,0,12,38,12,0,2.0683000087738037,0
star_8,medium,medium,p3_c40_mp3_pen1_h0,42,5,6,0,6,103,439,0,10,37,11,0,2.0756678581237793,0
star_8,medium,medium,p3_c40_mp2_pen0_h5,202,6,6,0,6,99,438,0,12,37,12,0,2.1224303245544434,0
star_8,medium,medium,p3_c40_mp3_pen1_h0,101,6,6,0,6,106,456,0,12,38,12,0,2.098670244216919,0
star_8,medium,medium,p3_c40_mp3_pen1_h2,101,6,6,0,6,106,456,0,12,38,12,0,2.034538507461548,0
star_8,medium,medium,p3_c40_mp3_pen1_h2,42,5,6,0,6,103,439,0,10,37,11,0,2.139019012451172,0
star_8,medium,medium,p3_c40_mp3_pen1_h2,202,6,6,0,6,105,446,0,12,37,12,0,2.0342166423797607,0
star_8,medium,medium,p3_c40_mp3_pen1_h5,42,5,6,0,6,103,439,0,10,37,11,0,2.0586094856262207,0
star_8,medium,medium,p3_c40_mp3_pen1_h5,101,6,6,0,6,106,456,0,12,38,12,0,2.0665347576141357,0
star_8,medium,medium,p3_c40_mp3_pen0_h2,42,5,6,0,6,103,439,0,10,37,11,0,1.7188527584075928,0
star_8,medium,medium,p3_c40_mp3_pen1_h5,202,6,6,0,6,105,446,0,12,37,12,0,1.9725544452667236,0
star_8,medium,medium,p3_c40_mp3_pen0_h0,101,6,6,0,6,106,456,0,12,38,12,0,1.9862713813781738,0
star_8,medium,medium,p3_c40_mp3_pen0_h0,202,6,6,0,6,105,446,0,12,37,12,0,2.0228068828582764,0
star_8,medium,medium,p3_c40_mp3_pen0_h0,42,5,6,0,6,103,439,0,10,37,11,0,2.080824136734009,0
star_8,medium,medium,p3_c40_mp3_pen0_h2,101,6,6,0,6,106,456,0,12,38,12,0,2.030697822570801,0
star_8,medium,medium,p3_c40_mp3_pen0_h2,202,6,6,0,6,105,446,0,12,37,12,0,2.014085531234741,0
star_8,medium,medium,p3_c40_mp3_pen0_h5,42,5,6,0,6,103,439,0,10,37,11,0,2.0407638549804688,0
star_8,medium,medium,p3_c40_mp3_pen0_h5,101,6,6,0,6,106,456,0,12,38,12,0,2.1160948276519775,0
star_8,medium,medium,p3_c100_mp1_pen1_h0,42,5,6,0,6,91,427,0,10,37,11,0,1.6245622634887695,0
star_8,medium,medium,p3_c40_mp3_pen0_h5,202,6,6,0,6,105,446,0,12,37,12,0,1.886188268661499,0
star_8,medium,medium,p3_c100_mp1_pen1_h0,202,6,6,0,6,93,434,0,12,37,12,0,1.8938415050506592,0
star_8,medium,medium,p3_c100_mp1_pen1_h2,101,6,6,0,6,94,444,0,12,38,12,0,1.7588379383087158,0
star_8,medium,medium,p3_c100_mp1_pen1_h0,101,6,6,0,6,94,444,0,12,38,12,0,2.03556227684021,0
star_8,medium,medium,p3_c100_mp1_pen1_h2,42,5,6,0,6,91,427,0,10,37,11,0,2.0095951557159424,0
star_8,medium,medium,p3_c100_mp1_pen1_h2,202,6,6,0,6,93,434,0,12,37,12,0,2.0189740657806396,0
star_8,medium,medium,p3_c100_mp1_pen1_h5,101,6,6,0,6,94,444,0,12,38,12,0,1.9039790630340576,0
star_8,medium,medium,p3_c100_mp1_pen0_h0,42,5,6,0,6,91,427,0,10,37,11,0,1.923342227935791,0
star_8,medium,medium,p3_c100_mp1_pen0_h0,202,6,6,0,6,93,434,0,12,37,12,0,1.9070289134979248,0
star_8,medium,medium,p3_c100_mp1_pen0_h0,101,6,6,0,6,94,444,0,12,38,12,0,1.9600224494934082,0
star_8,medium,medium,p3_c100_mp1_pen1_h5,42,5,6,0,6,91,427,0,10,37,11,0,2.0990664958953857,0
star_8,medium,medium,p3_c100_mp1_pen1_h5,202,6,6,0,6,93,434,0,12,37,12,0,2.130446195602417,0
star_8,medium,medium,p3_c100_mp2_pen1_h2,42,5,6,0,6,97,433,0,10,37,11,0,1.5278441905975342,0
star_8,medium,medium,p3_c100_mp1_pen0_h2,101,6,6,0,6,94,444,0,12,38,12,0,2.1059861183166504,0
star_8,medium,medium,p3_c100_mp1_pen0_h2,42,5,6,0,6,91,427,0,10,37,11,0,2.148139476776123,0
star_8,medium,medium,p3_c100_mp1_pen0_h2,202,6,6,0,6,93,434,0,12,37,12,0,2.1127872467041016,0
star_8,medium,medium,p3_c100_mp1_pen0_h5,42,5,6,0,6,91,427,0,10,37,11,0,2.0548484325408936,0
star_8,medium,medium,p3_c100_mp1_pen0_h5,101,6,6,0,6,94,444,0,12,38,12,0,2.056270122528076,0
star_8,medium,medium,p3_c100_mp2_pen1_h0,42,5,6,0,6,97,433,0,10,37,11,0,1.9968445301055908,0
star_8,medium,medium,p3_c100_mp1_pen0_h5,202,6,6,0,6,93,434,0,12,37,12,0,2.1241536140441895,0
star_8,medium,medium,p3_c100_mp2_pen1_h0,202,6,6,0,6,99,438,0,12,37,12,0,1.8525052070617676,0
star_8,medium,medium,p3_c100_mp2_pen1_h2,101,6,6,0,6,100,450,0,12,38,12,0,1.8936288356781006,0
star_8,medium,medium,p3_c100_mp2_pen1_h0,101,6,6,0,6,100,450,0,12,38,12,0,2.060911178588867,0
star_8,medium,medium,p3_c100_mp2_pen1_h5,42,5,6,0,6,97,433,0,10,37,11,0,1.9480056762695312,0
star_8,medium,medium,p3_c100_mp2_pen1_h2,202,6,6,0,6,99,438,0,12,37,12,0,2.0715763568878174,0
star_8,medium,medium,p3_c100_mp2_pen1_h5,101,6,6,0,6,100,450,0,12,38,12,0,2.0044779777526855,0
star_8,medium,medium,p3_c100_mp2_pen1_h5,202,6,6,0,6,99,438,0,12,37,12,0,1.8787755966186523,0
star_8,medium,medium,p3_c100_mp2_pen0_h0,101,6,6,0,6,100,450,0,12,38,12,0,1.9594430923461914,0
star_8,medium,medium,p3_c100_mp2_pen0_h0,42,5,6,0,6,97,433,0,10,37,11,0,2.0503830909729004,0
star_8,medium,medium,p3_c100_mp2_pen0_h2,101,6,6,0,6,100,450,0,12,38,12,0,1.731907844543457,0
star_8,medium,medium,p3_c100_mp2_pen0_h0,202,6,6,0,6,99,438,0,12,37,12,0,1.9549884796142578,0
star_8,medium,medium,p3_c100_mp2_pen0_h2,42,5,6,0,6,97,433,0,10,37,11,0,1.916017770767212,0
star_8,medium,medium,p3_c100_mp2_pen0_h2,202,6,6,0,6,99,438,0,12,37,12,0,1.9991047382354736,0
star_8,medium,medium,p3_c100_mp3_pen1_h0,101,6,6,0,6,106,456,0,12,38,12,0,1.7536978721618652,0
star_8,medium,medium,p3_c100_mp2_pen0_h5,202,6,6,0,6,99,438,0,12,37,12,0,1.8506343364715576,0
star_8,medium,medium,p3_c100_mp2_pen0_h5,42,5,6,0,6,97,433,0,10,37,11,0,2.0674705505371094,0
star_8,medium,medium,p3_c100_mp2_pen0_h5,101,6,6,0,6,100,450,0,12,38,12,0,2.0728580951690674,0
star_8,medium,medium,p3_c100_mp3_pen1_h0,42,5,6,0,6,103,439,0,10,37,11,0,2.018510580062866,0
star_8,medium,medium,p3_c100_mp3_pen1_h2,202,6,6,0,6,105,446,0,12,37,12,0,1.8101732730865479,0
star_8,medium,medium,p3_c100_mp3_pen1_h2,42,5,6,0,6,103,439,0,10,37,11,0,1.9919731616973877,0
star_8,medium,medium,p3_c100_mp3_pen1_h0,202,6,6,0,6,105,446,0,12,37,12,0,2.0811376571655273,0
star_8,medium,medium,p3_c100_mp3_pen1_h2,101,6,6,0,6,106,456,0,12,38,12,0,2.0101358890533447,0
star_8,medium,medium,p3_c100_mp3_pen1_h5,42,5,6,0,6,103,439,0,10,37,11,0,1.9481267929077148,0
star_8,medium,medium,p3_c100_mp3_pen1_h5,101,6,6,0,6,106,456,0,12,38,12,0,2.1006381511688232,0
star_8,medium,medium,p3_c100_mp3_pen0_h0,202,6,6,0,6,105,446,0,12,37,12,0,1.9337377548217773,0
star_8,medium,medium,p3_c100_mp3_pen0_h0,42,5,6,0,6,103,439,0,10,37,11,0,2.038663387298584,0
star_8,medium,medium,p3_c100_mp3_pen0_h0,101,6,6,0,6,106,456,0,12,38,12,0,2.019481658935547,0
star_8,medium,medium,p3_c100_mp3_pen1_h5,202,6,6,0,6,105,446,0,12,37,12,0,2.0969886779785156,0
star_8,medium,medium,p3_c100_mp3_pen0_h2,202,6,6,0,6,105,446,0,12,37,12,0,1.9076852798461914,0
star_8,medium,medium,p3_c100_mp3_pen0_h5,42,5,6,0,6,103,439,0,10,37,11,0,1.7761123180389404,0
star_8,medium,medium,p3_c100_mp3_pen0_h2,101,6,6,0,6,106,456,0,12,38,12,0,1.9793035984039307,0
star_8,medium,medium,p3_c100_mp3_pen0_h2,42,5,6,0,6,103,439,0,10,37,11,0,2.114464044570923,0
star_8,medium,medium,p3_c100_mp3_pen0_h5,202,6,6,0,6,105,446,0,12,37,12,0,1.7819528579711914,0
star_8,medium,medium,p3_c100_mp3_pen0_h5,101,6,6,0,6,106,456,0,12,38,12,0,2.11449933052063,0
star_8,medium,medium,p3_c105_mp1_pen1_h0,42,6,6,6,0,106,498,0,24,44,12,0,2.048941135406494,0
star_8,medium,medium,p3_c105_mp1_pen1_h0,101,6,6,6,0,106,498,0,24,44,12,0,1.959099292755127,0
star_8,medium,medium,p3_c105_mp1_pen1_h0,202,6,6,6,0,105,488,0,24,43,12,0,1.995373249053955,0
star_8,medium,medium,p3_c105_mp1_pen1_h2,42,6,6,6,0,106,498,0,24,44,12,0,1.8743298053741455,0
star_8,medium,medium,p3_c105_mp1_pen1_h2,202,6,6,6,0,105,488,0,24,43,12,0,1.9707176685333252,0
star_8,medium,medium,p3_c105_mp1_pen1_h2,101,6,6,6,0,106,498,0,24,44,12,0,2.057624578475952,0
star_8,medium,medium,p3_c105_mp1_pen0_h0,101,6,6,6,0,106,498,0,24,44,12,0,1.6887052059173584,0
star_8,medium,medium,p3_c105_mp1_pen0_h2,42,6,6,6,0,106,498,0,24,44,12,0,1.630620002746582,0
star_8,medium,medium,p3_c105_mp1_pen1_h5,42,6,6,6,0,106,498,0,24,44,12,0,2.063716411590576,0
star_8,medium,medium,p3_c105_mp1_pen1_h5,101,6,6,6,0,106,498,0,24,44,12,0,2.050839900970459,0
star_8,medium,medium,p3_c105_mp1_pen0_h0,202,6,6,6,0,105,488,0,24,43,12,0,1.8665494918823242,0
star_8,medium,medium,p3_c105_mp1_pen1_h5,202,6,6,6,0,105,488,0,24,43,12,0,2.145923137664795,0
star_8,medium,medium,p3_c105_mp1_pen0_h2,202,6,6,6,0,105,488,0,24,43,12,0,1.846630334854126,0
star_8,medium,medium,p3_c105_mp1_pen0_h0,42,6,6,6,0,106,498,0,24,44,12,0,2.0997486114501953,0
star_8,medium,medium,p3_c105_mp2_pen1_h0,42,6,6,6,0,106,498,0,24,44,12,0,1.7451980113983154,0
star_8,medium,medium,p3_c105_mp2_pen1_h0,202,6,6,6,0,105,488,0,24,43,12,0,1.7828011512756348,0
star_8,medium,medium,p3_c105_mp1_pen0_h2,101,6,6,6,0,106,498,0,24,44,12,0,2.072859764099121,0
star_8,medium,medium,p3_c105_mp1_pen0_h5,101,6,6,6,0,106,498,0,24,44,12,0,2.019437551498413,0
star_8,medium,medium,p3_c105_mp1_pen0_h5,42,6,6,6,0,106,498,0,24,44,12,0,2.0671942234039307,0
star_8,medium,medium,p3_c105_mp2_pen1_h0,101,6,6,6,0,106,498,0,24,44,12,0,2.0327751636505127,0
star_8,medium,medium,p3_c105_mp2_pen1_h2,202,6,6,6,0,105,488,0,24,43,12,0,1.9405946731567383,0
star_8,medium,medium,p3_c105_mp1_pen0_h5,202,6,6,6,0,105,488,0,24,43,12,0,2.0779831409454346,0
star_8,medium,medium,p3_c105_mp2_pen1_h2,42,6,6,6,0,106,498,0,24,44,12,0,2.0492892265319824,0
star_8,medium,medium,p3_c105_mp2_pen1_h2,101,6,6,6,0,106,498,0,24,44,12,0,1.9772922992706299,0
star_8,medium,medium,p3_c105_mp2_pen1_h5,42,6,6,6,0,106,498,0,24,44,12,0,1.964123249053955,0
star_8,medium,medium,p3_c105_mp2_pen1_h5,202,6,6,6,0,105,488,0,24,43,12,0,1.9494431018829346,0
star_8,medium,medium,p3_c105_mp2_pen1_h5,101,6,6,6,0,106,498,0,24,44,12,0,2.060762643814087,0
star_8,medium,medium,p3_c105_mp2_pen0_h0,42,6,6,6,0,106,498,0,24,44,12,0,1.8017034530639648,0
star_8,medium,medium,p3_c105_mp2_pen0_h0,101,6,6,6,0,106,498,0,24,44,12,0,2.0273213386535645,0
star_8,medium,medium,p3_c105_mp2_pen0_h2,42,6,6,6,0,106,498,0,24,44,12,0,1.8231875896453857,0
star_8,medium,medium,p3_c105_mp2_pen0_h0,202,6,6,6,0,105,488,0,24,43,12,0,2.0339698791503906,0
star_8,medium,medium,p3_c105_mp2_pen0_h2,101,6,6,6,0,106,498,0,24,44,12,0,2.0210940837860107,0
star_8,medium,medium,p3_c105_mp2_pen0_h5,42,6,6,6,0,106,498,0,24,44,12,0,1.9159159660339355,0
star_8,medium,medium,p3_c105_mp2_pen0_h2,202,6,6,6,0,105,488,0,24,43,12,0,2.017925977706909,0
star_8,medium,medium,p3_c105_mp2_pen0_h5,202,6,6,6,0,105,488,0,24,43,12,0,1.8028507232666016,0
star_8,medium,medium,p3_c105_mp2_pen0_h5,101,6,6,6,0,106,498,0,24,44,12,0,2.0316479206085205,0
star_8,medium,medium,p3_c105_mp3_pen1_h0,202,6,6,6,0,105,488,0,24,43,12,0,1.880845546722412,0
star_8,medium,medium,p3_c105_mp3_pen1_h0,42,6,6,6,0,106,498,0,24,44,12,0,2.027966022491455,0
star_8,medium,medium,p3_c105_mp3_pen1_h0,101,6,6,6,0,106,498,0,24,44,12,0,2.038839817047119,0
star_8,medium,medium,p3_c105_mp3_pen1_h2,101,6,6,6,0,106,498,0,24,44,12,0,1.9026463031768799,0
star_8,medium,medium,p3_c105_mp3_pen1_h2,42,6,6,6,0,106,498,0,24,44,12,0,1.992565631866455,0
star_8,medium,medium,p3_c105_mp3_pen0_h0,101,6,6,6,0,106,498,0,24,44,12,0,1.7640960216522217,0
star_8,medium,medium,p3_c105_mp3_pen1_h2,202,6,6,6,0,105,488,0,24,43,12,0,2.04560923576355,0
star_8,medium,medium,p3_c105_mp3_pen1_h5,202,6,6,6,0,105,488,0,24,43,12,0,1.9972856044769287,0
star_8,medium,medium,p3_c105_mp3_pen1_h5,42,6,6,6,0,106,498,0,24,44,12,0,2.094831943511963,0
star_8,medium,medium,p3_c120_mp1_pen1_h0,42,6,6,6,0,106,498,0,24,44,12,0,1.5987720489501953,0
star_8,medium,medium,p3_c105_mp3_pen0_h0,42,6,6,6,0,106,498,0,24,44,12,0,2.036651372909546,0
star_8,medium,medium,p3_c105_mp3_pen1_h5,101,6,6,6,0,106,498,0,24,44,12,0,2.1032755374908447,0
star_8,medium,medium,p3_c105_mp3_pen0_h2,42,6,6,6,0,106,498,0,24,44,12,0,1.917550802230835,0
star_8,medium,medium,p3_c105_mp3_pen0_h2,202,6,6,6,0,105,488,0,24,43,12,0,1.9237337112426758,0
star_8,medium,medium,p3_c105_mp3_pen0_h2,101,6,6,6,0,106,498,0,24,44,12,0,1.9586997032165527,0
star_8,medium,medium,p3_c105_mp3_pen0_h0,202,6,6,6,0,105,488,0,24,43,12,0,2.0828280448913574,0
star_8,medium,medium,p3_c105_mp3_pen0_h5,42,6,6,6,0,106,498,0,24,44,12,0,2.1368820667266846,0
star_8,medium,medium,p3_c105_mp3_pen0_h5,101,6,6,6,0,106,498,0,24,44,12,0,2.114680767059326,0
star_8,medium,medium,p3_c105_mp3_pen0_h5,202,6,6,6,0,105,488,0,24,43,12,0,2.0539519786834717,0
star_8,medium,medium,p3_c120_mp1_pen1_h0,101,6,6,6,0,106,498,0,24,44,12,0,2.0450456142425537,0
star_8,medium,medium,p3_c120_mp1_pen1_h0,202,6,6,6,0,105,488,0,24,43,12,0,1.9285974502563477,0
star_8,medium,medium,p3_c120_mp1_pen1_h2,42,6,6,6,0,106,498,0,24,44,12,0,1.9255330562591553,0
star_8,medium,medium,p3_c120_mp1_pen1_h2,202,6,6,6,0,105,488,0,24,43,12,0,1.8090741634368896,0
star_8,medium,medium,p3_c120_mp1_pen1_h2,101,6,6,6,0,106,498,0,24,44,12,0,1.975724458694458,0
star_8,medium,medium,p3_c120_mp1_pen1_h5,42,6,6,6,0,106,498,0,24,44,12,0,1.9400980472564697,0
star_8,medium,medium,p3_c120_mp1_pen1_h5,101,6,6,6,0,106,498,0,24,44,12,0,1.947835922241211,0
star_8,medium,medium,p3_c120_mp1_pen1_h5,202,6,6,6,0,105,488,0,24,43,12,0,1.976961612701416,0
star_8,medium,medium,p3_c120_mp1_pen0_h0,42,6,6,6,0,106,498,0,24,44,12,0,1.8102948665618896,0
star_8,medium,medium,p3_c120_mp1_pen0_h0,101,6,6,6,0,106,498,0,24,44,12,0,1.7513751983642578,0
star_8,medium,medium,p3_c120_mp1_pen0_h5,42,6,6,6,0,106,498,0,24,44,12,0,1.723250389099121,0
star_8,medium,medium,p3_c120_mp1_pen0_h0,202,6,6,6,0,105,488,0,24,43,12,0,2.0519325733184814,0
star_8,medium,medium,p3_c120_mp1_pen0_h2,42,6,6,6,0,106,498,0,24,44,12,0,2.0507209300994873,0
star_8,medium,medium,p3_c120_mp1_pen0_h2,101,6,6,6,0,106,498,0,24,44,12,0,2.0727179050445557,0
star_8,medium,medium,p3_c120_mp1_pen0_h2,202,6,6,6,0,105,488,0,24,43,12,0,2.0374112129211426,0
star_8,medium,medium,p3_c120_mp1_pen0_h5,202,6,6,6,0,105,488,0,24,43,12,0,1.8606410026550293,0
star_8,medium,medium,p3_c120_mp1_pen0_h5,101,6,6,6,0,106,498,0,24,44,12,0,2.020756244659424,0
star_8,medium,medium,p3_c120_mp2_pen1_h0,202,6,6,6,0,105,488,0,24,43,12,0,1.8512063026428223,0
star_8,medium,medium,p3_c120_mp2_pen1_h2,42,6,6,6,0,106,498,0,24,44,12,0,1.92913818359375,0
star_8,medium,medium,p3_c120_mp2_pen1_h0,101,6,6,6,0,106,498,0,24,44,12,0,2.0523037910461426,0
star_8,medium,medium,p3_c120_mp2_pen1_h0,42,6,6,6,0,106,498,0,24,44,12,0,2.0913968086242676,0
star_8,medium,medium,p3_c120_mp2_pen1_h2,202,6,6,6,0,105,488,0,24,43,12,0,2.0047049522399902,0
star_8,medium,medium,p3_c120_mp2_pen1_h5,42,6,6,6,0,106,498,0,24,44,12,0,2.012333393096924,0
star_8,medium,medium,p3_c120_mp2_pen1_h2,101,6,6,6,0,106,498,0,24,44,12,0,2.0595343112945557,0
star_8,medium,medium,p3_c120_mp2_pen1_h5,101,6,6,6,0,106,498,0,24,44,12,0,2.0719573497772217,0
star_8,medium,medium,p3_c120_mp2_pen1_h5,202,6,6,6,0,105,488,0,24,43,12,0,1.9739444255828857,0
star_8,medium,medium,p3_c120_mp2_pen0_h0,42,6,6,6,0,106,498,0,24,44,12,0,2.0571670532226562,0
star_8,medium,medium,p3_c120_mp2_pen0_h0,101,6,6,6,0,106,498,0,24,44,12,0,2.0524020195007324,0
star_8,medium,medium,p3_c120_mp2_pen0_h0,202,6,6,6,0,105,488,0,24,43,12,0,2.046285629272461,0
star_8,medium,medium,p3_c120_mp2_pen0_h2,101,6,6,6,0,106,498,0,24,44,12,0,1.8773717880249023,0
star_8,medium,medium,p3_c120_mp2_pen0_h2,42,6,6,6,0,106,498,0,24,44,12,0,1.9649837017059326,0
star_8,medium,medium,p3_c120_mp2_pen0_h2,202,6,6,6,0,105,488,0,24,43,12,0,1.855351448059082,0
star_8,medium,medium,p3_c120_mp2_pen0_h5,42,6,6,6,0,106,498,0,24,44,12,0,2.068284749984741,0
star_8,medium,medium,p3_c120_mp3_pen1_h0,42,6,6,6,0,106,498,0,24,44,12,0,1.7893872261047363,0
star_8,medium,medium,p3_c120_mp2_pen0_h5,202,6,6,6,0,105,488,0,24,43,12,0,1.946338415145874,0
star_8,medium,medium,p3_c120_mp2_pen0_h5,101,6,6,6,0,106,498,0,24,44,12,0,2.1311423778533936,0
star_8,medium,medium,p3_c120_mp3_pen1_h0,202,6,6,6,0,105,488,0,24,43,12,0,2.0198018550872803,0
star_8,medium,medium,p3_c120_mp3_pen1_h0,101,6,6,6,0,106,498,0,24,44,12,0,2.0594229698181152,0
star_8,medium,medium,p3_c120_mp3_pen1_h5,202,6,6,6,0,105,488,0,24,43,12,0,1.608508586883545,0
star_8,medium,medium,p3_c120_mp3_pen1_h2,101,6,6,6,0,106,498,0,24,44,12,0,1.8206593990325928,0
star_8,medium,medium,p3_c120_mp3_pen1_h2,42,6,6,6,0,106,498,0,24,44,12,0,2.010986804962158,0
star_8,medium,medium,p3_c120_mp3_pen1_h2,202,6,6,6,0,105,488,0,24,43,12,0,1.9111030101776123,0
star_8,medium,medium,p3_c120_mp3_pen1_h5,42,6,6,6,0,106,498,0,24,44,12,0,1.9451851844787598,0
star_8,medium,medium,p3_c120_mp3_pen1_h5,101,6,6,6,0,106,498,0,24,44,12,0,1.9978513717651367,0
star_8,medium,medium,p3_c120_mp3_pen0_h0,42,6,6,6,0,106,498,0,24,44,12,0,1.8802402019500732,0
star_8,medium,medium,p3_c120_mp3_pen0_h0,101,6,6,6,0,106,498,0,24,44,12,0,1.9745755195617676,0
star_8,medium,medium,p3_c120_mp3_pen0_h5,42,6,6,6,0,106,498,0,24,44,12,0,1.6970930099487305,0
star_8,medium,medium,p3_c120_mp3_pen0_h0,202,6,6,6,0,105,488,0,24,43,12,0,1.9890415668487549,0
star_8,medium,medium,p3_c120_mp3_pen0_h2,101,6,6,6,0,106,498,0,24,44,12,0,1.975700855255127,0
star_8,medium,medium,p3_c120_mp3_pen0_h2,42,6,6,6,0,106,498,0,24,44,12,0,2.030608654022217,0
star_8,medium,medium,p3_c120_mp3_pen0_h2,202,6,6,6,0,105,488,0,24,43,12,0,1.9328136444091797,0
star_8,medium,medium,p3_c120_mp3_pen0_h5,101,6,6,6,0,106,498,0,24,44,12,0,2.0716500282287598,0
star_8,medium,medium,p3_c160_mp1_pen1_h0,101,6,6,6,0,106,498,0,24,44,12,0,1.876384973526001,0
star_8,medium,medium,p3_c120_mp3_pen0_h5,202,6,6,6,0,105,488,0,24,43,12,0,2.0191776752471924,0
star_8,medium,medium,p3_c160_mp1_pen1_h0,42,6,6,6,0,106,498,0,24,44,12,0,2.0554189682006836,0
star_8,medium,medium,p3_c160_mp1_pen1_h0,202,6,6,6,0,105,488,0,24,43,12,0,1.9381859302520752,0
star_8,medium,medium,p3_c160_mp1_pen1_h2,101,6,6,6,0,106,498,0,24,44,12,0,2.0654468536376953,0
star_8,medium,medium,p3_c160_mp1_pen1_h2,42,6,6,6,0,106,498,0,24,44,12,0,2.10152006149292,0
star_8,medium,medium,p3_c160_mp1_pen0_h0,42,6,6,6,0,106,498,0,24,44,12,0,1.5806779861450195,0
star_8,medium,medium,p3_c160_mp1_pen1_h2,202,6,6,6,0,105,488,0,24,43,12,0,2.0884687900543213,0
star_8,medium,medium,p3_c160_mp1_pen1_h5,42,6,6,6,0,106,498,0,24,44,12,0,2.1511623859405518,0
star_8,medium,medium,p3_c160_mp1_pen1_h5,101,6,6,6,0,106,498,0,24,44,12,0,2.1202356815338135,0
star_8,medium,medium,p3_c160_mp1_pen1_h5,202,6,6,6,0,105,488,0,24,43,12,0,2.0761518478393555,0
star_8,medium,medium,p3_c160_mp1_pen0_h0,101,6,6,6,0,106,498,0,24,44,12,0,1.875748634338379,0
star_8,medium,medium,p3_c160_mp1_pen0_h0,202,6,6,6,0,105,488,0,24,43,12,0,2.0787007808685303,0
star_8,medium,medium,p3_c160_mp1_pen0_h2,42,6,6,6,0,106,498,0,24,44,12,0,2.087419033050537,0
star_8,medium,medium,p3_c160_mp1_pen0_h2,101,6,6,6,0,106,498,0,24,44,12,0,2.076498508453369,0
star_8,medium,medium,p3_c160_mp1_pen0_h5,202,6,6,6,0,105,488,0,24,43,12,0,1.875415325164795,0
star_8,medium,medium,p3_c160_mp1_pen0_h2,202,6,6,6,0,105,488,0,24,43,12,0,2.078399658203125,0
star_8,medium,medium,p3_c160_mp1_pen0_h5,42,6,6,6,0,106,498,0,24,44,12,0,2.1420159339904785,0
star_8,medium,medium,p3_c160_mp1_pen0_h5,101,6,6,6,0,106,498,0,24,44,12,0,2.0783376693725586,0
star_8,medium,medium,p3_c160_mp2_pen1_h0,202,6,6,6,0,105,488,0,24,43,12,0,1.9013488292694092,0
star_8,medium,medium,p3_c160_mp2_pen1_h0,101,6,6,6,0,106,498,0,24,44,12,0,2.011052370071411,0
star_8,medium,medium,p3_c160_mp2_pen1_h0,42,6,6,6,0,106,498,0,24,44,12,0,2.0429728031158447,0
star_8,medium,medium,p3_c160_mp2_pen1_h2,42,6,6,6,0,106,498,0,24,44,12,0,2.0436670780181885,0
star_8,medium,medium,p3_c160_mp2_pen1_h2,202,6,6,6,0,105,488,0,24,43,12,0,1.8766565322875977,0
star_8,medium,medium,p3_c160_mp2_pen1_h2,101,6,6,6,0,106,498,0,24,44,12,0,1.9863677024841309,0
star_8,medium,medium,p3_c160_mp2_pen1_h5,101,6,6,6,0,106,498,0,24,44,12,0,1.9446759223937988,0
star_8,medium,medium,p3_c160_mp2_pen1_h5,42,6,6,6,0,106,498,0,24,44,12,0,2.0252914428710938,0
star_8,medium,medium,p3_c160_mp2_pen0_h0,101,6,6,6,0,106,498,0,24,44,12,0,1.7905259132385254,0
star_8,medium,medium,p3_c160_mp2_pen1_h5,202,6,6,6,0,105,488,0,24,43,12,0,1.9924323558807373,0
star_8,medium,medium,p3_c160_mp2_pen0_h0,42,6,6,6,0,106,498,0,24,44,12,0,1.994203805923462,0
star_8,medium,medium,p3_c160_mp2_pen0_h2,42,6,6,6,0,106,498,0,24,44,12,0,1.9404830932617188,0
star_8,medium,medium,p3_c160_mp2_pen0_h0,202,6,6,6,0,105,488,0,24,43,12,0,2.038905620574951,0
star_8,medium,medium,p3_c160_mp2_pen0_h2,202,6,6,6,0,105,488,0,24,43,12,0,1.7896735668182373,0
star_8,medium,medium,p3_c160_mp2_pen0_h5,202,6,6,6,0,105,488,0,24,43,12,0,1.8273706436157227,0
star_8,medium,medium,p3_c160_mp2_pen0_h2,101,6,6,6,0,106,498,0,24,44,12,0,2.103519916534424,0
star_8,medium,medium,p3_c160_mp2_pen0_h5,42,6,6,6,0,106,498,0,24,44,12,0,2.064194440841675,0
star_8,medium,medium,p3_c160_mp3_pen1_h0,202,6,6,6,0,105,488,0,24,43,12,0,1.6285290718078613,0
star_8,medium,medium,p3_c160_mp2_pen0_h5,101,6,6,6,0,106,498,0,24,44,12,0,2.0676305294036865,0
star_8,medium,medium,p3_c160_mp3_pen1_h0,101,6,6,6,0,106,498,0,24,44,12,0,2.0293493270874023,0
star_8,medium,medium,p3_c160_mp3_pen1_h0,42,6,6,6,0,106,498,0,24,44,12,0,2.083364963531494,0
star_8,medium,medium,p3_c160_mp3_pen1_h5,42,6,6,6,0,106,498,0,24,44,12,0,1.7728569507598877,0
star_8,medium,medium,p3_c160_mp3_pen1_h2,42,6,6,6,0,106,498,0,24,44,12,0,1.9514055252075195,0
star_8,medium,medium,p3_c160_mp3_pen1_h2,101,6,6,6,0,106,498,0,24,44,12,0,2.0113916397094727,0
star_8,medium,medium,p3_c160_mp3_pen0_h0,42,6,6,6,0,106,498,0,24,44,12,0,1.793004035949707,0
star_8,medium,medium,p3_c160_mp3_pen1_h2,202,6,6,6,0,105,488,0,24,43,12,0,2.0416126251220703,0
star_8,medium,medium,p3_c160_mp3_pen1_h5,202,6,6,6,0,105,488,0,24,43,12,0,1.930678129196167,0
star_8,medium,medium,p3_c160_mp3_pen1_h5,101,6,6,6,0,106,498,0,24,44,12,0,2.0538649559020996,0
star_8,medium,medium,p3_c160_mp3_pen0_h2,42,6,6,6,0,106,498,0,24,44,12,0,1.986762285232544,0
star_8,medium,medium,p3_c160_mp3_pen0_h2,202,6,6,6,0,105,488,0,24,43,12,0,1.8992202281951904,0
star_8,medium,medium,p3_c160_mp3_pen0_h0,202,6,6,6,0,105,488,0,24,43,12,0,2.081810235977173,0
star_8,medium,medium,p3_c160_mp3_pen0_h0,101,6,6,6,0,106,498,0,24,44,12,0,2.098140001296997,0
star_8,medium,medium,p3_c160_mp3_pen0_h2,101,6,6,6,0,106,498,0,24,44,12,0,2.056124210357666,0
star_8,medium,medium,p3_c160_mp3_pen0_h5,42,6,6,6,0,106,498,0,24,44,12,0,2.085174083709717,0
star_8,heavy,medium,p3_c40_mp1_pen1_h0,101,12,12,0,12,118,552,0,24,44,18,0,1.5994181632995605,0
star_8,medium,medium,p3_c160_mp3_pen0_h5,202,6,6,6,0,105,488,0,24,43,12,0,1.988243579864502,0
star_8,medium,medium,p3_c160_mp3_pen0_h5,101,6,6,6,0,106,498,0,24,44,12,0,2.0769481658935547,0
star_8,heavy,medium,baseline,202,12,12,7,5,129,587,2,37,45,21,0,1.8924334049224854,0
star_8,heavy,medium,baseline,42,12,12,7,5,130,597,2,37,46,21,0,2.0530428886413574,0
star_8,heavy,medium,baseline,101,12,12,7,5,130,597,2,37,46,21,0,2.0187675952911377,0
star_8,heavy,medium,p3_c40_mp1_pen1_h0,202,12,12,0,12,117,542,0,24,43,18,0,1.8398995399475098,0
star_8,heavy,medium,p3_c40_mp1_pen1_h0,42,11,12,0,12,115,535,0,22,43,17,0,1.9681897163391113,0
star_8,heavy,medium,p3_c40_mp1_pen1_h2,42,11,12,0,12,115,535,0,22,43,17,0,1.8250865936279297,0
star_8,heavy,medium,p3_c40_mp1_pen1_h2,202,12,12,0,12,117,542,0,24,43,18,0,1.9812366962432861,0
star_8,heavy,medium,p3_c40_mp1_pen1_h2,101,12,12,0,12,118,552,0,24,44,18,0,2.0576682090759277,0
star_8,heavy,medium,p3_c40_mp1_pen1_h5,101,12,12,0,12,118,552,0,24,44,18,0,2.045090913772583,0
star_8,heavy,medium,p3_c40_mp1_pen1_h5,42,11,12,0,12,115,535,0,22,43,17,0,2.1099331378936768,0
star_8,heavy,medium,p3_c40_mp1_pen1_h5,202,12,12,0,12,117,542,0,24,43,18,0,1.9379644393920898,0
star_8,heavy,medium,p3_c40_mp1_pen0_h0,202,12,12,0,12,117,542,0,24,43,18,0,1.8596382141113281,0
star_8,heavy,medium,p3_c40_mp1_pen0_h0,42,11,12,0,12,115,535,0,22,43,17,0,2.024202346801758,0
star_8,heavy,medium,p3_c40_mp1_pen0_h0,101,12,12,0,12,118,552,0,24,44,18,0,2.0284769535064697,0
star_8,heavy,medium,p3_c40_mp1_pen0_h2,202,12,12,0,12,117,542,0,24,43,18,0,1.7944025993347168,0
star_8,heavy,medium,p3_c40_mp1_pen0_h2,101,12,12,0,12,118,552,0,24,44,18,0,2.0613834857940674,0
star_8,heavy,medium,p3_c40_mp1_pen0_h2,42,11,12,0,12,115,535,0,22,43,17,0,2.123305320739746,0
star_8,heavy,medium,p3_c40_mp1_pen0_h5,42,11,12,0,12,115,535,0,22,43,17,0,1.989645004272461,0
star_8,heavy,medium,p3_c40_mp1_pen0_h5,101,12,12,0,12,118,552,0,24,44,18,0,2.0421788692474365,0
star_8,heavy,medium,p3_c40_mp2_pen1_h0,42,11,12,0,12,127,547,0,22,43,17,0,1.8589003086090088,0
star_8,heavy,medium,p3_c40_mp2_pen1_h0,101,12,12,0,12,130,564,0,24,44,18,0,1.8880832195281982,0
star_8,heavy,medium,p3_c40_mp1_pen0_h5,202,12,12,0,12,117,542,0,24,43,18,0,2.0445404052734375,0
star_8,heavy,medium,p3_c40_mp2_pen1_h0,202,12,12,0,12,129,554,0,24,43,18,0,2.013733386993408,0
star_8,heavy,medium,p3_c40_mp2_pen1_h2,42,11,12,0,12,127,547,0,22,43,17,0,2.0274555683135986,0
star_8,heavy,medium,p3_c40_mp2_pen1_h2,101,12,12,0,12,130,564,0,24,44,18,0,2.0194263458251953,0
star_8,heavy,medium,p3_c40_mp2_pen0_h0,42,11,12,0,12,127,547,0,22,43,17,0,1.864560842514038,0
star_8,heavy,medium,p3_c40_mp2_pen1_h5,42,11,12,0,12,127,547,0,22,43,17,0,1.9854869842529297,0
star_8,heavy,medium,p3_c40_mp2_pen0_h0,101,12,12,0,12,130,564,0,24,44,18,0,1.8259985446929932,0
star_8,heavy,medium,p3_c40_mp2_pen1_h5,101,12,12,0,12,130,564,0,24,44,18,0,1.9859669208526611,0
star_8,heavy,medium,p3_c40_mp2_pen1_h5,202,12,12,0,12,129,554,0,24,43,18,0,1.9072253704071045,0
star_8,heavy,medium,p3_c40_mp2_pen1_h2,202,12,12,0,12,129,554,0,24,43,18,0,2.1093783378601074,0
star_8,heavy,medium,p3_c40_mp2_pen0_h2,42,11,12,0,12,127,547,0,22,43,17,0,1.9457530975341797,0
star_8,heavy,medium,p3_c40_mp2_pen0_h0,202,12,12,0,12,129,554,0,24,43,18,0,2.028244972229004,0
star_8,heavy,medium,p3_c40_mp2_pen0_h2,101,12,12,0,12,130,564,0,24,44,18,0,1.986112117767334,0
star_8,heavy,medium,p3_c40_mp2_pen0_h2,202,12,12,0,12,129,554,0,24,43,18,0,1.8414602279663086,0
star_8,heavy,medium,p3_c40_mp2_pen0_h5,101,12,12,0,12,130,564,0,24,44,18,0,1.8617119789123535,0
star_8,heavy,medium,p3_c40_mp2_pen0_h5,202,12,12,0,12,129,554,0,24,43,18,0,1.990800380706787,0
star_8,heavy,medium,p3_c40_mp3_pen1_h0,101,12,12,0,12,142,574,0,24,44,18,0,1.7071082592010498,0
star_8,heavy,medium,p3_c40_mp2_pen0_h5,42,11,12,0,12,127,547,0,22,43,17,0,2.1037158966064453,0
star_8,heavy,medium,p3_c40_mp3_pen1_h0,42,11,12,0,12,138,549,2,21,42,17,0,2.0037050247192383,0
star_8,heavy,medium,p3_c40_mp3_pen1_h0,202,12,12,0,12,141,566,0,24,43,18,0,2.0347862243652344,0
star_8,heavy,medium,p3_c40_mp3_pen1_h2,42,11,12,0,12,138,549,2,21,42,17,0,2.0158777236938477,0
star_8,heavy,medium,p3_c40_mp3_pen1_h2,101,12,12,0,12,142,574,0,24,44,18,0,2.098203182220459,0
star_8,heavy,medium,p3_c40_mp3_pen0_h0,42,11,12,0,12,138,549,2,21,42,17,0,1.7821106910705566,0
star_8,heavy,medium,p3_c40_mp3_pen1_h5,42,11,12,0,12,138,549,2,21,42,17,0,1.9729371070861816,0
star_8,heavy,medium,p3_c40_mp3_pen0_h2,42,11,12,0,12,138,549,2,21,42,17,0,1.695563554763794,0
star_8,heavy,medium,p3_c40_mp3_pen1_h2,202,12,12,0,12,141,566,0,24,43,18,0,2.06310772895813,0
star_8,heavy,medium,p3_c40_mp3_pen1_h5,101,12,12,0,12,142,574,0,24,44,18,0,2.090625047683716,0
star_8,heavy,medium,p3_c40_mp3_pen0_h0,202,12,12,0,12,141,566,0,24,43,18,0,1.912827491760254,0
star_8,heavy,medium,p3_c40_mp3_pen1_h5,202,12,12,0,12,141,566,0,24,43,18,0,2.0805068016052246,0
star_8,heavy,medium,p3_c40_mp3_pen0_h0,101,12,12,0,12,142,574,0,24,44,18,0,2.06424617767334,0
star_8,heavy,medium,p3_c100_mp1_pen1_h0,42,11,12,0,12,115,535,0,22,43,17,0,1.7762339115142822,0
star_8,heavy,medium,p3_c40_mp3_pen0_h2,101,12,12,0,12,142,574,0,24,44,18,0,2.0449821949005127,0
star_8,heavy,medium,p3_c40_mp3_pen0_h5,202,12,12,0,12,141,566,0,24,43,18,0,1.9690043926239014,0
star_8,heavy,medium,p3_c100_mp1_pen1_h0,202,12,12,0,12,117,542,0,24,43,18,0,1.941185712814331,0
star_8,heavy,medium,p3_c100_mp1_pen1_h0,101,12,12,0,12,118,552,0,24,44,18,0,2.0592904090881348,0
star_8,heavy,medium,p3_c40_mp3_pen0_h2,202,12,12,0,12,141,566,0,24,43,18,0,2.11091685295105,0
star_8,heavy,medium,p3_c40_mp3_pen0_h5,101,12,12,0,12,142,574,0,24,44,18,0,2.121086597442627,0
star_8,heavy,medium,p3_c40_mp3_pen0_h5,42,11,12,0,12,138,549,2,21,42,17,0,2.1303679943084717,0
star_8,heavy,medium,p3_c100_mp1_pen1_h2,101,12,12,0,12,118,552,0,24,44,18,0,1.8870618343353271,0
star_8,heavy,medium,p3_c100_mp1_pen1_h2,42,11,12,0,12,115,535,0,22,43,17,0,2.076996326446533,0
star_8,heavy,medium,p3_c100_mp1_pen1_h2,202,12,12,0,12,117,542,0,24,43,18,0,2.0302889347076416,0
star_8,heavy,medium,p3_c100_mp1_pen1_h5,42,11,12,0,12,115,535,0,22,43,17,0,2.142652750015259,0
star_8,heavy,medium,p3_c100_mp1_pen1_h5,101,12,12,0,12,118,552,0,24,44,18,0,2.2084736824035645,0
star_8,heavy,medium,p3_c100_mp1_pen1_h5,202,12,12,0,12,117,542,0,24,43,18,0,2.06508469581604,0
star_8,heavy,medium,p3_c100_mp1_pen0_h0,42,11,12,0,12,115,535,0,22,43,17,0,2.1192941665649414,0
star_8,heavy,medium,p3_c100_mp1_pen0_h0,101,12,12,0,12,118,552,0,24,44,18,0,2.1218268871307373,0
star_8,heavy,medium,p3_c100_mp1_pen0_h0,202,12,12,0,12,117,542,0,24,43,18,0,2.0112435817718506,0
star_8,heavy,medium,p3_c100_mp1_pen0_h5,42,11,12,0,12,115,535,0,22,43,17,0,2.0070226192474365,0
star_8,heavy,medium,p3_c100_mp1_pen0_h2,202,12,12,0,12,117,542,0,24,43,18,0,2.0401041507720947,0
star_8,heavy,medium,p3_c100_mp1_pen0_h2,101,12,12,0,12,118,552,0,24,44,18,0,2.1692099571228027,0
star_8,heavy,medium,p3_c100_mp2_pen1_h0,42,11,12,0,12,127,547,0,22,43,17,0,1.9589314460754395,0
star_8,heavy,medium,p3_c100_mp1_pen0_h2,42,11,12,0,12,115,535,0,22,43,17,0,2.3519346714019775,0
star_8,heavy,medium,p3_c100_mp1_pen0_h5,101,12,12,0,12,118,552,0,24,44,18,0,2.1872575283050537,0
star_8,heavy,medium,p3_c100_mp2_pen1_h2,202,12,12,0,12,129,554,0,24,43,18,0,1.9764924049377441,0
star_8,heavy,medium,p3_c100_mp2_pen1_h2,42,11,12,0,12,127,547,0,22,43,17,0,2.164824962615967,0
star_8,heavy,medium,p3_c100_mp2_pen1_h0,101,12,12,0,12,130,564,0,24,44,18,0,2.2159786224365234,0
star_8,heavy,medium,p3_c100_mp2_pen1_h2,101,12,12,0,12,130,564,0,24,44,18,0,2.1131324768066406,0
star_8,heavy,medium,p3_c100_mp1_pen0_h5,202,12,12,0,12,117,542,0,24,43,18,0,2.3818986415863037,0
star_8,heavy,medium,p3_c100_mp2_pen0_h0,202,12,12,0,12,129,554,0,24,43,18,0,1.8260958194732666,0
star_8,heavy,medium,p3_c100_mp2_pen1_h5,202,12,12,0,12,129,554,0,24,43,18,0,2.083862781524658,0
star_8,heavy,medium,p3_c100_mp2_pen1_h0,202,12,12,0,12,129,554,0,24,43,18,0,2.49751877784729,0
star_8,heavy,medium,p3_c100_mp2_pen1_h5,101,12,12,0,12,130,564,0,24,44,18,0,2.158092737197876,0
star_8,heavy,medium,p3_c100_mp2_pen0_h0,101,12,12,0,12,130,564,0,24,44,18,0,2.0899157524108887,0
star_8,heavy,medium,p3_c100_mp2_pen1_h5,42,11,12,0,12,127,547,0,22,43,17,0,2.2159488201141357,0
star_8,heavy,medium,p3_c100_mp2_pen0_h2,101,12,12,0,12,130,564,0,24,44,18,0,2.0674822330474854,0
star_8,heavy,medium,p3_c100_mp2_pen0_h0,42,11,12,0,12,127,547,0,22,43,17,0,2.2993876934051514,0
star_8,heavy,medium,p3_c100_mp2_pen0_h2,202,12,12,0,12,129,554,0,24,43,18,0,2.2363779544830322,0
star_8,heavy,medium,p3_c100_mp2_pen0_h2,42,11,12,0,12,127,547,0,22,43,17,0,2.460245132446289,0
star_8,heavy,medium,p3_c100_mp2_pen0_h5,42,11,12,0,12,127,547,0,22,43,17,0,2.3670339584350586,0
star_8,heavy,medium,p3_c100_mp3_pen1_h0,101,12,12,0,12,142,574,0,24,44,18,0,2.122636556625366,0
star_8,heavy,medium,p3_c100_mp2_pen0_h5,101,12,12,0,12,130,564,0,24,44,18,0,2.417445182800293,0
star_8,heavy,medium,p3_c100_mp3_pen1_h0,202,12,12,0,12,141,566,0,24,43,18,0,2.3498003482818604,0
star_8,heavy,medium,p3_c100_mp3_pen1_h2,42,11,12,0,12,138,549,2,21,42,17,0,2.343994140625,0
star_8,heavy,medium,p3_c100_mp3_pen1_h0,42,11,12,0,12,138,549,2,21,42,17,0,2.5266811847686768,0
star_8,heavy,medium,p3_c100_mp2_pen0_h5,202,12,12,0,12,129,554,0,24,43,18,0,2.6904730796813965,0
star_8,heavy,medium,p3_c100_mp3_pen1_h5,202,12,12,0,12,141,566,0,24,43,18,0,2.0763440132141113,0
star_8,heavy,medium,p3_c100_mp3_pen1_h2,101,12,12,0,12,142,574,0,24,44,18,0,2.272477149963379,0
star_8,heavy,medium,p3_c100_mp3_pen1_h5,101,12,12,0,12,142,574,0,24,44,18,0,2.1909117698669434,0
star_8,heavy,medium,p3_c100_mp3_pen0_h0,101,12,12,0,12,142,574,0,24,44,18,0,2.158050775527954,0
star_8,heavy,medium,p3_c100_mp3_pen1_h2,202,12,12,0,12,141,566,0,24,43,18,0,2.56980037689209,0
star_8,heavy,medium,p3_c100_mp3_pen0_h2,101,12,12,0,12,142,574,0,24,44,18,0,2.176424026489258,0
star_8,heavy,medium,p3_c100_mp3_pen0_h2,42,11,12,0,12,138,549,2,21,42,17,0,2.233226776123047,0
star_8,heavy,medium,p3_c100_mp3_pen0_h2,202,12,12,0,12,141,566,0,24,43,18,0,2.2132327556610107,0
star_8,heavy,medium,p3_c100_mp3_pen0_h0,42,11,12,0,12,138,549,2,21,42,17,0,2.4581074714660645,0
star_8,heavy,medium,p3_c100_mp3_pen1_h5,42,11,12,0,12,138,549,2,21,42,17,0,2.674642324447632,0
star_8,heavy,medium,p3_c105_mp1_pen1_h0,42,12,12,7,5,130,597,2,37,46,21,0,2.2047343254089355,0
star_8,heavy,medium,p3_c100_mp3_pen0_h5,202,12,12,0,12,141,566,0,24,43,18,0,2.210430860519409,0
star_8,heavy,medium,p3_c105_mp1_pen1_h2,101,12,12,7,5,130,597,2,37,46,21,0,1.9963054656982422,0
star_8,heavy,medium,p3_c100_mp3_pen0_h0,202,12,12,0,12,141,566,0,24,43,18,0,2.5977184772491455,0
star_8,heavy,medium,p3_c105_mp1_pen1_h0,101,12,12,7,5,130,597,2,37,46,21,0,2.249920129776001,0
star_8,heavy,medium,p3_c100_mp3_pen0_h5,101,12,12,0,12,142,574,0,24,44,18,0,2.3931283950805664,0
star_8,heavy,medium,p3_c100_mp3_pen0_h5,42,11,12,0,12,138,549,2,21,42,17,0,2.569849967956543,0
star_8,heavy,medium,p3_c105_mp1_pen1_h0,202,12,12,7,5,129,587,2,37,45,21,0,2.392322063446045,0
star_8,heavy,medium,p3_c105_mp1_pen1_h2,42,12,12,7,5,130,597,2,37,46,21,0,2.4610002040863037,0
star_8,heavy,medium,p3_c105_mp1_pen1_h5,42,12,12,7,5,130,597,2,37,46,21,0,2.152229070663452,0
star_8,heavy,medium,p3_c105_mp1_pen1_h2,202,12,12,7,5,129,587,2,37,45,21,0,2.358661413192749,0
star_8,heavy,medium,p3_c105_mp1_pen1_h5,101,12,12,7,5,130,597,2,37,46,21,0,2.281280755996704,0
star_8,heavy,medium,p3_c105_mp1_pen1_h5,202,12,12,7,5,129,587,2,37,45,21,0,2.1073496341705322,0
star_8,heavy,medium,p3_c105_mp1_pen0_h0,42,12,12,7,5,130,597,2,37,46,21,0,2.219372510910034,0
star_8,heavy,medium,p3_c105_mp1_pen0_h0,101,12,12,7,5,130,597,2,37,46,21,0,2.146648645401001,0
star_8,heavy,medium,p3_c105_mp1_pen0_h0,202,12,12,7,5,129,587,2,37,45,21,0,2.2779269218444824,0
star_8,heavy,medium,p3_c105_mp1_pen0_h2,101,12,12,7,5,130,597,2,37,46,21,0,2.1793372631073,0
star_8,heavy,medium,p3_c105_mp1_pen0_h2,42,12,12,7,5,130,597,2,37,46,21,0,2.408357858657837,0
star_8,heavy,medium,p3_c105_mp1_pen0_h5,101,12,12,7,5,130,597,2,37,46,21,0,2.1808273792266846,0
star_8,heavy,medium,p3_c105_mp1_pen0_h2,202,12,12,7,5,129,587,2,37,45,21,0,2.2985072135925293,0
star_8,heavy,medium,p3_c105_mp1_pen0_h5,42,12,12,7,5,130,597,2,37,46,21,0,2.407729387283325,0
star_8,heavy,medium,p3_c105_mp2_pen1_h0,101,12,12,7,5,135,602,2,37,46,21,0,2.1457955837249756,0
star_8,heavy,medium,p3_c105_mp2_pen1_h0,42,12,12,7,5,135,602,2,37,46,21,0,2.234074354171753,0
star_8,heavy,medium,p3_c105_mp1_pen0_h5,202,12,12,7,5,129,587,2,37,45,21,0,2.2880640029907227,0
star_8,heavy,medium,p3_c105_mp2_pen1_h2,202,12,12,7,5,134,592,2,37,45,21,0,2.1157495975494385,0
star_8,heavy,medium,p3_c105_mp2_pen1_h2,101,12,12,7,5,135,602,2,37,46,21,0,2.2988228797912598,0
star_8,heavy,medium,p3_c105_mp2_pen1_h0,202,12,12,7,5,134,592,2,37,45,21,0,2.3813562393188477,0
star_8,heavy,medium,p3_c105_mp2_pen1_h2,42,12,12,7,5,135,602,2,37,46,21,0,2.4514644145965576,0
star_8,heavy,medium,p3_c105_mp2_pen1_h5,101,12,12,7,5,135,602,2,37,46,21,0,2.29785418510437,0
star_8,heavy,medium,p3_c105_mp2_pen0_h0,202,12,12,7,5,134,592,2,37,45,21,0,2.1763579845428467,0
star_8,heavy,medium,p3_c105_mp2_pen0_h0,42,12,12,7,5,135,602,2,37,46,21,0,2.324810743331909,0
star_8,heavy,medium,p3_c105_mp2_pen0_h0,101,12,12,7,5,135,602,2,37,46,21,0,2.347121477127075,0
star_8,heavy,medium,p3_c105_mp2_pen1_h5,202,12,12,7,5,134,592,2,37,45,21,0,2.406618118286133,0
star_8,heavy,medium,p3_c105_mp2_pen0_h2,42,12,12,7,5,135,602,2,37,46,21,0,2.3110766410827637,0
star_8,heavy,medium,p3_c105_mp2_pen0_h2,101,12,12,7,5,135,602,2,37,46,21,0,2.2747719287872314,0
star_8,heavy,medium,p3_c105_mp2_pen0_h5,42,12,12,7,5,135,602,2,37,46,21,0,2.1853344440460205,0
star_8,heavy,medium,p3_c105_mp2_pen0_h2,202,12,12,7,5,134,592,2,37,45,21,0,2.285918951034546,0
star_8,heavy,medium,p3_c105_mp2_pen1_h5,42,12,12,7,5,135,602,2,37,46,21,0,2.6946475505828857,0
star_8,heavy,medium,p3_c105_mp2_pen0_h5,101,12,12,7,5,135,602,2,37,46,21,0,2.3659071922302246,0
star_8,heavy,medium,p3_c105_mp3_pen1_h0,42,12,12,7,5,139,597,4,36,46,20,0,2.12129282951355,0
star_8,heavy,medium,p3_c105_mp3_pen1_h0,101,12,12,7,5,140,607,2,37,46,21,0,2.0644187927246094,0
star_8,heavy,medium,p3_c105_mp2_pen0_h5,202,12,12,7,5,134,592,2,37,45,21,0,2.3402669429779053,0
star_8,heavy,medium,p3_c105_mp3_pen1_h2,42,12,12,7,5,139,597,4,36,46,20,0,2.1634128093719482,0
star_8,heavy,medium,p3_c105_mp3_pen1_h2,202,12,12,7,5,139,597,2,37,45,21,0,2.041868209838867,0
star_8,heavy,medium,p3_c105_mp3_pen1_h0,202,12,12,7,5,139,597,2,37,45,21,0,2.4586501121520996,0
star_8,heavy,medium,p3_c105_mp3_pen1_h2,101,12,12,7,5,140,607,2,37,46,21,0,2.2224349975585938,0
star_8,heavy,medium,p3_c105_mp3_pen1_h5,101,12,12,7,5,140,607,2,37,46,21,0,2.113245725631714,0
star_8,heavy,medium,p3_c105_mp3_pen0_h0,42,12,12,7,5,139,597,4,36,46,20,0,1.9222218990325928,0
star_8,heavy,medium,p3_c105_mp3_pen1_h5,42,12,12,7,5,139,597,4,36,46,20,0,2.310476779937744,0
star_8,heavy,medium,p3_c105_mp3_pen1_h5,202,12,12,7,5,139,597,2,37,45,21,0,2.2126364707946777,0
star_8,heavy,medium,p3_c105_mp3_pen0_h2,42,12,12,7,5,139,597,4,36,46,20,0,2.0693490505218506,0
star_8,heavy,medium,p3_c105_mp3_pen0_h0,101,12,12,7,5,140,607,2,37,46,21,0,2.104199171066284,0
star_8,heavy,medium,p3_c105_mp3_pen0_h2,101,12,12,7,5,140,607,2,37,46,21,0,1.9622502326965332,0
star_8,heavy,medium,p3_c105_mp3_pen0_h0,202,12,12,7,5,139,597,2,37,45,21,0,2.146012306213379,0
star_8,heavy,medium,p3_c105_mp3_pen0_h5,42,12,12,7,5,139,597,4,36,46,20,0,1.8582444190979004,0
star_8,heavy,medium,p3_c105_mp3_pen0_h2,202,12,12,7,5,139,597,2,37,45,21,0,1.983717441558838,0
star_8,heavy,medium,p3_c120_mp1_pen1_h2,42,12,12,7,5,130,597,2,37,46,21,0,1.7577524185180664,0
star_8,heavy,medium,p3_c120_mp1_pen1_h0,42,12,12,7,5,130,597,2,37,46,21,0,1.9098656177520752,0
star_8,heavy,medium,p3_c120_mp1_pen1_h0,101,12,12,7,5,130,597,2,37,46,21,0,1.8774182796478271,0
star_8,heavy,medium,p3_c105_mp3_pen0_h5,202,12,12,7,5,139,597,2,37,45,21,0,2.003000259399414,0
star_8,heavy,medium,p3_c105_mp3_pen0_h5,101,12,12,7,5,140,607,2,37,46,21,0,2.096449136734009,0
star_8,heavy,medium,p3_c120_mp1_pen1_h0,202,12,12,7,5,129,587,2,37,45,21,0,2.0714354515075684,0
star_8,heavy,medium,p3_c120_mp1_pen1_h5,42,12,12,7,5,130,597,2,37,46,21,0,1.9340620040893555,0
star_8,heavy,medium,p3_c120_mp1_pen1_h2,101,12,12,7,5,130,597,2,37,46,21,0,2.0718448162078857,0
star_8,heavy,medium,p3_c120_mp1_pen1_h2,202,12,12,7,5,129,587,2,37,45,21,0,2.007194757461548,0
star_8,heavy,medium,p3_c120_mp1_pen1_h5,101,12,12,7,5,130,597,2,37,46,21,0,1.9842009544372559,0
star_8,heavy,medium,p3_c120_mp1_pen0_h0,202,12,12,7,5,129,587,2,37,45,21,0,1.8085746765136719,0
star_8,heavy,medium,p3_c120_mp1_pen1_h5,202,12,12,7,5,129,587,2,37,45,21,0,1.9782488346099854,0
star_8,heavy,medium,p3_c120_mp1_pen0_h0,42,12,12,7,5,130,597,2,37,46,21,0,2.073568820953369,0
star_8,heavy,medium,p3_c120_mp1_pen0_h0,101,12,12,7,5,130,597,2,37,46,21,0,2.0654942989349365,0
star_8,heavy,medium,p3_c120_mp1_pen0_h2,42,12,12,7,5,130,597,2,37,46,21,0,2.0168113708496094,0
star_8,heavy,medium,p3_c120_mp1_pen0_h2,101,12,12,7,5,130,597,2,37,46,21,0,2.0002102851867676,0
star_8,heavy,medium,p3_c120_mp1_pen0_h5,42,12,12,7,5,130,597,2,37,46,21,0,1.9625577926635742,0
star_8,heavy,medium,p3_c120_mp1_pen0_h2,202,12,12,7,5,129,587,2,37,45,21,0,2.0752241611480713,0
star_8,heavy,medium,p3_c120_mp1_pen0_h5,101,12,12,7,5,130,597,2,37,46,21,0,2.0752322673797607,0
star_8,heavy,medium,p3_c120_mp1_pen0_h5,202,12,12,7,5,129,587,2,37,45,21,0,2.022533655166626,0
star_8,heavy,medium,p3_c120_mp2_pen1_h2,202,12,12,7,5,134,592,2,37,45,21,0,1.851710557937622,0
star_8,heavy,medium,p3_c120_mp2_pen1_h0,42,12,12,7,5,135,602,2,37,46,21,0,2.1132421493530273,0
star_8,heavy,medium,p3_c120_mp2_pen1_h0,202,12,12,7,5,134,592,2,37,45,21,0,2.020810127258301,0
star_8,heavy,medium,p3_c120_mp2_pen1_h2,101,12,12,7,5,135,602,2,37,46,21,0,1.9907140731811523,0
star_8,heavy,medium,p3_c120_mp2_pen1_h0,101,12,12,7,5,135,602,2,37,46,21,0,2.054625988006592,0
star_8,heavy,medium,p3_c120_mp2_pen1_h5,42,12,12,7,5,135,602,2,37,46,21,0,1.986539602279663,0
star_8,heavy,medium,p3_c120_mp2_pen1_h2,42,12,12,7,5,135,602,2,37,46,21,0,2.058812379837036,0
star_8,heavy,medium,p3_c120_mp2_pen0_h0,101,12,12,7,5,135,602,2,37,46,21,0,1.8478739261627197,0
star_8,heavy,medium,p3_c120_mp2_pen0_h5,42,12,12,7,5,135,602,2,37,46,21,0,1.5909202098846436,0
star_8,heavy,medium,p3_c120_mp2_pen0_h2,101,12,12,7,5,135,602,2,37,46,21,0,1.6598193645477295,0
star_8,heavy,medium,p3_c120_mp2_pen1_h5,101,12,12,7,5,135,602,2,37,46,21,0,2.121062755584717,0
star_8,heavy,medium,p3_c120_mp2_pen1_h5,202,12,12,7,5,134,592,2,37,45,21,0,2.052210807800293,0
star_8,heavy,medium,p3_c120_mp2_pen0_h0,202,12,12,7,5,134,592,2,37,45,21,0,2.0075900554656982,0
star_8,heavy,medium,p3_c120_mp2_pen0_h0,42,12,12,7,5,135,602,2,37,46,21,0,2.0514276027679443,0
star_8,heavy,medium,p3_c120_mp2_pen0_h2,42,12,12,7,5,135,602,2,37,46,21,0,2.037480354309082,0
star_8,heavy,medium,p3_c120_mp2_pen0_h5,101,12,12,7,5,135,602,2,37,46,21,0,1.9044878482818604,0
star_8,heavy,medium,p3_c120_mp2_pen0_h2,202,12,12,7,5,134,592,2,37,45,21,0,2.019394874572754,0
star_8,heavy,medium,p3_c120_mp2_pen0_h5,202,12,12,7,5,134,592,2,37,45,21,0,1.9434239864349365,0
star_8,heavy,medium,p3_c120_mp3_pen1_h0,101,12,12,7,5,140,607,2,37,46,21,0,1.7437946796417236,0
star_8,heavy,medium,p3_c120_mp3_pen1_h0,42,12,12,7,5,139,597,4,36,46,20,0,2.0466229915618896,0
star_8,heavy,medium,p3_c120_mp3_pen1_h0,202,12,12,7,5,139,597,2,37,45,21,0,1.8921668529510498,0
star_8,heavy,medium,p3_c120_mp3_pen1_h2,42,12,12,7,5,139,597,4,36,46,20,0,2.0976157188415527,0
star_8,heavy,medium,p3_c120_mp3_pen1_h2,202,12,12,7,5,139,597,2,37,45,21,0,1.7430880069732666,0
star_8,heavy,medium,p3_c120_mp3_pen1_h2,101,12,12,7,5,140,607,2,37,46,21,0,2.0290839672088623,0
star_8,heavy,medium,p3_c120_mp3_pen1_h5,42,12,12,7,5,139,597,4,36,46,20,0,2.0238332748413086,0
star_8,heavy,medium,p3_c120_mp3_pen1_h5,101,12,12,7,5,140,607,2,37,46,21,0,2.055152177810669,0
star_8,heavy,medium,p3_c120_mp3_pen0_h2,101,12,12,7,5,140,607,2,37,46,21,0,1.749307632446289,0
star_8,heavy,medium,p3_c120_mp3_pen1_h5,202,12,12,7,5,139,597,2,37,45,21,0,2.049778699874878,0
star_8,heavy,medium,p3_c120_mp3_pen0_h0,42,12,12,7,5,139,597,4,36,46,20,0,2.0608959197998047,0
star_8,heavy,medium,p3_c120_mp3_pen0_h0,202,12,12,7,5,139,597,2,37,45,21,0,1.913564682006836,0
star_8,heavy,medium,p3_c160_mp1_pen1_h0,101,12,12,7,5,130,597,2,37,46,21,0,1.6710858345031738,0
star_8,heavy,medium,p3_c160_mp1_pen1_h0,42,12,12,7,5,130,597,2,37,46,21,0,1.728184461593628,0
star_8,heavy,medium,p3_c120_mp3_pen0_h0,101,12,12,7,5,140,607,2,37,46,21,0,2.070467233657837,0
star_8,heavy,medium,p3_c120_mp3_pen0_h5,101,12,12,7,5,140,607,2,37,46,21,0,2.0008366107940674,0
star_8,heavy,medium,p3_c120_mp3_pen0_h2,202,12,12,7,5,139,597,2,37,45,21,0,2.0432589054107666,0
star_8,heavy,medium,p3_c120_mp3_pen0_h2,42,12,12,7,5,139,597,4,36,46,20,0,2.0723845958709717,0
star_8,heavy,medium,p3_c120_mp3_pen0_h5,42,12,12,7,5,139,597,4,36,46,20,0,2.048999071121216,0
star_8,heavy,medium,p3_c120_mp3_pen0_h5,202,12,12,7,5,139,597,2,37,45,21,0,2.0559194087982178,0
star_8,heavy,medium,p3_c160_mp1_pen1_h0,202,12,12,7,5,129,587,2,37,45,21,0,2.0295047760009766,0
star_8,heavy,medium,p3_c160_mp1_pen1_h2,101,12,12,7,5,130,597,2,37,46,21,0,2.010219097137451,0
star_8,heavy,medium,p3_c160_mp1_pen1_h2,42,12,12,7,5,130,597,2,37,46,21,0,2.088127374649048,0
star_8,heavy,medium,p3_c160_mp1_pen1_h2,202,12,12,7,5,129,587,2,37,45,21,0,2.0691895484924316,0
star_8,heavy,medium,p3_c160_mp1_pen1_h5,42,12,12,7,5,130,597,2,37,46,21,0,2.033970832824707,0
star_8,heavy,medium,p3_c160_mp1_pen1_h5,202,12,12,7,5,129,587,2,37,45,21,0,2.003737211227417,0
star_8,heavy,medium,p3_c160_mp1_pen1_h5,101,12,12,7,5,130,597,2,37,46,21,0,2.0844738483428955,0
star_8,heavy,medium,p3_c160_mp1_pen0_h0,101,12,12,7,5,130,597,2,37,46,21,0,2.0372838973999023,0
star_8,heavy,medium,p3_c160_mp1_pen0_h0,42,12,12,7,5,130,597,2,37,46,21,0,2.058610439300537,0
star_8,heavy,medium,p3_c160_mp1_pen0_h2,42,12,12,7,5,130,597,2,37,46,21,0,1.7849748134613037,0
star_8,heavy,medium,p3_c160_mp1_pen0_h0,202,12,12,7,5,129,587,2,37,45,21,0,1.9659366607666016,0
star_8,heavy,medium,p3_c160_mp2_pen1_h0,202,12,12,7,5,134,592,2,37,45,21,0,1.4043307304382324,0
star_8,heavy,medium,p3_c160_mp1_pen0_h2,101,12,12,7,5,130,597,2,37,46,21,0,2.070770263671875,0
star_8,heavy,medium,p3_c160_mp1_pen0_h2,202,12,12,7,5,129,587,2,37,45,21,0,2.0390560626983643,0
star_8,heavy,medium,p3_c160_mp1_pen0_h5,42,12,12,7,5,130,597,2,37,46,21,0,2.103088140487671,0
star_8,heavy,medium,p3_c160_mp1_pen0_h5,101,12,12,7,5,130,597,2,37,46,21,0,2.0358211994171143,0
star_8,heavy,medium,p3_c160_mp1_pen0_h5,202,12,12,7,5,129,587,2,37,45,21,0,2.046631336212158,0
star_8,heavy,medium,p3_c160_mp2_pen1_h0,42,12,12,7,5,135,602,2,37,46,21,0,2.023198366165161,0
star_8,heavy,medium,p3_c160_mp2_pen1_h0,101,12,12,7,5,135,602,2,37,46,21,0,2.0128111839294434,0
star_8,heavy,medium,p3_c160_mp2_pen1_h2,202,12,12,7,5,134,592,2,37,45,21,0,1.973494291305542,0
star_8,heavy,medium,p3_c160_mp2_pen0_h0,101,12,12,7,5,135,602,2,37,46,21,0,1.820369005203247,0
star_8,heavy,medium,p3_c160_mp2_pen1_h5,42,12,12,7,5,135,602,2,37,46,21,0,1.9589102268218994,0
star_8,heavy,medium,p3_c160_mp2_pen1_h2,42,12,12,7,5,135,602,2,37,46,21,0,2.0616202354431152,0
star_8,heavy,medium,p3_c160_mp2_pen1_h2,101,12,12,7,5,135,602,2,37,46,21,0,2.0718514919281006,0
star_8,heavy,medium,p3_c160_mp2_pen1_h5,202,12,12,7,5,134,592,2,37,45,21,0,1.976355791091919,0
star_8,heavy,medium,p3_c160_mp2_pen0_h2,101,12,12,7,5,135,602,2,37,46,21,0,1.7106530666351318,0
star_8,heavy,medium,p3_c160_mp2_pen1_h5,101,12,12,7,5,135,602,2,37,46,21,0,2.061270236968994,0
star_8,heavy,medium,p3_c160_mp2_pen0_h5,202,12,12,7,5,134,592,2,37,45,21,0,1.5306427478790283,0
star_8,heavy,medium,p3_c160_mp2_pen0_h0,42,12,12,7,5,135,602,2,37,46,21,0,2.0853710174560547,0
star_8,heavy,medium,p3_c160_mp2_pen0_h2,42,12,12,7,5,135,602,2,37,46,21,0,2.074572801589966,0
star_8,heavy,medium,p3_c160_mp2_pen0_h0,202,12,12,7,5,134,592,2,37,45,21,0,2.083482503890991,0
star_8,heavy,medium,p3_c160_mp2_pen0_h2,202,12,12,7,5,134,592,2,37,45,21,0,2.037254571914673,0
star_8,heavy,medium,p3_c160_mp2_pen0_h5,42,12,12,7,5,135,602,2,37,46,21,0,2.0946104526519775,0
star_8,heavy,medium,p3_c160_mp2_pen0_h5,101,12,12,7,5,135,602,2,37,46,21,0,2.050198554992676,0
star_8,heavy,medium,p3_c160_mp3_pen1_h0,42,12,12,7,5,139,597,4,36,46,20,0,2.1025781631469727,0
star_8,heavy,medium,p3_c160_mp3_pen1_h0,202,12,12,7,5,139,597,2,37,45,21,0,2.0006542205810547,0
star_8,heavy,medium,p3_c160_mp3_pen1_h0,101,12,12,7,5,140,607,2,37,46,21,0,2.1017115116119385,0
star_8,heavy,medium,p3_c160_mp3_pen1_h2,42,12,12,7,5,139,597,4,36,46,20,0,2.132507085800171,0
star_8,heavy,medium,p3_c160_mp3_pen1_h2,101,12,12,7,5,140,607,2,37,46,21,0,2.0100491046905518,0
star_8,heavy,medium,p3_c160_mp3_pen1_h2,202,12,12,7,5,139,597,2,37,45,21,0,1.8162946701049805,0
star_8,heavy,medium,p3_c160_mp3_pen1_h5,101,12,12,7,5,140,607,2,37,46,21,0,1.8949031829833984,0
star_8,heavy,medium,p3_c160_mp3_pen1_h5,42,12,12,7,5,139,597,4,36,46,20,0,2.052605390548706,0
star_8,heavy,medium,p3_c160_mp3_pen0_h0,42,12,12,7,5,139,597,4,36,46,20,0,1.8904469013214111,0
star_8,heavy,medium,p3_c160_mp3_pen0_h2,42,12,12,7,5,139,597,4,36,46,20,0,1.739832878112793,0
star_8,heavy,medium,p3_c160_mp3_pen1_h5,202,12,12,7,5,139,597,2,37,45,21,0,1.9882957935333252,0
star_8,heavy,medium,p3_c160_mp3_pen0_h2,202,12,12,7,5,139,597,2,37,45,21,0,1.8844788074493408,0
star_8,heavy,medium,p3_c160_mp3_pen0_h0,202,12,12,7,5,139,597,2,37,45,21,0,2.0185365676879883,0
star_8,heavy,medium,p3_c160_mp3_pen0_h0,101,12,12,7,5,140,607,2,37,46,21,0,2.0329816341400146,0
star_8,heavy,medium,p3_c160_mp3_pen0_h5,101,12,12,7,5,140,607,2,37,46,21,0,1.979994297027588,0
star_8,heavy,medium,p3_c160_mp3_pen0_h5,42,12,12,7,5,139,597,4,36,46,20,0,2.0175106525421143,0
star_8,heavy,medium,p3_c160_mp3_pen0_h5,202,12,12,7,5,139,597,2,37,45,21,0,2.0300488471984863,0
star_8,sparse,medium,baseline,101,5,5,5,0,100,471,0,20,42,11,0,1.911294937133789,0
star_8,heavy,medium,p3_c160_mp3_pen0_h2,101,12,12,7,5,140,607,2,37,46,21,0,2.113534450531006,0
star_8,sparse,medium,baseline,202,5,5,5,0,99,461,0,20,41,11,0,1.9356048107147217,0
star_8,sparse,medium,baseline,42,5,5,5,0,100,471,0,20,42,11,0,2.030952215194702,0
star_8,sparse,medium,p3_c40_mp1_pen1_h0,202,5,5,0,5,89,416,0,10,36,11,0,1.8496196269989014,0
star_8,sparse,medium,p3_c40_mp1_pen1_h0,42,5,5,0,5,90,426,0,10,37,11,0,2.0724315643310547,0
star_8,sparse,medium,p3_c40_mp1_pen1_h0,101,5,5,0,5,90,426,0,10,37,11,0,2.0808351039886475,0
star_8,sparse,medium,p3_c40_mp1_pen1_h2,42,5,5,0,5,90,426,0,10,37,11,0,2.0026044845581055,0
star_8,sparse,medium,p3_c40_mp1_pen1_h2,202,5,5,0,5,89,416,0,10,36,11,0,1.844419002532959,0
star_8,sparse,medium,p3_c40_mp1_pen1_h2,101,5,5,0,5,90,426,0,10,37,11,0,2.056823968887329,0
star_8,sparse,medium,p3_c40_mp1_pen0_h2,42,5,5,0,5,90,426,0,10,37,11,0,1.4813382625579834,0
star_8,sparse,medium,p3_c40_mp1_pen1_h5,42,5,5,0,5,90,426,0,10,37,11,0,2.1214983463287354,0
star_8,sparse,medium,p3_c40_mp1_pen1_h5,101,5,5,0,5,90,426,0,10,37,11,0,2.0690176486968994,0
star_8,sparse,medium,p3_c40_mp1_pen1_h5,202,5,5,0,5,89,416,0,10,36,11,0,2.105456590652466,0
star_8,sparse,medium,p3_c40_mp1_pen0_h0,42,5,5,0,5,90,426,0,10,37,11,0,2.0605475902557373,0
star_8,sparse,medium,p3_c40_mp1_pen0_h0,101,5,5,0,5,90,426,0,10,37,11,0,2.0492641925811768,0
star_8,sparse,medium,p3_c40_mp1_pen0_h0,202,5,5,0,5,89,416,0,10,36,11,0,2.024003744125366,0
star_8,sparse,medium,p3_c40_mp1_pen0_h2,202,5,5,0,5,89,416,0,10,36,11,0,1.5938265323638916,0
star_8,sparse,medium,p3_c40_mp1_pen0_h2,101,5,5,0,5,90,426,0,10,37,11,0,2.1062111854553223,0
star_8,sparse,medium,p3_c40_mp1_pen0_h5,42,5,5,0,5,90,426,0,10,37,11,0,2.029231548309326,0
star_8,sparse,medium,p3_c40_mp1_pen0_h5,202,5,5,0,5,89,416,0,10,36,11,0,2.017397165298462,0
star_8,sparse,medium,p3_c40_mp1_pen0_h5,101,5,5,0,5,90,426,0,10,37,11,0,2.1032516956329346,0
star_8,sparse,medium,p3_c40_mp2_pen1_h0,101,5,5,0,5,95,431,0,10,37,11,0,1.8896682262420654,0
star_8,sparse,medium,p3_c40_mp2_pen1_h0,42,5,5,0,5,95,431,0,10,37,11,0,1.9207279682159424,0
star_8,sparse,medium,p3_c40_mp2_pen0_h0,42,5,5,0,5,95,431,0,10,37,11,0,1.704357385635376,0
star_8,sparse,medium,p3_c40_mp2_pen1_h0,202,5,5,0,5,94,421,0,10,36,11,0,2.0589609146118164,0
star_8,sparse,medium,p3_c40_mp2_pen1_h2,202,5,5,0,5,94,421,0,10,36,11,0,1.9727566242218018,0
star_8,sparse,medium,p3_c40_mp2_pen1_h5,42,5,5,0,5,95,431,0,10,37,11,0,1.9977002143859863,0
star_8,sparse,medium,p3_c40_mp2_pen1_h2,42,5,5,0,5,95,431,0,10,37,11,0,2.099604368209839,0
star_8,sparse,medium,p3_c40_mp2_pen1_h5,101,5,5,0,5,95,431,0,10,37,11,0,2.0297610759735107,0
star_8,sparse,medium,p3_c40_mp2_pen1_h5,202,5,5,0,5,94,421,0,10,36,11,0,2.015082836151123,0
star_8,sparse,medium,p3_c40_mp2_pen1_h2,101,5,5,0,5,95,431,0,10,37,11,0,2.1420605182647705,0
star_8,sparse,medium,p3_c40_mp2_pen0_h0,202,5,5,0,5,94,421,0,10,36,11,0,1.9200129508972168,0
star_8,sparse,medium,p3_c40_mp2_pen0_h0,101,5,5,0,5,95,431,0,10,37,11,0,1.9791436195373535,0
star_8,sparse,medium,p3_c40_mp2_pen0_h2,42,5,5,0,5,95,431,0,10,37,11,0,2.010504722595215,0
star_8,sparse,medium,p3_c40_mp2_pen0_h2,101,5,5,0,5,95,431,0,10,37,11,0,2.0540266036987305,0
star_8,sparse,medium,p3_c40_mp2_pen0_h2,202,5,5,0,5,94,421,0,10,36,11,0,2.0538151264190674,0
star_8,sparse,medium,p3_c40_mp2_pen0_h5,101,5,5,0,5,95,431,0,10,37,11,0,1.9427909851074219,0
star_8,sparse,medium,p3_c40_mp2_pen0_h5,42,5,5,0,5,95,431,0,10,37,11,0,2.0688438415527344,0
star_8,sparse,medium,p3_c40_mp2_pen0_h5,202,5,5,0,5,94,421,0,10,36,11,0,1.9266259670257568,0
star_8,sparse,medium,p3_c40_mp3_pen1_h0,101,5,5,0,5,100,436,0,10,37,11,0,1.8189780712127686,0
star_8,sparse,medium,p3_c40_mp3_pen1_h2,42,5,5,0,5,100,436,0,10,37,11,0,1.7746694087982178,0
star_8,sparse,medium,p3_c40_mp3_pen1_h0,42,5,5,0,5,100,436,0,10,37,11,0,2.0448148250579834,0
star_8,sparse,medium,p3_c40_mp3_pen1_h0,202,5,5,0,5,98,414,2,9,35,11,0,2.040951728820801,0
star_8,sparse,medium,p3_c40_mp3_pen1_h2,202,5,5,0,5,98,414,2,9,35,11,0,2.0504488945007324,0
star_8,sparse,medium,p3_c40_mp3_pen1_h2,101,5,5,0,5,100,436,0,10,37,11,0,2.1208267211914062,0
star_8,sparse,medium,p3_c40_mp3_pen1_h5,42,5,5,0,5,100,436,0,10,37,11,0,1.8203222751617432,0
star_8,sparse,medium,p3_c40_mp3_pen1_h5,202,5,5,0,5,98,414,2,9,35,11,0,1.8107495307922363,0
star_8,sparse,medium,p3_c40_mp3_pen0_h0,42,5,5,0,5,100,436,0,10,37,11,0,1.8181054592132568,0
star_8,sparse,medium,p3_c40_mp3_pen1_h5,101,5,5,0,5,100,436,0,10,37,11,0,2.0360612869262695,0
star_8,sparse,medium,p3_c40_mp3_pen0_h5,101,5,5,0,5,100,436,0,10,37,11,0,1.6248643398284912,0
star_8,sparse,medium,p3_c40_mp3_pen0_h5,202,5,5,0,5,98,414,2,9,35,11,0,1.6141395568847656,0
star_8,sparse,medium,p3_c40_mp3_pen0_h0,101,5,5,0,5,100,436,0,10,37,11,0,2.031419277191162,0
star_8,sparse,medium,p3_c40_mp3_pen0_h0,202,5,5,0,5,98,414,2,9,35,11,0,2.0026116371154785,0
star_8,sparse,medium,p3_c40_mp3_pen0_h2,42,5,5,0,5,100,436,0,10,37,11,0,1.960299015045166,0
star_8,sparse,medium,p3_c40_mp3_pen0_h2,101,5,5,0,5,100,436,0,10,37,11,0,2.0147461891174316,0
star_8,sparse,medium,p3_c40_mp3_pen0_h5,42,5,5,0,5,100,436,0,10,37,11,0,1.9603514671325684,0
star_8,sparse,medium,p3_c40_mp3_pen0_h2,202,5,5,0,5,98,414,2,9,35,11,0,2.102506399154663,0
star_8,sparse,medium,p3_c100_mp1_pen1_h0,101,5,5,0,5,90,426,0,10,37,11,0,2.0023298263549805,0
star_8,sparse,medium,p3_c100_mp1_pen1_h0,202,5,5,0,5,89,416,0,10,36,11,0,2.0025269985198975,0
star_8,sparse,medium,p3_c100_mp1_pen1_h0,42,5,5,0,5,90,426,0,10,37,11,0,2.0488169193267822,0
star_8,sparse,medium,p3_c100_mp1_pen1_h5,101,5,5,0,5,90,426,0,10,37,11,0,1.6988015174865723,0
star_8,sparse,medium,p3_c100_mp1_pen1_h2,42,5,5,0,5,90,426,0,10,37,11,0,2.0589399337768555,0
star_8,sparse,medium,p3_c100_mp1_pen1_h2,101,5,5,0,5,90,426,0,10,37,11,0,2.1171512603759766,0
star_8,sparse,medium,p3_c100_mp1_pen1_h2,202,5,5,0,5,89,416,0,10,36,11,0,2.0540738105773926,0
star_8,sparse,medium,p3_c100_mp1_pen1_h5,42,5,5,0,5,90,426,0,10,37,11,0,2.1004245281219482,0
star_8,sparse,medium,p3_c100_mp1_pen0_h0,202,5,5,0,5,89,416,0,10,36,11,0,1.8684375286102295,0
star_8,sparse,medium,p3_c100_mp1_pen0_h0,101,5,5,0,5,90,426,0,10,37,11,0,1.9350359439849854,0
star_8,sparse,medium,p3_c100_mp1_pen1_h5,202,5,5,0,5,89,416,0,10,36,11,0,2.0205912590026855,0
star_8,sparse,medium,p3_c100_mp1_pen0_h0,42,5,5,0,5,90,426,0,10,37,11,0,2.0488030910491943,0
star_8,sparse,medium,p3_c100_mp1_pen0_h2,42,5,5,0,5,90,426,0,10,37,11,0,2.092280387878418,0
star_8,sparse,medium,p3_c100_mp1_pen0_h2,101,5,5,0,5,90,426,0,10,37,11,0,2.060117244720459,0
star_8,sparse,medium,p3_c100_mp1_pen0_h5,42,5,5,0,5,90,426,0,10,37,11,0,1.9561803340911865,0
star_8,sparse,medium,p3_c100_mp1_pen0_h2,202,5,5,0,5,89,416,0,10,36,11,0,2.0920064449310303,0
star_8,sparse,medium,p3_c100_mp1_pen0_h5,101,5,5,0,5,90,426,0,10,37,11,0,2.1131505966186523,0
star_8,sparse,medium,p3_c100_mp1_pen0_h5,202,5,5,0,5,89,416,0,10,36,11,0,1.8612291812896729,0
star_8,sparse,medium,p3_c100_mp2_pen1_h0,42,5,5,0,5,95,431,0,10,37,11,0,2.0136942863464355,0
star_8,sparse,medium,p3_c100_mp2_pen1_h0,202,5,5,0,5,94,421,0,10,36,11,0,2.018979549407959,0
star_8,sparse,medium,p3_c100_mp2_pen1_h5,42,5,5,0,5,95,431,0,10,37,11,0,1.9344303607940674,0
star_8,sparse,medium,p3_c100_mp2_pen1_h0,101,5,5,0,5,95,431,0,10,37,11,0,2.091517210006714,0
star_8,sparse,medium,p3_c100_mp2_pen1_h2,42,5,5,0,5,95,431,0,10,37,11,0,2.0468530654907227,0
star_8,sparse,medium,p3_c100_mp2_pen0_h2,202,5,5,0,5,94,421,0,10,36,11,0,1.4986441135406494,0
star_8,sparse,medium,p3_c100_mp2_pen1_h2,101,5,5,0,5,95,431,0,10,37,11,0,2.0945496559143066,0
star_8,sparse,medium,p3_c100_mp2_pen1_h2,202,5,5,0,5,94,421,0,10,36,11,0,2.0932717323303223,0
star_8,sparse,medium,p3_c100_mp2_pen0_h0,101,5,5,0,5,95,431,0,10,37,11,0,1.7550110816955566,0
star_8,sparse,medium,p3_c100_mp2_pen1_h5,101,5,5,0,5,95,431,0,10,37,11,0,1.995607852935791,0
star_8,sparse,medium,p3_c100_mp2_pen1_h5,202,5,5,0,5,94,421,0,10,36,11,0,1.9864225387573242,0
star_8,sparse,medium,p3_c100_mp2_pen0_h2,42,5,5,0,5,95,431,0,10,37,11,0,1.8724558353424072,0
star_8,sparse,medium,p3_c100_mp2_pen0_h2,101,5,5,0,5,95,431,0,10,37,11,0,1.8526384830474854,0
star_8,sparse,medium,p3_c100_mp2_pen0_h0,42,5,5,0,5,95,431,0,10,37,11,0,1.9973902702331543,0
star_8,sparse,medium,p3_c100_mp2_pen0_h0,202,5,5,0,5,94,421,0,10,36,11,0,2.011906862258911,0
star_8,sparse,medium,p3_c100_mp2_pen0_h5,202,5,5,0,5,94,421,0,10,36,11,0,1.7290287017822266,0
star_8,sparse,medium,p3_c100_mp2_pen0_h5,101,5,5,0,5,95,431,0,10,37,11,0,1.9518673419952393,0
star_8,sparse,medium,p3_c100_mp3_pen1_h0,101,5,5,0,5,100,436,0,10,37,11,0,1.8399927616119385,0
star_8,sparse,medium,p3_c100_mp2_pen0_h5,42,5,5,0,5,95,431,0,10,37,11,0,2.0655312538146973,0
star_8,sparse,medium,p3_c100_mp3_pen1_h0,42,5,5,0,5,100,436,0,10,37,11,0,2.074030637741089,0
star_8,sparse,medium,p3_c100_mp3_pen1_h0,202,5,5,0,5,98,414,2,9,35,11,0,2.0681469440460205,0
star_8,sparse,medium,p3_c100_mp3_pen1_h2,42,5,5,0,5,100,436,0,10,37,11,0,2.0711894035339355,0
star_8,sparse,medium,p3_c100_mp3_pen1_h2,101,5,5,0,5,100,436,0,10,37,11,0,1.9598441123962402,0
star_8,sparse,medium,p3_c100_mp3_pen1_h2,202,5,5,0,5,98,414,2,9,35,11,0,1.9473483562469482,0
star_8,sparse,medium,p3_c100_mp3_pen1_h5,42,5,5,0,5,100,436,0,10,37,11,0,2.0406858921051025,0
star_8,sparse,medium,p3_c100_mp3_pen1_h5,101,5,5,0,5,100,436,0,10,37,11,0,2.1109211444854736,0
star_8,sparse,medium,p3_c100_mp3_pen1_h5,202,5,5,0,5,98,414,2,9,35,11,0,1.9644603729248047,0
star_8,sparse,medium,p3_c100_mp3_pen0_h2,101,5,5,0,5,100,436,0,10,37,11,0,1.5961425304412842,0
star_8,sparse,medium,p3_c100_mp3_pen0_h0,42,5,5,0,5,100,436,0,10,37,11,0,2.0942904949188232,0
star_8,sparse,medium,p3_c100_mp3_pen0_h0,202,5,5,0,5,98,414,2,9,35,11,0,1.8568646907806396,0
star_8,sparse,medium,p3_c100_mp3_pen0_h0,101,5,5,0,5,100,436,0,10,37,11,0,2.0370993614196777,0
star_8,sparse,medium,p3_c100_mp3_pen0_h2,202,5,5,0,5,98,414,2,9,35,11,0,1.8240313529968262,0
star_8,sparse,medium,p3_c100_mp3_pen0_h2,42,5,5,0,5,100,436,0,10,37,11,0,1.9333958625793457,0
star_8,sparse,medium,p3_c100_mp3_pen0_h5,42,5,5,0,5,100,436,0,10,37,11,0,2.017188310623169,0
star_8,sparse,medium,p3_c105_mp1_pen1_h0,202,5,5,5,0,99,461,0,20,41,11,0,1.8799235820770264,0
star_8,sparse,medium,p3_c100_mp3_pen0_h5,101,5,5,0,5,100,436,0,10,37,11,0,2.0080912113189697,0
star_8,sparse,medium,p3_c105_mp1_pen1_h2,101,5,5,5,0,100,471,0,20,42,11,0,1.8079047203063965,0
star_8,sparse,medium,p3_c105_mp1_pen1_h0,101,5,5,5,0,100,471,0,20,42,11,0,1.9663944244384766,0
star_8,sparse,medium,p3_c100_mp3_pen0_h5,202,5,5,0,5,98,414,2,9,35,11,0,2.070869207382202,0
star_8,sparse,medium,p3_c105_mp1_pen1_h0,42,5,5,5,0,100,471,0,20,42,11,0,2.090386152267456,0
star_8,sparse,medium,p3_c105_mp1_pen1_h2,42,5,5,5,0,100,471,0,20,42,11,0,1.9704046249389648,0
star_8,sparse,medium,p3_c105_mp1_pen1_h2,202,5,5,5,0,99,461,0,20,41,11,0,1.9204580783843994,0
star_8,sparse,medium,p3_c105_mp1_pen1_h5,42,5,5,5,0,100,471,0,20,42,11,0,1.8654112815856934,0
star_8,sparse,medium,p3_c105_mp1_pen1_h5,101,5,5,5,0,100,471,0,20,42,11,0,1.9546217918395996,0
star_8,sparse,medium,p3_c105_mp1_pen1_h5,202,5,5,5,0,99,461,0,20,41,11,0,1.9332587718963623,0
star_8,sparse,medium,p3_c105_mp1_pen0_h0,101,5,5,5,0,100,471,0,20,42,11,0,1.9206562042236328,0
star_8,sparse,medium,p3_c105_mp1_pen0_h0,202,5,5,5,0,99,461,0,20,41,11,0,1.792646884918213,0
star_8,sparse,medium,p3_c105_mp1_pen0_h0,42,5,5,5,0,100,471,0,20,42,11,0,2.111158847808838,0
star_8,sparse,medium,p3_c105_mp1_pen0_h2,42,5,5,5,0,100,471,0,20,42,11,0,1.892566204071045,0
star_8,sparse,medium,p3_c105_mp1_pen0_h5,42,5,5,5,0,100,471,0,20,42,11,0,1.802922248840332,0
star_8,sparse,medium,p3_c105_mp1_pen0_h2,101,5,5,5,0,100,471,0,20,42,11,0,2.1105778217315674,0
star_8,sparse,medium,p3_c105_mp1_pen0_h2,202,5,5,5,0,99,461,0,20,41,11,0,2.094383716583252,0
star_8,sparse,medium,p3_c105_mp1_pen0_h5,101,5,5,5,0,100,471,0,20,42,11,0,1.9998555183410645,0
star_8,sparse,medium,p3_c105_mp1_pen0_h5,202,5,5,5,0,99,461,0,20,41,11,0,2.0457189083099365,0
star_8,sparse,medium,p3_c105_mp2_pen1_h0,101,5,5,5,0,100,471,0,20,42,11,0,1.9789490699768066,0
star_8,sparse,medium,p3_c105_mp2_pen1_h0,42,5,5,5,0,100,471,0,20,42,11,0,2.1317038536071777,0
star_8,sparse,medium,p3_c105_mp2_pen1_h0,202,5,5,5,0,99,461,0,20,41,11,0,2.068333625793457,0
star_8,sparse,medium,p3_c105_mp2_pen0_h0,202,5,5,5,0,99,461,0,20,41,11,0,1.7040824890136719,0
star_8,sparse,medium,p3_c105_mp2_pen1_h2,101,5,5,5,0,100,471,0,20,42,11,0,2.031017541885376,0
star_8,sparse,medium,p3_c105_mp2_pen1_h2,202,5,5,5,0,99,461,0,20,41,11,0,2.039125919342041,0
star_8,sparse,medium,p3_c105_mp2_pen1_h2,42,5,5,5,0,100,471,0,20,42,11,0,2.0640923976898193,0
star_8,sparse,medium,p3_c105_mp2_pen0_h2,42,5,5,5,0,100,471,0,20,42,11,0,1.7451097965240479,0
star_8,sparse,medium,p3_c105_mp2_pen1_h5,42,5,5,5,0,100,471,0,20,42,11,0,2.1163177490234375,0
star_8,sparse,medium,p3_c105_mp2_pen1_h5,101,5,5,5,0,100,471,0,20,42,11,0,1.998058795928955,0
star_8,sparse,medium,p3_c105_mp2_pen1_h5,202,5,5,5,0,99,461,0,20,41,11,0,1.9764599800109863,0
star_8,sparse,medium,p3_c105_mp2_pen0_h0,101,5,5,5,0,100,471,0,20,42,11,0,1.9542231559753418,0
star_8,sparse,medium,p3_c105_mp2_pen0_h0,42,5,5,5,0,100,471,0,20,42,11,0,2.0299394130706787,0
star_8,sparse,medium,p3_c105_mp2_pen0_h2,101,5,5,5,0,100,471,0,20,42,11,0,2.0201423168182373,0
star_8,sparse,medium,p3_c105_mp2_pen0_h2,202,5,5,5,0,99,461,0,20,41,11,0,2.036093235015869,0
star_8,sparse,medium,p3_c105_mp2_pen0_h5,42,5,5,5,0,100,471,0,20,42,11,0,2.028303623199463,0
star_8,sparse,medium,p3_c105_mp2_pen0_h5,101,5,5,5,0,100,471,0,20,42,11,0,2.024536371231079,0
star_8,sparse,medium,p3_c105_mp3_pen1_h0,42,5,5,5,0,100,471,0,20,42,11,0,1.7369096279144287,0
star_8,sparse,medium,p3_c105_mp2_pen0_h5,202,5,5,5,0,99,461,0,20,41,11,0,1.9759280681610107,0
star_8,sparse,medium,p3_c105_mp3_pen1_h2,42,5,5,5,0,100,471,0,20,42,11,0,1.8350696563720703,0
star_8,sparse,medium,p3_c105_mp3_pen1_h0,202,5,5,5,0,99,461,0,20,41,11,0,1.9823508262634277,0
star_8,sparse,medium,p3_c105_mp3_pen1_h0,101,5,5,5,0,100,471,0,20,42,11,0,2.05476975440979,0
star_8,sparse,medium,p3_c105_mp3_pen1_h2,202,5,5,5,0,99,461,0,20,41,11,0,1.7755100727081299,0
star_8,sparse,medium,p3_c105_mp3_pen1_h2,101,5,5,5,0,100,471,0,20,42,11,0,2.058659553527832,0
star_8,sparse,medium,p3_c105_mp3_pen1_h5,42,5,5,5,0,100,471,0,20,42,11,0,2.0009236335754395,0
star_8,sparse,medium,p3_c105_mp3_pen1_h5,202,5,5,5,0,99,461,0,20,41,11,0,1.948373556137085,0
star_8,sparse,medium,p3_c105_mp3_pen0_h0,42,5,5,5,0,100,471,0,20,42,11,0,1.799086093902588,0
star_8,sparse,medium,p3_c105_mp3_pen1_h5,101,5,5,5,0,100,471,0,20,42,11,0,2.1120777130126953,0
star_8,sparse,medium,p3_c105_mp3_pen0_h0,101,5,5,5,0,100,471,0,20,42,11,0,1.9168012142181396,0
star_8,sparse,medium,p3_c105_mp3_pen0_h0,202,5,5,5,0,99,461,0,20,41,11,0,2.075045108795166,0
star_8,sparse,medium,p3_c120_mp1_pen1_h0,42,5,5,5,0,100,471,0,20,42,11,0,1.7295634746551514,0
star_8,sparse,medium,p3_c105_mp3_pen0_h2,101,5,5,5,0,100,471,0,20,42,11,0,1.9086482524871826,0
star_8,sparse,medium,p3_c105_mp3_pen0_h5,202,5,5,5,0,99,461,0,20,41,11,0,1.8724570274353027,0
star_8,sparse,medium,p3_c105_mp3_pen0_h2,42,5,5,5,0,100,471,0,20,42,11,0,2.0829944610595703,0
star_8,sparse,medium,p3_c120_mp1_pen1_h0,202,5,5,5,0,99,461,0,20,41,11,0,1.8302288055419922,0
star_8,sparse,medium,p3_c105_mp3_pen0_h5,101,5,5,5,0,100,471,0,20,42,11,0,2.0636379718780518,0
star_8,sparse,medium,p3_c105_mp3_pen0_h5,42,5,5,5,0,100,471,0,20,42,11,0,2.0701050758361816,0
star_8,sparse,medium,p3_c105_mp3_pen0_h2,202,5,5,5,0,99,461,0,20,41,11,0,2.098724365234375,0
star_8,sparse,medium,p3_c120_mp1_pen1_h0,101,5,5,5,0,100,471,0,20,42,11,0,1.9534261226654053,0
star_8,sparse,medium,p3_c120_mp1_pen1_h2,101,5,5,5,0,100,471,0,20,42,11,0,1.9012291431427002,0
star_8,sparse,medium,p3_c120_mp1_pen1_h2,42,5,5,5,0,100,471,0,20,42,11,0,2.043945074081421,0
star_8,sparse,medium,p3_c120_mp1_pen1_h2,202,5,5,5,0,99,461,0,20,41,11,0,1.9364187717437744,0
star_8,sparse,medium,p3_c120_mp1_pen1_h5,101,5,5,5,0,100,471,0,20,42,11,0,2.017608642578125,0
star_8,sparse,medium,p3_c120_mp1_pen0_h0,101,5,5,5,0,100,471,0,20,42,11,0,1.8206377029418945,0
star_8,sparse,medium,p3_c120_mp1_pen0_h0,42,5,5,5,0,100,471,0,20,42,11,0,1.9670372009277344,0
star_8,sparse,medium,p3_c120_mp1_pen1_h5,202,5,5,5,0,99,461,0,20,41,11,0,2.02197527885437,0
star_8,sparse,medium,p3_c120_mp1_pen1_h5,42,5,5,5,0,100,471,0,20,42,11,0,2.0851612091064453,0
star_8,sparse,medium,p3_c120_mp1_pen0_h0,202,5,5,5,0,99,461,0,20,41,11,0,1.9571771621704102,0
star_8,sparse,medium,p3_c120_mp1_pen0_h2,202,5,5,5,0,99,461,0,20,41,11,0,1.8858423233032227,0
star_8,sparse,medium,p3_c120_mp1_pen0_h2,101,5,5,5,0,100,471,0,20,42,11,0,1.9529914855957031,0
star_8,sparse,medium,p3_c120_mp1_pen0_h2,42,5,5,5,0,100,471,0,20,42,11,0,2.053678035736084,0
star_8,sparse,medium,p3_c120_mp1_pen0_h5,42,5,5,5,0,100,471,0,20,42,11,0,2.025228977203369,0
star_8,sparse,medium,p3_c120_mp2_pen1_h0,42,5,5,5,0,100,471,0,20,42,11,0,1.7262389659881592,0
star_8,sparse,medium,p3_c120_mp1_pen0_h5,101,5,5,5,0,100,471,0,20,42,11,0,2.06596040725708,0
star_8,sparse,medium,p3_c120_mp1_pen0_h5,202,5,5,5,0,99,461,0,20,41,11,0,2.0921497344970703,0
star_8,sparse,medium,p3_c120_mp2_pen1_h0,101,5,5,5,0,100,471,0,20,42,11,0,2.097592353820801,0
star_8,sparse,medium,p3_c120_mp2_pen1_h0,202,5,5,5,0,99,461,0,20,41,11,0,2.054661989212036,0
star_8,sparse,medium,p3_c120_mp2_pen1_h2,101,5,5,5,0,100,471,0,20,42,11,0,2.0211470127105713,0
star_8,sparse,medium,p3_c120_mp2_pen0_h0,101,5,5,5,0,100,471,0,20,42,11,0,1.838940143585205,0
star_8,sparse,medium,p3_c120_mp2_pen1_h2,42,5,5,5,0,100,471,0,20,42,11,0,2.075874090194702,0
star_8,sparse,medium,p3_c120_mp2_pen1_h2,202,5,5,5,0,99,461,0,20,41,11,0,2.078035354614258,0
star_8,sparse,medium,p3_c120_mp2_pen1_h5,101,5,5,5,0,100,471,0,20,42,11,0,2.035649299621582,0
star_8,sparse,medium,p3_c120_mp2_pen0_h0,42,5,5,5,0,100,471,0,20,42,11,0,1.9889941215515137,0
star_8,sparse,medium,p3_c120_mp2_pen1_h5,42,5,5,5,0,100,471,0,20,42,11,0,2.1152641773223877,0
star_8,sparse,medium,p3_c120_mp2_pen0_h0,202,5,5,5,0,99,461,0,20,41,11,0,2.005680561065674,0
star_8,sparse,medium,p3_c120_mp2_pen0_h2,202,5,5,5,0,99,461,0,20,41,11,0,1.8347854614257812,0
star_8,sparse,medium,p3_c120_mp2_pen1_h5,202,5,5,5,0,99,461,0,20,41,11,0,2.0662739276885986,0
star_8,sparse,medium,p3_c120_mp2_pen0_h2,42,5,5,5,0,100,471,0,20,42,11,0,2.015657663345337,0
star_8,sparse,medium,p3_c120_mp2_pen0_h5,42,5,5,5,0,100,471,0,20,42,11,0,1.8147263526916504,0
star_8,sparse,medium,p3_c120_mp2_pen0_h2,101,5,5,5,0,100,471,0,20,42,11,0,2.1188442707061768,0
star_8,sparse,medium,p3_c120_mp3_pen1_h0,101,5,5,5,0,100,471,0,20,42,11,0,1.919255018234253,0
star_8,sparse,medium,p3_c120_mp3_pen1_h0,42,5,5,5,0,100,471,0,20,42,11,0,1.9595870971679688,0
star_8,sparse,medium,p3_c120_mp2_pen0_h5,202,5,5,5,0,99,461,0,20,41,11,0,2.0132174491882324,0
star_8,sparse,medium,p3_c120_mp2_pen0_h5,101,5,5,5,0,100,471,0,20,42,11,0,2.1310150623321533,0
star_8,sparse,medium,p3_c120_mp3_pen1_h0,202,5,5,5,0,99,461,0,20,41,11,0,2.082228899002075,0
star_8,sparse,medium,p3_c120_mp3_pen1_h2,101,5,5,5,0,100,471,0,20,42,11,0,1.8015782833099365,0
star_8,sparse,medium,p3_c120_mp3_pen1_h2,202,5,5,5,0,99,461,0,20,41,11,0,1.945479393005371,0
star_8,sparse,medium,p3_c120_mp3_pen1_h2,42,5,5,5,0,100,471,0,20,42,11,0,2.073570489883423,0
star_8,sparse,medium,p3_c120_mp3_pen1_h5,42,5,5,5,0,100,471,0,20,42,11,0,2.0164010524749756,0
star_8,sparse,medium,p3_c120_mp3_pen1_h5,101,5,5,5,0,100,471,0,20,42,11,0,1.9088914394378662,0
star_8,sparse,medium,p3_c120_mp3_pen1_h5,202,5,5,5,0,99,461,0,20,41,11,0,2.0584280490875244,0
star_8,sparse,medium,p3_c120_mp3_pen0_h0,42,5,5,5,0,100,471,0,20,42,11,0,2.06243896484375,0
star_8,sparse,medium,p3_c120_mp3_pen0_h0,101,5,5,5,0,100,471,0,20,42,11,0,2.029573440551758,0
star_8,sparse,medium,p3_c120_mp3_pen0_h0,202,5,5,5,0,99,461,0,20,41,11,0,1.9404752254486084,0
star_8,sparse,medium,p3_c120_mp3_pen0_h2,42,5,5,5,0,100,471,0,20,42,11,0,1.9631471633911133,0
star_8,sparse,medium,p3_c160_mp1_pen1_h5,42,5,5,5,0,100,471,0,20,42,11,0,1.5606424808502197,0
star_8,sparse,medium,p3_c120_mp3_pen0_h2,202,5,5,5,0,99,461,0,20,41,11,0,1.872624397277832,0
star_8,sparse,medium,p3_c120_mp3_pen0_h5,101,5,5,5,0,100,471,0,20,42,11,0,1.822014570236206,0
star_8,sparse,medium,p3_c120_mp3_pen0_h5,42,5,5,5,0,100,471,0,20,42,11,0,2.0315353870391846,0
star_8,sparse,medium,p3_c120_mp3_pen0_h2,101,5,5,5,0,100,471,0,20,42,11,0,2.0691030025482178,0
star_8,sparse,medium,p3_c160_mp1_pen1_h2,42,5,5,5,0,100,471,0,20,42,11,0,1.885425090789795,0
star_8,sparse,medium,p3_c120_mp3_pen0_h5,202,5,5,5,0,99,461,0,20,41,11,0,2.0290486812591553,0
star_8,sparse,medium,p3_c160_mp1_pen1_h0,101,5,5,5,0,100,471,0,20,42,11,0,2.0403425693511963,0
star_8,sparse,medium,p3_c160_mp1_pen1_h5,101,5,5,5,0,100,471,0,20,42,11,0,1.8262660503387451,0
star_8,sparse,medium,p3_c160_mp1_pen1_h2,202,5,5,5,0,99,461,0,20,41,11,0,2.022618055343628,0
star_8,sparse,medium,p3_c160_mp1_pen1_h0,42,5,5,5,0,100,471,0,20,42,11,0,2.1085917949676514,0
star_8,sparse,medium,p3_c160_mp1_pen1_h2,101,5,5,5,0,100,471,0,20,42,11,0,2.119352102279663,0
star_8,sparse,medium,p3_c160_mp1_pen1_h5,202,5,5,5,0,99,461,0,20,41,11,0,1.940983772277832,0
star_8,sparse,medium,p3_c160_mp1_pen1_h0,202,5,5,5,0,99,461,0,20,41,11,0,2.2890336513519287,0
star_8,sparse,medium,p3_c160_mp1_pen0_h0,42,5,5,5,0,100,471,0,20,42,11,0,1.995427131652832,0
star_8,sparse,medium,p3_c160_mp1_pen0_h0,202,5,5,5,0,99,461,0,20,41,11,0,1.8352878093719482,0
star_8,sparse,medium,p3_c160_mp1_pen0_h0,101,5,5,5,0,100,471,0,20,42,11,0,2.058621644973755,0
star_8,sparse,medium,p3_c160_mp1_pen0_h2,101,5,5,5,0,100,471,0,20,42,11,0,2.0896430015563965,0
star_8,sparse,medium,p3_c160_mp1_pen0_h2,42,5,5,5,0,100,471,0,20,42,11,0,2.0970842838287354,0
star_8,sparse,medium,p3_c160_mp1_pen0_h2,202,5,5,5,0,99,461,0,20,41,11,0,1.9976179599761963,0
star_8,sparse,medium,p3_c160_mp1_pen0_h5,202,5,5,5,0,99,461,0,20,41,11,0,1.839726209640503,0
star_8,sparse,medium,p3_c160_mp1_pen0_h5,42,5,5,5,0,100,471,0,20,42,11,0,2.12094783782959,0
star_8,sparse,medium,p3_c160_mp1_pen0_h5,101,5,5,5,0,100,471,0,20,42,11,0,2.0583295822143555,0
star_8,sparse,medium,p3_c160_mp2_pen1_h0,42,5,5,5,0,100,471,0,20,42,11,0,1.7424814701080322,0
star_8,sparse,medium,p3_c160_mp2_pen1_h0,101,5,5,5,0,100,471,0,20,42,11,0,1.9567804336547852,0
star_8,sparse,medium,p3_c160_mp2_pen1_h2,202,5,5,5,0,99,461,0,20,41,11,0,1.7502143383026123,0
star_8,sparse,medium,p3_c160_mp2_pen1_h2,42,5,5,5,0,100,471,0,20,42,11,0,1.9799656867980957,0
star_8,sparse,medium,p3_c160_mp2_pen1_h0,202,5,5,5,0,99,461,0,20,41,11,0,2.0358214378356934,0
star_8,sparse,medium,p3_c160_mp2_pen1_h5,202,5,5,5,0,99,461,0,20,41,11,0,1.6930785179138184,0
star_8,sparse,medium,p3_c160_mp2_pen1_h5,42,5,5,5,0,100,471,0,20,42,11,0,1.9297852516174316,0
star_8,sparse,medium,p3_c160_mp2_pen1_h2,101,5,5,5,0,100,471,0,20,42,11,0,2.0999770164489746,0
star_8,sparse,medium,p3_c160_mp2_pen1_h5,101,5,5,5,0,100,471,0,20,42,11,0,2.008463144302368,0
star_8,sparse,medium,p3_c160_mp2_pen0_h0,42,5,5,5,0,100,471,0,20,42,11,0,1.9440476894378662,0
star_8,sparse,medium,p3_c160_mp2_pen0_h0,101,5,5,5,0,100,471,0,20,42,11,0,2.050250768661499,0
star_8,sparse,medium,p3_c160_mp2_pen0_h2,101,5,5,5,0,100,471,0,20,42,11,0,1.9094460010528564,0
star_8,sparse,medium,p3_c160_mp2_pen0_h2,202,5,5,5,0,99,461,0,20,41,11,0,1.9994986057281494,0
star_8,sparse,medium,p3_c160_mp2_pen0_h0,202,5,5,5,0,99,461,0,20,41,11,0,2.1021463871002197,0
star_8,sparse,medium,p3_c160_mp2_pen0_h2,42,5,5,5,0,100,471,0,20,42,11,0,2.0762271881103516,0
star_8,sparse,medium,p3_c160_mp2_pen0_h5,42,5,5,5,0,100,471,0,20,42,11,0,2.062131881713867,0
star_8,sparse,medium,p3_c160_mp2_pen0_h5,101,5,5,5,0,100,471,0,20,42,11,0,2.0073888301849365,0
star_8,sparse,medium,p3_c160_mp3_pen1_h0,202,5,5,5,0,99,461,0,20,41,11,0,1.878633737564087,0
star_8,sparse,medium,p3_c160_mp2_pen0_h5,202,5,5,5,0,99,461,0,20,41,11,0,2.014136791229248,0
star_8,sparse,medium,p3_c160_mp3_pen1_h0,101,5,5,5,0,100,471,0,20,42,11,0,1.9530720710754395,0
star_8,sparse,medium,p3_c160_mp3_pen1_h0,42,5,5,5,0,100,471,0,20,42,11,0,1.9889016151428223,0
star_8,sparse,medium,p3_c160_mp3_pen1_h2,101,5,5,5,0,100,471,0,20,42,11,0,1.7853074073791504,0
star_8,sparse,medium,p3_c160_mp3_pen1_h2,42,5,5,5,0,100,471,0,20,42,11,0,1.9687085151672363,0
star_8,sparse,medium,p3_c160_mp3_pen1_h2,202,5,5,5,0,99,461,0,20,41,11,0,2.015050172805786,0
star_8,sparse,medium,p3_c160_mp3_pen0_h0,101,5,5,5,0,100,471,0,20,42,11,0,1.769031286239624,0
star_8,sparse,medium,p3_c160_mp3_pen1_h5,202,5,5,5,0,99,461,0,20,41,11,0,1.842607021331787,0
star_8,sparse,medium,p3_c160_mp3_pen1_h5,101,5,5,5,0,100,471,0,20,42,11,0,1.9812638759613037,0
star_8,sparse,medium,p3_c160_mp3_pen1_h5,42,5,5,5,0,100,471,0,20,42,11,0,2.1015827655792236,0
star_8,sparse,medium,p3_c160_mp3_pen0_h0,42,5,5,5,0,100,471,0,20,42,11,0,2.1073992252349854,0
star_8,sparse,medium,p3_c160_mp3_pen0_h0,202,5,5,5,0,99,461,0,20,41,11,0,2.078767776489258,0
star_8,sparse,medium,p3_c160_mp3_pen0_h5,202,5,5,5,0,99,461,0,20,41,11,0,1.7318449020385742,0
star_8,sparse,medium,p3_c160_mp3_pen0_h2,42,5,5,5,0,100,471,0,20,42,11,0,2.123316526412964,0
star_8,sparse,medium,p3_c160_mp3_pen0_h5,42,5,5,5,0,100,471,0,20,42,11,0,1.9185612201690674,0
star_8,sparse,medium,p3_c160_mp3_pen0_h2,202,5,5,5,0,99,461,0,20,41,11,0,2.0435495376586914,0
star_8,sparse,medium,p3_c160_mp3_pen0_h2,101,5,5,5,0,100,471,0,20,42,11,0,2.1007959842681885,0
star_8,sparse,medium,p3_c160_mp3_pen0_h5,101,5,5,5,0,100,471,0,20,42,11,0,1.9163427352905273,0
tree_d3f2,medium,medium,p3_c40_mp1_pen0_h2,202,3,4,0,4,423,823,164,48,255,119,6,3.479106903076172,0
tree_d3f2,medium,medium,baseline,42,6,6,6,0,538,1004,248,101,391,94,0,4.496761083602905,0
tree_d3f2,medium,medium,p3_c40_mp1_pen0_h0,202,4,5,0,5,401,758,169,64,251,105,0,3.8700947761535645,0
tree_d3f2,medium,medium,p3_c40_mp1_pen0_h2,101,5,5,0,5,435,836,176,80,258,125,6,4.198950290679932,0
tree_d3f2,medium,medium,baseline,101,4,4,4,0,441,808,215,65,302,91,0,5.100043058395386,0
tree_d3f2,medium,medium,p3_c40_mp1_pen1_h5,101,5,5,0,5,435,836,176,80,258,125,6,4.716656684875488,0
tree_d3f2,medium,medium,p3_c40_mp1_pen1_h0,42,6,6,0,6,459,883,186,88,301,110,0,5.0738091468811035,0
tree_d3f2,medium,medium,p3_c40_mp1_pen1_h0,202,5,5,0,5,416,789,174,77,263,107,0,5.103389501571655,0
tree_d3f2,medium,medium,p3_c40_mp1_pen1_h2,101,5,5,0,5,435,836,176,80,258,125,6,5.033271312713623,0
tree_d3f2,medium,medium,baseline,202,5,5,5,0,487,914,213,93,341,95,0,5.226704120635986,0
tree_d3f2,medium,medium,p3_c40_mp1_pen1_h0,101,4,4,0,4,399,755,173,64,252,103,0,5.193760395050049,0
tree_d3f2,medium,medium,p3_c40_mp1_pen1_h2,202,3,4,0,4,423,823,164,48,255,119,6,5.151186943054199,0
tree_d3f2,medium,medium,p3_c40_mp1_pen1_h2,42,4,4,0,4,416,811,159,56,242,124,6,5.293293237686157,0
tree_d3f2,medium,medium,p3_c40_mp1_pen0_h0,42,6,6,0,6,459,883,186,88,301,110,0,5.150602340698242,0
tree_d3f2,medium,medium,p3_c40_mp1_pen1_h5,42,4,4,0,4,416,811,159,56,242,124,6,5.24346923828125,0
tree_d3f2,medium,medium,p3_c40_mp1_pen1_h5,202,3,4,0,4,423,823,164,48,255,119,6,5.226378440856934,0
tree_d3f2,medium,medium,p3_c40_mp1_pen0_h5,42,4,4,0,4,416,811,159,56,242,124,6,4.909277439117432,0
tree_d3f2,medium,medium,p3_c40_mp1_pen0_h2,42,4,4,0,4,416,811,159,56,242,124,6,5.152973175048828,0
tree_d3f2,medium,medium,p3_c40_mp1_pen0_h5,101,5,5,0,5,435,836,176,80,258,125,6,5.226950168609619,0
tree_d3f2,medium,medium,p3_c40_mp1_pen0_h0,101,4,4,0,4,399,755,173,64,252,103,0,5.658925771713257,0
tree_d3f2,medium,medium,p3_c40_mp2_pen1_h2,42,4,4,0,4,420,812,162,56,242,124,6,4.636526584625244,0
tree_d3f2,medium,medium,p3_c40_mp1_pen0_h5,202,3,4,0,4,423,823,164,48,255,119,6,5.211123704910278,0
tree_d3f2,medium,medium,p3_c40_mp2_pen1_h0,101,4,4,0,4,403,760,172,64,252,103,0,4.884685754776001,0
tree_d3f2,medium,medium,p3_c40_mp2_pen1_h5,42,4,4,0,4,420,812,162,56,242,124,6,4.771543741226196,0
tree_d3f2,medium,medium,p3_c40_mp2_pen1_h0,42,6,6,0,6,465,891,184,88,301,110,0,5.143865585327148,0
tree_d3f2,medium,medium,p3_c40_mp2_pen1_h2,101,5,5,0,5,440,846,171,80,258,125,6,5.0414793491363525,0
tree_d3f2,medium,medium,p3_c40_mp2_pen1_h0,202,5,5,0,5,421,795,173,77,263,107,0,5.21330714225769,0
tree_d3f2,medium,medium,p3_c40_mp2_pen1_h2,202,3,4,0,4,427,827,164,48,255,119,6,5.275281190872192,0
tree_d3f2,medium,medium,p3_c40_mp2_pen1_h5,101,5,5,0,5,440,846,171,80,258,125,6,4.72041392326355,0
tree_d3f2,medium,medium,p3_c40_mp2_pen1_h5,202,3,4,0,4,427,827,164,48,255,119,6,5.131682634353638,0
tree_d3f2,medium,medium,p3_c40_mp2_pen0_h0,42,6,6,0,6,465,891,184,88,301,110,0,5.117307662963867,0
tree_d3f2,medium,medium,p3_c40_mp3_pen1_h2,101,5,5,0,5,445,845,177,80,258,125,6,3.9236392974853516,0
tree_d3f2,medium,medium,p3_c40_mp2_pen0_h2,42,4,4,0,4,420,812,162,56,242,124,6,4.902453899383545,0
tree_d3f2,medium,medium,p3_c40_mp2_pen0_h0,202,4,5,0,5,406,765,167,64,251,105,0,5.040522575378418,0
tree_d3f2,medium,medium,p3_c40_mp2_pen0_h0,101,4,4,0,4,403,760,172,64,252,103,0,5.125703573226929,0
tree_d3f2,medium,medium,p3_c40_mp2_pen0_h2,101,5,5,0,5,440,846,171,80,258,125,6,5.012781858444214,0
tree_d3f2,medium,medium,p3_c40_mp3_pen0_h0,202,4,5,0,5,411,770,167,64,251,105,0,3.839834451675415,0
tree_d3f2,medium,medium,p3_c40_mp3_pen1_h0,101,4,4,0,4,400,746,173,57,245,103,0,4.751025438308716,0
tree_d3f2,medium,medium,p3_c40_mp2_pen0_h2,202,3,4,0,4,427,827,164,48,255,119,6,5.066129922866821,0
tree_d3f2,medium,medium,p3_c40_mp2_pen0_h5,101,5,5,0,5,440,846,171,80,258,125,6,5.059609889984131,0
tree_d3f2,medium,medium,p3_c40_mp2_pen0_h5,42,4,4,0,4,420,812,162,56,242,124,6,5.142827749252319,0
tree_d3f2,medium,medium,p3_c40_mp2_pen0_h5,202,3,4,0,4,427,827,164,48,255,119,6,5.108783960342407,0
tree_d3f2,medium,medium,p3_c40_mp3_pen1_h0,42,6,6,0,6,471,896,185,88,301,110,0,5.105628490447998,0
tree_d3f2,medium,medium,p3_c40_mp3_pen1_h0,202,5,5,0,5,426,798,175,77,263,107,0,5.211670875549316,0
tree_d3f2,medium,medium,p3_c40_mp3_pen1_h2,42,4,4,0,4,424,818,160,56,242,124,6,5.2641212940216064,0
tree_d3f2,medium,medium,p3_c40_mp3_pen1_h5,42,4,4,0,4,424,818,160,56,242,124,6,5.056981563568115,0
tree_d3f2,medium,medium,p3_c40_mp3_pen1_h2,202,3,4,0,4,431,832,163,48,255,119,6,5.211968183517456,0
tree_d3f2,medium,medium,p3_c40_mp3_pen1_h5,101,5,5,0,5,445,845,177,80,258,125,6,5.072787046432495,0
tree_d3f2,medium,medium,p3_c40_mp3_pen1_h5,202,3,4,0,4,431,832,163,48,255,119,6,5.090239763259888,0
tree_d3f2,medium,medium,p3_c40_mp3_pen0_h0,101,4,4,0,4,400,746,173,57,245,103,0,5.116915941238403,0
tree_d3f2,medium,medium,p3_c40_mp3_pen0_h0,42,6,6,0,6,471,896,185,88,301,110,0,5.285619020462036,0
tree_d3f2,medium,medium,p3_c40_mp3_pen0_h2,42,4,4,0,4,424,818,160,56,242,124,6,5.2226243019104,0
tree_d3f2,medium,medium,p3_c40_mp3_pen0_h2,101,5,5,0,5,445,845,177,80,258,125,6,5.058523893356323,0
tree_d3f2,medium,medium,p3_c40_mp3_pen0_h5,42,4,4,0,4,424,818,160,56,242,124,6,4.884322166442871,0
tree_d3f2,medium,medium,p3_c40_mp3_pen0_h2,202,3,4,0,4,431,832,163,48,255,119,6,5.27862024307251,0
tree_d3f2,medium,medium,p3_c40_mp3_pen0_h5,101,5,5,0,5,445,845,177,80,258,125,6,5.285939693450928,0
tree_d3f2,medium,medium,p3_c40_mp3_pen0_h5,202,3,4,0,4,431,832,163,48,255,119,6,4.7993645668029785,0
tree_d3f2,medium,medium,p3_c100_mp1_pen0_h0,101,4,4,0,4,399,755,173,64,252,103,0,3.9054832458496094,0
tree_d3f2,medium,medium,p3_c100_mp1_pen1_h0,101,4,4,0,4,399,755,173,64,252,103,0,4.857131719589233,0
tree_d3f2,medium,medium,p3_c100_mp1_pen1_h0,202,5,5,0,5,416,789,174,77,263,107,0,5.008571147918701,0
tree_d3f2,medium,medium,p3_c100_mp1_pen1_h0,42,6,6,0,6,459,883,186,88,301,110,0,5.221646785736084,0
tree_d3f2,medium,medium,p3_c100_mp1_pen1_h2,101,5,5,0,5,435,836,176,80,258,125,6,4.815481424331665,0
tree_d3f2,medium,medium,p3_c100_mp2_pen1_h2,42,4,4,0,4,420,812,162,56,242,124,6,3.4576058387756348,0
tree_d3f2,medium,medium,p3_c100_mp1_pen1_h2,202,3,4,0,4,423,823,164,48,255,119,6,4.911930322647095,0
tree_d3f2,medium,medium,p3_c100_mp1_pen0_h2,42,4,4,0,4,416,811,159,56,242,124,6,4.591943025588989,0
tree_d3f2,medium,medium,p3_c100_mp1_pen1_h5,42,4,4,0,4,416,811,159,56,242,124,6,5.114671230316162,0
tree_d3f2,medium,medium,p3_c100_mp1_pen1_h2,42,4,4,0,4,416,811,159,56,242,124,6,5.309021949768066,0
tree_d3f2,medium,medium,p3_c100_mp1_pen1_h5,202,3,4,0,4,423,823,164,48,255,119,6,5.108560562133789,0
tree_d3f2,medium,medium,p3_c100_mp1_pen1_h5,101,5,5,0,5,435,836,176,80,258,125,6,5.214531898498535,0
tree_d3f2,medium,medium,p3_c100_mp1_pen0_h0,42,6,6,0,6,459,883,186,88,301,110,0,5.174820899963379,0
tree_d3f2,medium,medium,p3_c100_mp1_pen0_h2,101,5,5,0,5,435,836,176,80,258,125,6,5.029876947402954,0
tree_d3f2,medium,medium,p3_c100_mp1_pen0_h0,202,4,5,0,5,401,758,169,64,251,105,0,5.132619380950928,0
tree_d3f2,medium,medium,p3_c100_mp1_pen0_h2,202,3,4,0,4,423,823,164,48,255,119,6,5.036076068878174,0
tree_d3f2,medium,medium,p3_c100_mp2_pen1_h2,202,3,4,0,4,427,827,164,48,255,119,6,4.377708673477173,0
tree_d3f2,medium,medium,p3_c100_mp1_pen0_h5,42,4,4,0,4,416,811,159,56,242,124,6,5.20412015914917,0
tree_d3f2,medium,medium,p3_c100_mp1_pen0_h5,202,3,4,0,4,423,823,164,48,255,119,6,5.113883972167969,0
tree_d3f2,medium,medium,p3_c100_mp1_pen0_h5,101,5,5,0,5,435,836,176,80,258,125,6,5.262549877166748,0
tree_d3f2,medium,medium,p3_c100_mp2_pen1_h0,42,6,6,0,6,465,891,184,88,301,110,0,5.156657457351685,0
tree_d3f2,medium,medium,p3_c100_mp2_pen1_h0,101,4,4,0,4,403,760,172,64,252,103,0,5.085745096206665,0
tree_d3f2,medium,medium,p3_c100_mp2_pen1_h0,202,5,5,0,5,421,795,173,77,263,107,0,5.266796588897705,0
tree_d3f2,medium,medium,p3_c100_mp2_pen1_h5,42,4,4,0,4,420,812,162,56,242,124,6,5.018081426620483,0
tree_d3f2,medium,medium,p3_c100_mp2_pen1_h2,101,5,5,0,5,440,846,171,80,258,125,6,5.225165843963623,0
tree_d3f2,medium,medium,p3_c100_mp2_pen1_h5,101,5,5,0,5,440,846,171,80,258,125,6,5.006410121917725,0
tree_d3f2,medium,medium,p3_c100_mp2_pen1_h5,202,3,4,0,4,427,827,164,48,255,119,6,5.142615795135498,0
tree_d3f2,medium,medium,p3_c100_mp2_pen0_h0,42,6,6,0,6,465,891,184,88,301,110,0,4.897292375564575,0
tree_d3f2,medium,medium,p3_c100_mp2_pen0_h2,42,4,4,0,4,420,812,162,56,242,124,6,4.821409463882446,0
tree_d3f2,medium,medium,p3_c100_mp2_pen0_h0,101,4,4,0,4,403,760,172,64,252,103,0,5.2093729972839355,0
tree_d3f2,medium,medium,p3_c100_mp3_pen1_h0,101,4,4,0,4,400,746,173,57,245,103,0,4.175561189651489,0
tree_d3f2,medium,medium,p3_c100_mp2_pen0_h0,202,4,5,0,5,406,765,167,64,251,105,0,5.2270348072052,0
tree_d3f2,medium,medium,p3_c100_mp2_pen0_h2,101,5,5,0,5,440,846,171,80,258,125,6,5.150283575057983,0
tree_d3f2,medium,medium,p3_c100_mp2_pen0_h5,42,4,4,0,4,420,812,162,56,242,124,6,4.880384683609009,0
tree_d3f2,medium,medium,p3_c100_mp3_pen1_h0,202,5,5,0,5,426,798,175,77,263,107,0,4.510632753372192,0
tree_d3f2,medium,medium,p3_c100_mp2_pen0_h5,101,5,5,0,5,440,846,171,80,258,125,6,4.889794588088989,0
tree_d3f2,medium,medium,p3_c100_mp2_pen0_h2,202,3,4,0,4,427,827,164,48,255,119,6,5.038344383239746,0
tree_d3f2,medium,medium,p3_c100_mp3_pen1_h0,42,6,6,0,6,471,896,185,88,301,110,0,4.8010642528533936,0
tree_d3f2,medium,medium,p3_c100_mp3_pen1_h5,101,5,5,0,5,445,845,177,80,258,125,6,4.365685224533081,0
tree_d3f2,medium,medium,p3_c100_mp3_pen1_h5,202,3,4,0,4,431,832,163,48,255,119,6,4.139029026031494,0
tree_d3f2,medium,medium,p3_c100_mp2_pen0_h5,202,3,4,0,4,427,827,164,48,255,119,6,5.305537700653076,0
tree_d3f2,medium,medium,p3_c100_mp3_pen1_h5,42,4,4,0,4,424,818,160,56,242,124,6,4.918701648712158,0
tree_d3f2,medium,medium,p3_c100_mp3_pen1_h2,42,4,4,0,4,424,818,160,56,242,124,6,5.119143486022949,0
tree_d3f2,medium,medium,p3_c100_mp3_pen1_h2,202,3,4,0,4,431,832,163,48,255,119,6,5.01669716835022,0
tree_d3f2,medium,medium,p3_c100_mp3_pen1_h2,101,5,5,0,5,445,845,177,80,258,125,6,5.228272199630737,0
tree_d3f2,medium,medium,p3_c100_mp3_pen0_h0,101,4,4,0,4,400,746,173,57,245,103,0,4.896939039230347,0
tree_d3f2,medium,medium,p3_c100_mp3_pen0_h0,42,6,6,0,6,471,896,185,88,301,110,0,5.174278020858765,0
tree_d3f2,medium,medium,p3_c100_mp3_pen0_h2,101,5,5,0,5,445,845,177,80,258,125,6,4.938897132873535,0
tree_d3f2,medium,medium,p3_c100_mp3_pen0_h0,202,4,5,0,5,411,770,167,64,251,105,0,5.104922294616699,0
tree_d3f2,medium,medium,p3_c100_mp3_pen0_h2,42,4,4,0,4,424,818,160,56,242,124,6,5.1590447425842285,0
tree_d3f2,medium,medium,p3_c100_mp3_pen0_h2,202,3,4,0,4,431,832,163,48,255,119,6,5.157367706298828,0
tree_d3f2,medium,medium,p3_c100_mp3_pen0_h5,42,4,4,0,4,424,818,160,56,242,124,6,5.147169589996338,0
tree_d3f2,medium,medium,p3_c100_mp3_pen0_h5,101,5,5,0,5,445,845,177,80,258,125,6,5.136807918548584,0
tree_d3f2,medium,medium,p3_c100_mp3_pen0_h5,202,3,4,0,4,431,832,163,48,255,119,6,5.189072608947754,0
tree_d3f2,medium,medium,p3_c105_mp1_pen1_h0,42,6,6,6,0,538,1004,248,101,391,94,0,5.113433599472046,0
tree_d3f2,medium,medium,p3_c105_mp1_pen1_h0,101,4,4,4,0,441,808,215,65,302,91,0,4.787707328796387,0
tree_d3f2,medium,medium,p3_c105_mp1_pen1_h2,42,4,4,4,0,476,902,207,72,310,112,6,4.466169595718384,0
tree_d3f2,medium,medium,p3_c105_mp1_pen1_h0,202,5,5,5,0,487,914,213,93,341,95,0,4.914448976516724,0
tree_d3f2,medium,medium,p3_c105_mp1_pen1_h2,101,5,5,5,0,503,936,233,93,333,113,6,4.844332695007324,0
tree_d3f2,medium,medium,p3_c105_mp1_pen1_h5,42,4,4,4,0,476,902,207,72,310,112,6,4.656031608581543,0
tree_d3f2,medium,medium,p3_c105_mp1_pen0_h0,42,6,6,6,0,538,1004,248,101,391,94,0,4.770049095153809,0
tree_d3f2,medium,medium,p3_c105_mp1_pen1_h2,202,4,4,4,0,490,929,213,69,327,109,6,5.195443391799927,0
tree_d3f2,medium,medium,p3_c105_mp1_pen1_h5,202,4,4,4,0,490,929,213,69,327,109,6,5.023481130599976,0
tree_d3f2,medium,medium,p3_c105_mp1_pen0_h5,202,4,4,4,0,490,929,213,69,327,109,6,4.338994026184082,0
tree_d3f2,medium,medium,p3_c105_mp1_pen1_h5,101,5,5,5,0,503,936,233,93,333,113,6,5.068576812744141,0
tree_d3f2,medium,medium,p3_c105_mp1_pen0_h5,101,5,5,5,0,503,936,233,93,333,113,6,4.525147199630737,0
tree_d3f2,medium,medium,p3_c105_mp1_pen0_h0,101,4,4,4,0,441,808,215,65,302,91,0,5.176217317581177,0
tree_d3f2,medium,medium,p3_c105_mp1_pen0_h0,202,5,5,5,0,487,914,213,93,341,95,0,5.03637170791626,0
tree_d3f2,medium,medium,p3_c105_mp1_pen0_h2,42,4,4,4,0,476,902,207,72,310,112,6,5.106862545013428,0
tree_d3f2,medium,medium,p3_c105_mp1_pen0_h2,101,5,5,5,0,503,936,233,93,333,113,6,5.252740144729614,0
tree_d3f2,medium,medium,p3_c105_mp1_pen0_h2,202,4,4,4,0,490,929,213,69,327,109,6,5.180389404296875,0
tree_d3f2,medium,medium,p3_c105_mp2_pen1_h5,101,5,5,5,0,503,936,233,93,333,113,6,3.9086525440216064,0
tree_d3f2,medium,medium,p3_c105_mp1_pen0_h5,42,4,4,4,0,476,902,207,72,310,112,6,5.343507766723633,0
tree_d3f2,medium,medium,p3_c105_mp2_pen1_h0,42,6,6,6,0,538,1004,248,101,391,94,0,5.1929848194122314,0
tree_d3f2,medium,medium,p3_c105_mp2_pen1_h0,202,5,5,5,0,487,914,213,93,341,95,0,4.7683634757995605,0
tree_d3f2,medium,medium,p3_c105_mp2_pen1_h0,101,4,4,4,0,441,808,215,65,302,91,0,5.040194988250732,0
tree_d3f2,medium,medium,p3_c105_mp2_pen1_h2,101,5,5,5,0,503,936,233,93,333,113,6,4.8984081745147705,0
tree_d3f2,medium,medium,p3_c105_mp2_pen1_h2,42,4,4,4,0,476,902,207,72,310,112,6,5.202825307846069,0
tree_d3f2,medium,medium,p3_c105_mp2_pen1_h5,42,4,4,4,0,476,902,207,72,310,112,6,4.736088752746582,0
tree_d3f2,medium,medium,p3_c105_mp2_pen1_h2,202,4,4,4,0,490,929,213,69,327,109,6,5.281769275665283,0
tree_d3f2,medium,medium,p3_c105_mp2_pen1_h5,202,4,4,4,0,490,929,213,69,327,109,6,5.170658111572266,0
tree_d3f2,medium,medium,p3_c105_mp2_pen0_h0,42,6,6,6,0,538,1004,248,101,391,94,0,5.161583423614502,0
tree_d3f2,medium,medium,p3_c105_mp2_pen0_h0,101,4,4,4,0,441,808,215,65,302,91,0,5.025623798370361,0
tree_d3f2,medium,medium,p3_c105_mp2_pen0_h0,202,5,5,5,0,487,914,213,93,341,95,0,5.07557487487793,0
tree_d3f2,medium,medium,p3_c105_mp2_pen0_h2,42,4,4,4,0,476,902,207,72,310,112,6,4.896649122238159,0
tree_d3f2,medium,medium,p3_c105_mp3_pen1_h0,42,6,6,6,0,538,1004,248,101,391,94,0,4.17917275428772,0
tree_d3f2,medium,medium,p3_c105_mp3_pen1_h2,42,4,4,4,0,476,902,207,72,310,112,6,4.189759254455566,0
tree_d3f2,medium,medium,p3_c105_mp2_pen0_h2,101,5,5,5,0,503,936,233,93,333,113,6,5.122035026550293,0
tree_d3f2,medium,medium,p3_c105_mp2_pen0_h2,202,4,4,4,0,490,929,213,69,327,109,6,5.209807872772217,0
tree_d3f2,medium,medium,p3_c105_mp2_pen0_h5,42,4,4,4,0,476,902,207,72,310,112,6,5.153892278671265,0
tree_d3f2,medium,medium,p3_c105_mp2_pen0_h5,202,4,4,4,0,490,929,213,69,327,109,6,5.056800365447998,0
tree_d3f2,medium,medium,p3_c105_mp3_pen1_h2,101,5,5,5,0,503,936,233,93,333,113,6,4.79584264755249,0
tree_d3f2,medium,medium,p3_c105_mp3_pen1_h0,202,5,5,5,0,487,914,213,93,341,95,0,4.991555213928223,0
tree_d3f2,medium,medium,p3_c105_mp2_pen0_h5,101,5,5,5,0,503,936,233,93,333,113,6,5.25142765045166,0
tree_d3f2,medium,medium,p3_c105_mp3_pen1_h0,101,4,4,4,0,441,808,215,65,302,91,0,5.172338962554932,0
tree_d3f2,medium,medium,p3_c105_mp3_pen1_h2,202,4,4,4,0,490,929,213,69,327,109,6,5.008996486663818,0
tree_d3f2,medium,medium,p3_c105_mp3_pen1_h5,42,4,4,4,0,476,902,207,72,310,112,6,5.059591293334961,0
tree_d3f2,medium,medium,p3_c105_mp3_pen0_h2,42,4,4,4,0,476,902,207,72,310,112,6,4.410867214202881,0
tree_d3f2,medium,medium,p3_c105_mp3_pen1_h5,101,5,5,5,0,503,936,233,93,333,113,6,5.080227851867676,0
tree_d3f2,medium,medium,p3_c105_mp3_pen0_h0,42,6,6,6,0,538,1004,248,101,391,94,0,4.85963249206543,0
tree_d3f2,medium,medium,p3_c105_mp3_pen0_h0,202,5,5,5,0,487,914,213,93,341,95,0,4.7452616691589355,0
tree_d3f2,medium,medium,p3_c105_mp3_pen1_h5,202,4,4,4,0,490,929,213,69,327,109,6,5.201448202133179,0
tree_d3f2,medium,medium,p3_c105_mp3_pen0_h5,42,4,4,4,0,476,902,207,72,310,112,6,4.3521130084991455,0
tree_d3f2,medium,medium,p3_c105_mp3_pen0_h0,101,4,4,4,0,441,808,215,65,302,91,0,5.180452585220337,0
tree_d3f2,medium,medium,p3_c105_mp3_pen0_h2,101,5,5,5,0,503,936,233,93,333,113,6,5.053624868392944,0
tree_d3f2,medium,medium,p3_c105_mp3_pen0_h2,202,4,4,4,0,490,929,213,69,327,109,6,5.183363437652588,0
tree_d3f2,medium,medium,p3_c105_mp3_pen0_h5,101,5,5,5,0,503,936,233,93,333,113,6,5.1296656131744385,0
tree_d3f2,medium,medium,p3_c105_mp3_pen0_h5,202,4,4,4,0,490,929,213,69,327,109,6,5.152471303939819,0
tree_d3f2,medium,medium,p3_c120_mp1_pen1_h0,42,6,6,6,0,538,1004,248,101,391,94,0,5.056926250457764,0
tree_d3f2,medium,medium,p3_c120_mp1_pen1_h0,202,5,5,5,0,487,914,213,93,341,95,0,5.017708778381348,0
tree_d3f2,medium,medium,p3_c120_mp1_pen1_h0,101,4,4,4,0,441,808,215,65,302,91,0,5.246609449386597,0
tree_d3f2,medium,medium,p3_c120_mp1_pen1_h5,101,5,5,5,0,503,936,233,93,333,113,6,3.7546916007995605,0
tree_d3f2,medium,medium,p3_c120_mp1_pen1_h2,42,4,4,4,0,476,902,207,72,310,112,6,5.236263036727905,0
tree_d3f2,medium,medium,p3_c120_mp1_pen1_h2,101,5,5,5,0,503,936,233,93,333,113,6,4.996403932571411,0
tree_d3f2,medium,medium,p3_c120_mp1_pen1_h2,202,4,4,4,0,490,929,213,69,327,109,6,5.139256477355957,0
tree_d3f2,medium,medium,p3_c120_mp1_pen0_h2,101,5,5,5,0,503,936,233,93,333,113,6,4.5034661293029785,0
tree_d3f2,medium,medium,p3_c120_mp1_pen1_h5,42,4,4,4,0,476,902,207,72,310,112,6,5.173215627670288,0
tree_d3f2,medium,medium,p3_c120_mp1_pen1_h5,202,4,4,4,0,490,929,213,69,327,109,6,4.998556137084961,0
tree_d3f2,medium,medium,p3_c120_mp1_pen0_h0,42,6,6,6,0,538,1004,248,101,391,94,0,4.936532020568848,0
tree_d3f2,medium,medium,p3_c120_mp1_pen0_h0,101,4,4,4,0,441,808,215,65,302,91,0,5.150892496109009,0
tree_d3f2,medium,medium,p3_c120_mp1_pen0_h5,101,5,5,5,0,503,936,233,93,333,113,6,4.723752498626709,0
tree_d3f2,medium,medium,p3_c120_mp1_pen0_h0,202,5,5,5,0,487,914,213,93,341,95,0,5.14154577255249,0
tree_d3f2,medium,medium,p3_c120_mp1_pen0_h2,42,4,4,4,0,476,902,207,72,310,112,6,5.1347815990448,0
tree_d3f2,medium,medium,p3_c120_mp1_pen0_h5,42,4,4,4,0,476,902,207,72,310,112,6,5.0974531173706055,0
tree_d3f2,medium,medium,p3_c120_mp1_pen0_h2,202,4,4,4,0,490,929,213,69,327,109,6,5.16161584854126,0
tree_d3f2,medium,medium,p3_c120_mp2_pen1_h5,42,4,4,4,0,476,902,207,72,310,112,6,4.387664079666138,0
tree_d3f2,medium,medium,p3_c120_mp2_pen1_h0,101,4,4,4,0,441,808,215,65,302,91,0,4.81889533996582,0
tree_d3f2,medium,medium,p3_c120_mp2_pen1_h0,42,6,6,6,0,538,1004,248,101,391,94,0,4.950988531112671,0
tree_d3f2,medium,medium,p3_c120_mp1_pen0_h5,202,4,4,4,0,490,929,213,69,327,109,6,5.168321371078491,0
tree_d3f2,medium,medium,p3_c120_mp2_pen1_h0,202,5,5,5,0,487,914,213,93,341,95,0,4.963745355606079,0
tree_d3f2,medium,medium,p3_c120_mp2_pen1_h2,42,4,4,4,0,476,902,207,72,310,112,6,4.96294641494751,0
tree_d3f2,medium,medium,p3_c120_mp2_pen1_h2,202,4,4,4,0,490,929,213,69,327,109,6,4.724864721298218,0
tree_d3f2,medium,medium,p3_c120_mp2_pen1_h2,101,5,5,5,0,503,936,233,93,333,113,6,4.986134767532349,0
tree_d3f2,medium,medium,p3_c120_mp2_pen1_h5,101,5,5,5,0,503,936,233,93,333,113,6,4.878882884979248,0
tree_d3f2,medium,medium,p3_c120_mp2_pen1_h5,202,4,4,4,0,490,929,213,69,327,109,6,4.812649250030518,0
tree_d3f2,medium,medium,p3_c120_mp2_pen0_h0,42,6,6,6,0,538,1004,248,101,391,94,0,5.002502918243408,0
tree_d3f2,medium,medium,p3_c120_mp2_pen0_h0,101,4,4,4,0,441,808,215,65,302,91,0,5.043931484222412,0
tree_d3f2,medium,medium,p3_c120_mp2_pen0_h0,202,5,5,5,0,487,914,213,93,341,95,0,4.922429084777832,0
tree_d3f2,medium,medium,p3_c120_mp2_pen0_h2,42,4,4,4,0,476,902,207,72,310,112,6,5.29289984703064,0
tree_d3f2,medium,medium,p3_c120_mp2_pen0_h2,202,4,4,4,0,490,929,213,69,327,109,6,4.577680587768555,0
tree_d3f2,medium,medium,p3_c120_mp2_pen0_h2,101,5,5,5,0,503,936,233,93,333,113,6,5.2528464794158936,0
tree_d3f2,medium,medium,p3_c120_mp2_pen0_h5,42,4,4,4,0,476,902,207,72,310,112,6,5.0901734828948975,0
tree_d3f2,medium,medium,p3_c120_mp2_pen0_h5,202,4,4,4,0,490,929,213,69,327,109,6,4.695029258728027,0
tree_d3f2,medium,medium,p3_c120_mp2_pen0_h5,101,5,5,5,0,503,936,233,93,333,113,6,5.160929441452026,0
tree_d3f2,medium,medium,p3_c120_mp3_pen0_h0,101,4,4,4,0,441,808,215,65,302,91,0,4.0063560009002686,0
tree_d3f2,medium,medium,p3_c120_mp3_pen1_h0,42,6,6,6,0,538,1004,248,101,391,94,0,5.090465307235718,0
tree_d3f2,medium,medium,p3_c120_mp3_pen1_h2,42,4,4,4,0,476,902,207,72,310,112,6,4.564371824264526,0
tree_d3f2,medium,medium,p3_c120_mp3_pen1_h0,202,5,5,5,0,487,914,213,93,341,95,0,5.060884952545166,0
tree_d3f2,medium,medium,p3_c120_mp3_pen1_h0,101,4,4,4,0,441,808,215,65,302,91,0,5.215579271316528,0
tree_d3f2,medium,medium,p3_c120_mp3_pen0_h0,42,6,6,6,0,538,1004,248,101,391,94,0,4.344343185424805,0
tree_d3f2,medium,medium,p3_c120_mp3_pen0_h0,202,5,5,5,0,487,914,213,93,341,95,0,4.551056861877441,0
tree_d3f2,medium,medium,p3_c120_mp3_pen1_h2,101,5,5,5,0,503,936,233,93,333,113,6,4.967960357666016,0
tree_d3f2,medium,medium,p3_c120_mp3_pen1_h2,202,4,4,4,0,490,929,213,69,327,109,6,5.066411256790161,0
tree_d3f2,medium,medium,p3_c120_mp3_pen1_h5,42,4,4,4,0,476,902,207,72,310,112,6,5.16884183883667,0
tree_d3f2,medium,medium,p3_c120_mp3_pen1_h5,202,4,4,4,0,490,929,213,69,327,109,6,4.986053228378296,0
tree_d3f2,medium,medium,p3_c120_mp3_pen1_h5,101,5,5,5,0,503,936,233,93,333,113,6,5.131619215011597,0
tree_d3f2,medium,medium,p3_c120_mp3_pen0_h2,202,4,4,4,0,490,929,213,69,327,109,6,5.010985851287842,0
tree_d3f2,medium,medium,p3_c120_mp3_pen0_h5,42,4,4,4,0,476,902,207,72,310,112,6,5.066724061965942,0
tree_d3f2,medium,medium,p3_c120_mp3_pen0_h2,101,5,5,5,0,503,936,233,93,333,113,6,5.14910626411438,0
tree_d3f2,medium,medium,p3_c120_mp3_pen0_h5,101,5,5,5,0,503,936,233,93,333,113,6,5.000946998596191,0
tree_d3f2,medium,medium,p3_c120_mp3_pen0_h2,42,4,4,4,0,476,902,207,72,310,112,6,5.301784515380859,0
tree_d3f2,medium,medium,p3_c120_mp3_pen0_h5,202,4,4,4,0,490,929,213,69,327,109,6,4.949339389801025,0
tree_d3f2,medium,medium,p3_c160_mp1_pen1_h0,42,6,6,6,0,538,1004,248,101,391,94,0,5.106290340423584,0
tree_d3f2,medium,medium,p3_c160_mp1_pen1_h2,42,4,4,4,0,476,902,207,72,310,112,6,4.5705718994140625,0
tree_d3f2,medium,medium,p3_c160_mp1_pen1_h0,101,4,4,4,0,441,808,215,65,302,91,0,5.256576299667358,0
tree_d3f2,medium,medium,p3_c160_mp1_pen1_h0,202,5,5,5,0,487,914,213,93,341,95,0,5.0388572216033936,0
tree_d3f2,medium,medium,p3_c160_mp1_pen1_h2,101,5,5,5,0,503,936,233,93,333,113,6,5.287221193313599,0
tree_d3f2,medium,medium,p3_c160_mp1_pen1_h2,202,4,4,4,0,490,929,213,69,327,109,6,5.183753728866577,0
tree_d3f2,medium,medium,p3_c160_mp1_pen1_h5,42,4,4,4,0,476,902,207,72,310,112,6,5.168100118637085,0
tree_d3f2,medium,medium,p3_c160_mp1_pen1_h5,101,5,5,5,0,503,936,233,93,333,113,6,4.9122772216796875,0
tree_d3f2,medium,medium,p3_c160_mp1_pen0_h2,202,4,4,4,0,490,929,213,69,327,109,6,4.2723681926727295,0
tree_d3f2,medium,medium,p3_c160_mp1_pen0_h0,101,4,4,4,0,441,808,215,65,302,91,0,4.565607309341431,0
tree_d3f2,medium,medium,p3_c160_mp1_pen1_h5,202,4,4,4,0,490,929,213,69,327,109,6,4.935926675796509,0
tree_d3f2,medium,medium,p3_c160_mp1_pen0_h0,202,5,5,5,0,487,914,213,93,341,95,0,4.794652700424194,0
tree_d3f2,medium,medium,p3_c160_mp1_pen0_h2,101,5,5,5,0,503,936,233,93,333,113,6,4.839754819869995,0
tree_d3f2,medium,medium,p3_c160_mp1_pen0_h0,42,6,6,6,0,538,1004,248,101,391,94,0,5.159436941146851,0
tree_d3f2,medium,medium,p3_c160_mp1_pen0_h2,42,4,4,4,0,476,902,207,72,310,112,6,5.043683052062988,0
tree_d3f2,medium,medium,p3_c160_mp1_pen0_h5,42,4,4,4,0,476,902,207,72,310,112,6,5.173174858093262,0
tree_d3f2,medium,medium,p3_c160_mp2_pen1_h0,101,4,4,4,0,441,808,215,65,302,91,0,4.767898321151733,0
tree_d3f2,medium,medium,p3_c160_mp2_pen1_h2,42,4,4,4,0,476,902,207,72,310,112,6,4.6564249992370605,0
tree_d3f2,medium,medium,p3_c160_mp1_pen0_h5,202,4,4,4,0,490,929,213,69,327,109,6,5.112239599227905,0
tree_d3f2,medium,medium,p3_c160_mp1_pen0_h5,101,5,5,5,0,503,936,233,93,333,113,6,5.205885887145996,0
tree_d3f2,medium,medium,p3_c160_mp2_pen0_h0,42,6,6,6,0,538,1004,248,101,391,94,0,4.020920515060425,0
tree_d3f2,medium,medium,p3_c160_mp2_pen1_h0,202,5,5,5,0,487,914,213,93,341,95,0,5.087980508804321,0
tree_d3f2,medium,medium,p3_c160_mp2_pen1_h0,42,6,6,6,0,538,1004,248,101,391,94,0,5.287352085113525,0
tree_d3f2,medium,medium,p3_c160_mp2_pen1_h2,202,4,4,4,0,490,929,213,69,327,109,6,4.711367607116699,0
tree_d3f2,medium,medium,p3_c160_mp2_pen1_h2,101,5,5,5,0,503,936,233,93,333,113,6,4.982283353805542,0
tree_d3f2,medium,medium,p3_c160_mp2_pen1_h5,202,4,4,4,0,490,929,213,69,327,109,6,5.122479677200317,0
tree_d3f2,medium,medium,p3_c160_mp2_pen1_h5,101,5,5,5,0,503,936,233,93,333,113,6,5.167437553405762,0
tree_d3f2,medium,medium,p3_c160_mp2_pen1_h5,42,4,4,4,0,476,902,207,72,310,112,6,5.21164345741272,0
tree_d3f2,medium,medium,p3_c160_mp2_pen0_h0,101,4,4,4,0,441,808,215,65,302,91,0,4.67519474029541,0
tree_d3f2,medium,medium,p3_c160_mp2_pen0_h2,42,4,4,4,0,476,902,207,72,310,112,6,4.7296857833862305,0
tree_d3f2,medium,medium,p3_c160_mp2_pen0_h0,202,5,5,5,0,487,914,213,93,341,95,0,5.2363739013671875,0
tree_d3f2,medium,medium,p3_c160_mp2_pen0_h2,101,5,5,5,0,503,936,233,93,333,113,6,5.0769171714782715,0
tree_d3f2,medium,medium,p3_c160_mp2_pen0_h5,42,4,4,4,0,476,902,207,72,310,112,6,4.846956014633179,0
tree_d3f2,medium,medium,p3_c160_mp2_pen0_h2,202,4,4,4,0,490,929,213,69,327,109,6,5.29259467124939,0
tree_d3f2,medium,medium,p3_c160_mp2_pen0_h5,101,5,5,5,0,503,936,233,93,333,113,6,4.9398274421691895,0
tree_d3f2,medium,medium,p3_c160_mp2_pen0_h5,202,4,4,4,0,490,929,213,69,327,109,6,4.862764835357666,0
tree_d3f2,medium,medium,p3_c160_mp3_pen1_h2,101,5,5,5,0,503,936,233,93,333,113,6,4.497968435287476,0
tree_d3f2,medium,medium,p3_c160_mp3_pen1_h0,101,4,4,4,0,441,808,215,65,302,91,0,5.092383861541748,0
tree_d3f2,medium,medium,p3_c160_mp3_pen1_h0,42,6,6,6,0,538,1004,248,101,391,94,0,5.1203837394714355,0
tree_d3f2,medium,medium,p3_c160_mp3_pen0_h0,101,4,4,4,0,441,808,215,65,302,91,0,4.092019081115723,0
tree_d3f2,medium,medium,p3_c160_mp3_pen1_h0,202,5,5,5,0,487,914,213,93,341,95,0,5.1984031200408936,0
tree_d3f2,medium,medium,p3_c160_mp3_pen1_h2,202,4,4,4,0,490,929,213,69,327,109,6,4.838855266571045,0
tree_d3f2,medium,medium,p3_c160_mp3_pen1_h2,42,4,4,4,0,476,902,207,72,310,112,6,5.056367635726929,0
tree_d3f2,medium,medium,p3_c160_mp3_pen1_h5,42,4,4,4,0,476,902,207,72,310,112,6,4.802881956100464,0
tree_d3f2,medium,medium,p3_c160_mp3_pen0_h0,42,6,6,6,0,538,1004,248,101,391,94,0,5.104060411453247,0
tree_d3f2,medium,medium,p3_c160_mp3_pen1_h5,202,4,4,4,0,490,929,213,69,327,109,6,5.1597466468811035,0
tree_d3f2,medium,medium,p3_c160_mp3_pen1_h5,101,5,5,5,0,503,936,233,93,333,113,6,5.251787185668945,0
tree_d3f2,medium,medium,p3_c160_mp3_pen0_h0,202,5,5,5,0,487,914,213,93,341,95,0,5.152393341064453,0
tree_d3f2,medium,medium,p3_c160_mp3_pen0_h2,101,5,5,5,0,503,936,233,93,333,113,6,5.046887159347534,0
tree_d3f2,medium,medium,p3_c160_mp3_pen0_h2,42,4,4,4,0,476,902,207,72,310,112,6,5.148192405700684,0
tree_d3f2,medium,medium,p3_c160_mp3_pen0_h2,202,4,4,4,0,490,929,213,69,327,109,6,5.102116823196411,0
tree_d3f2,medium,medium,p3_c160_mp3_pen0_h5,42,4,4,4,0,476,902,207,72,310,112,6,5.007329225540161,0
tree_d3f2,heavy,medium,baseline,202,8,10,9,1,591,1079,293,144,427,103,0,4.222382307052612,0
tree_d3f2,medium,medium,p3_c160_mp3_pen0_h5,101,5,5,5,0,503,936,233,93,333,113,6,5.144663095474243,0
tree_d3f2,heavy,medium,baseline,101,6,7,7,0,490,888,247,78,346,91,0,4.896429538726807,0
tree_d3f2,heavy,medium,baseline,42,10,12,10,2,648,1205,311,162,464,118,0,5.146800994873047,0
tree_d3f2,medium,medium,p3_c160_mp3_pen0_h5,202,4,4,4,0,490,929,213,69,327,109,6,5.313483953475952,0
tree_d3f2,heavy,medium,p3_c40_mp1_pen1_h0,101,5,7,0,7,425,814,175,80,267,110,0,4.834603786468506,0
tree_d3f2,heavy,medium,p3_c40_mp1_pen1_h0,42,11,12,0,12,552,1072,219,164,360,133,0,5.282503843307495,0
tree_d3f2,heavy,medium,p3_c40_mp1_pen1_h0,202,9,10,0,10,508,978,204,129,329,124,0,5.279850721359253,0
tree_d3f2,heavy,medium,p3_c40_mp1_pen1_h5,101,8,11,0,11,496,962,192,128,295,140,6,3.829289674758911,0
tree_d3f2,heavy,medium,p3_c40_mp1_pen1_h2,202,7,9,0,9,490,965,180,103,291,141,6,4.415421485900879,0
tree_d3f2,heavy,medium,p3_c40_mp1_pen1_h2,42,7,9,0,9,506,991,194,105,308,140,6,5.311653137207031,0
tree_d3f2,heavy,medium,p3_c40_mp1_pen1_h2,101,8,11,0,11,496,962,192,128,295,140,6,5.279656171798706,0
tree_d3f2,heavy,medium,p3_c40_mp1_pen1_h5,202,7,9,0,9,490,965,180,103,291,141,6,4.6990556716918945,0
tree_d3f2,heavy,medium,p3_c40_mp1_pen1_h5,42,7,9,0,9,506,991,194,105,308,140,6,5.241790533065796,0
tree_d3f2,heavy,medium,p3_c40_mp1_pen0_h2,42,7,9,0,9,506,991,194,105,308,140,6,4.580809831619263,0
tree_d3f2,heavy,medium,p3_c40_mp1_pen0_h2,101,8,11,0,11,496,962,192,128,295,140,6,4.576499938964844,0
tree_d3f2,heavy,medium,p3_c40_mp1_pen0_h0,42,11,12,0,12,552,1072,219,164,360,133,0,4.8748345375061035,0
tree_d3f2,heavy,medium,p3_c40_mp1_pen0_h0,202,8,10,0,10,490,936,203,113,314,122,0,4.935847997665405,0
tree_d3f2,heavy,medium,p3_c40_mp1_pen0_h0,101,5,7,0,7,425,814,175,80,267,110,0,5.086572885513306,0
tree_d3f2,heavy,medium,p3_c40_mp1_pen0_h2,202,6,9,0,9,472,921,181,87,276,139,6,5.16572904586792,0
tree_d3f2,heavy,medium,p3_c40_mp1_pen0_h5,202,6,9,0,9,472,921,181,87,276,139,6,4.831316709518433,0
tree_d3f2,heavy,medium,p3_c40_mp2_pen1_h0,42,12,12,0,12,563,1073,226,171,357,134,0,4.706898927688599,0
tree_d3f2,heavy,medium,p3_c40_mp2_pen1_h0,202,8,9,0,9,486,918,200,118,302,122,0,4.831214189529419,0
tree_d3f2,heavy,medium,p3_c40_mp1_pen0_h5,101,8,11,0,11,496,962,192,128,295,140,6,5.142681360244751,0
tree_d3f2,heavy,medium,p3_c40_mp1_pen0_h5,42,7,9,0,9,506,991,194,105,308,140,6,5.1965131759643555,0
tree_d3f2,heavy,medium,p3_c40_mp2_pen1_h0,101,5,7,0,7,432,819,177,80,267,110,0,4.9773430824279785,0
tree_d3f2,heavy,medium,p3_c40_mp2_pen1_h2,202,6,7,0,7,465,896,177,95,273,130,6,5.027227401733398,0
tree_d3f2,heavy,medium,p3_c40_mp2_pen1_h2,101,8,11,0,11,481,923,177,102,269,140,6,5.134644985198975,0
tree_d3f2,heavy,medium,p3_c40_mp2_pen1_h2,42,10,10,0,10,544,1064,196,138,324,148,6,5.167847633361816,0
tree_d3f2,heavy,medium,p3_c40_mp2_pen0_h0,42,12,12,0,12,563,1073,226,171,357,134,0,4.431044578552246,0
tree_d3f2,heavy,medium,p3_c40_mp2_pen1_h5,42,10,10,0,10,544,1064,196,138,324,148,6,4.880328178405762,0
tree_d3f2,heavy,medium,p3_c40_mp2_pen1_h5,101,8,11,0,11,481,923,177,102,269,140,6,5.1366753578186035,0
tree_d3f2,heavy,medium,p3_c40_mp2_pen1_h5,202,6,7,0,7,465,896,177,95,273,130,6,5.116000652313232,0
tree_d3f2,heavy,medium,p3_c40_mp2_pen0_h0,202,8,9,0,9,486,918,200,118,302,122,0,4.955223560333252,0
tree_d3f2,heavy,medium,p3_c40_mp2_pen0_h2,42,10,10,0,10,544,1064,196,138,324,148,6,4.5474584102630615,0
tree_d3f2,heavy,medium,p3_c40_mp2_pen0_h0,101,5,7,0,7,432,819,177,80,267,110,0,5.181741714477539,0
tree_d3f2,heavy,medium,p3_c40_mp2_pen0_h2,202,7,7,0,7,483,934,182,111,288,132,6,5.0907957553863525,0
tree_d3f2,heavy,medium,p3_c40_mp2_pen0_h2,101,8,11,0,11,481,923,177,102,269,140,6,5.2523252964019775,0
tree_d3f2,heavy,medium,p3_c40_mp2_pen0_h5,202,7,7,0,7,483,934,182,111,288,132,6,4.413621187210083,0
tree_d3f2,heavy,medium,p3_c40_mp2_pen0_h5,101,8,11,0,11,481,923,177,102,269,140,6,4.67330002784729,0
tree_d3f2,heavy,medium,p3_c40_mp3_pen1_h0,101,6,8,0,8,447,847,169,82,267,114,0,4.546738386154175,0
tree_d3f2,heavy,medium,p3_c40_mp2_pen0_h5,42,10,10,0,10,544,1064,196,138,324,148,6,5.292794227600098,0
tree_d3f2,heavy,medium,p3_c40_mp3_pen1_h0,42,11,12,0,12,570,1091,210,157,354,133,0,5.1188695430755615,0
tree_d3f2,heavy,medium,p3_c40_mp3_pen1_h2,42,8,8,0,8,491,933,189,109,278,139,6,5.121500253677368,0
tree_d3f2,heavy,medium,p3_c40_mp3_pen1_h2,101,7,9,0,9,500,953,186,98,288,136,6,5.016026020050049,0
tree_d3f2,heavy,medium,p3_c40_mp3_pen1_h0,202,8,10,0,10,510,961,199,125,314,122,0,5.279265403747559,0
tree_d3f2,heavy,medium,p3_c40_mp3_pen1_h5,42,8,8,0,8,491,933,189,109,278,139,6,4.714171409606934,0
tree_d3f2,heavy,medium,p3_c40_mp3_pen1_h5,202,10,10,0,10,596,1146,226,154,370,145,6,4.45593786239624,0
tree_d3f2,heavy,medium,p3_c40_mp3_pen1_h2,202,10,10,0,10,596,1146,226,154,370,145,6,5.307206869125366,0
tree_d3f2,heavy,medium,p3_c40_mp3_pen0_h2,101,7,9,0,9,500,953,186,98,288,136,6,4.336035251617432,0
tree_d3f2,heavy,medium,p3_c40_mp3_pen1_h5,101,7,9,0,9,500,953,186,98,288,136,6,5.167438507080078,0
tree_d3f2,heavy,medium,p3_c40_mp3_pen0_h0,202,7,10,0,10,492,918,199,109,299,120,0,4.99277925491333,0
tree_d3f2,heavy,medium,p3_c40_mp3_pen0_h0,42,11,12,0,12,570,1091,210,157,354,133,0,5.132269859313965,0
tree_d3f2,heavy,medium,p3_c40_mp3_pen0_h0,101,6,8,0,8,447,847,169,82,267,114,0,5.108119964599609,0
tree_d3f2,heavy,medium,p3_c40_mp3_pen0_h2,42,8,8,0,8,491,933,189,109,278,139,6,5.166710615158081,0
tree_d3f2,heavy,medium,p3_c40_mp3_pen0_h5,42,8,8,0,8,491,933,189,109,278,139,6,4.929566860198975,0
tree_d3f2,heavy,medium,p3_c40_mp3_pen0_h5,101,7,9,0,9,500,953,186,98,288,136,6,5.037687540054321,0
tree_d3f2,heavy,medium,p3_c40_mp3_pen0_h2,202,9,10,0,10,582,1105,234,141,358,143,6,5.328587055206299,0
tree_d3f2,heavy,medium,p3_c100_mp1_pen1_h2,101,8,11,0,11,496,962,192,128,295,140,6,3.733072280883789,0
tree_d3f2,heavy,medium,p3_c100_mp1_pen1_h0,42,11,12,0,12,552,1072,219,164,360,133,0,4.965405464172363,0
tree_d3f2,heavy,medium,p3_c40_mp3_pen0_h5,202,9,10,0,10,582,1105,234,141,358,143,6,5.294216871261597,0
tree_d3f2,heavy,medium,p3_c100_mp1_pen1_h0,101,5,7,0,7,425,814,175,80,267,110,0,5.245912790298462,0
tree_d3f2,heavy,medium,p3_c100_mp1_pen1_h2,42,7,9,0,9,506,991,194,105,308,140,6,4.8500330448150635,0
tree_d3f2,heavy,medium,p3_c100_mp1_pen1_h0,202,9,10,0,10,508,978,204,129,329,124,0,5.22828483581543,0
tree_d3f2,heavy,medium,p3_c100_mp1_pen0_h0,42,11,12,0,12,552,1072,219,164,360,133,0,4.420038938522339,0
tree_d3f2,heavy,medium,p3_c100_mp1_pen1_h2,202,7,9,0,9,490,965,180,103,291,141,6,5.001668691635132,0
tree_d3f2,heavy,medium,p3_c100_mp1_pen1_h5,42,7,9,0,9,506,991,194,105,308,140,6,4.98213529586792,0
tree_d3f2,heavy,medium,p3_c100_mp1_pen1_h5,101,8,11,0,11,496,962,192,128,295,140,6,5.251018047332764,0
tree_d3f2,heavy,medium,p3_c100_mp1_pen1_h5,202,7,9,0,9,490,965,180,103,291,141,6,5.298860788345337,0
tree_d3f2,heavy,medium,p3_c100_mp1_pen0_h5,42,7,9,0,9,506,991,194,105,308,140,6,4.7841267585754395,0
tree_d3f2,heavy,medium,p3_c100_mp1_pen0_h5,101,8,11,0,11,496,962,192,128,295,140,6,4.646116495132446,0
tree_d3f2,heavy,medium,p3_c100_mp1_pen0_h2,101,8,11,0,11,496,962,192,128,295,140,6,5.009738206863403,0
tree_d3f2,heavy,medium,p3_c100_mp1_pen0_h2,42,7,9,0,9,506,991,194,105,308,140,6,5.121100187301636,0
tree_d3f2,heavy,medium,p3_c100_mp1_pen0_h0,101,5,7,0,7,425,814,175,80,267,110,0,5.2649009227752686,0
tree_d3f2,heavy,medium,p3_c100_mp1_pen0_h0,202,8,10,0,10,490,936,203,113,314,122,0,5.2742273807525635,0
tree_d3f2,heavy,medium,p3_c100_mp1_pen0_h2,202,6,9,0,9,472,921,181,87,276,139,6,5.308322429656982,0
tree_d3f2,heavy,medium,p3_c100_mp2_pen1_h0,202,8,9,0,9,486,918,200,118,302,122,0,4.2392966747283936,0
tree_d3f2,heavy,medium,p3_c100_mp1_pen0_h5,202,6,9,0,9,472,921,181,87,276,139,6,4.997055768966675,0
tree_d3f2,heavy,medium,p3_c100_mp2_pen1_h0,42,12,12,0,12,563,1073,226,171,357,134,0,5.134806871414185,0
tree_d3f2,heavy,medium,p3_c100_mp2_pen1_h0,101,5,7,0,7,432,819,177,80,267,110,0,5.233938455581665,0
tree_d3f2,heavy,medium,p3_c100_mp2_pen0_h0,101,5,7,0,7,432,819,177,80,267,110,0,4.472738027572632,0
tree_d3f2,heavy,medium,p3_c100_mp2_pen1_h2,101,8,11,0,11,481,923,177,102,269,140,6,5.115872859954834,0
tree_d3f2,heavy,medium,p3_c100_mp2_pen1_h2,202,6,7,0,7,465,896,177,95,273,130,6,5.1134934425354,0
tree_d3f2,heavy,medium,p3_c100_mp2_pen1_h5,42,10,10,0,10,544,1064,196,138,324,148,6,5.031062364578247,0
tree_d3f2,heavy,medium,p3_c100_mp2_pen1_h2,42,10,10,0,10,544,1064,196,138,324,148,6,5.340095281600952,0
tree_d3f2,heavy,medium,p3_c100_mp2_pen0_h0,202,8,9,0,9,486,918,200,118,302,122,0,4.6872780323028564,0
tree_d3f2,heavy,medium,p3_c100_mp2_pen0_h0,42,12,12,0,12,563,1073,226,171,357,134,0,4.747692584991455,0
tree_d3f2,heavy,medium,p3_c100_mp2_pen1_h5,101,8,11,0,11,481,923,177,102,269,140,6,5.144925832748413,0
tree_d3f2,heavy,medium,p3_c100_mp2_pen1_h5,202,6,7,0,7,465,896,177,95,273,130,6,5.008731365203857,0
tree_d3f2,heavy,medium,p3_c100_mp2_pen0_h2,42,10,10,0,10,544,1064,196,138,324,148,6,4.56297755241394,0
tree_d3f2,heavy,medium,p3_c100_mp2_pen0_h2,101,8,11,0,11,481,923,177,102,269,140,6,4.709353685379028,0
tree_d3f2,heavy,medium,p3_c100_mp2_pen0_h2,202,7,7,0,7,483,934,182,111,288,132,6,5.100973129272461,0
tree_d3f2,heavy,medium,p3_c100_mp2_pen0_h5,42,10,10,0,10,544,1064,196,138,324,148,6,4.579543828964233,0
tree_d3f2,heavy,medium,p3_c100_mp2_pen0_h5,202,7,7,0,7,483,934,182,111,288,132,6,4.963881492614746,0
tree_d3f2,heavy,medium,p3_c100_mp2_pen0_h5,101,8,11,0,11,481,923,177,102,269,140,6,5.153178691864014,0
tree_d3f2,heavy,medium,p3_c100_mp3_pen1_h0,101,6,8,0,8,447,847,169,82,267,114,0,4.6969873905181885,0
tree_d3f2,heavy,medium,p3_c100_mp3_pen1_h0,42,11,12,0,12,570,1091,210,157,354,133,0,5.059474945068359,0
tree_d3f2,heavy,medium,p3_c100_mp3_pen1_h5,42,8,8,0,8,491,933,189,109,278,139,6,4.356638431549072,0
tree_d3f2,heavy,medium,p3_c100_mp3_pen1_h2,202,10,10,0,10,596,1146,226,154,370,145,6,4.706328392028809,0
tree_d3f2,heavy,medium,p3_c100_mp3_pen1_h5,101,7,9,0,9,500,953,186,98,288,136,6,4.839102506637573,0
tree_d3f2,heavy,medium,p3_c100_mp3_pen1_h0,202,8,10,0,10,510,961,199,125,314,122,0,5.108623743057251,0
tree_d3f2,heavy,medium,p3_c100_mp3_pen1_h2,101,7,9,0,9,500,953,186,98,288,136,6,5.088806867599487,0
tree_d3f2,heavy,medium,p3_c100_mp3_pen1_h2,42,8,8,0,8,491,933,189,109,278,139,6,5.198025465011597,0
tree_d3f2,heavy,medium,p3_c100_mp3_pen0_h0,202,7,10,0,10,492,918,199,109,299,120,0,4.436080694198608,0
tree_d3f2,heavy,medium,p3_c100_mp3_pen0_h0,42,11,12,0,12,570,1091,210,157,354,133,0,4.978745460510254,0
tree_d3f2,heavy,medium,p3_c100_mp3_pen0_h0,101,6,8,0,8,447,847,169,82,267,114,0,5.207029342651367,0
tree_d3f2,heavy,medium,p3_c100_mp3_pen1_h5,202,10,10,0,10,596,1146,226,154,370,145,6,5.28950572013855,0
tree_d3f2,heavy,medium,p3_c100_mp3_pen0_h2,101,7,9,0,9,500,953,186,98,288,136,6,4.558422327041626,0
tree_d3f2,heavy,medium,p3_c100_mp3_pen0_h2,202,9,10,0,10,582,1105,234,141,358,143,6,4.681828260421753,0
tree_d3f2,heavy,medium,p3_c100_mp3_pen0_h5,202,9,10,0,10,582,1105,234,141,358,143,6,4.855077028274536,0
tree_d3f2,heavy,medium,p3_c105_mp1_pen1_h0,101,6,7,7,0,490,888,247,78,346,91,0,4.945441484451294,0
tree_d3f2,heavy,medium,p3_c105_mp1_pen1_h0,42,10,12,10,2,648,1205,311,162,464,118,0,5.060894966125488,0
tree_d3f2,heavy,medium,p3_c100_mp3_pen0_h2,42,8,8,0,8,491,933,189,109,278,139,6,5.335225820541382,0
tree_d3f2,heavy,medium,p3_c100_mp3_pen0_h5,42,8,8,0,8,491,933,189,109,278,139,6,5.16500997543335,0
tree_d3f2,heavy,medium,p3_c100_mp3_pen0_h5,101,7,9,0,9,500,953,186,98,288,136,6,5.165961980819702,0
tree_d3f2,heavy,medium,p3_c105_mp1_pen1_h0,202,8,10,9,1,591,1079,293,144,427,103,0,5.216997861862183,0
tree_d3f2,heavy,medium,p3_c105_mp1_pen1_h2,42,7,10,8,2,583,1106,255,118,399,120,6,5.177268743515015,0
tree_d3f2,heavy,medium,p3_c105_mp1_pen1_h2,101,9,11,11,0,602,1133,263,137,416,117,6,5.139544725418091,0
tree_d3f2,heavy,medium,p3_c105_mp1_pen1_h5,101,9,11,11,0,602,1133,263,137,416,117,6,4.287585496902466,0
tree_d3f2,heavy,medium,p3_c105_mp1_pen1_h2,202,7,7,5,2,548,1046,231,124,365,122,6,5.132030248641968,0
tree_d3f2,heavy,medium,p3_c105_mp1_pen1_h5,42,7,10,8,2,583,1106,255,118,399,120,6,4.942394971847534,0
tree_d3f2,heavy,medium,p3_c105_mp1_pen1_h5,202,7,7,5,2,548,1046,231,124,365,122,6,5.251272916793823,0
tree_d3f2,heavy,medium,p3_c105_mp1_pen0_h0,42,10,12,10,2,648,1205,311,162,464,118,0,5.235159873962402,0
tree_d3f2,heavy,medium,p3_c105_mp1_pen0_h2,101,9,11,11,0,602,1133,263,137,416,117,6,4.462677955627441,0
tree_d3f2,heavy,medium,p3_c105_mp1_pen0_h0,101,6,7,7,0,490,888,247,78,346,91,0,5.0934836864471436,0
tree_d3f2,heavy,medium,p3_c105_mp1_pen0_h0,202,8,10,9,1,591,1079,293,144,427,103,0,5.076577425003052,0
tree_d3f2,heavy,medium,p3_c105_mp1_pen0_h2,202,7,7,5,2,548,1046,231,124,365,122,6,4.618456840515137,0
tree_d3f2,heavy,medium,p3_c105_mp1_pen0_h2,42,7,10,8,2,583,1106,255,118,399,120,6,5.233419895172119,0
tree_d3f2,heavy,medium,p3_c105_mp1_pen0_h5,42,7,10,8,2,583,1106,255,118,399,120,6,4.820928573608398,0
tree_d3f2,heavy,medium,p3_c105_mp1_pen0_h5,202,7,7,5,2,548,1046,231,124,365,122,6,4.9108476638793945,0
tree_d3f2,heavy,medium,p3_c105_mp1_pen0_h5,101,9,11,11,0,602,1133,263,137,416,117,6,5.272413969039917,0
tree_d3f2,heavy,medium,p3_c105_mp2_pen1_h0,101,6,7,7,0,490,888,247,78,346,91,0,5.105181455612183,0
tree_d3f2,heavy,medium,p3_c105_mp2_pen1_h0,42,10,12,10,2,650,1207,311,162,464,118,0,5.2997517585754395,0
tree_d3f2,heavy,medium,p3_c105_mp2_pen1_h2,202,7,7,5,2,550,1052,227,124,365,122,6,4.707518815994263,0
tree_d3f2,heavy,medium,p3_c105_mp2_pen1_h2,42,7,10,8,2,578,1095,251,111,392,120,6,5.106054067611694,0
tree_d3f2,heavy,medium,p3_c105_mp2_pen1_h0,202,8,10,9,1,592,1080,293,144,427,103,0,5.241296052932739,0
tree_d3f2,heavy,medium,p3_c105_mp2_pen0_h2,202,7,7,5,2,550,1052,227,124,365,122,6,3.922485113143921,0
tree_d3f2,heavy,medium,p3_c105_mp2_pen1_h2,101,9,11,11,0,602,1133,263,137,416,117,6,5.093005895614624,0
tree_d3f2,heavy,medium,p3_c105_mp2_pen0_h0,42,10,12,10,2,650,1207,311,162,464,118,0,4.418945789337158,0
tree_d3f2,heavy,medium,p3_c105_mp2_pen0_h0,202,8,10,9,1,592,1080,293,144,427,103,0,4.546123266220093,0
tree_d3f2,heavy,medium,p3_c105_mp2_pen1_h5,42,7,10,8,2,578,1095,251,111,392,120,6,5.215201139450073,0
tree_d3f2,heavy,medium,p3_c105_mp2_pen0_h2,42,7,10,8,2,578,1095,251,111,392,120,6,4.712010622024536,0
tree_d3f2,heavy,medium,p3_c105_mp2_pen1_h5,202,7,7,5,2,550,1052,227,124,365,122,6,5.1141743659973145,0
tree_d3f2,heavy,medium,p3_c105_mp2_pen0_h0,101,6,7,7,0,490,888,247,78,346,91,0,5.252029657363892,0
tree_d3f2,heavy,medium,p3_c105_mp2_pen0_h2,101,9,11,11,0,602,1133,263,137,416,117,6,5.1181981563568115,0
tree_d3f2,heavy,medium,p3_c105_mp2_pen0_h5,42,7,10,8,2,578,1095,251,111,392,120,6,4.842949628829956,0
tree_d3f2,heavy,medium,p3_c105_mp2_pen1_h5,101,9,11,11,0,602,1133,263,137,416,117,6,6.074851989746094,0
tree_d3f2,heavy,medium,p3_c105_mp2_pen0_h5,101,9,11,11,0,602,1133,263,137,416,117,6,5.010493278503418,0
tree_d3f2,heavy,medium,p3_c105_mp2_pen0_h5,202,7,7,5,2,550,1052,227,124,365,122,6,5.136033058166504,0
tree_d3f2,heavy,medium,p3_c105_mp3_pen1_h0,101,6,7,7,0,490,888,247,78,346,91,0,4.365847110748291,0
tree_d3f2,heavy,medium,p3_c105_mp3_pen1_h0,42,10,12,10,2,652,1211,309,162,464,118,0,4.9487950801849365,0
tree_d3f2,heavy,medium,p3_c105_mp3_pen1_h0,202,8,10,9,1,593,1080,294,144,427,103,0,4.897714614868164,0
tree_d3f2,heavy,medium,p3_c105_mp3_pen1_h2,101,9,11,11,0,602,1133,263,137,416,117,6,4.860688924789429,0
tree_d3f2,heavy,medium,p3_c105_mp3_pen1_h2,202,7,7,5,2,552,1051,230,124,365,122,6,4.7411048412323,0
tree_d3f2,heavy,medium,p3_c105_mp3_pen1_h5,202,7,7,5,2,552,1051,230,124,365,122,6,4.301941871643066,0
tree_d3f2,heavy,medium,p3_c105_mp3_pen1_h2,42,7,10,8,2,587,1113,252,118,399,120,6,5.14870548248291,0
tree_d3f2,heavy,medium,p3_c105_mp3_pen1_h5,42,7,10,8,2,587,1113,252,118,399,120,6,5.159791946411133,0
tree_d3f2,heavy,medium,p3_c105_mp3_pen1_h5,101,9,11,11,0,602,1133,263,137,416,117,6,5.2409279346466064,0
tree_d3f2,heavy,medium,p3_c105_mp3_pen0_h2,101,9,11,11,0,602,1133,263,137,416,117,6,4.602264165878296,0
tree_d3f2,heavy,medium,p3_c105_mp3_pen0_h2,202,7,7,5,2,552,1051,230,124,365,122,6,4.61984395980835,0
tree_d3f2,heavy,medium,p3_c105_mp3_pen0_h0,101,6,7,7,0,490,888,247,78,346,91,0,5.121861457824707,0
tree_d3f2,heavy,medium,p3_c105_mp3_pen0_h0,42,10,12,10,2,652,1211,309,162,464,118,0,5.242449045181274,0
tree_d3f2,heavy,medium,p3_c105_mp3_pen0_h2,42,7,10,8,2,587,1113,252,118,399,120,6,5.028817176818848,0
tree_d3f2,heavy,medium,p3_c105_mp3_pen0_h0,202,8,10,9,1,593,1080,294,144,427,103,0,5.271662950515747,0
tree_d3f2,heavy,medium,p3_c105_mp3_pen0_h5,101,9,11,11,0,602,1133,263,137,416,117,6,4.966610670089722,0
tree_d3f2,heavy,medium,p3_c120_mp1_pen1_h0,101,6,7,7,0,490,888,247,78,346,91,0,4.4435203075408936,0
tree_d3f2,heavy,medium,p3_c105_mp3_pen0_h5,42,7,10,8,2,587,1113,252,118,399,120,6,5.103257656097412,0
tree_d3f2,heavy,medium,p3_c105_mp3_pen0_h5,202,7,7,5,2,552,1051,230,124,365,122,6,5.036447048187256,0
tree_d3f2,heavy,medium,p3_c120_mp1_pen1_h0,202,8,10,9,1,591,1079,293,144,427,103,0,4.608074903488159,0
tree_d3f2,heavy,medium,p3_c120_mp1_pen1_h0,42,10,12,10,2,648,1205,311,162,464,118,0,5.242848634719849,0
tree_d3f2,heavy,medium,p3_c120_mp1_pen1_h2,202,7,7,5,2,548,1046,231,124,365,122,6,4.4439990520477295,0
tree_d3f2,heavy,medium,p3_c120_mp1_pen1_h2,42,7,10,8,2,583,1106,255,118,399,120,6,4.984004497528076,0
tree_d3f2,heavy,medium,p3_c120_mp1_pen1_h2,101,9,11,11,0,602,1133,263,137,416,117,6,5.004079341888428,0
tree_d3f2,heavy,medium,p3_c120_mp1_pen1_h5,101,9,11,11,0,602,1133,263,137,416,117,6,4.778567314147949,0
tree_d3f2,heavy,medium,p3_c120_mp1_pen1_h5,42,7,10,8,2,583,1106,255,118,399,120,6,4.970411539077759,0
tree_d3f2,heavy,medium,p3_c120_mp1_pen1_h5,202,7,7,5,2,548,1046,231,124,365,122,6,4.985630035400391,0
tree_d3f2,heavy,medium,p3_c120_mp1_pen0_h0,101,6,7,7,0,490,888,247,78,346,91,0,4.561629056930542,0
tree_d3f2,heavy,medium,p3_c120_mp1_pen0_h0,42,10,12,10,2,648,1205,311,162,464,118,0,5.141999244689941,0
tree_d3f2,heavy,medium,p3_c120_mp1_pen0_h0,202,8,10,9,1,591,1079,293,144,427,103,0,4.875176906585693,0
tree_d3f2,heavy,medium,p3_c120_mp1_pen0_h5,101,9,11,11,0,602,1133,263,137,416,117,6,4.683921575546265,0
tree_d3f2,heavy,medium,p3_c120_mp1_pen0_h2,42,7,10,8,2,583,1106,255,118,399,120,6,5.155846834182739,0
tree_d3f2,heavy,medium,p3_c120_mp1_pen0_h5,42,7,10,8,2,583,1106,255,118,399,120,6,4.969028949737549,0
tree_d3f2,heavy,medium,p3_c120_mp1_pen0_h2,202,7,7,5,2,548,1046,231,124,365,122,6,5.083709239959717,0
tree_d3f2,heavy,medium,p3_c120_mp2_pen1_h2,42,7,10,8,2,578,1095,251,111,392,120,6,4.008143186569214,0
tree_d3f2,heavy,medium,p3_c120_mp1_pen0_h2,101,9,11,11,0,602,1133,263,137,416,117,6,5.310659885406494,0
tree_d3f2,heavy,medium,p3_c120_mp2_pen1_h0,42,10,12,10,2,650,1207,311,162,464,118,0,4.94925332069397,0
tree_d3f2,heavy,medium,p3_c120_mp1_pen0_h5,202,7,7,5,2,548,1046,231,124,365,122,6,5.325290203094482,0
tree_d3f2,heavy,medium,p3_c120_mp2_pen0_h2,101,9,11,11,0,602,1133,263,137,416,117,6,3.664550304412842,0
tree_d3f2,heavy,medium,p3_c120_mp2_pen1_h0,101,6,7,7,0,490,888,247,78,346,91,0,4.9965808391571045,0
tree_d3f2,heavy,medium,p3_c120_mp2_pen1_h2,101,9,11,11,0,602,1133,263,137,416,117,6,4.976435899734497,0
tree_d3f2,heavy,medium,p3_c120_mp2_pen1_h0,202,8,10,9,1,592,1080,293,144,427,103,0,5.224347114562988,0
tree_d3f2,heavy,medium,p3_c120_mp2_pen1_h5,42,7,10,8,2,578,1095,251,111,392,120,6,5.013467788696289,0
tree_d3f2,heavy,medium,p3_c120_mp2_pen1_h2,202,7,7,5,2,550,1052,227,124,365,122,6,5.276490211486816,0
tree_d3f2,heavy,medium,p3_c120_mp2_pen0_h0,42,10,12,10,2,650,1207,311,162,464,118,0,5.075741767883301,0
tree_d3f2,heavy,medium,p3_c120_mp2_pen1_h5,101,9,11,11,0,602,1133,263,137,416,117,6,5.263507127761841,0
tree_d3f2,heavy,medium,p3_c120_mp2_pen1_h5,202,7,7,5,2,550,1052,227,124,365,122,6,5.180426597595215,0
tree_d3f2,heavy,medium,p3_c120_mp2_pen0_h0,101,6,7,7,0,490,888,247,78,346,91,0,5.195523977279663,0
tree_d3f2,heavy,medium,p3_c120_mp2_pen0_h0,202,8,10,9,1,592,1080,293,144,427,103,0,5.230276346206665,0
tree_d3f2,heavy,medium,p3_c120_mp2_pen0_h2,42,7,10,8,2,578,1095,251,111,392,120,6,5.121080160140991,0
tree_d3f2,heavy,medium,p3_c120_mp2_pen0_h5,42,7,10,8,2,578,1095,251,111,392,120,6,4.863763332366943,0
tree_d3f2,heavy,medium,p3_c120_mp2_pen0_h2,202,7,7,5,2,550,1052,227,124,365,122,6,5.050798177719116,0
tree_d3f2,heavy,medium,p3_c120_mp2_pen0_h5,202,7,7,5,2,550,1052,227,124,365,122,6,4.748155832290649,0
tree_d3f2,heavy,medium,p3_c120_mp2_pen0_h5,101,9,11,11,0,602,1133,263,137,416,117,6,5.256841421127319,0
tree_d3f2,heavy,medium,p3_c120_mp3_pen1_h0,42,10,12,10,2,652,1211,309,162,464,118,0,4.934280157089233,0
tree_d3f2,heavy,medium,p3_c120_mp3_pen1_h2,42,7,10,8,2,587,1113,252,118,399,120,6,4.055840492248535,0
tree_d3f2,heavy,medium,p3_c120_mp3_pen1_h0,101,6,7,7,0,490,888,247,78,346,91,0,5.157889366149902,0
tree_d3f2,heavy,medium,p3_c120_mp3_pen1_h0,202,8,10,9,1,593,1080,294,144,427,103,0,5.1771240234375,0
tree_d3f2,heavy,medium,p3_c120_mp3_pen1_h5,202,7,7,5,2,552,1051,230,124,365,122,6,4.506168603897095,0
tree_d3f2,heavy,medium,p3_c120_mp3_pen1_h2,202,7,7,5,2,552,1051,230,124,365,122,6,4.835800647735596,0
tree_d3f2,heavy,medium,p3_c120_mp3_pen1_h2,101,9,11,11,0,602,1133,263,137,416,117,6,5.08461856842041,0
tree_d3f2,heavy,medium,p3_c120_mp3_pen0_h0,42,10,12,10,2,652,1211,309,162,464,118,0,4.748901844024658,0
tree_d3f2,heavy,medium,p3_c120_mp3_pen1_h5,42,7,10,8,2,587,1113,252,118,399,120,6,5.111299276351929,0
tree_d3f2,heavy,medium,p3_c120_mp3_pen1_h5,101,9,11,11,0,602,1133,263,137,416,117,6,5.223365068435669,0
tree_d3f2,heavy,medium,p3_c120_mp3_pen0_h2,101,9,11,11,0,602,1133,263,137,416,117,6,4.465573787689209,0
tree_d3f2,heavy,medium,p3_c120_mp3_pen0_h0,101,6,7,7,0,490,888,247,78,346,91,0,4.926385164260864,0
tree_d3f2,heavy,medium,p3_c120_mp3_pen0_h0,202,8,10,9,1,593,1080,294,144,427,103,0,4.992987394332886,0
tree_d3f2,heavy,medium,p3_c120_mp3_pen0_h2,42,7,10,8,2,587,1113,252,118,399,120,6,5.305504322052002,0
tree_d3f2,heavy,medium,p3_c120_mp3_pen0_h2,202,7,7,5,2,552,1051,230,124,365,122,6,4.96565842628479,0
tree_d3f2,heavy,medium,p3_c120_mp3_pen0_h5,202,7,7,5,2,552,1051,230,124,365,122,6,4.626093626022339,0
tree_d3f2,heavy,medium,p3_c120_mp3_pen0_h5,101,9,11,11,0,602,1133,263,137,416,117,6,5.145982503890991,0
tree_d3f2,heavy,medium,p3_c120_mp3_pen0_h5,42,7,10,8,2,587,1113,252,118,399,120,6,5.28946590423584,0
tree_d3f2,heavy,medium,p3_c160_mp1_pen1_h0,42,10,12,10,2,648,1205,311,162,464,118,0,4.98888087272644,0
tree_d3f2,heavy,medium,p3_c160_mp1_pen1_h0,101,6,7,7,0,490,888,247,78,346,91,0,5.082021951675415,0
tree_d3f2,heavy,medium,p3_c160_mp1_pen1_h5,42,7,10,8,2,583,1106,255,118,399,120,6,4.532831907272339,0
tree_d3f2,heavy,medium,p3_c160_mp1_pen1_h2,42,7,10,8,2,583,1106,255,118,399,120,6,5.077288389205933,0
tree_d3f2,heavy,medium,p3_c160_mp1_pen1_h0,202,8,10,9,1,591,1079,293,144,427,103,0,5.15684962272644,0
tree_d3f2,heavy,medium,p3_c160_mp1_pen1_h5,101,9,11,11,0,602,1133,263,137,416,117,6,4.696281671524048,0
tree_d3f2,heavy,medium,p3_c160_mp1_pen1_h2,101,9,11,11,0,602,1133,263,137,416,117,6,5.08141016960144,0
tree_d3f2,heavy,medium,p3_c160_mp1_pen1_h2,202,7,7,5,2,548,1046,231,124,365,122,6,5.239046573638916,0
tree_d3f2,heavy,medium,p3_c160_mp1_pen1_h5,202,7,7,5,2,548,1046,231,124,365,122,6,5.021793603897095,0
tree_d3f2,heavy,medium,p3_c160_mp1_pen0_h0,101,6,7,7,0,490,888,247,78,346,91,0,4.626177072525024,0
tree_d3f2,heavy,medium,p3_c160_mp1_pen0_h0,42,10,12,10,2,648,1205,311,162,464,118,0,4.971693515777588,0
tree_d3f2,heavy,medium,p3_c160_mp1_pen0_h0,202,8,10,9,1,591,1079,293,144,427,103,0,5.177802085876465,0
tree_d3f2,heavy,medium,p3_c160_mp1_pen0_h5,42,7,10,8,2,583,1106,255,118,399,120,6,4.203225135803223,0
tree_d3f2,heavy,medium,p3_c160_mp1_pen0_h2,42,7,10,8,2,583,1106,255,118,399,120,6,5.13742208480835,0
tree_d3f2,heavy,medium,p3_c160_mp1_pen0_h2,202,7,7,5,2,548,1046,231,124,365,122,6,4.656463146209717,0
tree_d3f2,heavy,medium,p3_c160_mp1_pen0_h2,101,9,11,11,0,602,1133,263,137,416,117,6,5.249535799026489,0
tree_d3f2,heavy,medium,p3_c160_mp1_pen0_h5,101,9,11,11,0,602,1133,263,137,416,117,6,5.18030309677124,0
tree_d3f2,heavy,medium,p3_c160_mp1_pen0_h5,202,7,7,5,2,548,1046,231,124,365,122,6,5.202738285064697,0
tree_d3f2,heavy,medium,p3_c160_mp2_pen1_h2,101,9,11,11,0,602,1133,263,137,416,117,6,4.426476001739502,0
tree_d3f2,heavy,medium,p3_c160_mp2_pen1_h0,42,10,12,10,2,650,1207,311,162,464,118,0,5.198451042175293,0
tree_d3f2,heavy,medium,p3_c160_mp2_pen1_h2,202,7,7,5,2,550,1052,227,124,365,122,6,4.266030311584473,0
tree_d3f2,heavy,medium,p3_c160_mp2_pen1_h0,101,6,7,7,0,490,888,247,78,346,91,0,5.164235353469849,0
tree_d3f2,heavy,medium,p3_c160_mp2_pen1_h2,42,7,10,8,2,578,1095,251,111,392,120,6,4.984560966491699,0
tree_d3f2,heavy,medium,p3_c160_mp2_pen1_h0,202,8,10,9,1,592,1080,293,144,427,103,0,5.232450008392334,0
tree_d3f2,heavy,medium,p3_c160_mp2_pen1_h5,101,9,11,11,0,602,1133,263,137,416,117,6,5.0390846729278564,0
tree_d3f2,heavy,medium,p3_c160_mp2_pen1_h5,42,7,10,8,2,578,1095,251,111,392,120,6,5.1295485496521,0
tree_d3f2,heavy,medium,p3_c160_mp2_pen0_h0,101,6,7,7,0,490,888,247,78,346,91,0,4.682829856872559,0
tree_d3f2,heavy,medium,p3_c160_mp2_pen1_h5,202,7,7,5,2,550,1052,227,124,365,122,6,4.847714185714722,0
tree_d3f2,heavy,medium,p3_c160_mp2_pen0_h2,202,7,7,5,2,550,1052,227,124,365,122,6,4.586928606033325,0
tree_d3f2,heavy,medium,p3_c160_mp2_pen0_h2,42,7,10,8,2,578,1095,251,111,392,120,6,4.733112335205078,0
tree_d3f2,heavy,medium,p3_c160_mp2_pen0_h0,42,10,12,10,2,650,1207,311,162,464,118,0,5.225032567977905,0
tree_d3f2,heavy,medium,p3_c160_mp2_pen0_h2,101,9,11,11,0,602,1133,263,137,416,117,6,5.164058685302734,0
tree_d3f2,heavy,medium,p3_c160_mp2_pen0_h0,202,8,10,9,1,592,1080,293,144,427,103,0,5.280828952789307,0
tree_d3f2,heavy,medium,p3_c160_mp2_pen0_h5,42,7,10,8,2,578,1095,251,111,392,120,6,5.133143186569214,0
tree_d3f2,heavy,medium,p3_c160_mp2_pen0_h5,101,9,11,11,0,602,1133,263,137,416,117,6,5.067759990692139,0
tree_d3f2,heavy,medium,p3_c160_mp2_pen0_h5,202,7,7,5,2,550,1052,227,124,365,122,6,4.998075485229492,0
tree_d3f2,heavy,medium,p3_c160_mp3_pen1_h0,101,6,7,7,0,490,888,247,78,346,91,0,5.01982855796814,0
tree_d3f2,heavy,medium,p3_c160_mp3_pen1_h0,42,10,12,10,2,652,1211,309,162,464,118,0,5.189781665802002,0
tree_d3f2,heavy,medium,p3_c160_mp3_pen1_h0,202,8,10,9,1,593,1080,294,144,427,103,0,4.991352558135986,0
tree_d3f2,heavy,medium,p3_c160_mp3_pen1_h2,202,7,7,5,2,552,1051,230,124,365,122,6,4.19334077835083,0
tree_d3f2,heavy,medium,p3_c160_mp3_pen1_h2,101,9,11,11,0,602,1133,263,137,416,117,6,4.527771711349487,0
tree_d3f2,heavy,medium,p3_c160_mp3_pen1_h2,42,7,10,8,2,587,1113,252,118,399,120,6,4.900716781616211,0
tree_d3f2,heavy,medium,p3_c160_mp3_pen1_h5,42,7,10,8,2,587,1113,252,118,399,120,6,4.57204008102417,0
tree_d3f2,heavy,medium,p3_c160_mp3_pen1_h5,101,9,11,11,0,602,1133,263,137,416,117,6,5.2075700759887695,0
tree_d3f2,heavy,medium,p3_c160_mp3_pen0_h2,101,9,11,11,0,602,1133,263,137,416,117,6,4.347383499145508,0
tree_d3f2,heavy,medium,p3_c160_mp3_pen0_h0,101,6,7,7,0,490,888,247,78,346,91,0,4.775461673736572,0
tree_d3f2,heavy,medium,p3_c160_mp3_pen0_h0,42,10,12,10,2,652,1211,309,162,464,118,0,4.919347763061523,0
tree_d3f2,heavy,medium,p3_c160_mp3_pen1_h5,202,7,7,5,2,552,1051,230,124,365,122,6,5.2629265785217285,0
tree_d3f2,heavy,medium,p3_c160_mp3_pen0_h2,42,7,10,8,2,587,1113,252,118,399,120,6,5.124572515487671,0
tree_d3f2,sparse,medium,baseline,42,3,4,4,0,434,793,213,55,298,90,0,4.133828163146973,0
tree_d3f2,heavy,medium,p3_c160_mp3_pen0_h0,202,8,10,9,1,593,1080,294,144,427,103,0,5.300410509109497,0
tree_d3f2,heavy,medium,p3_c160_mp3_pen0_h2,202,7,7,5,2,552,1051,230,124,365,122,6,5.093512058258057,0
tree_d3f2,heavy,medium,p3_c160_mp3_pen0_h5,42,7,10,8,2,587,1113,252,118,399,120,6,5.305217981338501,0
tree_d3f2,heavy,medium,p3_c160_mp3_pen0_h5,101,9,11,11,0,602,1133,263,137,416,117,6,4.879371643066406,0
tree_d3f2,heavy,medium,p3_c160_mp3_pen0_h5,202,7,7,5,2,552,1051,230,124,365,122,6,5.170234203338623,0
tree_d3f2,sparse,medium,baseline,101,4,4,4,0,426,795,188,59,288,91,0,5.110913276672363,0
tree_d3f2,sparse,medium,p3_c40_mp1_pen1_h0,202,2,3,0,3,375,707,160,32,237,97,0,4.565023422241211,0
tree_d3f2,sparse,medium,baseline,202,4,4,4,0,462,856,213,76,319,95,0,5.202152252197266,0
tree_d3f2,sparse,medium,p3_c40_mp1_pen1_h0,42,5,5,0,5,417,797,170,65,265,106,0,5.335712671279907,0
tree_d3f2,sparse,medium,p3_c40_mp1_pen1_h0,101,4,4,0,4,374,713,151,52,227,103,0,5.1857264041900635,0
tree_d3f2,sparse,medium,p3_c40_mp1_pen1_h2,42,4,4,0,4,404,776,163,46,233,121,6,5.27973484992981,0
tree_d3f2,sparse,medium,p3_c40_mp1_pen1_h2,101,5,5,0,5,412,799,158,68,235,125,6,5.272925615310669,0
tree_d3f2,sparse,medium,p3_c40_mp1_pen1_h5,42,4,4,0,4,409,792,161,46,233,126,6,5.158710956573486,0
tree_d3f2,sparse,medium,p3_c40_mp1_pen1_h2,202,2,4,0,4,420,793,188,32,255,117,6,5.523205518722534,0
tree_d3f2,sparse,medium,p3_c40_mp1_pen1_h5,101,5,5,0,5,412,799,158,68,235,125,6,5.018237352371216,0
tree_d3f2,sparse,medium,p3_c40_mp1_pen1_h5,202,2,4,0,4,426,811,186,32,255,123,6,4.974860191345215,0
tree_d3f2,sparse,medium,p3_c40_mp1_pen0_h0,101,4,4,0,4,374,713,151,52,227,103,0,4.98325252532959,0
tree_d3f2,sparse,medium,p3_c40_mp1_pen0_h0,42,5,5,0,5,417,797,170,65,265,106,0,5.455416917800903,0
tree_d3f2,sparse,medium,p3_c40_mp1_pen0_h2,42,4,4,0,4,404,776,163,46,233,121,6,5.153482913970947,0
tree_d3f2,sparse,medium,p3_c40_mp1_pen0_h2,101,5,5,0,5,412,799,158,68,235,125,6,4.9184041023254395,0
tree_d3f2,sparse,medium,p3_c40_mp1_pen0_h0,202,2,3,0,3,375,707,160,32,237,97,0,5.545018434524536,0
tree_d3f2,sparse,medium,p3_c40_mp1_pen0_h2,202,2,4,0,4,420,793,188,32,255,117,6,5.261730194091797,0
tree_d3f2,sparse,medium,p3_c40_mp1_pen0_h5,42,4,4,0,4,409,792,161,46,233,126,6,5.393972635269165,0
tree_d3f2,sparse,medium,p3_c40_mp1_pen0_h5,101,5,5,0,5,412,799,158,68,235,125,6,5.544733285903931,0
tree_d3f2,sparse,medium,p3_c40_mp1_pen0_h5,202,2,4,0,4,426,811,186,32,255,123,6,5.637575149536133,0
tree_d3f2,sparse,medium,p3_c40_mp2_pen1_h0,42,5,5,0,5,437,830,179,80,280,106,0,5.456860065460205,0
tree_d3f2,sparse,medium,p3_c40_mp2_pen1_h0,202,2,3,0,3,350,653,148,32,209,97,0,5.420891523361206,0
tree_d3f2,sparse,medium,p3_c40_mp2_pen1_h2,42,3,3,0,3,385,734,154,33,217,117,6,5.376255512237549,0
tree_d3f2,sparse,medium,p3_c40_mp2_pen1_h2,101,3,3,0,3,409,787,159,48,241,117,6,5.3566575050354,0
tree_d3f2,sparse,medium,p3_c40_mp2_pen1_h0,101,4,4,0,4,378,719,149,52,227,103,0,5.585517406463623,0
tree_d3f2,sparse,medium,p3_c40_mp2_pen1_h2,202,2,4,0,4,404,768,164,32,233,119,6,5.178290367126465,0
tree_d3f2,sparse,medium,p3_c40_mp2_pen1_h5,42,3,3,0,3,390,751,151,33,217,122,6,5.914268970489502,0
tree_d3f2,sparse,medium,p3_c40_mp2_pen1_h5,202,2,4,0,4,410,784,164,32,233,125,6,5.556591510772705,0
tree_d3f2,sparse,medium,p3_c40_mp2_pen0_h0,101,4,4,0,4,378,719,149,52,227,103,0,5.729128122329712,0
tree_d3f2,sparse,medium,p3_c40_mp2_pen0_h2,42,3,3,0,3,385,734,154,33,217,117,6,5.465994119644165,0
tree_d3f2,sparse,medium,p3_c40_mp2_pen1_h5,101,3,3,0,3,413,798,159,48,241,121,6,6.041648864746094,0
tree_d3f2,sparse,medium,p3_c40_mp2_pen0_h0,202,2,3,0,3,350,653,148,32,209,97,0,5.755440711975098,0
tree_d3f2,sparse,medium,p3_c40_mp2_pen0_h0,42,5,5,0,5,437,830,179,80,280,106,0,6.112565755844116,0
tree_d3f2,sparse,medium,p3_c40_mp2_pen0_h2,202,2,4,0,4,404,768,164,32,233,119,6,5.846893072128296,0
tree_d3f2,sparse,medium,p3_c40_mp2_pen0_h2,101,3,3,0,3,409,787,159,48,241,117,6,5.87579345703125,0
tree_d3f2,sparse,medium,p3_c40_mp2_pen0_h5,101,3,3,0,3,413,798,159,48,241,121,6,5.750408172607422,0
tree_d3f2,sparse,medium,p3_c40_mp2_pen0_h5,42,3,3,0,3,390,751,151,33,217,122,6,6.028602838516235,0
tree_d3f2,sparse,medium,p3_c40_mp3_pen1_h0,42,4,4,0,4,418,789,170,64,264,102,0,5.709180116653442,0
tree_d3f2,sparse,medium,p3_c40_mp3_pen1_h0,101,3,3,0,3,373,705,149,48,226,99,0,5.6181886196136475,0
tree_d3f2,sparse,medium,p3_c40_mp3_pen1_h2,101,3,3,0,3,374,708,146,21,203,117,6,5.180311918258667,0
tree_d3f2,sparse,medium,p3_c40_mp2_pen0_h5,202,2,4,0,4,410,784,164,32,233,125,6,6.0798187255859375,0
tree_d3f2,sparse,medium,p3_c40_mp3_pen1_h2,202,1,3,0,3,386,729,159,16,219,115,6,5.4376866817474365,0
tree_d3f2,sparse,medium,p3_c40_mp3_pen1_h2,42,4,4,0,4,447,871,164,64,265,124,6,5.667659282684326,0
tree_d3f2,sparse,medium,p3_c40_mp3_pen1_h0,202,4,4,0,4,417,786,170,64,262,103,0,5.831637144088745,0
tree_d3f2,sparse,medium,p3_c40_mp3_pen1_h5,101,3,3,0,3,378,719,146,21,203,121,6,4.878562927246094,0
tree_d3f2,sparse,medium,p3_c40_mp3_pen1_h5,42,4,4,0,4,447,871,164,64,265,124,6,5.135889053344727,0
tree_d3f2,sparse,medium,p3_c40_mp3_pen0_h2,202,1,3,0,3,386,729,159,16,219,115,6,4.559614181518555,0
tree_d3f2,sparse,medium,p3_c40_mp3_pen1_h5,202,1,3,0,3,390,739,159,16,219,119,6,5.150121212005615,0
tree_d3f2,sparse,medium,p3_c40_mp3_pen0_h0,42,4,4,0,4,418,789,170,64,264,102,0,5.023308038711548,0
tree_d3f2,sparse,medium,p3_c40_mp3_pen0_h5,42,4,4,0,4,447,871,164,64,265,124,6,4.954278469085693,0
tree_d3f2,sparse,medium,p3_c40_mp3_pen0_h0,202,4,4,0,4,417,786,170,64,262,103,0,5.19220495223999,0
tree_d3f2,sparse,medium,p3_c40_mp3_pen0_h2,101,3,3,0,3,374,708,146,21,203,117,6,5.235263824462891,0
tree_d3f2,sparse,medium,p3_c40_mp3_pen0_h2,42,4,4,0,4,447,871,164,64,265,124,6,5.381833553314209,0
tree_d3f2,sparse,medium,p3_c40_mp3_pen0_h0,101,3,3,0,3,373,705,149,48,226,99,0,5.717586517333984,0
tree_d3f2,sparse,medium,p3_c100_mp1_pen1_h0,42,5,5,0,5,417,797,170,65,265,106,0,4.397024631500244,0
tree_d3f2,sparse,medium,p3_c40_mp3_pen0_h5,101,3,3,0,3,378,719,146,21,203,121,6,5.152742147445679,0
tree_d3f2,sparse,medium,p3_c40_mp3_pen0_h5,202,1,3,0,3,390,739,159,16,219,119,6,5.271371364593506,0
tree_d3f2,sparse,medium,p3_c100_mp1_pen1_h0,202,2,3,0,3,375,707,160,32,237,97,0,4.878844738006592,0
tree_d3f2,sparse,medium,p3_c100_mp1_pen1_h2,42,4,4,0,4,404,776,163,46,233,121,6,4.734652519226074,0
tree_d3f2,sparse,medium,p3_c100_mp1_pen1_h0,101,4,4,0,4,374,713,151,52,227,103,0,4.973456859588623,0
tree_d3f2,sparse,medium,p3_c100_mp1_pen1_h2,101,5,5,0,5,412,799,158,68,235,125,6,5.190491437911987,0
tree_d3f2,sparse,medium,p3_c100_mp1_pen1_h2,202,2,4,0,4,420,793,188,32,255,117,6,5.074771165847778,0
tree_d3f2,sparse,medium,p3_c100_mp1_pen1_h5,42,4,4,0,4,409,792,161,46,233,126,6,5.283068418502808,0
tree_d3f2,sparse,medium,p3_c100_mp1_pen1_h5,202,2,4,0,4,426,811,186,32,255,123,6,5.116006374359131,0
tree_d3f2,sparse,medium,p3_c100_mp1_pen0_h0,101,4,4,0,4,374,713,151,52,227,103,0,4.921551465988159,0
tree_d3f2,sparse,medium,p3_c100_mp1_pen1_h5,101,5,5,0,5,412,799,158,68,235,125,6,5.2630884647369385,0
tree_d3f2,sparse,medium,p3_c100_mp1_pen0_h2,42,4,4,0,4,404,776,163,46,233,121,6,4.825491189956665,0
tree_d3f2,sparse,medium,p3_c100_mp1_pen0_h0,42,5,5,0,5,417,797,170,65,265,106,0,5.233529090881348,0
tree_d3f2,sparse,medium,p3_c100_mp1_pen0_h2,202,2,4,0,4,420,793,188,32,255,117,6,4.472212076187134,0
tree_d3f2,sparse,medium,p3_c100_mp1_pen0_h0,202,2,3,0,3,375,707,160,32,237,97,0,5.014502286911011,0
tree_d3f2,sparse,medium,p3_c100_mp1_pen0_h2,101,5,5,0,5,412,799,158,68,235,125,6,4.581122398376465,0
tree_d3f2,sparse,medium,p3_c100_mp1_pen0_h5,42,4,4,0,4,409,792,161,46,233,126,6,5.291582822799683,0
tree_d3f2,sparse,medium,p3_c100_mp1_pen0_h5,101,5,5,0,5,412,799,158,68,235,125,6,4.990688323974609,0
tree_d3f2,sparse,medium,p3_c100_mp1_pen0_h5,202,2,4,0,4,426,811,186,32,255,123,6,5.195564270019531,0
tree_d3f2,sparse,medium,p3_c100_mp2_pen1_h0,101,4,4,0,4,378,719,149,52,227,103,0,4.6866209506988525,0
tree_d3f2,sparse,medium,p3_c100_mp2_pen1_h0,202,2,3,0,3,350,653,148,32,209,97,0,4.973289728164673,0
tree_d3f2,sparse,medium,p3_c100_mp2_pen1_h0,42,5,5,0,5,437,830,179,80,280,106,0,5.276874780654907,0
tree_d3f2,sparse,medium,p3_c100_mp2_pen1_h2,42,3,3,0,3,385,734,154,33,217,117,6,5.077673435211182,0
tree_d3f2,sparse,medium,p3_c100_mp2_pen1_h5,101,3,3,0,3,413,798,159,48,241,121,6,4.818789482116699,0
tree_d3f2,sparse,medium,p3_c100_mp2_pen1_h2,202,2,4,0,4,404,768,164,32,233,119,6,5.144097089767456,0
tree_d3f2,sparse,medium,p3_c100_mp2_pen1_h5,42,3,3,0,3,390,751,151,33,217,122,6,5.066735506057739,0
tree_d3f2,sparse,medium,p3_c100_mp2_pen1_h2,101,3,3,0,3,409,787,159,48,241,117,6,5.274763345718384,0
tree_d3f2,sparse,medium,p3_c100_mp2_pen0_h0,42,5,5,0,5,437,830,179,80,280,106,0,4.565218210220337,0
tree_d3f2,sparse,medium,p3_c100_mp2_pen1_h5,202,2,4,0,4,410,784,164,32,233,125,6,5.011078834533691,0
tree_d3f2,sparse,medium,p3_c100_mp2_pen0_h0,101,4,4,0,4,378,719,149,52,227,103,0,4.710317611694336,0
tree_d3f2,sparse,medium,p3_c100_mp2_pen0_h2,42,3,3,0,3,385,734,154,33,217,117,6,4.766906261444092,0
tree_d3f2,sparse,medium,p3_c100_mp2_pen0_h2,101,3,3,0,3,409,787,159,48,241,117,6,4.854506731033325,0
tree_d3f2,sparse,medium,p3_c100_mp2_pen0_h0,202,2,3,0,3,350,653,148,32,209,97,0,5.130278587341309,0
tree_d3f2,sparse,medium,p3_c100_mp2_pen0_h5,101,3,3,0,3,413,798,159,48,241,121,6,4.201906204223633,0
tree_d3f2,sparse,medium,p3_c100_mp2_pen0_h2,202,2,4,0,4,404,768,164,32,233,119,6,4.885297536849976,0
tree_d3f2,sparse,medium,p3_c100_mp2_pen0_h5,42,3,3,0,3,390,751,151,33,217,122,6,4.788029193878174,0
tree_d3f2,sparse,medium,p3_c100_mp3_pen1_h0,42,4,4,0,4,418,789,170,64,264,102,0,4.85831093788147,0
tree_d3f2,sparse,medium,p3_c100_mp3_pen1_h2,101,3,3,0,3,374,708,146,21,203,117,6,4.786282300949097,0
tree_d3f2,sparse,medium,p3_c100_mp2_pen0_h5,202,2,4,0,4,410,784,164,32,233,125,6,5.160694360733032,0
tree_d3f2,sparse,medium,p3_c100_mp3_pen1_h0,101,3,3,0,3,373,705,149,48,226,99,0,5.069634914398193,0
tree_d3f2,sparse,medium,p3_c100_mp3_pen1_h0,202,4,4,0,4,417,786,170,64,262,103,0,5.22548246383667,0
tree_d3f2,sparse,medium,p3_c100_mp3_pen1_h2,42,4,4,0,4,447,871,164,64,265,124,6,5.1856701374053955,0
tree_d3f2,sparse,medium,p3_c100_mp3_pen1_h2,202,1,3,0,3,386,729,159,16,219,115,6,5.148484468460083,0
tree_d3f2,sparse,medium,p3_c100_mp3_pen1_h5,42,4,4,0,4,447,871,164,64,265,124,6,5.211928844451904,0
tree_d3f2,sparse,medium,p3_c100_mp3_pen1_h5,101,3,3,0,3,378,719,146,21,203,121,6,4.923259258270264,0
tree_d3f2,sparse,medium,p3_c100_mp3_pen0_h0,202,4,4,0,4,417,786,170,64,262,103,0,4.445096492767334,0
tree_d3f2,sparse,medium,p3_c100_mp3_pen1_h5,202,1,3,0,3,390,739,159,16,219,119,6,5.132488012313843,0
tree_d3f2,sparse,medium,p3_c100_mp3_pen0_h0,42,4,4,0,4,418,789,170,64,264,102,0,4.9647605419158936,0
tree_d3f2,sparse,medium,p3_c100_mp3_pen0_h0,101,3,3,0,3,373,705,149,48,226,99,0,5.06889271736145,0
tree_d3f2,sparse,medium,p3_c100_mp3_pen0_h5,101,3,3,0,3,378,719,146,21,203,121,6,4.22917103767395,0
tree_d3f2,sparse,medium,p3_c100_mp3_pen0_h2,42,4,4,0,4,447,871,164,64,265,124,6,5.002477645874023,0
tree_d3f2,sparse,medium,p3_c100_mp3_pen0_h2,202,1,3,0,3,386,729,159,16,219,115,6,4.838069200515747,0
tree_d3f2,sparse,medium,p3_c100_mp3_pen0_h5,42,4,4,0,4,447,871,164,64,265,124,6,4.961265325546265,0
tree_d3f2,sparse,medium,p3_c100_mp3_pen0_h2,101,3,3,0,3,374,708,146,21,203,117,6,5.178303480148315,0
tree_d3f2,sparse,medium,p3_c100_mp3_pen0_h5,202,1,3,0,3,390,739,159,16,219,119,6,5.01948356628418,0
tree_d3f2,sparse,medium,p3_c105_mp1_pen1_h0,42,3,4,4,0,434,793,213,55,298,90,0,4.847469806671143,0
tree_d3f2,sparse,medium,p3_c105_mp1_pen1_h0,202,4,4,4,0,462,856,213,76,319,95,0,4.96266508102417,0
tree_d3f2,sparse,medium,p3_c105_mp1_pen1_h2,42,4,4,4,0,490,916,224,76,323,113,6,4.895267486572266,0
tree_d3f2,sparse,medium,p3_c105_mp1_pen1_h0,101,4,4,4,0,426,795,188,59,288,91,0,5.256571054458618,0
tree_d3f2,sparse,medium,p3_c105_mp1_pen1_h2,101,4,4,4,0,474,903,198,76,307,113,6,5.089649438858032,0
tree_d3f2,sparse,medium,p3_c105_mp1_pen1_h5,42,4,4,4,0,495,932,222,76,323,118,6,4.797619581222534,0
tree_d3f2,sparse,medium,p3_c105_mp1_pen1_h2,202,3,3,3,0,448,847,194,55,288,109,6,5.160261631011963,0
tree_d3f2,sparse,medium,p3_c105_mp1_pen1_h5,101,4,4,4,0,474,903,198,76,307,113,6,5.044240474700928,0
tree_d3f2,sparse,medium,p3_c105_mp1_pen1_h5,202,2,3,2,1,422,801,180,38,258,115,6,4.942101955413818,0
tree_d3f2,sparse,medium,p3_c105_mp1_pen0_h0,42,3,4,4,0,434,793,213,55,298,90,0,4.813650846481323,0
tree_d3f2,sparse,medium,p3_c105_mp1_pen0_h0,202,4,4,4,0,462,856,213,76,319,95,0,4.882530450820923,0
tree_d3f2,sparse,medium,p3_c105_mp1_pen0_h0,101,4,4,4,0,426,795,188,59,288,91,0,5.060200452804565,0
tree_d3f2,sparse,medium,p3_c105_mp1_pen0_h2,202,3,3,3,0,448,847,194,55,288,109,6,4.773442029953003,0
tree_d3f2,sparse,medium,p3_c105_mp1_pen0_h2,101,4,4,4,0,474,903,198,76,307,113,6,4.906535387039185,0
tree_d3f2,sparse,medium,p3_c105_mp1_pen0_h2,42,4,4,4,0,490,916,224,76,323,113,6,5.132851600646973,0
tree_d3f2,sparse,medium,p3_c105_mp1_pen0_h5,101,4,4,4,0,474,903,198,76,307,113,6,5.048112392425537,0
tree_d3f2,sparse,medium,p3_c105_mp2_pen1_h0,202,4,4,4,0,462,856,213,76,319,95,0,4.018432140350342,0
tree_d3f2,sparse,medium,p3_c105_mp1_pen0_h5,42,4,4,4,0,495,932,222,76,323,118,6,5.271205425262451,0
tree_d3f2,sparse,medium,p3_c105_mp2_pen1_h0,101,4,4,4,0,426,795,188,59,288,91,0,4.4524524211883545,0
tree_d3f2,sparse,medium,p3_c105_mp1_pen0_h5,202,2,3,2,1,422,801,180,38,258,115,6,5.02845573425293,0
tree_d3f2,sparse,medium,p3_c105_mp2_pen1_h0,42,3,4,4,0,434,793,213,55,298,90,0,5.265082120895386,0
tree_d3f2,sparse,medium,p3_c105_mp2_pen1_h2,101,4,4,4,0,474,903,198,76,307,113,6,5.001978635787964,0
tree_d3f2,sparse,medium,p3_c105_mp2_pen1_h2,42,4,4,4,0,490,916,224,76,323,113,6,5.2998926639556885,0
tree_d3f2,sparse,medium,p3_c105_mp2_pen1_h5,101,4,4,4,0,474,903,198,76,307,113,6,4.593040227890015,0
tree_d3f2,sparse,medium,p3_c105_mp2_pen1_h2,202,3,3,3,0,448,847,194,55,288,109,6,5.104851961135864,0
tree_d3f2,sparse,medium,p3_c105_mp2_pen1_h5,202,2,3,2,1,423,802,180,38,258,115,6,4.744644403457642,0
tree_d3f2,sparse,medium,p3_c105_mp2_pen1_h5,42,4,4,4,0,495,932,222,76,323,118,6,5.2462122440338135,0
tree_d3f2,sparse,medium,p3_c105_mp2_pen0_h0,42,3,4,4,0,434,793,213,55,298,90,0,4.945932865142822,0
tree_d3f2,sparse,medium,p3_c105_mp2_pen0_h2,42,4,4,4,0,490,916,224,76,323,113,6,4.314489126205444,0
tree_d3f2,sparse,medium,p3_c105_mp2_pen0_h0,101,4,4,4,0,426,795,188,59,288,91,0,4.829748630523682,0
tree_d3f2,sparse,medium,p3_c105_mp2_pen0_h5,101,4,4,4,0,474,903,198,76,307,113,6,4.456400394439697,0
tree_d3f2,sparse,medium,p3_c105_mp2_pen0_h0,202,4,4,4,0,462,856,213,76,319,95,0,5.253274917602539,0
tree_d3f2,sparse,medium,p3_c105_mp2_pen0_h2,101,4,4,4,0,474,903,198,76,307,113,6,5.280235767364502,0
tree_d3f2,sparse,medium,p3_c105_mp2_pen0_h5,42,4,4,4,0,495,932,222,76,323,118,6,4.933255910873413,0
tree_d3f2,sparse,medium,p3_c105_mp2_pen0_h2,202,3,3,3,0,448,847,194,55,288,109,6,5.12860631942749,0
tree_d3f2,sparse,medium,p3_c105_mp2_pen0_h5,202,2,3,2,1,423,802,180,38,258,115,6,5.286567687988281,0
tree_d3f2,sparse,medium,p3_c105_mp3_pen1_h0,101,4,4,4,0,426,795,188,59,288,91,0,4.750974655151367,0
tree_d3f2,sparse,medium,p3_c105_mp3_pen1_h0,42,3,4,4,0,434,793,213,55,298,90,0,5.118680238723755,0
tree_d3f2,sparse,medium,p3_c105_mp3_pen1_h0,202,4,4,4,0,462,856,213,76,319,95,0,4.8837151527404785,0
tree_d3f2,sparse,medium,p3_c105_mp3_pen1_h2,101,4,4,4,0,474,903,198,76,307,113,6,4.774344205856323,0
tree_d3f2,sparse,medium,p3_c105_mp3_pen1_h2,42,4,4,4,0,490,916,224,76,323,113,6,5.1076905727386475,0
tree_d3f2,sparse,medium,p3_c105_mp3_pen1_h5,202,2,3,2,1,424,803,180,38,258,115,6,4.701726675033569,0
tree_d3f2,sparse,medium,p3_c105_mp3_pen1_h5,42,4,4,4,0,495,932,222,76,323,118,6,5.082620143890381,0
tree_d3f2,sparse,medium,p3_c105_mp3_pen0_h0,101,4,4,4,0,426,795,188,59,288,91,0,4.555612802505493,0
tree_d3f2,sparse,medium,p3_c105_mp3_pen1_h2,202,3,3,3,0,448,847,194,55,288,109,6,5.221636772155762,0
tree_d3f2,sparse,medium,p3_c105_mp3_pen1_h5,101,4,4,4,0,474,903,198,76,307,113,6,4.93922233581543,0
tree_d3f2,sparse,medium,p3_c105_mp3_pen0_h0,42,3,4,4,0,434,793,213,55,298,90,0,5.109288930892944,0
tree_d3f2,sparse,medium,p3_c105_mp3_pen0_h0,202,4,4,4,0,462,856,213,76,319,95,0,4.925321578979492,0
tree_d3f2,sparse,medium,p3_c105_mp3_pen0_h2,202,3,3,3,0,448,847,194,55,288,109,6,4.806806802749634,0
tree_d3f2,sparse,medium,p3_c120_mp1_pen1_h0,42,3,4,4,0,434,793,213,55,298,90,0,4.203657388687134,0
tree_d3f2,sparse,medium,p3_c105_mp3_pen0_h5,101,4,4,4,0,474,903,198,76,307,113,6,4.609079360961914,0
tree_d3f2,sparse,medium,p3_c105_mp3_pen0_h5,202,2,3,2,1,424,803,180,38,258,115,6,4.585185289382935,0
tree_d3f2,sparse,medium,p3_c105_mp3_pen0_h2,42,4,4,4,0,490,916,224,76,323,113,6,5.287424802780151,0
tree_d3f2,sparse,medium,p3_c105_mp3_pen0_h2,101,4,4,4,0,474,903,198,76,307,113,6,5.310427188873291,0
tree_d3f2,sparse,medium,p3_c105_mp3_pen0_h5,42,4,4,4,0,495,932,222,76,323,118,6,5.31945538520813,0
tree_d3f2,sparse,medium,p3_c120_mp1_pen1_h2,42,4,4,4,0,490,916,224,76,323,113,6,4.808434009552002,0
tree_d3f2,sparse,medium,p3_c120_mp1_pen1_h0,101,4,4,4,0,426,795,188,59,288,91,0,5.1092963218688965,0
tree_d3f2,sparse,medium,p3_c120_mp1_pen1_h0,202,4,4,4,0,462,856,213,76,319,95,0,5.116256952285767,0
tree_d3f2,sparse,medium,p3_c120_mp1_pen0_h0,202,4,4,4,0,462,856,213,76,319,95,0,3.888017177581787,0
tree_d3f2,sparse,medium,p3_c120_mp1_pen1_h2,101,4,4,4,0,474,903,198,76,307,113,6,5.018637657165527,0
tree_d3f2,sparse,medium,p3_c120_mp1_pen1_h2,202,3,3,3,0,448,847,194,55,288,109,6,5.057502269744873,0
tree_d3f2,sparse,medium,p3_c120_mp1_pen1_h5,42,4,4,4,0,495,932,222,76,323,118,6,5.072630405426025,0
tree_d3f2,sparse,medium,p3_c120_mp1_pen1_h5,101,4,4,4,0,474,903,198,76,307,113,6,5.1189234256744385,0
tree_d3f2,sparse,medium,p3_c120_mp1_pen1_h5,202,2,3,2,1,422,801,180,38,258,115,6,5.1453187465667725,0
tree_d3f2,sparse,medium,p3_c120_mp1_pen0_h0,101,4,4,4,0,426,795,188,59,288,91,0,4.83891487121582,0
tree_d3f2,sparse,medium,p3_c120_mp1_pen0_h0,42,3,4,4,0,434,793,213,55,298,90,0,5.129551649093628,0
tree_d3f2,sparse,medium,p3_c120_mp1_pen0_h2,101,4,4,4,0,474,903,198,76,307,113,6,4.863818168640137,0
tree_d3f2,sparse,medium,p3_c120_mp1_pen0_h2,42,4,4,4,0,490,916,224,76,323,113,6,5.15989089012146,0
tree_d3f2,sparse,medium,p3_c120_mp1_pen0_h5,42,4,4,4,0,495,932,222,76,323,118,6,4.827017068862915,0
tree_d3f2,sparse,medium,p3_c120_mp1_pen0_h2,202,3,3,3,0,448,847,194,55,288,109,6,5.123551845550537,0
tree_d3f2,sparse,medium,p3_c120_mp1_pen0_h5,101,4,4,4,0,474,903,198,76,307,113,6,5.075974225997925,0
tree_d3f2,sparse,medium,p3_c120_mp2_pen1_h0,101,4,4,4,0,426,795,188,59,288,91,0,5.045391321182251,0
tree_d3f2,sparse,medium,p3_c120_mp1_pen0_h5,202,2,3,2,1,422,801,180,38,258,115,6,5.226766109466553,0
tree_d3f2,sparse,medium,p3_c120_mp2_pen1_h0,42,3,4,4,0,434,793,213,55,298,90,0,5.219116926193237,0
tree_d3f2,sparse,medium,p3_c120_mp2_pen1_h0,202,4,4,4,0,462,856,213,76,319,95,0,5.137469053268433,0
tree_d3f2,sparse,medium,p3_c120_mp2_pen1_h2,101,4,4,4,0,474,903,198,76,307,113,6,4.3259687423706055,0
tree_d3f2,sparse,medium,p3_c120_mp2_pen1_h2,42,4,4,4,0,490,916,224,76,323,113,6,5.321261167526245,0
tree_d3f2,sparse,medium,p3_c120_mp2_pen1_h2,202,3,3,3,0,448,847,194,55,288,109,6,4.875379323959351,0
tree_d3f2,sparse,medium,p3_c120_mp2_pen1_h5,42,4,4,4,0,495,932,222,76,323,118,6,4.853372097015381,0
tree_d3f2,sparse,medium,p3_c120_mp2_pen1_h5,101,4,4,4,0,474,903,198,76,307,113,6,4.847220182418823,0
tree_d3f2,sparse,medium,p3_c120_mp2_pen1_h5,202,2,3,2,1,423,802,180,38,258,115,6,4.978480577468872,0
tree_d3f2,sparse,medium,p3_c120_mp2_pen0_h2,101,4,4,4,0,474,903,198,76,307,113,6,4.73136043548584,0
tree_d3f2,sparse,medium,p3_c120_mp2_pen0_h0,42,3,4,4,0,434,793,213,55,298,90,0,5.330183267593384,0
tree_d3f2,sparse,medium,p3_c120_mp2_pen0_h0,101,4,4,4,0,426,795,188,59,288,91,0,5.069133281707764,0
tree_d3f2,sparse,medium,p3_c120_mp2_pen0_h0,202,4,4,4,0,462,856,213,76,319,95,0,5.001734495162964,0
tree_d3f2,sparse,medium,p3_c120_mp2_pen0_h2,42,4,4,4,0,490,916,224,76,323,113,6,4.945690631866455,0
tree_d3f2,sparse,medium,p3_c120_mp2_pen0_h5,202,2,3,2,1,423,802,180,38,258,115,6,4.24472188949585,0
tree_d3f2,sparse,medium,p3_c120_mp3_pen1_h0,101,4,4,4,0,426,795,188,59,288,91,0,4.379771709442139,0
tree_d3f2,sparse,medium,p3_c120_mp2_pen0_h5,101,4,4,4,0,474,903,198,76,307,113,6,4.86063551902771,0
tree_d3f2,sparse,medium,p3_c120_mp2_pen0_h2,202,3,3,3,0,448,847,194,55,288,109,6,5.153870105743408,0
tree_d3f2,sparse,medium,p3_c120_mp2_pen0_h5,42,4,4,4,0,495,932,222,76,323,118,6,5.206644296646118,0
tree_d3f2,sparse,medium,p3_c120_mp3_pen1_h0,42,3,4,4,0,434,793,213,55,298,90,0,4.997800350189209,0
tree_d3f2,sparse,medium,p3_c120_mp3_pen1_h0,202,4,4,4,0,462,856,213,76,319,95,0,5.210996866226196,0
tree_d3f2,sparse,medium,p3_c120_mp3_pen1_h2,202,3,3,3,0,448,847,194,55,288,109,6,4.8340842723846436,0
tree_d3f2,sparse,medium,p3_c120_mp3_pen1_h2,42,4,4,4,0,490,916,224,76,323,113,6,5.3032519817352295,0
tree_d3f2,sparse,medium,p3_c120_mp3_pen1_h5,42,4,4,4,0,495,932,222,76,323,118,6,4.752748727798462,0
tree_d3f2,sparse,medium,p3_c120_mp3_pen1_h2,101,4,4,4,0,474,903,198,76,307,113,6,5.140412092208862,0
tree_d3f2,sparse,medium,p3_c120_mp3_pen0_h2,42,4,4,4,0,490,916,224,76,323,113,6,4.006112813949585,0
tree_d3f2,sparse,medium,p3_c120_mp3_pen1_h5,202,2,3,2,1,424,803,180,38,258,115,6,4.830648183822632,0
tree_d3f2,sparse,medium,p3_c120_mp3_pen1_h5,101,4,4,4,0,474,903,198,76,307,113,6,5.184837102890015,0
tree_d3f2,sparse,medium,p3_c120_mp3_pen0_h0,202,4,4,4,0,462,856,213,76,319,95,0,5.018065929412842,0
tree_d3f2,sparse,medium,p3_c120_mp3_pen0_h0,101,4,4,4,0,426,795,188,59,288,91,0,5.040863275527954,0
tree_d3f2,sparse,medium,p3_c120_mp3_pen0_h0,42,3,4,4,0,434,793,213,55,298,90,0,5.171978235244751,0
tree_d3f2,sparse,medium,p3_c120_mp3_pen0_h2,101,4,4,4,0,474,903,198,76,307,113,6,4.80501127243042,0
tree_d3f2,sparse,medium,p3_c120_mp3_pen0_h2,202,3,3,3,0,448,847,194,55,288,109,6,5.1891186237335205,0
tree_d3f2,sparse,medium,p3_c120_mp3_pen0_h5,42,4,4,4,0,495,932,222,76,323,118,6,4.776490926742554,0
tree_d3f2,sparse,medium,p3_c120_mp3_pen0_h5,202,2,3,2,1,424,803,180,38,258,115,6,4.9351418018341064,0
tree_d3f2,sparse,medium,p3_c160_mp1_pen1_h0,42,3,4,4,0,434,793,213,55,298,90,0,4.889215469360352,0
tree_d3f2,sparse,medium,p3_c120_mp3_pen0_h5,101,4,4,4,0,474,903,198,76,307,113,6,5.073047399520874,0
tree_d3f2,sparse,medium,p3_c160_mp1_pen1_h0,101,4,4,4,0,426,795,188,59,288,91,0,4.56955099105835,0
tree_d3f2,sparse,medium,p3_c160_mp1_pen1_h2,101,4,4,4,0,474,903,198,76,307,113,6,4.6516032218933105,0
tree_d3f2,sparse,medium,p3_c160_mp1_pen1_h2,42,4,4,4,0,490,916,224,76,323,113,6,4.955899953842163,0
tree_d3f2,sparse,medium,p3_c160_mp1_pen1_h0,202,4,4,4,0,462,856,213,76,319,95,0,5.149351596832275,0
tree_d3f2,sparse,medium,p3_c160_mp1_pen1_h2,202,3,3,3,0,448,847,194,55,288,109,6,5.057218790054321,0
tree_d3f2,sparse,medium,p3_c160_mp1_pen1_h5,42,4,4,4,0,495,932,222,76,323,118,6,5.120781421661377,0
tree_d3f2,sparse,medium,p3_c160_mp1_pen0_h0,42,3,4,4,0,434,793,213,55,298,90,0,4.779567003250122,0
tree_d3f2,sparse,medium,p3_c160_mp1_pen0_h0,101,4,4,4,0,426,795,188,59,288,91,0,4.8308961391448975,0
tree_d3f2,sparse,medium,p3_c160_mp1_pen1_h5,101,4,4,4,0,474,903,198,76,307,113,6,5.153635740280151,0
tree_d3f2,sparse,medium,p3_c160_mp1_pen1_h5,202,2,3,2,1,422,801,180,38,258,115,6,5.200472354888916,0
tree_d3f2,sparse,medium,p3_c160_mp1_pen0_h0,202,4,4,4,0,462,856,213,76,319,95,0,5.028050661087036,0
tree_d3f2,sparse,medium,p3_c160_mp1_pen0_h2,42,4,4,4,0,490,916,224,76,323,113,6,4.903994798660278,0
tree_d3f2,sparse,medium,p3_c160_mp1_pen0_h5,202,2,3,2,1,422,801,180,38,258,115,6,4.929811000823975,0
tree_d3f2,sparse,medium,p3_c160_mp1_pen0_h5,42,4,4,4,0,495,932,222,76,323,118,6,5.107504367828369,0
tree_d3f2,sparse,medium,p3_c160_mp1_pen0_h2,101,4,4,4,0,474,903,198,76,307,113,6,5.156834602355957,0
tree_d3f2,sparse,medium,p3_c160_mp1_pen0_h5,101,4,4,4,0,474,903,198,76,307,113,6,5.138493537902832,0
tree_d3f2,sparse,medium,p3_c160_mp1_pen0_h2,202,3,3,3,0,448,847,194,55,288,109,6,5.291779041290283,0
tree_d3f2,sparse,medium,p3_c160_mp2_pen1_h0,42,3,4,4,0,434,793,213,55,298,90,0,5.144220590591431,0
tree_d3f2,sparse,medium,p3_c160_mp2_pen1_h0,101,4,4,4,0,426,795,188,59,288,91,0,5.061575174331665,0
tree_d3f2,sparse,medium,p3_c160_mp2_pen1_h0,202,4,4,4,0,462,856,213,76,319,95,0,4.94990348815918,0
tree_d3f2,sparse,medium,p3_c160_mp2_pen1_h2,101,4,4,4,0,474,903,198,76,307,113,6,5.041527032852173,0
tree_d3f2,sparse,medium,p3_c160_mp2_pen1_h2,42,4,4,4,0,490,916,224,76,323,113,6,5.19739294052124,0
tree_d3f2,sparse,medium,p3_c160_mp2_pen1_h2,202,3,3,3,0,448,847,194,55,288,109,6,5.182110548019409,0
tree_d3f2,sparse,medium,p3_c160_mp2_pen1_h5,42,4,4,4,0,495,932,222,76,323,118,6,4.947195529937744,0
tree_d3f2,sparse,medium,p3_c160_mp2_pen1_h5,101,4,4,4,0,474,903,198,76,307,113,6,5.106806755065918,0
tree_d3f2,sparse,medium,p3_c160_mp2_pen0_h0,202,4,4,4,0,462,856,213,76,319,95,0,4.54462456703186,0
tree_d3f2,sparse,medium,p3_c160_mp2_pen0_h0,101,4,4,4,0,426,795,188,59,288,91,0,4.887000322341919,0
tree_d3f2,sparse,medium,p3_c160_mp2_pen0_h5,42,4,4,4,0,495,932,222,76,323,118,6,4.186602830886841,0
tree_d3f2,sparse,medium,p3_c160_mp2_pen0_h0,42,3,4,4,0,434,793,213,55,298,90,0,5.117382764816284,0
tree_d3f2,sparse,medium,p3_c160_mp2_pen0_h2,42,4,4,4,0,490,916,224,76,323,113,6,4.76004433631897,0
tree_d3f2,sparse,medium,p3_c160_mp2_pen1_h5,202,2,3,2,1,423,802,180,38,258,115,6,5.298138618469238,0
tree_d3f2,sparse,medium,p3_c160_mp2_pen0_h2,101,4,4,4,0,474,903,198,76,307,113,6,4.99729323387146,0
tree_d3f2,sparse,medium,p3_c160_mp2_pen0_h2,202,3,3,3,0,448,847,194,55,288,109,6,4.908864498138428,0
tree_d3f2,sparse,medium,p3_c160_mp2_pen0_h5,202,2,3,2,1,423,802,180,38,258,115,6,4.772223234176636,0
tree_d3f2,sparse,medium,p3_c160_mp3_pen1_h0,42,3,4,4,0,434,793,213,55,298,90,0,4.620463132858276,0
tree_d3f2,sparse,medium,p3_c160_mp2_pen0_h5,101,4,4,4,0,474,903,198,76,307,113,6,5.199053525924683,0
tree_d3f2,sparse,medium,p3_c160_mp3_pen1_h0,101,4,4,4,0,426,795,188,59,288,91,0,5.135628700256348,0
cluster_big,medium,medium,baseline,42,0,6,6,0,182,732,19,0,110,58,0,2.0728509426116943,0
tree_d3f2,sparse,medium,p3_c160_mp3_pen1_h0,202,4,4,4,0,462,856,213,76,319,95,0,5.073133707046509,0
tree_d3f2,sparse,medium,p3_c160_mp3_pen1_h2,42,4,4,4,0,490,916,224,76,323,113,6,5.00877046585083,0
cluster_big,medium,medium,baseline,101,6,6,6,0,215,825,44,22,135,59,0,2.667997121810913,0
tree_d3f2,sparse,medium,p3_c160_mp3_pen1_h2,101,4,4,4,0,474,903,198,76,307,113,6,5.1360924243927,0
cluster_big,medium,medium,p3_c40_mp1_pen1_h0,202,1,6,0,6,166,667,19,11,74,76,0,2.5503156185150146,0
cluster_big,medium,medium,baseline,202,6,6,3,3,211,840,29,33,104,85,0,2.6596226692199707,0
cluster_big,medium,medium,p3_c40_mp1_pen1_h0,101,6,6,0,6,223,888,34,66,120,83,0,2.6767258644104004,0
cluster_big,medium,medium,p3_c40_mp1_pen1_h0,42,0,6,0,6,147,602,11,0,50,83,0,2.750563621520996,0
tree_d3f2,sparse,medium,p3_c160_mp3_pen1_h5,202,2,3,2,1,424,803,180,38,258,115,6,4.870107173919678,0
tree_d3f2,sparse,medium,p3_c160_mp3_pen1_h5,101,4,4,4,0,474,903,198,76,307,113,6,4.919533014297485,0
tree_d3f2,sparse,medium,p3_c160_mp3_pen1_h2,202,3,3,3,0,448,847,194,55,288,109,6,5.095786094665527,0
tree_d3f2,sparse,medium,p3_c160_mp3_pen1_h5,42,4,4,4,0,495,932,222,76,323,118,6,5.111686706542969,0
tree_d3f2,sparse,medium,p3_c160_mp3_pen0_h0,202,4,4,4,0,462,856,213,76,319,95,0,4.604787588119507,0
cluster_big,medium,medium,p3_c40_mp1_pen1_h2,42,6,6,0,6,233,956,13,66,120,91,2,2.627323627471924,0
tree_d3f2,sparse,medium,p3_c160_mp3_pen0_h0,42,3,4,4,0,434,793,213,55,298,90,0,5.084850311279297,0
cluster_big,medium,medium,p3_c40_mp1_pen1_h2,101,6,6,0,6,234,958,16,66,120,92,2,2.711371898651123,0
cluster_big,medium,medium,p3_c40_mp1_pen1_h5,42,6,6,0,6,247,1010,21,56,110,112,5,2.221403121948242,0
tree_d3f2,sparse,medium,p3_c160_mp3_pen0_h2,101,4,4,4,0,474,903,198,76,307,113,6,4.5832014083862305,0
tree_d3f2,sparse,medium,p3_c160_mp3_pen0_h0,101,4,4,4,0,426,795,188,59,288,91,0,5.0824034214019775,0
cluster_big,medium,medium,p3_c40_mp1_pen1_h2,202,6,6,0,6,237,972,11,66,125,89,3,2.3985133171081543,0
tree_d3f2,sparse,medium,p3_c160_mp3_pen0_h2,42,4,4,4,0,490,916,224,76,323,113,6,5.120371103286743,0
tree_d3f2,sparse,medium,p3_c160_mp3_pen0_h5,101,4,4,4,0,474,903,198,76,307,113,6,4.461499929428101,0
tree_d3f2,sparse,medium,p3_c160_mp3_pen0_h2,202,3,3,3,0,448,847,194,55,288,109,6,4.973322868347168,0
cluster_big,medium,medium,p3_c40_mp1_pen0_h0,101,6,6,4,2,221,874,33,40,125,75,0,2.3062286376953125,0
cluster_big,medium,medium,p3_c40_mp1_pen1_h5,101,6,6,0,6,250,1015,26,66,120,106,4,2.7869210243225098,0
tree_d3f2,sparse,medium,p3_c160_mp3_pen0_h5,42,4,4,4,0,495,932,222,76,323,118,6,5.033605575561523,0
cluster_big,medium,medium,p3_c40_mp1_pen1_h5,202,6,6,0,6,245,1006,13,66,125,96,4,2.694650888442993,0
cluster_big,medium,medium,p3_c40_mp1_pen0_h0,42,0,6,4,2,170,693,12,0,90,66,0,2.649587631225586,0
tree_d3f2,sparse,medium,p3_c160_mp3_pen0_h5,202,2,3,2,1,424,803,180,38,258,115,6,4.779808282852173,0
cluster_big,medium,medium,p3_c40_mp1_pen0_h0,202,4,6,3,3,199,790,27,23,104,75,0,2.7296323776245117,0
cluster_big,medium,medium,p3_c40_mp1_pen0_h2,101,6,6,3,3,235,948,24,50,120,91,2,2.3737359046936035,0
cluster_big,medium,medium,p3_c40_mp1_pen0_h2,42,5,6,4,2,210,837,25,25,115,74,2,2.671211004257202,0
cluster_big,medium,medium,p3_c40_mp1_pen0_h5,42,6,6,4,2,240,965,26,26,120,95,5,2.4852256774902344,0
cluster_big,medium,medium,p3_c40_mp1_pen0_h5,101,6,6,3,3,240,969,27,39,110,105,4,2.524282455444336,0
cluster_big,medium,medium,p3_c40_mp1_pen0_h2,202,6,6,3,3,236,939,27,47,135,77,3,2.653693914413452,0
cluster_big,medium,medium,p3_c40_mp1_pen0_h5,202,6,6,4,2,240,956,28,37,135,80,4,2.6697723865509033,0
cluster_big,medium,medium,p3_c40_mp2_pen1_h0,202,1,6,0,6,172,673,19,11,74,76,0,2.570403814315796,0
cluster_big,medium,medium,p3_c40_mp2_pen1_h0,101,6,6,0,6,229,886,40,66,120,83,0,2.6710751056671143,0
cluster_big,medium,medium,p3_c40_mp2_pen1_h0,42,0,6,0,6,153,608,11,0,50,83,0,2.752804756164551,0
cluster_big,medium,medium,p3_c40_mp2_pen1_h2,42,6,6,0,6,239,962,13,66,120,91,2,2.610151529312134,0
cluster_big,medium,medium,p3_c40_mp2_pen1_h5,101,6,6,0,6,251,1004,23,61,115,106,4,2.407548666000366,0
cluster_big,medium,medium,p3_c40_mp2_pen1_h2,101,6,6,0,6,240,964,16,66,120,92,2,2.675496816635132,0
cluster_big,medium,medium,p3_c40_mp2_pen0_h0,202,4,6,3,3,202,793,27,23,104,75,0,2.339366912841797,0
cluster_big,medium,medium,p3_c40_mp2_pen1_h2,202,6,6,0,6,243,978,11,66,125,89,3,2.7072348594665527,0
cluster_big,medium,medium,p3_c40_mp2_pen1_h5,42,6,6,0,6,253,1016,21,56,110,112,5,2.5963382720947266,0
cluster_big,medium,medium,p3_c40_mp2_pen0_h0,101,6,6,3,3,232,920,29,54,120,87,0,2.5034029483795166,0
cluster_big,medium,medium,p3_c40_mp2_pen1_h5,202,6,6,0,6,251,1012,13,66,125,96,4,2.7384767532348633,0
cluster_big,medium,medium,p3_c40_mp2_pen0_h0,42,0,6,4,2,172,686,19,0,90,66,0,2.732130527496338,0
cluster_big,medium,medium,p3_c40_mp2_pen0_h2,202,6,6,3,3,239,950,21,47,135,77,3,2.410597085952759,0
cluster_big,medium,medium,p3_c40_mp2_pen0_h2,42,5,6,4,2,212,839,25,25,115,74,2,2.5282740592956543,0
cluster_big,medium,medium,p3_c40_mp2_pen0_h2,101,6,6,3,3,238,951,24,50,120,91,2,2.549065113067627,0
cluster_big,medium,medium,p3_c40_mp3_pen1_h0,202,1,6,0,6,178,677,21,11,74,76,0,2.263842821121216,0
cluster_big,medium,medium,p3_c40_mp3_pen1_h0,101,6,6,0,6,235,905,31,66,120,83,0,2.4114630222320557,0
cluster_big,medium,medium,p3_c40_mp2_pen0_h5,101,6,6,3,3,243,971,28,39,110,105,4,2.655482292175293,0
cluster_big,medium,medium,p3_c40_mp2_pen0_h5,42,6,6,3,3,250,1008,23,39,110,111,5,2.742103338241577,0
cluster_big,medium,medium,p3_c40_mp2_pen0_h5,202,6,6,4,2,242,958,28,37,135,80,4,2.7221014499664307,0
cluster_big,medium,medium,p3_c40_mp3_pen1_h0,42,0,6,0,6,157,602,13,0,50,81,0,2.6257617473602295,0
cluster_big,medium,medium,p3_c40_mp3_pen1_h2,42,6,6,0,6,245,964,17,66,120,91,2,2.499378204345703,0
cluster_big,medium,medium,p3_c40_mp3_pen1_h2,202,6,6,0,6,244,960,13,61,120,89,3,2.4330310821533203,0
cluster_big,medium,medium,p3_c40_mp3_pen1_h2,101,6,6,0,6,246,959,25,66,120,92,2,2.627239942550659,0
cluster_big,medium,medium,p3_c40_mp3_pen1_h5,202,6,6,0,6,257,1017,14,66,125,96,4,2.4870660305023193,0
cluster_big,medium,medium,p3_c40_mp3_pen1_h5,101,6,6,0,6,257,1010,23,61,115,106,4,2.57456111907959,0
cluster_big,medium,medium,p3_c40_mp3_pen1_h5,42,6,6,0,6,259,1023,20,56,110,112,5,2.6927740573883057,0
cluster_big,medium,medium,p3_c40_mp3_pen0_h0,42,0,6,4,2,169,674,13,0,85,66,0,2.5820960998535156,0
cluster_big,medium,medium,p3_c40_mp3_pen0_h0,101,6,6,3,3,235,920,32,54,120,87,0,2.6695809364318848,0
cluster_big,medium,medium,p3_c40_mp3_pen0_h0,202,4,6,3,3,207,798,29,25,114,67,0,2.6448349952697754,0
cluster_big,medium,medium,p3_c40_mp3_pen0_h5,101,6,6,3,3,246,974,28,39,110,105,4,2.456876277923584,0
cluster_big,medium,medium,p3_c40_mp3_pen0_h2,42,5,6,4,2,214,841,25,25,115,74,2,2.649428367614746,0
cluster_big,medium,medium,p3_c100_mp1_pen1_h2,42,6,6,0,6,233,956,13,66,120,91,2,2.2577106952667236,0
cluster_big,medium,medium,p3_c40_mp3_pen0_h2,202,6,6,3,3,234,927,19,39,115,89,3,2.6348562240600586,0
cluster_big,medium,medium,p3_c40_mp3_pen0_h5,202,6,6,4,2,244,967,21,37,135,80,4,2.5983872413635254,0
cluster_big,medium,medium,p3_c100_mp1_pen1_h0,202,1,6,0,6,166,667,19,11,74,76,0,2.3874027729034424,0
cluster_big,medium,medium,p3_c40_mp3_pen0_h2,101,6,6,3,3,249,979,27,58,140,79,2,2.7641165256500244,0
cluster_big,medium,medium,p3_c100_mp1_pen1_h0,101,6,6,0,6,223,888,34,66,120,83,0,2.534217596054077,0
cluster_big,medium,medium,p3_c100_mp1_pen1_h0,42,0,6,0,6,147,602,11,0,50,83,0,2.6928017139434814,0
cluster_big,medium,medium,p3_c100_mp1_pen1_h2,202,6,6,0,6,237,972,11,66,125,89,3,2.2536306381225586,0
cluster_big,medium,medium,p3_c40_mp3_pen0_h5,42,6,6,4,2,244,965,30,26,120,95,5,2.778055191040039,0
cluster_big,medium,medium,p3_c100_mp1_pen1_h2,101,6,6,0,6,234,958,16,66,120,92,2,2.3322854042053223,0
cluster_big,medium,medium,p3_c100_mp1_pen1_h5,42,6,6,0,6,247,1010,21,56,110,112,5,2.288684368133545,0
cluster_big,medium,medium,p3_c100_mp1_pen1_h5,202,6,6,0,6,245,1006,13,66,125,96,4,2.5947306156158447,0
cluster_big,medium,medium,p3_c100_mp1_pen1_h5,101,6,6,0,6,250,1015,26,66,120,106,4,2.751986503601074,0
cluster_big,medium,medium,p3_c100_mp1_pen0_h0,101,6,6,4,2,221,874,33,40,125,75,0,2.62300705909729,0
cluster_big,medium,medium,p3_c100_mp1_pen0_h0,42,0,6,4,2,170,693,12,0,90,66,0,2.7096757888793945,0
cluster_big,medium,medium,p3_c100_mp1_pen0_h0,202,4,6,3,3,199,790,27,23,104,75,0,2.7147223949432373,0
cluster_big,medium,medium,p3_c100_mp1_pen0_h2,42,5,6,4,2,210,837,25,25,115,74,2,2.7372963428497314,0
cluster_big,medium,medium,p3_c100_mp1_pen0_h2,101,6,6,3,3,235,948,24,50,120,91,2,2.722076177597046,0
cluster_big,medium,medium,p3_c100_mp1_pen0_h5,101,6,6,3,3,240,969,27,39,110,105,4,2.413275718688965,0
cluster_big,medium,medium,p3_c100_mp1_pen0_h5,202,6,6,4,2,240,956,28,37,135,80,4,2.4229419231414795,0
cluster_big,medium,medium,p3_c100_mp1_pen0_h2,202,6,6,3,3,236,939,27,47,135,77,3,2.692948818206787,0
cluster_big,medium,medium,p3_c100_mp1_pen0_h5,42,6,6,4,2,240,965,26,26,120,95,5,2.6693551540374756,0
cluster_big,medium,medium,p3_c100_mp2_pen1_h5,101,6,6,0,6,251,1004,23,61,115,106,4,1.91898512840271,0
cluster_big,medium,medium,p3_c100_mp2_pen1_h0,42,0,6,0,6,153,608,11,0,50,83,0,2.692812204360962,0
cluster_big,medium,medium,p3_c100_mp2_pen1_h2,42,6,6,0,6,239,962,13,66,120,91,2,2.321625232696533,0
cluster_big,medium,medium,p3_c100_mp2_pen1_h5,42,6,6,0,6,253,1016,21,56,110,112,5,2.2566144466400146,0
cluster_big,medium,medium,p3_c100_mp2_pen1_h0,101,6,6,0,6,229,886,40,66,120,83,0,2.7399792671203613,0
cluster_big,medium,medium,p3_c100_mp2_pen1_h0,202,1,6,0,6,172,673,19,11,74,76,0,2.5854833126068115,0
cluster_big,medium,medium,p3_c100_mp2_pen1_h2,202,6,6,0,6,243,978,11,66,125,89,3,2.6335182189941406,0
cluster_big,medium,medium,p3_c100_mp2_pen0_h0,202,4,6,3,3,202,793,27,23,104,75,0,2.4695606231689453,0
cluster_big,medium,medium,p3_c100_mp2_pen0_h5,42,6,6,3,3,250,1008,23,39,110,111,5,2.35595440864563,0
cluster_big,medium,medium,p3_c100_mp2_pen1_h2,101,6,6,0,6,240,964,16,66,120,92,2,2.7060041427612305,0
cluster_big,medium,medium,p3_c100_mp2_pen0_h0,42,0,6,4,2,172,686,19,0,90,66,0,2.565227746963501,0
cluster_big,medium,medium,p3_c100_mp2_pen1_h5,202,6,6,0,6,251,1012,13,66,125,96,4,2.6655030250549316,0
cluster_big,medium,medium,p3_c100_mp2_pen0_h2,42,5,6,4,2,212,839,25,25,115,74,2,2.6757888793945312,0
cluster_big,medium,medium,p3_c100_mp2_pen0_h0,101,6,6,3,3,232,920,29,54,120,87,0,2.741405725479126,0
cluster_big,medium,medium,p3_c100_mp2_pen0_h2,101,6,6,3,3,238,951,24,50,120,91,2,2.7192153930664062,0
cluster_big,medium,medium,p3_c100_mp2_pen0_h2,202,6,6,3,3,239,950,21,47,135,77,3,2.7392985820770264,0
cluster_big,medium,medium,p3_c100_mp2_pen0_h5,101,6,6,3,3,243,971,28,39,110,105,4,2.695499897003174,0
cluster_big,medium,medium,p3_c100_mp3_pen1_h0,42,0,6,0,6,157,602,13,0,50,81,0,2.429865598678589,0
cluster_big,medium,medium,p3_c100_mp3_pen1_h0,202,1,6,0,6,178,677,21,11,74,76,0,2.3628368377685547,0
cluster_big,medium,medium,p3_c100_mp2_pen0_h5,202,6,6,4,2,242,958,28,37,135,80,4,2.551361322402954,0
cluster_big,medium,medium,p3_c100_mp3_pen1_h0,101,6,6,0,6,235,905,31,66,120,83,0,2.6727383136749268,0
cluster_big,medium,medium,p3_c100_mp3_pen1_h2,42,6,6,0,6,245,964,17,66,120,91,2,2.5929653644561768,0
cluster_big,medium,medium,p3_c100_mp3_pen1_h2,202,6,6,0,6,244,960,13,61,120,89,3,2.3894951343536377,0
cluster_big,medium,medium,p3_c100_mp3_pen1_h2,101,6,6,0,6,246,959,25,66,120,92,2,2.7613654136657715,0
cluster_big,medium,medium,p3_c100_mp3_pen1_h5,42,6,6,0,6,259,1023,20,56,110,112,5,2.3423423767089844,0
cluster_big,medium,medium,p3_c100_mp3_pen0_h0,202,4,6,3,3,207,798,29,25,114,67,0,2.354020833969116,0
cluster_big,medium,medium,p3_c100_mp3_pen1_h5,202,6,6,0,6,257,1017,14,66,125,96,4,2.6825270652770996,0
cluster_big,medium,medium,p3_c100_mp3_pen1_h5,101,6,6,0,6,257,1010,23,61,115,106,4,2.6959733963012695,0
cluster_big,medium,medium,p3_c100_mp3_pen0_h0,42,0,6,4,2,169,674,13,0,85,66,0,2.708794355392456,0
cluster_big,medium,medium,p3_c100_mp3_pen0_h0,101,6,6,3,3,235,920,32,54,120,87,0,2.695617437362671,0
cluster_big,medium,medium,p3_c100_mp3_pen0_h2,101,6,6,3,3,249,979,27,58,140,79,2,2.5239005088806152,0
cluster_big,medium,medium,p3_c100_mp3_pen0_h2,42,5,6,4,2,214,841,25,25,115,74,2,2.7597460746765137,0
cluster_big,medium,medium,p3_c100_mp3_pen0_h2,202,6,6,3,3,234,927,19,39,115,89,3,2.648676633834839,0
cluster_big,medium,medium,p3_c100_mp3_pen0_h5,42,6,6,4,2,244,965,30,26,120,95,5,2.62713885307312,0
cluster_big,medium,medium,p3_c105_mp1_pen1_h0,101,6,6,6,0,215,825,44,22,135,59,0,2.5246493816375732,0
cluster_big,medium,medium,p3_c100_mp3_pen0_h5,101,6,6,3,3,246,974,28,39,110,105,4,2.595513105392456,0
cluster_big,medium,medium,p3_c105_mp1_pen1_h2,101,6,6,5,1,222,888,23,25,120,79,2,2.3584256172180176,0
cluster_big,medium,medium,p3_c100_mp3_pen0_h5,202,6,6,4,2,244,967,21,37,135,80,4,2.6301217079162598,0
cluster_big,medium,medium,p3_c105_mp1_pen1_h0,202,6,6,5,1,215,843,34,25,124,69,0,2.6011853218078613,0
cluster_big,medium,medium,p3_c105_mp1_pen1_h0,42,0,6,6,0,182,732,19,0,110,58,0,2.674506187438965,0
cluster_big,medium,medium,p3_c105_mp1_pen1_h2,42,5,6,6,0,202,794,28,5,115,66,2,2.6091346740722656,0
cluster_big,medium,medium,p3_c105_mp1_pen1_h5,202,6,6,4,2,258,1044,22,55,135,96,4,2.427321195602417,0
cluster_big,medium,medium,p3_c105_mp1_pen1_h5,42,6,6,6,0,232,920,31,6,120,87,5,2.5909252166748047,0
cluster_big,medium,medium,p3_c105_mp1_pen1_h2,202,6,6,5,1,226,897,27,25,125,77,3,2.652068853378296,0
cluster_big,medium,medium,p3_c105_mp1_pen1_h5,101,6,6,5,1,255,1026,25,42,140,89,4,2.7428743839263916,0
cluster_big,medium,medium,p3_c105_mp1_pen0_h0,101,6,6,6,0,215,825,44,22,135,59,0,2.3030524253845215,0
cluster_big,medium,medium,p3_c105_mp1_pen0_h0,42,0,6,6,0,182,732,19,0,110,58,0,2.5205578804016113,0
cluster_big,medium,medium,p3_c105_mp1_pen0_h0,202,6,6,5,1,215,843,34,25,124,69,0,2.462343215942383,0
cluster_big,medium,medium,p3_c105_mp1_pen0_h2,42,5,6,6,0,202,794,28,5,115,66,2,2.620819568634033,0
cluster_big,medium,medium,p3_c105_mp1_pen0_h2,202,6,6,5,1,226,897,27,25,125,77,3,2.5251760482788086,0
cluster_big,medium,medium,p3_c105_mp1_pen0_h2,101,6,6,5,1,222,888,23,25,120,79,2,2.7213692665100098,0
cluster_big,medium,medium,p3_c105_mp1_pen0_h5,101,6,6,5,1,255,1026,25,42,140,89,4,2.53104567527771,0
cluster_big,medium,medium,p3_c105_mp1_pen0_h5,42,6,6,6,0,232,920,31,6,120,87,5,2.609476089477539,0
cluster_big,medium,medium,p3_c105_mp2_pen1_h2,101,6,6,5,1,223,889,23,25,120,79,2,2.2178940773010254,0
cluster_big,medium,medium,p3_c105_mp1_pen0_h5,202,6,6,4,2,258,1044,22,55,135,96,4,2.6512393951416016,0
cluster_big,medium,medium,p3_c105_mp2_pen1_h0,101,6,6,6,0,215,825,44,22,135,59,0,2.6473989486694336,0
cluster_big,medium,medium,p3_c105_mp2_pen1_h0,202,6,6,5,1,216,844,34,25,124,69,0,2.6354470252990723,0
cluster_big,medium,medium,p3_c105_mp2_pen1_h0,42,0,6,6,0,182,732,19,0,110,58,0,2.7190208435058594,0
cluster_big,medium,medium,p3_c105_mp2_pen1_h2,42,5,6,6,0,202,794,28,5,115,66,2,2.738227128982544,0
cluster_big,medium,medium,p3_c105_mp2_pen0_h2,101,6,6,5,1,223,889,23,25,120,79,2,2.183959484100342,0
cluster_big,medium,medium,p3_c105_mp2_pen0_h0,42,0,6,6,0,182,732,19,0,110,58,0,2.336052894592285,0
cluster_big,medium,medium,p3_c105_mp2_pen0_h0,202,6,6,5,1,216,844,34,25,124,69,0,2.4047155380249023,0
cluster_big,medium,medium,p3_c105_mp2_pen1_h5,101,6,6,5,1,256,1025,27,42,140,89,4,2.6307857036590576,0
cluster_big,medium,medium,p3_c105_mp2_pen1_h2,202,6,6,5,1,227,898,27,25,125,77,3,2.74072527885437,0
cluster_big,medium,medium,p3_c105_mp2_pen1_h5,42,6,6,6,0,232,920,31,6,120,87,5,2.750624656677246,0
cluster_big,medium,medium,p3_c105_mp2_pen0_h2,42,5,6,6,0,202,794,28,5,115,66,2,2.5486161708831787,0
cluster_big,medium,medium,p3_c105_mp2_pen0_h0,101,6,6,6,0,215,825,44,22,135,59,0,2.637321949005127,0
cluster_big,medium,medium,p3_c105_mp2_pen1_h5,202,6,6,4,2,256,1024,24,51,135,92,4,2.737163543701172,0
cluster_big,medium,medium,p3_c105_mp2_pen0_h5,42,6,6,6,0,232,920,31,6,120,87,5,2.604567766189575,0
cluster_big,medium,medium,p3_c105_mp2_pen0_h2,202,6,6,5,1,227,898,27,25,125,77,3,2.6901607513427734,0
cluster_big,medium,medium,p3_c105_mp3_pen1_h0,42,0,6,6,0,182,732,19,0,110,58,0,2.406378746032715,0
cluster_big,medium,medium,p3_c105_mp2_pen0_h5,202,6,6,4,2,256,1024,24,51,135,92,4,2.6055305004119873,0
cluster_big,medium,medium,p3_c105_mp2_pen0_h5,101,6,6,5,1,256,1025,27,42,140,89,4,2.6780495643615723,0
cluster_big,medium,medium,p3_c105_mp3_pen1_h0,101,6,6,6,0,215,825,44,22,135,59,0,2.5064949989318848,0
cluster_big,medium,medium,p3_c105_mp3_pen1_h2,42,5,6,6,0,202,794,28,5,115,66,2,2.5879387855529785,0
cluster_big,medium,medium,p3_c105_mp3_pen1_h0,202,6,6,5,1,217,845,34,25,124,69,0,2.6563570499420166,0
cluster_big,medium,medium,p3_c105_mp3_pen1_h2,101,6,6,5,1,224,890,23,25,120,79,2,2.538698434829712,0
cluster_big,medium,medium,p3_c105_mp3_pen1_h2,202,6,6,5,1,228,899,27,25,125,77,3,2.617497444152832,0
cluster_big,medium,medium,p3_c105_mp3_pen1_h5,42,6,6,6,0,232,920,31,6,120,87,5,2.574540376663208,0
cluster_big,medium,medium,p3_c105_mp3_pen1_h5,101,6,6,5,1,257,1028,25,42,140,89,4,2.7558486461639404,0
cluster_big,medium,medium,p3_c105_mp3_pen1_h5,202,6,6,4,2,258,1024,26,51,135,92,4,2.7314541339874268,0
cluster_big,medium,medium,p3_c105_mp3_pen0_h0,42,0,6,6,0,182,732,19,0,110,58,0,2.521454095840454,0
cluster_big,medium,medium,p3_c105_mp3_pen0_h0,202,6,6,5,1,217,845,34,25,124,69,0,2.3504443168640137,0
cluster_big,medium,medium,p3_c120_mp1_pen1_h0,101,6,6,6,0,215,825,44,22,135,59,0,1.8476231098175049,0
cluster_big,medium,medium,p3_c105_mp3_pen0_h2,42,5,6,6,0,202,794,28,5,115,66,2,2.535168409347534,0
cluster_big,medium,medium,p3_c105_mp3_pen0_h0,101,6,6,6,0,215,825,44,22,135,59,0,2.7356128692626953,0
cluster_big,medium,medium,p3_c105_mp3_pen0_h2,101,6,6,5,1,224,890,23,25,120,79,2,2.6354451179504395,0
cluster_big,medium,medium,p3_c120_mp1_pen1_h0,202,6,6,5,1,215,843,34,25,124,69,0,2.242198944091797,0
cluster_big,medium,medium,p3_c105_mp3_pen0_h2,202,6,6,5,1,228,899,27,25,125,77,3,2.7305939197540283,0
cluster_big,medium,medium,p3_c105_mp3_pen0_h5,101,6,6,5,1,257,1028,25,42,140,89,4,2.6444571018218994,0
cluster_big,medium,medium,p3_c105_mp3_pen0_h5,42,6,6,6,0,232,920,31,6,120,87,5,2.7096011638641357,0
cluster_big,medium,medium,p3_c120_mp1_pen1_h2,202,6,6,5,1,226,897,27,25,125,77,3,2.353987216949463,0
cluster_big,medium,medium,p3_c120_mp1_pen1_h0,42,0,6,6,0,182,732,19,0,110,58,0,2.5576331615448,0
cluster_big,medium,medium,p3_c105_mp3_pen0_h5,202,6,6,4,2,258,1024,26,51,135,92,4,2.7406229972839355,0
cluster_big,medium,medium,p3_c120_mp1_pen1_h2,42,5,6,6,0,202,794,28,5,115,66,2,2.7434144020080566,0
cluster_big,medium,medium,p3_c120_mp1_pen1_h2,101,6,6,5,1,222,888,23,25,120,79,2,2.7409305572509766,0
cluster_big,medium,medium,p3_c120_mp1_pen0_h0,42,0,6,6,0,182,732,19,0,110,58,0,2.5760738849639893,0
cluster_big,medium,medium,p3_c120_mp1_pen1_h5,42,6,6,6,0,232,920,31,6,120,87,5,2.73291015625,0
cluster_big,medium,medium,p3_c120_mp1_pen1_h5,101,6,6,5,1,255,1026,25,42,140,89,4,2.7314529418945312,0
cluster_big,medium,medium,p3_c120_mp1_pen1_h5,202,6,6,4,2,258,1044,22,55,135,96,4,2.7251360416412354,0
cluster_big,medium,medium,p3_c120_mp1_pen0_h0,202,6,6,5,1,215,843,34,25,124,69,0,2.5768918991088867,0
cluster_big,medium,medium,p3_c120_mp1_pen0_h0,101,6,6,6,0,215,825,44,22,135,59,0,2.7372825145721436,0
cluster_big,medium,medium,p3_c120_mp1_pen0_h2,42,5,6,6,0,202,794,28,5,115,66,2,2.501603364944458,0
cluster_big,medium,medium,p3_c120_mp1_pen0_h2,202,6,6,5,1,226,897,27,25,125,77,3,2.316401958465576,0
cluster_big,medium,medium,p3_c120_mp1_pen0_h2,101,6,6,5,1,222,888,23,25,120,79,2,2.675790548324585,0
cluster_big,medium,medium,p3_c120_mp1_pen0_h5,42,6,6,6,0,232,920,31,6,120,87,5,2.5587615966796875,0
cluster_big,medium,medium,p3_c120_mp1_pen0_h5,101,6,6,5,1,255,1026,25,42,140,89,4,2.6604576110839844,0
cluster_big,medium,medium,p3_c120_mp2_pen1_h0,101,6,6,6,0,215,825,44,22,135,59,0,2.2965004444122314,0
cluster_big,medium,medium,p3_c120_mp1_pen0_h5,202,6,6,4,2,258,1044,22,55,135,96,4,2.6315481662750244,0
cluster_big,medium,medium,p3_c120_mp2_pen1_h2,42,5,6,6,0,202,794,28,5,115,66,2,2.521334648132324,0
cluster_big,medium,medium,p3_c120_mp2_pen1_h0,42,0,6,6,0,182,732,19,0,110,58,0,2.6973979473114014,0
cluster_big,medium,medium,p3_c120_mp2_pen1_h0,202,6,6,5,1,216,844,34,25,124,69,0,2.70192289352417,0
cluster_big,medium,medium,p3_c120_mp2_pen1_h2,101,6,6,5,1,223,889,23,25,120,79,2,2.5095763206481934,0
cluster_big,medium,medium,p3_c120_mp2_pen1_h2,202,6,6,5,1,227,898,27,25,125,77,3,2.5760533809661865,0
cluster_big,medium,medium,p3_c120_mp2_pen1_h5,42,6,6,6,0,232,920,31,6,120,87,5,2.569716215133667,0
cluster_big,medium,medium,p3_c120_mp2_pen0_h0,101,6,6,6,0,215,825,44,22,135,59,0,2.4001286029815674,0
cluster_big,medium,medium,p3_c120_mp2_pen1_h5,101,6,6,5,1,256,1025,27,42,140,89,4,2.6661720275878906,0
cluster_big,medium,medium,p3_c120_mp2_pen1_h5,202,6,6,4,2,256,1024,24,51,135,92,4,2.673097610473633,0
cluster_big,medium,medium,p3_c120_mp2_pen0_h0,202,6,6,5,1,216,844,34,25,124,69,0,2.5247926712036133,0
cluster_big,medium,medium,p3_c120_mp2_pen0_h2,42,5,6,6,0,202,794,28,5,115,66,2,2.515803098678589,0
cluster_big,medium,medium,p3_c120_mp2_pen0_h0,42,0,6,6,0,182,732,19,0,110,58,0,2.6943745613098145,0
cluster_big,medium,medium,p3_c120_mp2_pen0_h2,101,6,6,5,1,223,889,23,25,120,79,2,2.5372536182403564,0
cluster_big,medium,medium,p3_c120_mp2_pen0_h5,42,6,6,6,0,232,920,31,6,120,87,5,2.401566982269287,0
cluster_big,medium,medium,p3_c120_mp2_pen0_h2,202,6,6,5,1,227,898,27,25,125,77,3,2.547877311706543,0
cluster_big,medium,medium,p3_c120_mp2_pen0_h5,101,6,6,5,1,256,1025,27,42,140,89,4,2.585082769393921,0
cluster_big,medium,medium,p3_c120_mp2_pen0_h5,202,6,6,4,2,256,1024,24,51,135,92,4,2.6460559368133545,0
cluster_big,medium,medium,p3_c120_mp3_pen1_h0,42,0,6,6,0,182,732,19,0,110,58,0,2.660173177719116,0
cluster_big,medium,medium,p3_c120_mp3_pen1_h0,202,6,6,5,1,217,845,34,25,124,69,0,2.6278083324432373,0
cluster_big,medium,medium,p3_c120_mp3_pen1_h0,101,6,6,6,0,215,825,44,22,135,59,0,2.7110049724578857,0
cluster_big,medium,medium,p3_c120_mp3_pen1_h2,42,5,6,6,0,202,794,28,5,115,66,2,2.6413793563842773,0
cluster_big,medium,medium,p3_c120_mp3_pen1_h2,202,6,6,5,1,228,899,27,25,125,77,3,2.5549325942993164,0
cluster_big,medium,medium,p3_c120_mp3_pen1_h5,42,6,6,6,0,232,920,31,6,120,87,5,2.5244317054748535,0
cluster_big,medium,medium,p3_c120_mp3_pen1_h2,101,6,6,5,1,224,890,23,25,120,79,2,2.7463114261627197,0
cluster_big,medium,medium,p3_c120_mp3_pen1_h5,101,6,6,5,1,257,1028,25,42,140,89,4,2.483421564102173,0
cluster_big,medium,medium,p3_c120_mp3_pen0_h0,101,6,6,6,0,215,825,44,22,135,59,0,2.279662847518921,0
cluster_big,medium,medium,p3_c120_mp3_pen0_h0,42,0,6,6,0,182,732,19,0,110,58,0,2.6681456565856934,0
cluster_big,medium,medium,p3_c120_mp3_pen1_h5,202,6,6,4,2,258,1024,26,51,135,92,4,2.700873851776123,0
cluster_big,medium,medium,p3_c120_mp3_pen0_h2,42,5,6,6,0,202,794,28,5,115,66,2,2.6447384357452393,0
cluster_big,medium,medium,p3_c120_mp3_pen0_h0,202,6,6,5,1,217,845,34,25,124,69,0,2.6828033924102783,0
cluster_big,medium,medium,p3_c160_mp1_pen1_h0,202,6,6,5,1,215,843,34,25,124,69,0,2.110245943069458,0
cluster_big,medium,medium,p3_c120_mp3_pen0_h2,101,6,6,5,1,224,890,23,25,120,79,2,2.72798228263855,0
cluster_big,medium,medium,p3_c120_mp3_pen0_h2,202,6,6,5,1,228,899,27,25,125,77,3,2.7019670009613037,0
cluster_big,medium,medium,p3_c120_mp3_pen0_h5,202,6,6,4,2,258,1024,26,51,135,92,4,2.388396978378296,0
cluster_big,medium,medium,p3_c120_mp3_pen0_h5,101,6,6,5,1,257,1028,25,42,140,89,4,2.63144850730896,0
cluster_big,medium,medium,p3_c160_mp1_pen1_h2,42,5,6,6,0,202,794,28,5,115,66,2,2.3351857662200928,0
cluster_big,medium,medium,p3_c160_mp1_pen1_h0,101,6,6,6,0,215,825,44,22,135,59,0,2.3834166526794434,0
cluster_big,medium,medium,p3_c120_mp3_pen0_h5,42,6,6,6,0,232,920,31,6,120,87,5,2.756418466567993,0
cluster_big,medium,medium,p3_c160_mp1_pen1_h0,42,0,6,6,0,182,732,19,0,110,58,0,2.5837337970733643,0
cluster_big,medium,medium,p3_c160_mp1_pen1_h2,202,6,6,5,1,226,897,27,25,125,77,3,2.4873595237731934,0
cluster_big,medium,medium,p3_c160_mp1_pen1_h2,101,6,6,5,1,222,888,23,25,120,79,2,2.598109245300293,0
cluster_big,medium,medium,p3_c160_mp1_pen1_h5,42,6,6,6,0,232,920,31,6,120,87,5,2.7307205200195312,0
cluster_big,medium,medium,p3_c160_mp1_pen1_h5,101,6,6,5,1,255,1026,25,42,140,89,4,2.6712920665740967,0
cluster_big,medium,medium,p3_c160_mp1_pen1_h5,202,6,6,4,2,258,1044,22,55,135,96,4,2.547905206680298,0
cluster_big,medium,medium,p3_c160_mp1_pen0_h2,202,6,6,5,1,226,897,27,25,125,77,3,2.1718077659606934,0
cluster_big,medium,medium,p3_c160_mp1_pen0_h0,202,6,6,5,1,215,843,34,25,124,69,0,2.594542980194092,0
cluster_big,medium,medium,p3_c160_mp1_pen0_h2,42,5,6,6,0,202,794,28,5,115,66,2,2.577261209487915,0
cluster_big,medium,medium,p3_c160_mp1_pen0_h0,42,0,6,6,0,182,732,19,0,110,58,0,2.742414712905884,0
cluster_big,medium,medium,p3_c160_mp1_pen0_h2,101,6,6,5,1,222,888,23,25,120,79,2,2.6004953384399414,0
cluster_big,medium,medium,p3_c160_mp1_pen0_h0,101,6,6,6,0,215,825,44,22,135,59,0,2.755293846130371,0
cluster_big,medium,medium,p3_c160_mp1_pen0_h5,101,6,6,5,1,255,1026,25,42,140,89,4,2.639697313308716,0
cluster_big,medium,medium,p3_c160_mp1_pen0_h5,42,6,6,6,0,232,920,31,6,120,87,5,2.6718363761901855,0
cluster_big,medium,medium,p3_c160_mp1_pen0_h5,202,6,6,4,2,258,1044,22,55,135,96,4,2.645097017288208,0
cluster_big,medium,medium,p3_c160_mp2_pen1_h0,101,6,6,6,0,215,825,44,22,135,59,0,2.363450050354004,0
cluster_big,medium,medium,p3_c160_mp2_pen1_h0,42,0,6,6,0,182,732,19,0,110,58,0,2.6078407764434814,0
cluster_big,medium,medium,p3_c160_mp2_pen1_h0,202,6,6,5,1,216,844,34,25,124,69,0,2.6825263500213623,0
cluster_big,medium,medium,p3_c160_mp2_pen1_h2,101,6,6,5,1,223,889,23,25,120,79,2,2.5673460960388184,0
cluster_big,medium,medium,p3_c160_mp2_pen1_h5,42,6,6,6,0,232,920,31,6,120,87,5,2.423959255218506,0
cluster_big,medium,medium,p3_c160_mp2_pen1_h2,202,6,6,5,1,227,898,27,25,125,77,3,2.546513319015503,0
cluster_big,medium,medium,p3_c160_mp2_pen1_h5,202,6,6,4,2,256,1024,24,51,135,92,4,2.4533677101135254,0
cluster_big,medium,medium,p3_c160_mp2_pen0_h0,202,6,6,5,1,216,844,34,25,124,69,0,2.2928380966186523,0
cluster_big,medium,medium,p3_c160_mp2_pen1_h2,42,5,6,6,0,202,794,28,5,115,66,2,2.6814942359924316,0
cluster_big,medium,medium,p3_c160_mp2_pen1_h5,101,6,6,5,1,256,1025,27,42,140,89,4,2.6572141647338867,0
cluster_big,medium,medium,p3_c160_mp2_pen0_h2,42,5,6,6,0,202,794,28,5,115,66,2,2.4742698669433594,0
cluster_big,medium,medium,p3_c160_mp2_pen0_h0,42,0,6,6,0,182,732,19,0,110,58,0,2.664792060852051,0
cluster_big,medium,medium,p3_c160_mp2_pen0_h0,101,6,6,6,0,215,825,44,22,135,59,0,2.6737313270568848,0
cluster_big,medium,medium,p3_c160_mp2_pen0_h5,202,6,6,4,2,256,1024,24,51,135,92,4,2.0302367210388184,0
cluster_big,medium,medium,p3_c160_mp2_pen0_h2,101,6,6,5,1,223,889,23,25,120,79,2,2.7613887786865234,0
cluster_big,medium,medium,p3_c160_mp2_pen0_h2,202,6,6,5,1,227,898,27,25,125,77,3,2.7161636352539062,0
cluster_big,medium,medium,p3_c160_mp2_pen0_h5,42,6,6,6,0,232,920,31,6,120,87,5,2.7633540630340576,0
cluster_big,medium,medium,p3_c160_mp2_pen0_h5,101,6,6,5,1,256,1025,27,42,140,89,4,2.5167930126190186,0
cluster_big,medium,medium,p3_c160_mp3_pen1_h2,202,6,6,5,1,228,899,27,25,125,77,3,2.288480043411255,0
cluster_big,medium,medium,p3_c160_mp3_pen1_h0,42,0,6,6,0,182,732,19,0,110,58,0,2.665426015853882,0
cluster_big,medium,medium,p3_c160_mp3_pen1_h0,101,6,6,6,0,215,825,44,22,135,59,0,2.642855167388916,0
cluster_big,medium,medium,p3_c160_mp3_pen1_h2,101,6,6,5,1,224,890,23,25,120,79,2,2.594036340713501,0
cluster_big,medium,medium,p3_c160_mp3_pen1_h0,202,6,6,5,1,217,845,34,25,124,69,0,2.648498773574829,0
cluster_big,medium,medium,p3_c160_mp3_pen1_h2,42,5,6,6,0,202,794,28,5,115,66,2,2.772085189819336,0
cluster_big,medium,medium,p3_c160_mp3_pen1_h5,42,6,6,6,0,232,920,31,6,120,87,5,2.6993935108184814,0
cluster_big,medium,medium,p3_c160_mp3_pen1_h5,101,6,6,5,1,257,1028,25,42,140,89,4,2.5450689792633057,0
cluster_big,medium,medium,p3_c160_mp3_pen0_h0,42,0,6,6,0,182,732,19,0,110,58,0,2.369565963745117,0
cluster_big,medium,medium,p3_c160_mp3_pen1_h5,202,6,6,4,2,258,1024,26,51,135,92,4,2.6805694103240967,0
cluster_big,medium,medium,p3_c160_mp3_pen0_h0,101,6,6,6,0,215,825,44,22,135,59,0,2.4814140796661377,0
cluster_big,medium,medium,p3_c160_mp3_pen0_h0,202,6,6,5,1,217,845,34,25,124,69,0,2.6548008918762207,0
cluster_big,medium,medium,p3_c160_mp3_pen0_h2,42,5,6,6,0,202,794,28,5,115,66,2,2.6618752479553223,0
cluster_big,medium,medium,p3_c160_mp3_pen0_h2,101,6,6,5,1,224,890,23,25,120,79,2,2.6061737537384033,0
cluster_big,heavy,medium,p3_c40_mp1_pen1_h0,202,2,12,0,12,192,765,23,17,74,95,0,2.230832815170288,0
cluster_big,medium,medium,p3_c160_mp3_pen0_h5,202,6,6,4,2,258,1024,26,51,135,92,4,2.603564739227295,0
cluster_big,heavy,medium,baseline,101,9,12,8,4,270,1041,49,60,165,75,0,2.443557024002075,0
cluster_big,medium,medium,p3_c160_mp3_pen0_h2,202,6,6,5,1,228,899,27,25,125,77,3,2.7252707481384277,0
cluster_big,medium,medium,p3_c160_mp3_pen0_h5,101,6,6,5,1,257,1028,25,42,140,89,4,2.6788222789764404,0
cluster_big,heavy,medium,baseline,42,11,12,4,8,302,1194,43,102,180,90,0,2.6647040843963623,0
cluster_big,heavy,medium,p3_c40_mp1_pen1_h0,101,9,12,0,12,271,1079,34,94,145,97,0,2.410881757736206,0
cluster_big,medium,medium,p3_c160_mp3_pen0_h5,42,6,6,6,0,232,920,31,6,120,87,5,2.7873897552490234,0
cluster_big,heavy,medium,baseline,202,12,12,4,8,273,1090,35,59,114,125,0,2.606610059738159,0
cluster_big,heavy,medium,p3_c40_mp1_pen1_h0,42,11,12,0,12,288,1169,20,111,150,107,0,2.6370017528533936,0
cluster_big,heavy,medium,p3_c40_mp1_pen1_h2,101,9,12,0,12,288,1167,22,99,150,107,2,2.5192646980285645,0
cluster_big,heavy,medium,p3_c40_mp1_pen1_h2,42,11,12,0,12,303,1221,30,111,155,115,2,2.733109474182129,0
cluster_big,heavy,medium,p3_c40_mp1_pen1_h5,42,10,12,0,12,304,1226,31,100,145,125,4,2.5203752517700195,0
cluster_big,heavy,medium,p3_c40_mp1_pen1_h5,202,11,12,0,12,314,1262,33,116,160,119,4,2.324488401412964,0
cluster_big,heavy,medium,p3_c40_mp1_pen1_h2,202,11,12,0,12,306,1227,32,116,160,112,3,2.7401154041290283,0
cluster_big,heavy,medium,p3_c40_mp1_pen1_h5,101,8,12,0,12,288,1154,32,88,140,115,5,2.517747402191162,0
cluster_big,heavy,medium,p3_c40_mp1_pen0_h0,42,11,12,8,4,261,1023,33,38,140,89,0,2.5908517837524414,0
cluster_big,heavy,medium,p3_c40_mp1_pen0_h0,202,11,12,8,4,292,1134,49,60,169,88,0,2.5247085094451904,0
cluster_big,heavy,medium,p3_c40_mp1_pen0_h2,101,9,12,9,3,264,1032,38,32,145,87,2,2.422506093978882,0
cluster_big,heavy,medium,p3_c40_mp1_pen0_h0,101,9,12,9,3,262,987,63,40,165,67,0,2.6774444580078125,0
cluster_big,heavy,medium,p3_c40_mp1_pen0_h5,42,10,12,9,3,285,1117,40,30,160,91,4,2.398883104324341,0
cluster_big,heavy,medium,p3_c40_mp1_pen0_h2,42,11,12,8,4,302,1190,42,64,165,101,2,2.6947920322418213,0
cluster_big,heavy,medium,p3_c40_mp1_pen0_h2,202,11,12,8,4,288,1126,40,50,165,88,3,2.701589584350586,0
cluster_big,heavy,medium,p3_c40_mp1_pen0_h5,202,10,12,8,4,290,1139,39,48,155,99,4,2.621669054031372,0
cluster_big,heavy,medium,p3_c40_mp1_pen0_h5,101,9,12,9,3,284,1110,40,29,155,94,6,2.7504169940948486,0
cluster_big,heavy,medium,p3_c40_mp2_pen1_h0,42,11,12,0,12,310,1224,21,121,160,107,0,2.5811238288879395,0
cluster_big,heavy,medium,p3_c40_mp2_pen1_h0,202,2,12,0,12,204,777,23,17,74,95,0,2.421065092086792,0
cluster_big,heavy,medium,p3_c40_mp2_pen1_h2,101,9,12,0,12,300,1165,34,99,150,107,2,2.4022984504699707,0
cluster_big,heavy,medium,p3_c40_mp2_pen0_h0,202,11,12,8,4,296,1137,50,60,169,88,0,2.2172651290893555,0
cluster_big,heavy,medium,p3_c40_mp2_pen1_h0,101,9,12,0,12,283,1087,38,94,145,97,0,2.6849400997161865,0
cluster_big,heavy,medium,p3_c40_mp2_pen1_h2,202,11,12,0,12,313,1224,27,111,155,112,3,2.4829583168029785,0
cluster_big,heavy,medium,p3_c40_mp2_pen1_h2,42,12,12,0,12,337,1333,26,132,175,116,2,2.6293141841888428,0
cluster_big,heavy,medium,p3_c40_mp2_pen1_h5,202,11,12,0,12,327,1280,33,111,155,124,5,2.56290340423584,0
cluster_big,heavy,medium,p3_c40_mp2_pen0_h0,101,9,12,9,3,265,990,63,40,165,67,0,2.5834431648254395,0
cluster_big,heavy,medium,p3_c40_mp2_pen1_h5,42,11,12,0,12,348,1392,18,121,165,135,5,2.7077674865722656,0
cluster_big,heavy,medium,p3_c40_mp2_pen0_h0,42,11,12,8,4,265,1027,33,38,140,89,0,2.6133646965026855,0
cluster_big,heavy,medium,p3_c40_mp2_pen1_h5,101,9,12,0,12,321,1254,34,99,150,124,6,2.7894821166992188,0
cluster_big,heavy,medium,p3_c40_mp2_pen0_h2,42,12,12,9,3,290,1114,48,42,175,78,2,2.7256462574005127,0
cluster_big,heavy,medium,p3_c40_mp2_pen0_h5,202,10,12,8,4,289,1128,32,49,150,99,4,2.146421432495117,0
cluster_big,heavy,medium,p3_c40_mp2_pen0_h2,101,9,12,9,3,267,1034,39,32,145,87,2,2.545832395553589,0
cluster_big,heavy,medium,p3_c40_mp3_pen1_h0,42,11,12,0,12,322,1239,18,121,160,107,0,2.39799165725708,0
cluster_big,heavy,medium,p3_c40_mp2_pen0_h2,202,11,12,7,5,302,1178,33,65,160,100,3,2.646045684814453,0
cluster_big,heavy,medium,p3_c40_mp2_pen0_h5,101,8,12,9,3,270,1046,37,28,145,89,5,2.7220332622528076,0
cluster_big,heavy,medium,p3_c40_mp2_pen0_h5,42,11,12,9,3,315,1230,44,46,175,100,5,2.8025338649749756,0
cluster_big,heavy,medium,p3_c40_mp3_pen1_h0,202,2,12,0,12,216,790,22,17,74,95,0,2.4096930027008057,0
cluster_big,heavy,medium,p3_c40_mp3_pen1_h0,101,9,12,0,12,300,1119,40,94,150,97,0,2.768632650375366,0
cluster_big,heavy,medium,p3_c40_mp3_pen1_h2,42,12,12,0,12,349,1345,26,132,175,116,2,2.6946959495544434,0
cluster_big,heavy,medium,p3_c40_mp3_pen1_h2,202,2,12,0,12,232,862,17,17,80,103,3,2.565760850906372,0
cluster_big,heavy,medium,p3_c40_mp3_pen1_h2,101,9,12,0,12,312,1185,26,99,150,107,2,2.7169830799102783,0
cluster_big,heavy,medium,p3_c40_mp3_pen1_h5,42,12,12,0,12,367,1418,32,122,170,136,5,2.8016812801361084,0
cluster_big,heavy,medium,p3_c40_mp3_pen1_h5,101,8,12,0,12,313,1174,39,83,140,116,5,2.7266290187835693,0
cluster_big,heavy,medium,p3_c40_mp3_pen0_h0,42,11,12,8,4,273,1035,39,42,160,73,0,2.62967848777771,0
cluster_big,heavy,medium,p3_c40_mp3_pen1_h5,202,4,12,0,12,270,1018,23,39,100,117,5,2.6568965911865234,0
cluster_big,heavy,medium,p3_c40_mp3_pen0_h0,101,9,12,9,3,262,972,61,29,160,67,0,2.487550973892212,0
cluster_big,heavy,medium,p3_c40_mp3_pen0_h2,101,9,12,9,3,278,1062,42,40,165,75,2,2.5081045627593994,0
cluster_big,heavy,medium,p3_c40_mp3_pen0_h0,202,10,12,8,4,283,1078,42,44,159,83,0,2.6631674766540527,0
cluster_big,heavy,medium,p3_c40_mp3_pen0_h5,42,10,12,9,3,287,1105,41,30,155,92,4,2.5217621326446533,0
cluster_big,heavy,medium,p3_c40_mp3_pen0_h5,202,10,12,8,4,314,1192,53,47,180,89,5,2.4448659420013428,0
cluster_big,heavy,medium,p3_c40_mp3_pen0_h2,42,12,12,8,4,313,1211,39,66,180,90,2,2.7298741340637207,0
cluster_big,heavy,medium,p3_c40_mp3_pen0_h2,202,12,12,7,5,350,1350,47,97,200,101,3,2.7544448375701904,0
cluster_big,heavy,medium,p3_c100_mp1_pen1_h0,202,2,12,0,12,192,765,23,17,74,95,0,2.526076316833496,0
cluster_big,heavy,medium,p3_c40_mp3_pen0_h5,101,10,12,8,4,318,1216,52,51,175,98,6,2.700415849685669,0
cluster_big,heavy,medium,p3_c100_mp1_pen1_h2,202,11,12,0,12,306,1227,32,116,160,112,3,2.3389668464660645,0
cluster_big,heavy,medium,p3_c100_mp1_pen1_h0,42,11,12,0,12,288,1169,20,111,150,107,0,2.678997278213501,0
cluster_big,heavy,medium,p3_c100_mp1_pen1_h0,101,9,12,0,12,271,1079,34,94,145,97,0,2.7255821228027344,0
cluster_big,heavy,medium,p3_c100_mp1_pen1_h2,42,11,12,0,12,303,1221,30,111,155,115,2,2.721433162689209,0
cluster_big,heavy,medium,p3_c100_mp1_pen1_h5,42,10,12,0,12,304,1226,31,100,145,125,4,2.676424980163574,0
cluster_big,heavy,medium,p3_c100_mp1_pen1_h2,101,9,12,0,12,288,1167,22,99,150,107,2,2.7745697498321533,0
cluster_big,heavy,medium,p3_c100_mp1_pen1_h5,101,8,12,0,12,288,1154,32,88,140,115,5,2.5205025672912598,0
cluster_big,heavy,medium,p3_c100_mp1_pen1_h5,202,11,12,0,12,314,1262,33,116,160,119,4,2.5567078590393066,0
cluster_big,heavy,medium,p3_c100_mp1_pen0_h0,42,11,12,8,4,261,1023,33,38,140,89,0,2.501864433288574,0
cluster_big,heavy,medium,p3_c100_mp1_pen0_h0,202,11,12,8,4,292,1134,49,60,169,88,0,2.380373239517212,0
cluster_big,heavy,medium,p3_c100_mp1_pen0_h0,101,9,12,9,3,262,987,63,40,165,67,0,2.5405969619750977,0
cluster_big,heavy,medium,p3_c100_mp1_pen0_h2,101,9,12,9,3,264,1032,38,32,145,87,2,2.3487136363983154,0
cluster_big,heavy,medium,p3_c100_mp1_pen0_h2,42,11,12,8,4,302,1190,42,64,165,101,2,2.512983798980713,0
cluster_big,heavy,medium,p3_c100_mp1_pen0_h5,42,10,12,9,3,285,1117,40,30,160,91,4,2.656048536300659,0
cluster_big,heavy,medium,p3_c100_mp1_pen0_h5,101,9,12,9,3,284,1110,40,29,155,94,6,2.44936203956604,0
cluster_big,heavy,medium,p3_c100_mp1_pen0_h2,202,11,12,8,4,288,1126,40,50,165,88,3,2.793813705444336,0
cluster_big,heavy,medium,p3_c100_mp2_pen1_h0,101,9,12,0,12,283,1087,38,94,145,97,0,2.3780524730682373,0
cluster_big,heavy,medium,p3_c100_mp2_pen1_h0,42,11,12,0,12,310,1224,21,121,160,107,0,2.5556371212005615,0
cluster_big,heavy,medium,p3_c100_mp1_pen0_h5,202,10,12,8,4,290,1139,39,48,155,99,4,2.6503193378448486,0
cluster_big,heavy,medium,p3_c100_mp2_pen1_h0,202,2,12,0,12,204,777,23,17,74,95,0,2.665801763534546,0
cluster_big,heavy,medium,p3_c100_mp2_pen1_h2,202,11,12,0,12,313,1224,27,111,155,112,3,2.3076424598693848,0
cluster_big,heavy,medium,p3_c100_mp2_pen1_h2,42,12,12,0,12,337,1333,26,132,175,116,2,2.6475284099578857,0
cluster_big,heavy,medium,p3_c100_mp2_pen1_h5,42,11,12,0,12,348,1392,18,121,165,135,5,2.5687170028686523,0
cluster_big,heavy,medium,p3_c100_mp2_pen0_h0,42,11,12,8,4,265,1027,33,38,140,89,0,2.433835506439209,0
cluster_big,heavy,medium,p3_c100_mp2_pen1_h2,101,9,12,0,12,300,1165,34,99,150,107,2,2.758627414703369,0
cluster_big,heavy,medium,p3_c100_mp2_pen1_h5,101,9,12,0,12,321,1254,34,99,150,124,6,2.6539816856384277,0
cluster_big,heavy,medium,p3_c100_mp2_pen1_h5,202,11,12,0,12,327,1280,33,111,155,124,5,2.622770071029663,0
cluster_big,heavy,medium,p3_c100_mp2_pen0_h0,101,9,12,9,3,265,990,63,40,165,67,0,2.6327426433563232,0
cluster_big,heavy,medium,p3_c100_mp2_pen0_h0,202,11,12,8,4,296,1137,50,60,169,88,0,2.584683656692505,0
cluster_big,heavy,medium,p3_c100_mp2_pen0_h2,42,12,12,9,3,290,1114,48,42,175,78,2,2.666531801223755,0
cluster_big,heavy,medium,p3_c100_mp2_pen0_h2,101,9,12,9,3,267,1034,39,32,145,87,2,2.77245831489563,0
cluster_big,heavy,medium,p3_c100_mp2_pen0_h2,202,11,12,7,5,302,1178,33,65,160,100,3,2.701338291168213,0
cluster_big,heavy,medium,p3_c100_mp2_pen0_h5,101,8,12,9,3,270,1046,37,28,145,89,5,2.480907917022705,0
cluster_big,heavy,medium,p3_c100_mp2_pen0_h5,42,11,12,9,3,315,1230,44,46,175,100,5,2.5045714378356934,0
cluster_big,heavy,medium,p3_c100_mp2_pen0_h5,202,10,12,8,4,289,1128,32,49,150,99,4,2.503270387649536,0
cluster_big,heavy,medium,p3_c100_mp3_pen1_h2,42,12,12,0,12,349,1345,26,132,175,116,2,2.3907408714294434,0
cluster_big,heavy,medium,p3_c100_mp3_pen1_h0,42,11,12,0,12,322,1239,18,121,160,107,0,2.6503942012786865,0
cluster_big,heavy,medium,p3_c100_mp3_pen1_h0,101,9,12,0,12,300,1119,40,94,150,97,0,2.572100877761841,0
cluster_big,heavy,medium,p3_c100_mp3_pen1_h0,202,2,12,0,12,216,790,22,17,74,95,0,2.604992628097534,0
cluster_big,heavy,medium,p3_c100_mp3_pen1_h2,202,2,12,0,12,232,862,17,17,80,103,3,2.3120627403259277,0
cluster_big,heavy,medium,p3_c100_mp3_pen1_h2,101,9,12,0,12,312,1185,26,99,150,107,2,2.661191701889038,0
cluster_big,heavy,medium,p3_c100_mp3_pen1_h5,202,4,12,0,12,270,1018,23,39,100,117,5,2.39436936378479,0
cluster_big,heavy,medium,p3_c100_mp3_pen0_h0,202,10,12,8,4,283,1078,42,44,159,83,0,2.2810277938842773,0
cluster_big,heavy,medium,p3_c100_mp3_pen1_h5,101,8,12,0,12,313,1174,39,83,140,116,5,2.5787761211395264,0
cluster_big,heavy,medium,p3_c100_mp3_pen1_h5,42,12,12,0,12,367,1418,32,122,170,136,5,2.6795175075531006,0
cluster_big,heavy,medium,p3_c100_mp3_pen0_h0,42,11,12,8,4,273,1035,39,42,160,73,0,2.7423338890075684,0
cluster_big,heavy,medium,p3_c100_mp3_pen0_h0,101,9,12,9,3,262,972,61,29,160,67,0,2.6303274631500244,0
cluster_big,heavy,medium,p3_c105_mp1_pen1_h0,42,10,12,11,1,268,1027,49,31,175,62,0,2.1576437950134277,0
cluster_big,heavy,medium,p3_c100_mp3_pen0_h2,42,12,12,8,4,313,1211,39,66,180,90,2,2.6900475025177,0
cluster_big,heavy,medium,p3_c100_mp3_pen0_h2,101,9,12,9,3,278,1062,42,40,165,75,2,2.677541494369507,0
cluster_big,heavy,medium,p3_c100_mp3_pen0_h5,42,10,12,9,3,287,1105,41,30,155,92,4,2.5986950397491455,0
cluster_big,heavy,medium,p3_c100_mp3_pen0_h2,202,12,12,7,5,350,1350,47,97,200,101,3,2.756427764892578,0
cluster_big,heavy,medium,p3_c100_mp3_pen0_h5,101,10,12,8,4,318,1216,52,51,175,98,6,2.6963138580322266,0
cluster_big,heavy,medium,p3_c105_mp1_pen1_h0,101,9,12,11,1,258,970,60,30,165,63,0,2.619940996170044,0
cluster_big,heavy,medium,p3_c105_mp1_pen1_h0,202,12,12,8,4,322,1266,50,84,184,101,0,2.509526252746582,0
cluster_big,heavy,medium,p3_c105_mp1_pen1_h2,101,9,12,10,2,290,1145,35,58,165,91,2,2.366258144378662,0
cluster_big,heavy,medium,p3_c105_mp1_pen1_h2,42,11,12,11,1,295,1135,51,43,190,70,2,2.522207021713257,0
cluster_big,heavy,medium,p3_c100_mp3_pen0_h5,202,10,12,8,4,314,1192,53,47,180,89,5,2.768894910812378,0
cluster_big,heavy,medium,p3_c105_mp1_pen1_h5,42,11,12,11,1,323,1264,47,47,190,95,5,2.5368213653564453,0
cluster_big,heavy,medium,p3_c105_mp1_pen0_h0,42,10,12,11,1,268,1027,49,31,175,62,0,2.5290703773498535,0
cluster_big,heavy,medium,p3_c105_mp1_pen0_h0,202,12,12,8,4,322,1266,50,84,184,101,0,2.4300081729888916,0
cluster_big,heavy,medium,p3_c105_mp1_pen1_h2,202,12,12,9,3,323,1266,42,73,200,85,3,2.740133285522461,0
cluster_big,heavy,medium,p3_c105_mp1_pen1_h5,101,8,12,10,2,287,1126,40,48,155,97,5,2.71118426322937,0
cluster_big,heavy,medium,p3_c105_mp1_pen0_h2,202,12,12,9,3,323,1266,42,73,200,85,3,2.3715031147003174,0
cluster_big,heavy,medium,p3_c105_mp1_pen0_h0,101,9,12,11,1,258,970,60,30,165,63,0,2.7523539066314697,0
cluster_big,heavy,medium,p3_c105_mp1_pen1_h5,202,11,12,10,2,308,1190,50,48,195,76,4,2.897193431854248,0
cluster_big,heavy,medium,p3_c105_mp1_pen0_h2,42,11,12,11,1,295,1135,51,43,190,70,2,2.667310953140259,0
cluster_big,heavy,medium,p3_c105_mp1_pen0_h2,101,9,12,10,2,290,1145,35,58,165,91,2,2.7060680389404297,0
cluster_big,heavy,medium,p3_c105_mp1_pen0_h5,42,11,12,11,1,321,1256,47,47,190,93,5,2.79392671585083,0
cluster_big,heavy,medium,p3_c105_mp1_pen0_h5,101,8,12,10,2,287,1126,40,48,155,97,5,2.6402413845062256,0
cluster_big,heavy,medium,p3_c105_mp2_pen1_h0,101,9,12,11,1,259,971,60,30,165,63,0,2.605705738067627,0
cluster_big,heavy,medium,p3_c105_mp1_pen0_h5,202,11,12,10,2,308,1190,50,48,195,76,4,2.692026376724243,0
cluster_big,heavy,medium,p3_c105_mp2_pen1_h0,42,10,12,11,1,269,1027,50,31,175,62,0,2.7598366737365723,0
cluster_big,heavy,medium,p3_c105_mp2_pen1_h0,202,12,12,8,4,333,1299,46,91,194,97,0,2.6282410621643066,0
cluster_big,heavy,medium,p3_c105_mp2_pen1_h2,42,11,12,11,1,296,1137,50,43,190,70,2,2.692256450653076,0
cluster_big,heavy,medium,p3_c105_mp2_pen1_h2,202,12,12,9,3,328,1268,47,75,210,77,3,2.468684196472168,0
cluster_big,heavy,medium,p3_c105_mp2_pen1_h5,42,11,12,11,1,324,1266,46,47,190,95,5,2.440502405166626,0
cluster_big,heavy,medium,p3_c105_mp2_pen1_h2,101,9,12,10,2,292,1148,34,58,165,91,2,2.5248396396636963,0
cluster_big,heavy,medium,p3_c105_mp2_pen1_h5,101,9,12,10,2,308,1196,46,51,175,94,6,2.590590238571167,0
cluster_big,heavy,medium,p3_c105_mp2_pen0_h2,202,12,12,9,3,328,1268,47,75,210,77,3,2.412574529647827,0
cluster_big,heavy,medium,p3_c105_mp2_pen1_h5,202,12,12,11,1,304,1169,50,33,190,76,4,2.6196177005767822,0
cluster_big,heavy,medium,p3_c105_mp2_pen0_h2,42,11,12,11,1,296,1137,50,43,190,70,2,2.5386135578155518,0
cluster_big,heavy,medium,p3_c105_mp2_pen0_h0,202,12,12,8,4,333,1299,46,91,194,97,0,2.6080222129821777,0
cluster_big,heavy,medium,p3_c105_mp2_pen0_h2,101,9,12,10,2,292,1148,34,58,165,91,2,2.564744234085083,0
cluster_big,heavy,medium,p3_c105_mp2_pen0_h0,101,9,12,11,1,259,971,60,30,165,63,0,2.711488962173462,0
cluster_big,heavy,medium,p3_c105_mp3_pen1_h0,42,11,12,11,1,276,1049,52,32,180,62,0,2.1676626205444336,0
cluster_big,heavy,medium,p3_c105_mp2_pen0_h0,42,10,12,11,1,269,1027,50,31,175,62,0,2.7746458053588867,0
cluster_big,heavy,medium,p3_c105_mp3_pen1_h0,101,9,12,11,1,260,972,60,30,165,63,0,2.3577065467834473,0
cluster_big,heavy,medium,p3_c105_mp2_pen0_h5,42,11,12,11,1,322,1258,46,47,190,93,5,2.6471035480499268,0
cluster_big,heavy,medium,p3_c105_mp2_pen0_h5,101,9,12,10,2,308,1196,46,51,175,94,6,2.6071696281433105,0
cluster_big,heavy,medium,p3_c105_mp2_pen0_h5,202,12,12,11,1,304,1169,50,33,190,76,4,2.642228603363037,0
cluster_big,heavy,medium,p3_c105_mp3_pen1_h2,101,9,12,10,2,294,1151,33,58,165,91,2,2.567505121231079,0
cluster_big,heavy,medium,p3_c105_mp3_pen1_h0,202,12,12,8,4,341,1322,47,95,194,101,0,2.700704574584961,0
cluster_big,heavy,medium,p3_c105_mp3_pen1_h2,202,12,12,9,3,331,1269,49,75,210,77,3,2.7207143306732178,0
cluster_big,heavy,medium,p3_c105_mp3_pen1_h2,42,11,12,11,1,297,1138,50,43,190,70,2,2.769000768661499,0
cluster_big,heavy,medium,p3_c105_mp3_pen1_h5,42,11,12,11,1,326,1256,58,47,191,95,5,2.706984519958496,0
cluster_big,heavy,medium,p3_c105_mp3_pen0_h0,101,9,12,11,1,260,972,60,30,165,63,0,2.357494354248047,0
cluster_big,heavy,medium,p3_c105_mp3_pen1_h5,101,9,12,10,2,310,1198,46,51,175,94,6,2.6443190574645996,0
cluster_big,heavy,medium,p3_c105_mp3_pen1_h5,202,12,12,11,1,311,1196,50,33,190,81,5,2.6789939403533936,0
cluster_big,heavy,medium,p3_c105_mp3_pen0_h0,42,11,12,11,1,276,1049,52,32,180,62,0,2.6106514930725098,0
cluster_big,heavy,medium,p3_c105_mp3_pen0_h2,42,11,12,11,1,297,1138,50,43,190,70,2,2.3744559288024902,0
cluster_big,heavy,medium,p3_c105_mp3_pen0_h0,202,12,12,8,4,341,1322,47,95,194,101,0,2.566617965698242,0
cluster_big,heavy,medium,p3_c105_mp3_pen0_h2,202,12,12,9,3,331,1269,49,75,210,77,3,2.3693268299102783,0
cluster_big,heavy,medium,p3_c105_mp3_pen0_h5,101,9,12,10,2,310,1198,46,51,175,94,6,2.6022472381591797,0
cluster_big,heavy,medium,p3_c105_mp3_pen0_h2,101,9,12,10,2,294,1151,33,58,165,91,2,2.692779302597046,0
cluster_big,heavy,medium,p3_c105_mp3_pen0_h5,42,11,12,11,1,324,1247,59,47,191,93,5,2.694676399230957,0
cluster_big,heavy,medium,p3_c120_mp1_pen1_h2,42,11,12,11,1,295,1135,51,43,190,70,2,2.3515167236328125,0
cluster_big,heavy,medium,p3_c105_mp3_pen0_h5,202,12,12,11,1,311,1196,50,33,190,81,5,2.627356767654419,0
cluster_big,heavy,medium,p3_c120_mp1_pen1_h2,202,12,12,9,3,323,1266,42,73,200,85,3,2.3072781562805176,0
cluster_big,heavy,medium,p3_c120_mp1_pen1_h0,202,12,12,8,4,322,1266,50,84,184,101,0,2.4732253551483154,0
cluster_big,heavy,medium,p3_c120_mp1_pen1_h0,101,9,12,11,1,258,970,60,30,165,63,0,2.6642165184020996,0
cluster_big,heavy,medium,p3_c120_mp1_pen1_h0,42,10,12,11,1,268,1027,49,31,175,62,0,2.7246696949005127,0
cluster_big,heavy,medium,p3_c120_mp1_pen1_h2,101,9,12,10,2,290,1145,35,58,165,91,2,2.6055283546447754,0
cluster_big,heavy,medium,p3_c120_mp1_pen1_h5,101,8,12,10,2,287,1126,40,48,155,97,5,2.649473190307617,0
cluster_big,heavy,medium,p3_c120_mp1_pen1_h5,42,11,12,11,1,323,1264,47,47,190,95,5,2.6953258514404297,0
cluster_big,heavy,medium,p3_c120_mp1_pen1_h5,202,11,12,10,2,308,1190,50,48,195,76,4,2.602231502532959,0
cluster_big,heavy,medium,p3_c120_mp1_pen0_h0,101,9,12,11,1,258,970,60,30,165,63,0,2.5574231147766113,0
cluster_big,heavy,medium,p3_c120_mp1_pen0_h0,202,12,12,8,4,322,1266,50,84,184,101,0,2.4954960346221924,0
cluster_big,heavy,medium,p3_c120_mp1_pen0_h0,42,10,12,11,1,268,1027,49,31,175,62,0,2.731022596359253,0
cluster_big,heavy,medium,p3_c120_mp1_pen0_h2,42,11,12,11,1,295,1135,51,43,190,70,2,2.4102559089660645,0
cluster_big,heavy,medium,p3_c120_mp1_pen0_h2,101,9,12,10,2,290,1145,35,58,165,91,2,2.7636351585388184,0
cluster_big,heavy,medium,p3_c120_mp1_pen0_h5,101,8,12,10,2,287,1126,40,48,155,97,5,2.596916437149048,0
cluster_big,heavy,medium,p3_c120_mp1_pen0_h2,202,12,12,9,3,323,1266,42,73,200,85,3,2.7523791790008545,0
cluster_big,heavy,medium,p3_c120_mp1_pen0_h5,42,11,12,11,1,321,1256,47,47,190,93,5,2.768967628479004,0
cluster_big,heavy,medium,p3_c120_mp2_pen1_h0,101,9,12,11,1,259,971,60,30,165,63,0,2.3087849617004395,0
cluster_big,heavy,medium,p3_c120_mp2_pen1_h0,202,12,12,8,4,333,1299,46,91,194,97,0,2.2200767993927,0
cluster_big,heavy,medium,p3_c120_mp1_pen0_h5,202,11,12,10,2,308,1190,50,48,195,76,4,2.650721311569214,0
cluster_big,heavy,medium,p3_c120_mp2_pen1_h0,42,10,12,11,1,269,1027,50,31,175,62,0,2.6686816215515137,0
cluster_big,heavy,medium,p3_c120_mp2_pen1_h2,42,11,12,11,1,296,1137,50,43,190,70,2,2.432407855987549,0
cluster_big,heavy,medium,p3_c120_mp2_pen1_h2,101,9,12,10,2,292,1148,34,58,165,91,2,2.470489025115967,0
cluster_big,heavy,medium,p3_c120_mp2_pen1_h2,202,12,12,9,3,328,1268,47,75,210,77,3,2.404711961746216,0
cluster_big,heavy,medium,p3_c120_mp2_pen1_h5,202,12,12,11,1,304,1169,50,33,190,76,4,2.625401735305786,0
cluster_big,heavy,medium,p3_c120_mp2_pen1_h5,101,9,12,10,2,308,1196,46,51,175,94,6,2.7156460285186768,0
cluster_big,heavy,medium,p3_c120_mp2_pen1_h5,42,11,12,11,1,324,1266,46,47,190,95,5,2.741706371307373,0
cluster_big,heavy,medium,p3_c120_mp2_pen0_h0,42,10,12,11,1,269,1027,50,31,175,62,0,2.465358257293701,0
cluster_big,heavy,medium,p3_c120_mp2_pen0_h2,101,9,12,10,2,292,1148,34,58,165,91,2,2.2701358795166016,0
cluster_big,heavy,medium,p3_c120_mp2_pen0_h2,42,11,12,11,1,296,1137,50,43,190,70,2,2.6662440299987793,0
cluster_big,heavy,medium,p3_c120_mp2_pen0_h5,42,11,12,11,1,322,1258,46,47,190,93,5,2.4872355461120605,0
cluster_big,heavy,medium,p3_c120_mp2_pen0_h0,202,12,12,8,4,333,1299,46,91,194,97,0,2.7267279624938965,0
cluster_big,heavy,medium,p3_c120_mp2_pen0_h0,101,9,12,11,1,259,971,60,30,165,63,0,2.7613372802734375,0
cluster_big,heavy,medium,p3_c120_mp2_pen0_h5,202,12,12,11,1,304,1169,50,33,190,76,4,2.4512484073638916,0
cluster_big,heavy,medium,p3_c120_mp2_pen0_h2,202,12,12,9,3,328,1268,47,75,210,77,3,2.6732709407806396,0
cluster_big,heavy,medium,p3_c120_mp2_pen0_h5,101,9,12,10,2,308,1196,46,51,175,94,6,2.7541048526763916,0
cluster_big,heavy,medium,p3_c120_mp3_pen1_h0,202,12,12,8,4,341,1322,47,95,194,101,0,2.5771396160125732,0
cluster_big,heavy,medium,p3_c120_mp3_pen1_h0,42,11,12,11,1,276,1049,52,32,180,62,0,2.7119452953338623,0
cluster_big,heavy,medium,p3_c120_mp3_pen1_h0,101,9,12,11,1,260,972,60,30,165,63,0,2.6946945190429688,0
cluster_big,heavy,medium,p3_c120_mp3_pen1_h2,42,11,12,11,1,297,1138,50,43,190,70,2,2.786961078643799,0
cluster_big,heavy,medium,p3_c120_mp3_pen1_h2,101,9,12,10,2,294,1151,33,58,165,91,2,2.840979814529419,0
cluster_big,heavy,medium,p3_c120_mp3_pen1_h2,202,12,12,9,3,331,1269,49,75,210,77,3,2.5748257637023926,0
cluster_big,heavy,medium,p3_c120_mp3_pen1_h5,42,11,12,11,1,326,1256,58,47,191,95,5,2.649505615234375,0
cluster_big,heavy,medium,p3_c120_mp3_pen1_h5,101,9,12,10,2,310,1198,46,51,175,94,6,2.7961227893829346,0
cluster_big,heavy,medium,p3_c120_mp3_pen0_h0,101,9,12,11,1,260,972,60,30,165,63,0,2.65144944190979,0
cluster_big,heavy,medium,p3_c120_mp3_pen0_h0,202,12,12,8,4,341,1322,47,95,194,101,0,2.534924030303955,0
cluster_big,heavy,medium,p3_c120_mp3_pen1_h5,202,12,12,11,1,311,1196,50,33,190,81,5,2.9038305282592773,0
cluster_big,heavy,medium,p3_c120_mp3_pen0_h2,42,11,12,11,1,297,1138,50,43,190,70,2,2.619535446166992,0
cluster_big,heavy,medium,p3_c120_mp3_pen0_h0,42,11,12,11,1,276,1049,52,32,180,62,0,2.948068380355835,0
cluster_big,heavy,medium,p3_c120_mp3_pen0_h2,202,12,12,9,3,331,1269,49,75,210,77,3,2.673417806625366,0
cluster_big,heavy,medium,p3_c120_mp3_pen0_h5,42,11,12,11,1,324,1247,59,47,191,93,5,2.6778416633605957,0
cluster_big,heavy,medium,p3_c120_mp3_pen0_h2,101,9,12,10,2,294,1151,33,58,165,91,2,2.9130218029022217,0
cluster_big,heavy,medium,p3_c160_mp1_pen1_h0,202,12,12,8,4,322,1266,50,84,184,101,0,2.6626877784729004,0
cluster_big,heavy,medium,p3_c160_mp1_pen1_h0,101,9,12,11,1,258,970,60,30,165,63,0,2.736790418624878,0
cluster_big,heavy,medium,p3_c120_mp3_pen0_h5,101,9,12,10,2,310,1198,46,51,175,94,6,2.969611644744873,0
cluster_big,heavy,medium,p3_c120_mp3_pen0_h5,202,12,12,11,1,311,1196,50,33,190,81,5,3.0238473415374756,0
cluster_big,heavy,medium,p3_c160_mp1_pen1_h0,42,10,12,11,1,268,1027,49,31,175,62,0,3.0156052112579346,0
cluster_big,heavy,medium,p3_c160_mp1_pen1_h2,42,11,12,11,1,295,1135,51,43,190,70,2,2.850034236907959,0
cluster_big,heavy,medium,p3_c160_mp1_pen1_h2,202,12,12,9,3,323,1266,42,73,200,85,3,2.8285741806030273,0
cluster_big,heavy,medium,p3_c160_mp1_pen1_h5,202,11,12,10,2,308,1190,50,48,195,76,4,2.744995594024658,0
cluster_big,heavy,medium,p3_c160_mp1_pen1_h2,101,9,12,10,2,290,1145,35,58,165,91,2,2.914752244949341,0
cluster_big,heavy,medium,p3_c160_mp1_pen1_h5,42,11,12,11,1,323,1264,47,47,190,95,5,3.0889639854431152,0
cluster_big,heavy,medium,p3_c160_mp1_pen1_h5,101,8,12,10,2,287,1126,40,48,155,97,5,3.0129570960998535,0
cluster_big,heavy,medium,p3_c160_mp1_pen0_h2,42,11,12,11,1,295,1135,51,43,190,70,2,2.7269716262817383,0
cluster_big,heavy,medium,p3_c160_mp1_pen0_h0,101,9,12,11,1,258,970,60,30,165,63,0,2.8819739818573,0
cluster_big,heavy,medium,p3_c160_mp1_pen0_h2,202,12,12,9,3,323,1266,42,73,200,85,3,2.6352338790893555,0
cluster_big,heavy,medium,p3_c160_mp1_pen0_h0,202,12,12,8,4,322,1266,50,84,184,101,0,3.0280284881591797,0
cluster_big,heavy,medium,p3_c160_mp1_pen0_h2,101,9,12,10,2,290,1145,35,58,165,91,2,2.8568685054779053,0
cluster_big,heavy,medium,p3_c160_mp1_pen0_h0,42,10,12,11,1,268,1027,49,31,175,62,0,3.2574691772460938,0
cluster_big,heavy,medium,p3_c160_mp1_pen0_h5,101,8,12,10,2,287,1126,40,48,155,97,5,2.844446897506714,0
cluster_big,heavy,medium,p3_c160_mp1_pen0_h5,42,11,12,11,1,321,1256,47,47,190,93,5,3.0560309886932373,0
cluster_big,heavy,medium,p3_c160_mp2_pen1_h0,42,10,12,11,1,269,1027,50,31,175,62,0,2.853203535079956,0
cluster_big,heavy,medium,p3_c160_mp2_pen1_h0,101,9,12,11,1,259,971,60,30,165,63,0,2.900439739227295,0
cluster_big,heavy,medium,p3_c160_mp2_pen1_h2,42,11,12,11,1,296,1137,50,43,190,70,2,2.9200918674468994,0
cluster_big,heavy,medium,p3_c160_mp2_pen1_h0,202,12,12,8,4,333,1299,46,91,194,97,0,3.0289385318756104,0
cluster_big,heavy,medium,p3_c160_mp2_pen1_h2,202,12,12,9,3,328,1268,47,75,210,77,3,2.833001136779785,0
cluster_big,heavy,medium,p3_c160_mp1_pen0_h5,202,11,12,10,2,308,1190,50,48,195,76,4,3.2156565189361572,0
cluster_big,heavy,medium,p3_c160_mp2_pen1_h5,42,11,12,11,1,324,1266,46,47,190,95,5,2.9402809143066406,0
cluster_big,heavy,medium,p3_c160_mp2_pen1_h5,101,9,12,10,2,308,1196,46,51,175,94,6,2.943657398223877,0
cluster_big,heavy,medium,p3_c160_mp2_pen1_h2,101,9,12,10,2,292,1148,34,58,165,91,2,3.3196609020233154,0
cluster_big,heavy,medium,p3_c160_mp2_pen0_h0,101,9,12,11,1,259,971,60,30,165,63,0,2.8513565063476562,0
cluster_big,heavy,medium,p3_c160_mp2_pen0_h0,202,12,12,8,4,333,1299,46,91,194,97,0,2.921764850616455,0
cluster_big,heavy,medium,p3_c160_mp2_pen0_h2,101,9,12,10,2,292,1148,34,58,165,91,2,2.8596460819244385,0
cluster_big,heavy,medium,p3_c160_mp2_pen0_h0,42,10,12,11,1,269,1027,50,31,175,62,0,3.3022875785827637,0
cluster_big,heavy,medium,p3_c160_mp2_pen0_h2,42,11,12,11,1,296,1137,50,43,190,70,2,3.1596505641937256,0
cluster_big,heavy,medium,p3_c160_mp2_pen0_h5,101,9,12,10,2,308,1196,46,51,175,94,6,2.916060447692871,0
cluster_big,heavy,medium,p3_c160_mp2_pen0_h5,42,11,12,11,1,322,1258,46,47,190,93,5,2.92866849899292,0
cluster_big,heavy,medium,p3_c160_mp3_pen1_h0,42,11,12,11,1,276,1049,52,32,180,62,0,2.7765188217163086,0
cluster_big,heavy,medium,p3_c160_mp2_pen0_h2,202,12,12,9,3,328,1268,47,75,210,77,3,3.108781337738037,0
cluster_big,heavy,medium,p3_c160_mp2_pen0_h5,202,12,12,11,1,304,1169,50,33,190,76,4,2.938615322113037,0
cluster_big,heavy,medium,p3_c160_mp2_pen1_h5,202,12,12,11,1,304,1169,50,33,190,76,4,3.79229474067688,0
cluster_big,heavy,medium,p3_c160_mp3_pen1_h0,202,12,12,8,4,341,1322,47,95,194,101,0,2.846689224243164,0
cluster_big,heavy,medium,p3_c160_mp3_pen1_h2,42,11,12,11,1,297,1138,50,43,190,70,2,2.8741912841796875,0
cluster_big,heavy,medium,p3_c160_mp3_pen1_h0,101,9,12,11,1,260,972,60,30,165,63,0,3.2351126670837402,0
cluster_big,heavy,medium,p3_c160_mp3_pen1_h2,202,12,12,9,3,331,1269,49,75,210,77,3,2.8791768550872803,0
cluster_big,heavy,medium,p3_c160_mp3_pen1_h2,101,9,12,10,2,294,1151,33,58,165,91,2,3.103654623031616,0
cluster_big,heavy,medium,p3_c160_mp3_pen1_h5,42,11,12,11,1,326,1256,58,47,191,95,5,3.0749173164367676,0
cluster_big,heavy,medium,p3_c160_mp3_pen1_h5,202,12,12,11,1,311,1196,50,33,190,81,5,2.868570327758789,0
cluster_big,heavy,medium,p3_c160_mp3_pen1_h5,101,9,12,10,2,310,1198,46,51,175,94,6,3.060445547103882,0
cluster_big,heavy,medium,p3_c160_mp3_pen0_h0,101,9,12,11,1,260,972,60,30,165,63,0,2.8626821041107178,0
cluster_big,heavy,medium,p3_c160_mp3_pen0_h0,42,11,12,11,1,276,1049,52,32,180,62,0,3.0025010108947754,0
cluster_big,heavy,medium,p3_c160_mp3_pen0_h2,101,9,12,10,2,294,1151,33,58,165,91,2,2.767120122909546,0
cluster_big,heavy,medium,p3_c160_mp3_pen0_h2,42,11,12,11,1,297,1138,50,43,190,70,2,2.82558536529541,0
cluster_big,heavy,medium,p3_c160_mp3_pen0_h2,202,12,12,9,3,331,1269,49,75,210,77,3,2.8043463230133057,0
cluster_big,heavy,medium,p3_c160_mp3_pen0_h0,202,12,12,8,4,341,1322,47,95,194,101,0,2.9418137073516846,0
cluster_big,heavy,medium,p3_c160_mp3_pen0_h5,202,12,12,11,1,311,1196,50,33,190,81,5,2.718332052230835,0
cluster_big,heavy,medium,p3_c160_mp3_pen0_h5,42,11,12,11,1,324,1247,59,47,191,93,5,3.153857946395874,0
cluster_big,heavy,medium,p3_c160_mp3_pen0_h5,101,9,12,10,2,310,1198,46,51,175,94,6,3.036926746368408,0
cluster_big,sparse,medium,p3_c40_mp1_pen1_h0,101,5,5,0,5,203,829,15,50,105,80,0,2.233266830444336,0
cluster_big,sparse,medium,baseline,42,0,5,5,0,171,695,13,0,100,58,0,2.7753989696502686,0
cluster_big,sparse,medium,baseline,101,5,5,5,0,198,772,33,16,120,59,0,2.80082106590271,0
cluster_big,sparse,medium,baseline,202,3,5,5,0,183,718,30,3,110,57,0,2.751350164413452,0
cluster_big,sparse,medium,p3_c40_mp1_pen1_h2,42,3,5,0,5,186,748,21,33,80,88,2,2.6472537517547607,0
cluster_big,sparse,medium,p3_c40_mp1_pen0_h0,42,0,5,0,5,151,620,10,0,55,83,0,2.117612838745117,0
cluster_big,sparse,medium,p3_c40_mp1_pen1_h0,202,0,5,0,5,141,577,8,0,55,73,0,2.744765043258667,0
cluster_big,sparse,medium,p3_c40_mp1_pen1_h0,42,0,5,0,5,151,621,9,0,55,83,0,2.8769404888153076,0
cluster_big,sparse,medium,p3_c40_mp1_pen1_h2,202,4,5,0,5,205,828,20,34,99,85,3,2.70670485496521,0
cluster_big,sparse,medium,p3_c40_mp1_pen1_h5,42,0,5,0,5,175,703,23,0,50,106,6,2.598670721054077,0
cluster_big,sparse,medium,p3_c40_mp1_pen1_h2,101,5,5,0,5,212,865,17,50,105,87,2,2.8096611499786377,0
cluster_big,sparse,medium,p3_c40_mp1_pen1_h5,101,5,5,0,5,220,901,17,50,105,94,3,2.689257860183716,0
cluster_big,sparse,medium,p3_c40_mp1_pen1_h5,202,4,5,0,5,213,865,19,34,99,92,4,2.7156736850738525,0
cluster_big,sparse,medium,p3_c40_mp1_pen0_h0,101,5,5,0,5,202,824,16,50,105,79,0,2.6934237480163574,0
cluster_big,sparse,medium,p3_c40_mp1_pen0_h0,202,0,5,0,5,140,572,8,0,55,72,0,2.698359727859497,0
cluster_big,sparse,medium,p3_c40_mp1_pen0_h2,42,3,5,0,5,186,748,21,33,80,88,2,2.67352557182312,0
cluster_big,sparse,medium,p3_c40_mp1_pen0_h2,101,5,5,0,5,212,865,17,50,105,87,2,2.7182297706604004,0
cluster_big,sparse,medium,p3_c40_mp1_pen0_h2,202,4,5,0,5,205,828,20,34,99,85,3,2.715822219848633,0
cluster_big,sparse,medium,p3_c40_mp1_pen0_h5,42,0,5,0,5,177,712,23,0,50,108,6,2.702847480773926,0
cluster_big,sparse,medium,p3_c40_mp2_pen1_h0,101,5,5,0,5,208,831,18,50,105,80,0,2.508889675140381,0
cluster_big,sparse,medium,p3_c40_mp1_pen0_h5,202,4,5,0,5,213,865,19,34,99,92,4,2.68902325630188,0
cluster_big,sparse,medium,p3_c40_mp1_pen0_h5,101,5,5,0,5,220,901,17,50,105,94,3,2.7178537845611572,0
cluster_big,sparse,medium,p3_c40_mp2_pen1_h0,42,0,5,0,5,146,578,13,0,45,83,0,2.6373867988586426,0
cluster_big,sparse,medium,p3_c40_mp2_pen1_h0,202,0,5,0,5,146,581,9,0,55,73,0,2.580745220184326,0
cluster_big,sparse,medium,p3_c40_mp2_pen1_h2,42,0,5,0,5,158,618,21,0,50,88,2,2.6371891498565674,0
cluster_big,sparse,medium,p3_c40_mp2_pen1_h2,202,1,5,0,5,169,670,13,1,65,82,3,2.267249584197998,0
cluster_big,sparse,medium,p3_c40_mp2_pen1_h2,101,5,5,0,5,222,886,21,55,110,87,2,2.5818169116973877,0
cluster_big,sparse,medium,p3_c40_mp2_pen1_h5,42,0,5,0,5,171,677,19,0,45,104,4,2.5503153800964355,0
cluster_big,sparse,medium,p3_c40_mp2_pen0_h0,202,0,5,0,5,145,576,9,0,55,72,0,2.2195205688476562,0
cluster_big,sparse,medium,p3_c40_mp2_pen1_h5,101,5,5,0,5,230,913,28,55,110,94,3,2.697124719619751,0
cluster_big,sparse,medium,p3_c40_mp2_pen0_h0,101,5,5,0,5,207,828,17,50,105,79,0,2.327481269836426,0
cluster_big,sparse,medium,p3_c40_mp2_pen1_h5,202,1,5,0,5,187,752,11,11,75,89,4,2.5930824279785156,0
cluster_big,sparse,medium,p3_c40_mp2_pen0_h5,42,0,5,0,5,171,677,19,0,45,104,4,2.3362691402435303,0
cluster_big,sparse,medium,p3_c40_mp2_pen0_h0,42,0,5,0,5,146,578,13,0,45,83,0,2.659242868423462,0
cluster_big,sparse,medium,p3_c40_mp2_pen0_h2,42,0,5,0,5,158,618,21,0,50,88,2,2.6330223083496094,0
cluster_big,sparse,medium,p3_c40_mp2_pen0_h5,202,0,5,0,5,175,702,11,0,65,88,4,2.505690097808838,0
cluster_big,sparse,medium,p3_c40_mp2_pen0_h2,202,0,5,0,5,167,666,11,0,65,81,3,2.620591402053833,0
cluster_big,sparse,medium,p3_c40_mp2_pen0_h2,101,5,5,0,5,222,886,21,55,110,87,2,2.689737319946289,0
cluster_big,sparse,medium,p3_c40_mp2_pen0_h5,101,5,5,0,5,230,913,28,55,110,94,3,2.7150845527648926,0
cluster_big,sparse,medium,p3_c40_mp3_pen1_h0,42,0,5,0,5,148,570,12,0,50,75,0,2.604193925857544,0
cluster_big,sparse,medium,p3_c40_mp3_pen1_h0,101,5,5,0,5,217,856,16,55,110,79,0,2.5486106872558594,0
cluster_big,sparse,medium,p3_c40_mp3_pen1_h0,202,0,5,0,5,156,606,11,0,60,73,0,2.4537503719329834,0
cluster_big,sparse,medium,p3_c40_mp3_pen1_h2,42,3,5,0,5,196,759,20,33,80,88,2,2.630678653717041,0
cluster_big,sparse,medium,p3_c40_mp3_pen1_h5,101,5,5,0,5,235,924,24,55,110,94,3,2.3745217323303223,0
cluster_big,sparse,medium,p3_c40_mp3_pen1_h2,101,5,5,0,5,227,891,21,55,110,87,2,2.7813587188720703,0
cluster_big,sparse,medium,p3_c40_mp3_pen0_h2,42,3,5,0,5,196,759,20,33,80,88,2,2.257356882095337,0
cluster_big,sparse,medium,p3_c40_mp3_pen1_h2,202,0,5,0,5,168,652,13,0,60,82,3,2.7081351280212402,0
cluster_big,sparse,medium,p3_c40_mp3_pen0_h0,202,0,5,0,5,155,601,11,0,60,72,0,2.347648859024048,0
cluster_big,sparse,medium,p3_c40_mp3_pen1_h5,42,0,5,0,5,173,666,21,0,45,101,4,2.6854591369628906,0
cluster_big,sparse,medium,p3_c40_mp3_pen0_h0,101,5,5,0,5,217,856,16,55,110,79,0,2.524463415145874,0
cluster_big,sparse,medium,p3_c40_mp3_pen0_h2,101,5,5,0,5,227,891,21,55,110,87,2,2.5135397911071777,0
cluster_big,sparse,medium,p3_c40_mp3_pen0_h0,42,0,5,0,5,148,570,12,0,50,75,0,2.6537294387817383,0
cluster_big,sparse,medium,p3_c40_mp3_pen1_h5,202,0,5,0,5,176,690,11,0,60,89,4,2.7164487838745117,0
cluster_big,sparse,medium,p3_c40_mp3_pen0_h2,202,0,5,0,5,167,647,13,0,60,81,3,2.673332929611206,0
cluster_big,sparse,medium,p3_c40_mp3_pen0_h5,42,0,5,0,5,173,666,21,0,45,101,4,2.754918336868286,0
cluster_big,sparse,medium,p3_c40_mp3_pen0_h5,202,0,5,0,5,175,685,11,0,60,88,4,2.3968968391418457,0
cluster_big,sparse,medium,p3_c40_mp3_pen0_h5,101,5,5,0,5,235,924,24,55,110,94,3,2.8625972270965576,0
cluster_big,sparse,medium,p3_c100_mp1_pen1_h0,101,5,5,0,5,203,829,15,50,105,80,0,2.557222366333008,0
cluster_big,sparse,medium,p3_c100_mp1_pen1_h2,101,5,5,0,5,212,865,17,50,105,87,2,2.3322057723999023,0
cluster_big,sparse,medium,p3_c100_mp1_pen1_h0,42,0,5,0,5,151,621,9,0,55,83,0,2.6690566539764404,0
cluster_big,sparse,medium,p3_c100_mp1_pen1_h0,202,0,5,0,5,141,577,8,0,55,73,0,2.7057740688323975,0
cluster_big,sparse,medium,p3_c100_mp1_pen1_h2,42,3,5,0,5,186,748,21,33,80,88,2,2.580597400665283,0
cluster_big,sparse,medium,p3_c100_mp1_pen1_h5,202,4,5,0,5,213,865,19,34,99,92,4,2.5039784908294678,0
cluster_big,sparse,medium,p3_c100_mp1_pen1_h2,202,4,5,0,5,205,828,20,34,99,85,3,2.649038791656494,0
cluster_big,sparse,medium,p3_c100_mp1_pen1_h5,101,5,5,0,5,220,901,17,50,105,94,3,2.640423536300659,0
cluster_big,sparse,medium,p3_c100_mp1_pen1_h5,42,0,5,0,5,175,703,23,0,50,106,6,2.667221784591675,0
cluster_big,sparse,medium,p3_c100_mp1_pen0_h0,42,0,5,0,5,151,620,10,0,55,83,0,2.6212804317474365,0
cluster_big,sparse,medium,p3_c100_mp1_pen0_h0,202,0,5,0,5,140,572,8,0,55,72,0,2.574908971786499,0
cluster_big,sparse,medium,p3_c100_mp1_pen0_h0,101,5,5,0,5,202,824,16,50,105,79,0,2.6133015155792236,0
cluster_big,sparse,medium,p3_c100_mp1_pen0_h2,42,3,5,0,5,186,748,21,33,80,88,2,2.6494884490966797,0
cluster_big,sparse,medium,p3_c100_mp1_pen0_h5,42,0,5,0,5,177,712,23,0,50,108,6,2.3264284133911133,0
cluster_big,sparse,medium,p3_c100_mp1_pen0_h2,101,5,5,0,5,212,865,17,50,105,87,2,2.6412718296051025,0
cluster_big,sparse,medium,p3_c100_mp1_pen0_h2,202,4,5,0,5,205,828,20,34,99,85,3,2.4604320526123047,0
cluster_big,sparse,medium,p3_c100_mp2_pen1_h0,101,5,5,0,5,208,831,18,50,105,80,0,2.4145686626434326,0
cluster_big,sparse,medium,p3_c100_mp1_pen0_h5,202,4,5,0,5,213,865,19,34,99,92,4,2.563291311264038,0
cluster_big,sparse,medium,p3_c100_mp2_pen1_h0,42,0,5,0,5,146,578,13,0,45,83,0,2.6702725887298584,0
cluster_big,sparse,medium,p3_c100_mp1_pen0_h5,101,5,5,0,5,220,901,17,50,105,94,3,2.7612674236297607,0
cluster_big,sparse,medium,p3_c100_mp2_pen1_h2,42,0,5,0,5,158,618,21,0,50,88,2,2.499013900756836,0
cluster_big,sparse,medium,p3_c100_mp2_pen1_h2,101,5,5,0,5,222,886,21,55,110,87,2,2.5146422386169434,0
cluster_big,sparse,medium,p3_c100_mp2_pen1_h2,202,1,5,0,5,169,670,13,1,65,82,3,2.5437135696411133,0
cluster_big,sparse,medium,p3_c100_mp2_pen1_h0,202,0,5,0,5,146,581,9,0,55,73,0,2.8672800064086914,0
cluster_big,sparse,medium,p3_c100_mp2_pen1_h5,42,0,5,0,5,171,677,19,0,45,104,4,2.614227056503296,0
cluster_big,sparse,medium,p3_c100_mp2_pen1_h5,202,1,5,0,5,187,752,11,11,75,89,4,2.4885847568511963,0
cluster_big,sparse,medium,p3_c100_mp2_pen0_h2,42,0,5,0,5,158,618,21,0,50,88,2,2.2135517597198486,0
cluster_big,sparse,medium,p3_c100_mp2_pen0_h0,42,0,5,0,5,146,578,13,0,45,83,0,2.457606315612793,0
cluster_big,sparse,medium,p3_c100_mp2_pen1_h5,101,5,5,0,5,230,913,28,55,110,94,3,2.702613115310669,0
cluster_big,sparse,medium,p3_c100_mp2_pen0_h0,202,0,5,0,5,145,576,9,0,55,72,0,2.595451831817627,0
cluster_big,sparse,medium,p3_c100_mp2_pen0_h0,101,5,5,0,5,207,828,17,50,105,79,0,2.6791293621063232,0
cluster_big,sparse,medium,p3_c100_mp2_pen0_h5,202,0,5,0,5,175,702,11,0,65,88,4,2.2451536655426025,0
cluster_big,sparse,medium,p3_c100_mp2_pen0_h2,101,5,5,0,5,222,886,21,55,110,87,2,2.6833531856536865,0
cluster_big,sparse,medium,p3_c100_mp2_pen0_h2,202,0,5,0,5,167,666,11,0,65,81,3,2.745159149169922,0
cluster_big,sparse,medium,p3_c100_mp2_pen0_h5,42,0,5,0,5,171,677,19,0,45,104,4,2.676177740097046,0
cluster_big,sparse,medium,p3_c100_mp2_pen0_h5,101,5,5,0,5,230,913,28,55,110,94,3,2.687924861907959,0
cluster_big,sparse,medium,p3_c100_mp3_pen1_h0,202,0,5,0,5,156,606,11,0,60,73,0,2.497176170349121,0
cluster_big,sparse,medium,p3_c100_mp3_pen1_h0,42,0,5,0,5,148,570,12,0,50,75,0,2.664832830429077,0
cluster_big,sparse,medium,p3_c100_mp3_pen1_h2,101,5,5,0,5,227,891,21,55,110,87,2,2.304286479949951,0
cluster_big,sparse,medium,p3_c100_mp3_pen1_h2,42,3,5,0,5,196,759,20,33,80,88,2,2.5746631622314453,0
cluster_big,sparse,medium,p3_c100_mp3_pen1_h0,101,5,5,0,5,217,856,16,55,110,79,0,2.6623528003692627,0
cluster_big,sparse,medium,p3_c100_mp3_pen1_h2,202,0,5,0,5,168,652,13,0,60,82,3,2.5420897006988525,0
cluster_big,sparse,medium,p3_c100_mp3_pen1_h5,42,0,5,0,5,173,666,21,0,45,101,4,2.6057815551757812,0
cluster_big,sparse,medium,p3_c100_mp3_pen1_h5,202,0,5,0,5,176,690,11,0,60,89,4,2.4028584957122803,0
cluster_big,sparse,medium,p3_c100_mp3_pen1_h5,101,5,5,0,5,235,924,24,55,110,94,3,2.7201123237609863,0
cluster_big,sparse,medium,p3_c100_mp3_pen0_h5,42,0,5,0,5,173,666,21,0,45,101,4,2.1341934204101562,0
cluster_big,sparse,medium,p3_c100_mp3_pen0_h0,42,0,5,0,5,148,570,12,0,50,75,0,2.7422444820404053,0
cluster_big,sparse,medium,p3_c100_mp3_pen0_h0,202,0,5,0,5,155,601,11,0,60,72,0,2.6243345737457275,0
cluster_big,sparse,medium,p3_c100_mp3_pen0_h0,101,5,5,0,5,217,856,16,55,110,79,0,2.717163562774658,0
cluster_big,sparse,medium,p3_c100_mp3_pen0_h2,42,3,5,0,5,196,759,20,33,80,88,2,2.672071695327759,0
cluster_big,sparse,medium,p3_c100_mp3_pen0_h2,202,0,5,0,5,167,647,13,0,60,81,3,2.7146100997924805,0
cluster_big,sparse,medium,p3_c100_mp3_pen0_h2,101,5,5,0,5,227,891,21,55,110,87,2,2.767064094543457,0
cluster_big,sparse,medium,p3_c100_mp3_pen0_h5,101,5,5,0,5,235,924,24,55,110,94,3,2.6690287590026855,0
cluster_big,sparse,medium,p3_c105_mp1_pen1_h0,42,0,5,5,0,171,695,13,0,100,58,0,2.447848081588745,0
cluster_big,sparse,medium,p3_c105_mp1_pen1_h2,101,5,5,4,1,207,817,30,26,115,71,2,2.1287729740142822,0
cluster_big,sparse,medium,p3_c100_mp3_pen0_h5,202,0,5,0,5,175,685,11,0,60,88,4,2.6236612796783447,0
cluster_big,sparse,medium,p3_c105_mp1_pen1_h0,202,3,5,5,0,183,718,30,3,110,57,0,2.5732486248016357,0
cluster_big,sparse,medium,p3_c105_mp1_pen1_h0,101,5,5,5,0,198,772,33,16,120,59,0,2.6879708766937256,0
cluster_big,sparse,medium,p3_c105_mp1_pen1_h5,42,0,5,5,0,192,781,18,0,95,80,4,2.4312539100646973,0
cluster_big,sparse,medium,p3_c105_mp1_pen1_h2,42,0,5,5,0,176,704,22,0,95,66,2,2.688662528991699,0
cluster_big,sparse,medium,p3_c105_mp1_pen1_h5,101,5,5,4,1,224,879,41,35,115,86,3,2.4931588172912598,0
cluster_big,sparse,medium,p3_c105_mp1_pen0_h0,42,0,5,5,0,171,695,13,0,100,58,0,2.377427101135254,0
cluster_big,sparse,medium,p3_c105_mp1_pen1_h2,202,0,5,5,0,186,754,14,0,105,65,3,2.7220699787139893,0
cluster_big,sparse,medium,p3_c105_mp1_pen0_h0,202,3,5,5,0,183,718,30,3,110,57,0,2.392171621322632,0
cluster_big,sparse,medium,p3_c105_mp1_pen1_h5,202,0,5,5,0,202,821,18,0,105,79,5,2.5970945358276367,0
cluster_big,sparse,medium,p3_c105_mp1_pen0_h2,42,0,5,5,0,176,704,22,0,95,66,2,2.4986770153045654,0
cluster_big,sparse,medium,p3_c105_mp1_pen0_h0,101,5,5,5,0,198,772,33,16,120,59,0,2.5743536949157715,0
cluster_big,sparse,medium,p3_c105_mp1_pen0_h2,202,0,5,5,0,186,754,14,0,105,65,3,2.6750941276550293,0
cluster_big,sparse,medium,p3_c105_mp1_pen0_h2,101,5,5,4,1,207,817,30,26,115,71,2,2.6815288066864014,0
cluster_big,sparse,medium,p3_c105_mp1_pen0_h5,202,0,5,5,0,202,821,18,0,105,79,5,2.2447702884674072,0
cluster_big,sparse,medium,p3_c105_mp1_pen0_h5,42,0,5,5,0,192,781,18,0,95,80,4,2.752706289291382,0
cluster_big,sparse,medium,p3_c105_mp1_pen0_h5,101,5,5,4,1,224,879,41,35,115,86,3,2.6941633224487305,0
cluster_big,sparse,medium,p3_c105_mp2_pen1_h0,42,0,5,5,0,171,695,13,0,100,58,0,2.671067237854004,0
cluster_big,sparse,medium,p3_c105_mp2_pen1_h0,101,5,5,5,0,198,772,33,16,120,59,0,2.621469020843506,0
cluster_big,sparse,medium,p3_c105_mp2_pen1_h0,202,3,5,5,0,183,718,30,3,110,57,0,2.673419952392578,0
cluster_big,sparse,medium,p3_c105_mp2_pen1_h2,42,0,5,5,0,176,704,22,0,95,66,2,2.6302103996276855,0
cluster_big,sparse,medium,p3_c105_mp2_pen1_h5,101,5,5,4,1,225,880,41,35,115,86,3,2.4976983070373535,0
cluster_big,sparse,medium,p3_c105_mp2_pen1_h2,101,5,5,4,1,208,818,30,26,115,71,2,2.711298704147339,0
cluster_big,sparse,medium,p3_c105_mp2_pen1_h2,202,0,5,5,0,186,754,14,0,105,65,3,2.6787965297698975,0
cluster_big,sparse,medium,p3_c105_mp2_pen1_h5,202,0,5,5,0,202,821,18,0,105,79,5,2.502568006515503,0
cluster_big,sparse,medium,p3_c105_mp2_pen1_h5,42,0,5,5,0,192,781,18,0,95,80,4,2.7502193450927734,0
cluster_big,sparse,medium,p3_c105_mp2_pen0_h0,42,0,5,5,0,171,695,13,0,100,58,0,2.6567258834838867,0
cluster_big,sparse,medium,p3_c105_mp2_pen0_h0,202,3,5,5,0,183,718,30,3,110,57,0,2.6276283264160156,0
cluster_big,sparse,medium,p3_c105_mp2_pen0_h0,101,5,5,5,0,198,772,33,16,120,59,0,2.7205095291137695,0
cluster_big,sparse,medium,p3_c105_mp2_pen0_h2,101,5,5,4,1,208,818,30,26,115,71,2,2.499798536300659,0
cluster_big,sparse,medium,p3_c105_mp2_pen0_h2,42,0,5,5,0,176,704,22,0,95,66,2,2.712087631225586,0
cluster_big,sparse,medium,p3_c105_mp2_pen0_h5,101,5,5,4,1,225,880,41,35,115,86,3,2.3007845878601074,0
cluster_big,sparse,medium,p3_c105_mp2_pen0_h2,202,0,5,5,0,186,754,14,0,105,65,3,2.6648738384246826,0
cluster_big,sparse,medium,p3_c105_mp2_pen0_h5,42,0,5,5,0,192,781,18,0,95,80,4,2.649783134460449,0
cluster_big,sparse,medium,p3_c105_mp3_pen1_h0,42,0,5,5,0,171,695,13,0,100,58,0,2.459867477416992,0
cluster_big,sparse,medium,p3_c105_mp2_pen0_h5,202,0,5,5,0,202,821,18,0,105,79,5,2.633495569229126,0
cluster_big,sparse,medium,p3_c105_mp3_pen1_h2,42,0,5,5,0,176,704,22,0,95,66,2,2.45428204536438,0
cluster_big,sparse,medium,p3_c105_mp3_pen1_h0,101,5,5,5,0,198,772,33,16,120,59,0,2.637256383895874,0
cluster_big,sparse,medium,p3_c105_mp3_pen1_h0,202,3,5,5,0,183,718,30,3,110,57,0,2.5728657245635986,0
cluster_big,sparse,medium,p3_c105_mp3_pen1_h2,101,5,5,4,1,209,819,30,26,115,71,2,2.5108683109283447,0
cluster_big,sparse,medium,p3_c105_mp3_pen1_h5,101,5,5,4,1,226,881,41,35,115,86,3,2.5107271671295166,0
cluster_big,sparse,medium,p3_c105_mp3_pen1_h5,42,0,5,5,0,192,781,18,0,95,80,4,2.581470012664795,0
cluster_big,sparse,medium,p3_c105_mp3_pen1_h2,202,0,5,5,0,186,754,14,0,105,65,3,2.7167911529541016,0
cluster_big,sparse,medium,p3_c105_mp3_pen1_h5,202,0,5,5,0,202,821,18,0,105,79,5,2.414933919906616,0
cluster_big,sparse,medium,p3_c105_mp3_pen0_h0,202,3,5,5,0,183,718,30,3,110,57,0,2.3104569911956787,0
cluster_big,sparse,medium,p3_c105_mp3_pen0_h0,101,5,5,5,0,198,772,33,16,120,59,0,2.5844407081604004,0
cluster_big,sparse,medium,p3_c105_mp3_pen0_h0,42,0,5,5,0,171,695,13,0,100,58,0,2.7425191402435303,0
cluster_big,sparse,medium,p3_c105_mp3_pen0_h2,42,0,5,5,0,176,704,22,0,95,66,2,2.4769487380981445,0
cluster_big,sparse,medium,p3_c105_mp3_pen0_h2,202,0,5,5,0,186,754,14,0,105,65,3,2.4016354084014893,0
cluster_big,sparse,medium,p3_c105_mp3_pen0_h2,101,5,5,4,1,209,819,30,26,115,71,2,2.693495750427246,0
cluster_big,sparse,medium,p3_c105_mp3_pen0_h5,101,5,5,4,1,226,881,41,35,115,86,3,2.5785305500030518,0
cluster_big,sparse,medium,p3_c120_mp1_pen1_h0,42,0,5,5,0,171,695,13,0,100,58,0,2.482278347015381,0
cluster_big,sparse,medium,p3_c105_mp3_pen0_h5,42,0,5,5,0,192,781,18,0,95,80,4,2.710632801055908,0
cluster_big,sparse,medium,p3_c105_mp3_pen0_h5,202,0,5,5,0,202,821,18,0,105,79,5,2.613036870956421,0
cluster_big,sparse,medium,p3_c120_mp1_pen1_h0,101,5,5,5,0,198,772,33,16,120,59,0,2.4154796600341797,0
cluster_big,sparse,medium,p3_c120_mp1_pen1_h2,101,5,5,4,1,207,817,30,26,115,71,2,2.484670639038086,0
cluster_big,sparse,medium,p3_c120_mp1_pen1_h2,42,0,5,5,0,176,704,22,0,95,66,2,2.5250864028930664,0
cluster_big,sparse,medium,p3_c120_mp1_pen1_h0,202,3,5,5,0,183,718,30,3,110,57,0,2.7027788162231445,0
cluster_big,sparse,medium,p3_c120_mp1_pen1_h2,202,0,5,5,0,186,754,14,0,105,65,3,2.628976583480835,0
cluster_big,sparse,medium,p3_c120_mp1_pen0_h0,101,5,5,5,0,198,772,33,16,120,59,0,2.18721342086792,0
cluster_big,sparse,medium,p3_c120_mp1_pen1_h5,42,0,5,5,0,192,781,18,0,95,80,4,2.60844087600708,0
cluster_big,sparse,medium,p3_c120_mp1_pen1_h5,101,5,5,4,1,224,879,41,35,115,86,3,2.569979190826416,0
cluster_big,sparse,medium,p3_c120_mp1_pen1_h5,202,0,5,5,0,202,821,18,0,105,79,5,2.6232097148895264,0
cluster_big,sparse,medium,p3_c120_mp1_pen0_h0,42,0,5,5,0,171,695,13,0,100,58,0,2.6851272583007812,0
cluster_big,sparse,medium,p3_c120_mp1_pen0_h2,42,0,5,5,0,176,704,22,0,95,66,2,2.4299678802490234,0
cluster_big,sparse,medium,p3_c120_mp1_pen0_h2,101,5,5,4,1,207,817,30,26,115,71,2,2.610870361328125,0
cluster_big,sparse,medium,p3_c120_mp1_pen0_h0,202,3,5,5,0,183,718,30,3,110,57,0,2.7197465896606445,0
cluster_big,sparse,medium,p3_c120_mp1_pen0_h2,202,0,5,5,0,186,754,14,0,105,65,3,2.7383480072021484,0
cluster_big,sparse,medium,p3_c120_mp2_pen1_h0,42,0,5,5,0,171,695,13,0,100,58,0,2.3453075885772705,0
cluster_big,sparse,medium,p3_c120_mp1_pen0_h5,101,5,5,4,1,224,879,41,35,115,86,3,2.6504716873168945,0
cluster_big,sparse,medium,p3_c120_mp1_pen0_h5,42,0,5,5,0,192,781,18,0,95,80,4,2.7001166343688965,0
cluster_big,sparse,medium,p3_c120_mp1_pen0_h5,202,0,5,5,0,202,821,18,0,105,79,5,2.61072039604187,0
cluster_big,sparse,medium,p3_c120_mp2_pen1_h0,101,5,5,5,0,198,772,33,16,120,59,0,2.4855711460113525,0
cluster_big,sparse,medium,p3_c120_mp2_pen1_h2,202,0,5,5,0,186,754,14,0,105,65,3,2.433988094329834,0
cluster_big,sparse,medium,p3_c120_mp2_pen1_h2,42,0,5,5,0,176,704,22,0,95,66,2,2.6493632793426514,0
cluster_big,sparse,medium,p3_c120_mp2_pen1_h0,202,3,5,5,0,183,718,30,3,110,57,0,2.721843957901001,0
cluster_big,sparse,medium,p3_c120_mp2_pen1_h2,101,5,5,4,1,208,818,30,26,115,71,2,2.7712936401367188,0
cluster_big,sparse,medium,p3_c120_mp2_pen1_h5,101,5,5,4,1,225,880,41,35,115,86,3,2.53674578666687,0
cluster_big,sparse,medium,p3_c120_mp2_pen1_h5,42,0,5,5,0,192,781,18,0,95,80,4,2.694042205810547,0
cluster_big,sparse,medium,p3_c120_mp2_pen0_h0,42,0,5,5,0,171,695,13,0,100,58,0,2.6647439002990723,0
cluster_big,sparse,medium,p3_c120_mp2_pen1_h5,202,0,5,5,0,202,821,18,0,105,79,5,2.7006704807281494,0
cluster_big,sparse,medium,p3_c120_mp2_pen0_h0,202,3,5,5,0,183,718,30,3,110,57,0,2.62853741645813,0
cluster_big,sparse,medium,p3_c120_mp2_pen0_h0,101,5,5,5,0,198,772,33,16,120,59,0,2.6958961486816406,0
cluster_big,sparse,medium,p3_c120_mp2_pen0_h2,42,0,5,5,0,176,704,22,0,95,66,2,2.57190203666687,0
cluster_big,sparse,medium,p3_c120_mp2_pen0_h5,101,5,5,4,1,225,880,41,35,115,86,3,2.3135063648223877,0
cluster_big,sparse,medium,p3_c120_mp2_pen0_h5,42,0,5,5,0,192,781,18,0,95,80,4,2.470902681350708,0
cluster_big,sparse,medium,p3_c120_mp2_pen0_h2,101,5,5,4,1,208,818,30,26,115,71,2,2.7367923259735107,0
cluster_big,sparse,medium,p3_c120_mp2_pen0_h2,202,0,5,5,0,186,754,14,0,105,65,3,2.62198543548584,0
cluster_big,sparse,medium,p3_c120_mp3_pen1_h0,101,5,5,5,0,198,772,33,16,120,59,0,2.2838382720947266,0
cluster_big,sparse,medium,p3_c120_mp2_pen0_h5,202,0,5,5,0,202,821,18,0,105,79,5,2.6263222694396973,0
cluster_big,sparse,medium,p3_c120_mp3_pen1_h0,42,0,5,5,0,171,695,13,0,100,58,0,2.5409345626831055,0
cluster_big,sparse,medium,p3_c120_mp3_pen1_h0,202,3,5,5,0,183,718,30,3,110,57,0,2.594846248626709,0
cluster_big,sparse,medium,p3_c120_mp3_pen1_h2,42,0,5,5,0,176,704,22,0,95,66,2,2.581348180770874,0
cluster_big,sparse,medium,p3_c120_mp3_pen1_h5,202,0,5,5,0,202,821,18,0,105,79,5,2.1302781105041504,0
cluster_big,sparse,medium,p3_c120_mp3_pen1_h2,101,5,5,4,1,209,819,30,26,115,71,2,2.528637170791626,0
cluster_big,sparse,medium,p3_c120_mp3_pen1_h2,202,0,5,5,0,186,754,14,0,105,65,3,2.6273279190063477,0
cluster_big,sparse,medium,p3_c120_mp3_pen1_h5,101,5,5,4,1,226,881,41,35,115,86,3,2.5172054767608643,0
cluster_big,sparse,medium,p3_c120_mp3_pen1_h5,42,0,5,5,0,192,781,18,0,95,80,4,2.683499336242676,0
cluster_big,sparse,medium,p3_c120_mp3_pen0_h0,42,0,5,5,0,171,695,13,0,100,58,0,2.6765658855438232,0
cluster_big,sparse,medium,p3_c120_mp3_pen0_h0,101,5,5,5,0,198,772,33,16,120,59,0,2.6839420795440674,0
cluster_big,sparse,medium,p3_c120_mp3_pen0_h0,202,3,5,5,0,183,718,30,3,110,57,0,2.735034227371216,0
cluster_big,sparse,medium,p3_c120_mp3_pen0_h2,42,0,5,5,0,176,704,22,0,95,66,2,2.4716098308563232,0
cluster_big,sparse,medium,p3_c120_mp3_pen0_h2,202,0,5,5,0,186,754,14,0,105,65,3,2.4424407482147217,0
cluster_big,sparse,medium,p3_c120_mp3_pen0_h5,202,0,5,5,0,202,821,18,0,105,79,5,2.2255043983459473,0
cluster_big,sparse,medium,p3_c120_mp3_pen0_h2,101,5,5,4,1,209,819,30,26,115,71,2,2.758439540863037,0
cluster_big,sparse,medium,p3_c160_mp1_pen1_h2,42,0,5,5,0,176,704,22,0,95,66,2,2.2704880237579346,0
cluster_big,sparse,medium,p3_c160_mp1_pen1_h0,202,3,5,5,0,183,718,30,3,110,57,0,2.3640260696411133,0
cluster_big,sparse,medium,p3_c120_mp3_pen0_h5,42,0,5,5,0,192,781,18,0,95,80,4,2.7258267402648926,0
cluster_big,sparse,medium,p3_c120_mp3_pen0_h5,101,5,5,4,1,226,881,41,35,115,86,3,2.6873092651367188,0
cluster_big,sparse,medium,p3_c160_mp1_pen1_h0,42,0,5,5,0,171,695,13,0,100,58,0,2.6784276962280273,0
cluster_big,sparse,medium,p3_c160_mp1_pen1_h0,101,5,5,5,0,198,772,33,16,120,59,0,2.733583927154541,0
cluster_big,sparse,medium,p3_c160_mp1_pen1_h2,202,0,5,5,0,186,754,14,0,105,65,3,2.63449764251709,0
cluster_big,sparse,medium,p3_c160_mp1_pen1_h2,101,5,5,4,1,207,817,30,26,115,71,2,2.7256553173065186,0
cluster_big,sparse,medium,p3_c160_mp1_pen1_h5,202,0,5,5,0,202,821,18,0,105,79,5,2.5167911052703857,0
cluster_big,sparse,medium,p3_c160_mp1_pen1_h5,101,5,5,4,1,224,879,41,35,115,86,3,2.6279313564300537,0
cluster_big,sparse,medium,p3_c160_mp1_pen1_h5,42,0,5,5,0,192,781,18,0,95,80,4,2.668182611465454,0
cluster_big,sparse,medium,p3_c160_mp1_pen0_h0,42,0,5,5,0,171,695,13,0,100,58,0,2.6397526264190674,0
cluster_big,sparse,medium,p3_c160_mp1_pen0_h0,202,3,5,5,0,183,718,30,3,110,57,0,2.5559849739074707,0
cluster_big,sparse,medium,p3_c160_mp1_pen0_h0,101,5,5,5,0,198,772,33,16,120,59,0,2.6628079414367676,0
cluster_big,sparse,medium,p3_c160_mp1_pen0_h2,101,5,5,4,1,207,817,30,26,115,71,2,2.4098641872406006,0
cluster_big,sparse,medium,p3_c160_mp1_pen0_h2,42,0,5,5,0,176,704,22,0,95,66,2,2.6711015701293945,0
cluster_big,sparse,medium,p3_c160_mp1_pen0_h2,202,0,5,5,0,186,754,14,0,105,65,3,2.655399799346924,0
cluster_big,sparse,medium,p3_c160_mp1_pen0_h5,42,0,5,5,0,192,781,18,0,95,80,4,2.75281023979187,0
cluster_big,sparse,medium,p3_c160_mp2_pen1_h0,42,0,5,5,0,171,695,13,0,100,58,0,2.4534473419189453,0
cluster_big,sparse,medium,p3_c160_mp1_pen0_h5,101,5,5,4,1,224,879,41,35,115,86,3,2.633002281188965,0
cluster_big,sparse,medium,p3_c160_mp1_pen0_h5,202,0,5,5,0,202,821,18,0,105,79,5,2.6726415157318115,0
cluster_big,sparse,medium,p3_c160_mp2_pen1_h0,202,3,5,5,0,183,718,30,3,110,57,0,2.517543077468872,0
cluster_big,sparse,medium,p3_c160_mp2_pen1_h0,101,5,5,5,0,198,772,33,16,120,59,0,2.744539737701416,0
cluster_big,sparse,medium,p3_c160_mp2_pen1_h5,42,0,5,5,0,192,781,18,0,95,80,4,2.2411625385284424,0
cluster_big,sparse,medium,p3_c160_mp2_pen1_h2,101,5,5,4,1,208,818,30,26,115,71,2,2.445884943008423,0
cluster_big,sparse,medium,p3_c160_mp2_pen1_h2,42,0,5,5,0,176,704,22,0,95,66,2,2.6933441162109375,0
cluster_big,sparse,medium,p3_c160_mp2_pen1_h2,202,0,5,5,0,186,754,14,0,105,65,3,2.7305803298950195,0
cluster_big,sparse,medium,p3_c160_mp2_pen1_h5,101,5,5,4,1,225,880,41,35,115,86,3,2.562312126159668,0
cluster_big,sparse,medium,p3_c160_mp2_pen1_h5,202,0,5,5,0,202,821,18,0,105,79,5,2.465785503387451,0
cluster_big,sparse,medium,p3_c160_mp2_pen0_h0,202,3,5,5,0,183,718,30,3,110,57,0,2.403369426727295,0
cluster_big,sparse,medium,p3_c160_mp2_pen0_h2,42,0,5,5,0,176,704,22,0,95,66,2,2.3660101890563965,0
cluster_big,sparse,medium,p3_c160_mp2_pen0_h0,101,5,5,5,0,198,772,33,16,120,59,0,2.685293197631836,0
cluster_big,sparse,medium,p3_c160_mp2_pen0_h2,202,0,5,5,0,186,754,14,0,105,65,3,2.2263879776000977,0
cluster_big,sparse,medium,p3_c160_mp2_pen0_h0,42,0,5,5,0,171,695,13,0,100,58,0,2.7448184490203857,0
cluster_big,sparse,medium,p3_c160_mp2_pen0_h2,101,5,5,4,1,208,818,30,26,115,71,2,2.477804183959961,0
cluster_big,sparse,medium,p3_c160_mp3_pen1_h0,42,0,5,5,0,171,695,13,0,100,58,0,2.2764103412628174,0
cluster_big,sparse,medium,p3_c160_mp3_pen1_h0,202,3,5,5,0,183,718,30,3,110,57,0,2.2790770530700684,0
cluster_big,sparse,medium,p3_c160_mp2_pen0_h5,101,5,5,4,1,225,880,41,35,115,86,3,2.5534300804138184,0
cluster_big,sparse,medium,p3_c160_mp2_pen0_h5,42,0,5,5,0,192,781,18,0,95,80,4,2.5777347087860107,0
cluster_big,sparse,medium,p3_c160_mp2_pen0_h5,202,0,5,5,0,202,821,18,0,105,79,5,2.507533073425293,0
cluster_big,sparse,medium,p3_c160_mp3_pen1_h0,101,5,5,5,0,198,772,33,16,120,59,0,2.438220977783203,0
cluster_big,sparse,medium,p3_c160_mp3_pen1_h2,101,5,5,4,1,209,819,30,26,115,71,2,2.277604341506958,0
cluster_big,sparse,medium,p3_c160_mp3_pen1_h2,42,0,5,5,0,176,704,22,0,95,66,2,2.515543222427368,0
cluster_big,sparse,medium,p3_c160_mp3_pen1_h2,202,0,5,5,0,186,754,14,0,105,65,3,2.4277327060699463,0
cluster_big,sparse,medium,p3_c160_mp3_pen1_h5,101,5,5,4,1,226,881,41,35,115,86,3,2.210345506668091,0
cluster_big,sparse,medium,p3_c160_mp3_pen1_h5,42,0,5,5,0,192,781,18,0,95,80,4,2.3411364555358887,0
cluster_big,sparse,medium,p3_c160_mp3_pen0_h0,42,0,5,5,0,171,695,13,0,100,58,0,2.1898276805877686,0
cluster_big,sparse,medium,p3_c160_mp3_pen1_h5,202,0,5,5,0,202,821,18,0,105,79,5,2.33413028717041,0
cluster_big,sparse,medium,p3_c160_mp3_pen0_h0,101,5,5,5,0,198,772,33,16,120,59,0,2.2990353107452393,0
cluster_big,sparse,medium,p3_c160_mp3_pen0_h0,202,3,5,5,0,183,718,30,3,110,57,0,2.1610209941864014,0
cluster_big,sparse,medium,p3_c160_mp3_pen0_h2,42,0,5,5,0,176,704,22,0,95,66,2,2.067709445953369,0
cluster_big,sparse,medium,p3_c160_mp3_pen0_h2,202,0,5,5,0,186,754,14,0,105,65,3,2.0258710384368896,0
cluster_big,sparse,medium,p3_c160_mp3_pen0_h2,101,5,5,4,1,209,819,30,26,115,71,2,2.1769609451293945,0
cluster_big,sparse,medium,p3_c160_mp3_pen0_h5,42,0,5,5,0,192,781,18,0,95,80,4,1.998018503189087,0
cluster_big,sparse,medium,p3_c160_mp3_pen0_h5,101,5,5,4,1,226,881,41,35,115,86,3,1.9460651874542236,0
cluster_big,sparse,medium,p3_c160_mp3_pen0_h5,202,0,5,5,0,202,821,18,0,105,79,5,1.8518610000610352,0
