topology,workload,advert,feature,seed,delivered,sent,alice_flood,alice_direct,radio_tx,radio_rx,collisions,ackpath_tx,total_flood_tx,total_direct_tx,probes_fired,wall_s,rc
chain_3,light,medium,p1_etl_300,202,1,1,1,0,32,49,4,6,14,7,0,0.36456847190856934,0
chain_3,light,medium,p1_etl_86400,202,1,1,1,0,32,49,4,6,14,7,0,0.3651409149169922,0
chain_3,light,medium,p1_penalty_off,42,1,1,1,0,28,39,6,6,11,6,0,0.3913130760192871,0
chain_3,light,medium,p1_default,42,1,1,1,0,28,39,6,6,11,6,0,0.40190982818603516,0
chain_3,light,medium,baseline,42,1,1,1,0,28,39,6,6,11,6,0,0.40593385696411133,0
chain_3,light,medium,baseline,202,1,1,1,0,32,49,4,6,14,7,0,0.4080848693847656,0
chain_3,light,medium,p1_default,101,1,1,1,0,35,57,2,6,17,7,0,0.41098451614379883,0
chain_3,light,medium,baseline,101,1,1,1,0,35,57,2,6,17,7,0,0.4163527488708496,0
chain_3,light,medium,p1_etl_60,42,1,1,1,0,28,39,6,6,11,6,0,0.4146249294281006,0
chain_3,light,medium,p1_penalty_off,101,1,1,1,0,35,57,2,6,17,7,0,0.4224967956542969,0
chain_3,light,medium,p1_penalty_off,202,1,1,1,0,32,49,4,6,14,7,0,0.42248058319091797,0
chain_3,light,medium,p1_etl_60,101,1,1,1,0,35,57,2,6,17,7,0,0.4222257137298584,0
chain_3,light,medium,p1_etl_1800,42,1,1,1,0,28,39,6,6,11,6,0,0.41053295135498047,0
chain_3,light,medium,p1_etl_86400,42,1,1,1,0,28,39,6,6,11,6,0,0.4144423007965088,0
chain_3,light,medium,p1_default,202,1,1,1,0,32,49,4,6,14,7,0,0.437255859375,0
chain_3,light,medium,p1_c80,42,1,1,0,1,25,34,6,3,9,6,0,0.4174466133117676,0
chain_3,light,medium,p1_c40,42,1,1,0,1,25,34,6,3,9,6,0,0.4216432571411133,0
chain_3,light,medium,p1_etl_60,202,1,1,1,0,32,49,4,6,14,7,0,0.4231734275817871,0
chain_3,light,medium,p1_etl_1800,202,1,1,1,0,32,49,4,6,14,7,0,0.4228072166442871,0
chain_3,light,medium,p1_etl_300,101,1,1,1,0,35,57,2,6,17,7,0,0.4232611656188965,0
chain_3,light,medium,p1_c40,101,1,1,0,1,32,52,2,3,15,7,0,0.4264836311340332,0
chain_3,light,medium,p1_etl_7200,101,1,1,1,0,35,57,2,6,17,7,0,0.42974424362182617,0
chain_3,light,medium,p1_etl_1800,101,1,1,1,0,35,57,2,6,17,7,0,0.43090081214904785,0
chain_3,light,medium,p1_etl_86400,101,1,1,1,0,35,57,2,6,17,7,0,0.4307420253753662,0
chain_3,light,medium,p1_etl_300,42,1,1,1,0,28,39,6,6,11,6,0,0.43221306800842285,0
chain_3,light,medium,p1_etl_7200,42,1,1,1,0,28,39,6,6,11,6,0,0.43243932723999023,0
chain_3,light,medium,p1_c40,202,1,1,0,1,29,44,4,3,12,7,0,0.431471586227417,0
chain_3,light,medium,p1_etl_7200,202,1,1,1,0,32,49,4,6,14,7,0,0.43527793884277344,0
chain_3,light,medium,p1_mp3,101,1,1,1,0,35,57,2,6,17,7,0,0.29960155487060547,0
chain_3,light,medium,p1_c100,42,1,1,0,1,25,34,6,3,9,6,0,0.3647449016571045,0
chain_3,light,medium,p1_c100,202,1,1,0,1,29,44,4,3,12,7,0,0.35382795333862305,0
chain_3,light,medium,p1_c100,101,1,1,0,1,32,52,2,3,15,7,0,0.37596678733825684,0
chain_3,light,medium,p1_c80,101,1,1,0,1,32,52,2,3,15,7,0,0.42521166801452637,0
chain_3,light,medium,p1_c80,202,1,1,0,1,29,44,4,3,12,7,0,0.43818116188049316,0
chain_3,light,medium,p1_mp4,101,1,1,1,0,35,57,2,6,17,7,0,0.3861725330352783,0
chain_3,light,medium,p1_c120,42,1,1,1,0,28,39,6,6,11,6,0,0.4220752716064453,0
chain_3,light,medium,p1_c120,101,1,1,1,0,35,57,2,6,17,7,0,0.4187443256378174,0
chain_3,light,medium,p1_c120,202,1,1,1,0,32,49,4,6,14,7,0,0.42017555236816406,0
chain_3,light,medium,p1_mp2,42,1,1,1,0,28,39,6,6,11,6,0,0.4263622760772705,0
chain_3,light,medium,p1_mp4,42,1,1,1,0,28,39,6,6,11,6,0,0.4135122299194336,0
chain_3,light,medium,p1_mp2,202,1,1,1,0,32,49,4,6,14,7,0,0.42528414726257324,0
chain_3,light,medium,p1_mp2,101,1,1,1,0,35,57,2,6,17,7,0,0.4296762943267822,0
chain_3,light,medium,p1_mp3,42,1,1,1,0,28,39,6,6,11,6,0,0.4337742328643799,0
chain_3,light,medium,p1_mp4,202,1,1,1,0,32,49,4,6,14,7,0,0.42019033432006836,0
chain_3,light,medium,p1_mp3,202,1,1,1,0,32,49,4,6,14,7,0,0.42856764793395996,0
chain_3,light,medium,p1_probes_h1,101,1,1,1,0,36,56,4,6,14,10,1,0.42481207847595215,0
chain_3,light,medium,p1_probes_h2,42,1,1,1,0,32,46,6,6,11,9,1,0.42153334617614746,0
chain_3,light,medium,p1_probes_h1,42,1,1,1,0,32,46,6,6,11,9,1,0.42841124534606934,0
chain_3,light,medium,p1_probes_h5,42,1,1,1,0,32,46,6,6,11,9,1,0.42273449897766113,0
chain_3,light,medium,p1_probes_h1,202,1,1,1,0,39,64,2,6,17,10,1,0.4336397647857666,0
chain_3,light,medium,p1_probes_h3,42,1,1,1,0,32,46,6,6,11,9,1,0.43204569816589355,0
chain_3,light,medium,p1_probes_h2,101,1,1,1,0,36,56,4,6,14,10,1,0.43444156646728516,0
chain_3,light,medium,p1_probes_h3,101,1,1,1,0,36,56,4,6,14,10,1,0.4326796531677246,0
chain_3,light,medium,p1_probes_h5,101,1,1,1,0,36,56,4,6,14,10,1,0.4376561641693115,0
chain_3,light,medium,p1_probes_h3,202,1,1,1,0,39,64,2,6,17,10,1,0.47547245025634766,0
chain_3,light,medium,p1_probes_h2,202,1,1,1,0,39,64,2,6,17,10,1,0.4876832962036133,0
chain_3,light,medium,p1_auto,42,1,1,0,1,25,34,6,3,9,6,0,0.3269937038421631,0
chain_3,light,sparse,baseline,101,1,1,1,0,23,37,2,6,9,7,0,0.37827539443969727,0
chain_3,light,medium,p1_auto,202,1,1,0,1,29,44,4,3,12,7,0,0.4271576404571533,0
chain_3,light,medium,p1_auto,101,1,1,0,1,32,52,2,3,15,7,0,0.45404481887817383,0
chain_3,light,sparse,p1_etl_60,42,1,1,1,0,22,35,2,6,9,6,0,0.3950684070587158,0
chain_3,light,sparse,p1_default,101,1,1,1,0,23,37,2,6,9,7,0,0.41992759704589844,0
chain_3,light,sparse,p1_default,42,1,1,1,0,22,35,2,6,9,6,0,0.42424917221069336,0
chain_3,light,sparse,p1_etl_7200,202,1,1,1,0,23,37,2,6,9,7,0,0.3902120590209961,0
chain_3,light,sparse,p1_penalty_off,202,1,1,1,0,23,37,2,6,9,7,0,0.4229114055633545,0
chain_3,light,sparse,p1_penalty_off,101,1,1,1,0,23,37,2,6,9,7,0,0.42935991287231445,0
chain_3,light,sparse,baseline,202,1,1,1,0,23,37,2,6,9,7,0,0.4568359851837158,0
chain_3,light,sparse,p1_etl_1800,42,1,1,1,0,22,35,2,6,9,6,0,0.41210293769836426,0
chain_3,light,sparse,p1_penalty_off,42,1,1,1,0,22,35,2,6,9,6,0,0.43889880180358887,0
chain_3,light,sparse,p1_etl_60,202,1,1,1,0,23,37,2,6,9,7,0,0.4307217597961426,0
chain_3,light,sparse,p1_etl_1800,101,1,1,1,0,23,37,2,6,9,7,0,0.41864585876464844,0
chain_3,light,sparse,p1_etl_86400,42,1,1,1,0,22,35,2,6,9,6,0,0.41129612922668457,0
chain_3,light,sparse,p1_etl_300,202,1,1,1,0,23,37,2,6,9,7,0,0.444293737411499,0
chain_3,light,medium,p1_probes_h5,202,1,1,1,0,39,64,2,6,17,10,1,0.5912675857543945,0
chain_3,light,sparse,p1_etl_7200,42,1,1,1,0,22,35,2,6,9,6,0,0.4658346176147461,0
chain_3,light,sparse,p1_etl_7200,101,1,1,1,0,23,37,2,6,9,7,0,0.46564555168151855,0
chain_3,light,sparse,p1_etl_60,101,1,1,1,0,23,37,2,6,9,7,0,0.5178751945495605,0
chain_3,light,sparse,p1_etl_300,42,1,1,1,0,22,35,2,6,9,6,0,0.5210170745849609,0
chain_3,light,sparse,baseline,42,1,1,1,0,22,35,2,6,9,6,0,0.5761547088623047,0
chain_3,light,sparse,p1_etl_86400,101,1,1,1,0,23,37,2,6,9,7,0,0.4611630439758301,0
chain_3,light,sparse,p1_default,202,1,1,1,0,23,37,2,6,9,7,0,0.5729303359985352,0
chain_3,light,sparse,p1_etl_86400,202,1,1,1,0,23,37,2,6,9,7,0,0.4801161289215088,0
chain_3,light,sparse,p1_c40,42,1,1,0,1,19,30,2,3,7,6,0,0.3595128059387207,0
chain_3,light,sparse,p1_etl_300,101,1,1,1,0,23,37,2,6,9,7,0,0.689960241317749,0
chain_3,light,sparse,p1_c40,202,1,1,0,1,20,32,2,3,7,7,0,0.3874990940093994,0
chain_3,light,sparse,p1_etl_1800,202,1,1,1,0,23,37,2,6,9,7,0,0.7206428050994873,0
chain_3,light,sparse,p1_c100,101,1,1,0,1,20,32,2,3,7,7,0,0.35488367080688477,0
chain_3,light,sparse,p1_c40,101,1,1,0,1,20,32,2,3,7,7,0,0.44211840629577637,0
chain_3,light,sparse,p1_c120,101,1,1,1,0,23,37,2,6,9,7,0,0.3769357204437256,0
chain_3,light,sparse,p1_c80,42,1,1,0,1,19,30,2,3,7,6,0,0.45177173614501953,0
chain_3,light,sparse,p1_mp3,101,1,1,1,0,23,37,2,6,9,7,0,0.40290021896362305,0
chain_3,light,sparse,p1_mp3,42,1,1,1,0,22,35,2,6,9,6,0,0.4291841983795166,0
chain_3,light,sparse,p1_mp3,202,1,1,1,0,23,37,2,6,9,7,0,0.41382765769958496,0
chain_3,light,sparse,p1_c100,42,1,1,0,1,19,30,2,3,7,6,0,0.49396181106567383,0
chain_3,light,sparse,p1_c80,101,1,1,0,1,20,32,2,3,7,7,0,0.527949333190918,0
chain_3,light,sparse,p1_c80,202,1,1,0,1,20,32,2,3,7,7,0,0.5473666191101074,0
chain_3,light,sparse,p1_probes_h2,202,1,1,1,0,30,52,0,6,12,10,1,0.3700687885284424,0
chain_3,light,sparse,p1_probes_h1,101,1,1,1,0,27,44,2,6,9,10,1,0.4351375102996826,0
chain_3,light,sparse,p1_mp2,42,1,1,1,0,22,35,2,6,9,6,0,0.5378038883209229,0
chain_3,light,sparse,p1_probes_h2,101,1,1,1,0,27,44,2,6,9,10,1,0.4052579402923584,0
chain_3,light,sparse,p1_mp4,101,1,1,1,0,23,37,2,6,9,7,0,0.4785881042480469,0
chain_3,light,sparse,p1_c120,42,1,1,1,0,22,35,2,6,9,6,0,0.5912573337554932,0
chain_3,light,sparse,p1_c100,202,1,1,0,1,20,32,2,3,7,7,0,0.5996246337890625,0
chain_3,light,sparse,p1_c120,202,1,1,1,0,23,37,2,6,9,7,0,0.6017251014709473,0
chain_3,light,sparse,p1_probes_h1,202,1,1,1,0,30,52,0,6,12,10,1,0.5009260177612305,0
chain_3,light,sparse,p1_probes_h2,42,1,1,1,0,26,42,2,6,9,9,1,0.48880934715270996,0
chain_3,light,sparse,p1_mp2,101,1,1,1,0,23,37,2,6,9,7,0,0.6127381324768066,0
chain_3,light,sparse,p1_mp4,42,1,1,1,0,22,35,2,6,9,6,0,0.563586950302124,0
chain_3,light,sparse,p1_probes_h1,42,1,1,1,0,26,42,2,6,9,9,1,0.550994873046875,0
chain_3,light,sparse,p1_probes_h3,42,1,1,1,0,26,42,2,6,9,9,1,0.38567209243774414,0
chain_3,light,sparse,p1_mp4,202,1,1,1,0,23,37,2,6,9,7,0,0.5678379535675049,0
chain_3,light,sparse,p1_mp2,202,1,1,1,0,23,37,2,6,9,7,0,0.7182130813598633,0
chain_3,light,sparse,p1_probes_h3,101,1,1,1,0,27,44,2,6,9,10,1,0.4191915988922119,0
chain_3,light,sparse,p1_probes_h3,202,1,1,1,0,30,52,0,6,12,10,1,0.46810173988342285,0
chain_3,light,sparse,p1_auto,42,1,1,0,1,19,30,2,3,7,6,0,0.4246351718902588,0
chain_3,light,sparse,p1_probes_h5,42,1,1,1,0,26,42,2,6,9,9,1,0.46109628677368164,0
chain_3,light,sparse,p1_probes_h5,202,1,1,1,0,30,52,0,6,12,10,1,0.47680020332336426,0
chain_3,light,sparse,p1_auto,101,1,1,0,1,20,32,2,3,7,7,0,0.42470526695251465,0
chain_3,light,sparse,p1_probes_h5,101,1,1,1,0,27,44,2,6,9,10,1,0.523463249206543,0
chain_3,light,sparse,p1_auto,202,1,1,0,1,20,32,2,3,7,7,0,0.4417760372161865,0
chain_3,medium,medium,baseline,202,6,6,1,5,62,98,5,21,14,27,0,0.40647435188293457,0
chain_3,medium,medium,p1_default,42,6,6,3,3,64,99,6,27,19,22,0,0.4066586494445801,0
chain_3,medium,medium,baseline,42,6,6,1,5,58,89,6,21,11,26,0,0.4707925319671631,0
chain_3,medium,medium,p1_default,101,6,6,3,3,71,117,2,27,25,23,0,0.420468807220459,0
chain_3,medium,medium,p1_penalty_off,101,6,6,3,3,71,117,2,27,25,23,0,0.4212336540222168,0
chain_3,medium,medium,p1_etl_300,101,6,6,3,3,71,117,2,27,25,23,0,0.3589482307434082,0
chain_3,medium,medium,p1_penalty_off,42,6,6,3,3,64,99,6,27,19,22,0,0.44963788986206055,0
chain_3,medium,medium,baseline,101,6,6,1,5,65,107,2,21,17,27,0,0.5461602210998535,0
chain_3,medium,medium,p1_default,202,6,6,3,3,68,108,5,27,22,23,0,0.4788544178009033,0
chain_3,medium,medium,p1_etl_60,42,6,6,3,3,64,99,6,27,19,22,0,0.4441695213317871,0
chain_3,medium,medium,p1_etl_300,202,6,6,3,3,68,108,5,27,22,23,0,0.4565768241882324,0
chain_3,medium,medium,p1_etl_60,202,6,6,3,3,68,108,5,27,22,23,0,0.5088512897491455,0
chain_3,medium,medium,p1_etl_60,101,6,6,3,3,71,117,2,27,25,23,0,0.5195465087890625,0
chain_3,medium,medium,p1_penalty_off,202,6,6,3,3,68,108,5,27,22,23,0,0.5722167491912842,0
chain_3,medium,medium,p1_etl_1800,202,6,6,3,3,68,108,5,27,22,23,0,0.4736459255218506,0
chain_3,medium,medium,p1_etl_1800,42,6,6,3,3,64,99,6,27,19,22,0,0.5337777137756348,0
chain_3,medium,medium,p1_etl_7200,101,6,6,3,3,71,117,2,27,25,23,0,0.4677400588989258,0
chain_3,medium,medium,p1_etl_7200,42,6,6,3,3,64,99,6,27,19,22,0,0.5483291149139404,0
chain_3,medium,medium,p1_etl_1800,101,6,6,3,3,71,117,2,27,25,23,0,0.5924456119537354,0
chain_3,medium,medium,p1_etl_300,42,6,6,3,3,64,99,6,27,19,22,0,0.6429097652435303,0
chain_3,medium,medium,p1_c80,101,6,6,0,6,62,102,2,18,25,17,0,0.3789668083190918,0
chain_3,medium,medium,p1_etl_86400,202,6,6,3,3,68,108,5,27,22,23,0,0.5030574798583984,0
chain_3,medium,medium,p1_etl_7200,202,6,6,3,3,68,108,5,27,22,23,0,0.5956618785858154,0
chain_3,medium,medium,p1_etl_86400,42,6,6,3,3,64,99,6,27,19,22,0,0.5449154376983643,0
chain_3,medium,medium,p1_c40,202,6,6,0,6,59,93,5,18,22,17,0,0.4434387683868408,0
chain_3,medium,medium,p1_etl_86400,101,6,6,3,3,71,117,2,27,25,23,0,0.5560534000396729,0
chain_3,medium,medium,p1_c40,42,6,6,0,6,55,84,6,18,19,16,0,0.5224118232727051,0
chain_3,medium,medium,p1_c40,101,6,6,0,6,62,102,2,18,25,17,0,0.5277061462402344,0
chain_3,medium,medium,p1_c80,42,6,6,0,6,55,84,6,18,19,16,0,0.5000231266021729,0
chain_3,medium,medium,p1_c100,101,6,6,0,6,62,102,2,18,25,17,0,0.44390034675598145,0
chain_3,medium,medium,p1_c100,202,6,6,0,6,59,93,5,18,22,17,0,0.4394559860229492,0
chain_3,medium,medium,p1_c120,42,6,6,3,3,64,99,6,27,19,22,0,0.4363863468170166,0
chain_3,medium,medium,p1_c100,42,6,6,0,6,55,84,6,18,19,16,0,0.4988553524017334,0
chain_3,medium,medium,p1_c80,202,6,6,0,6,59,93,5,18,22,17,0,0.5009386539459229,0
chain_3,medium,medium,p1_c120,101,6,6,3,3,71,117,2,27,25,23,0,0.47951817512512207,0
chain_3,medium,medium,p1_mp2,42,6,6,3,3,67,102,6,27,19,22,0,0.45976805686950684,0
chain_3,medium,medium,p1_c120,202,6,6,3,3,68,108,5,27,22,23,0,0.4784717559814453,0
chain_3,medium,medium,p1_mp2,101,6,6,3,3,74,120,2,27,25,23,0,0.4852323532104492,0
chain_3,medium,medium,p1_mp3,101,6,6,3,3,77,123,2,27,25,23,0,0.4254148006439209,0
chain_3,medium,medium,p1_mp3,42,6,6,3,3,70,105,6,27,19,22,0,0.4289844036102295,0
chain_3,medium,medium,p1_mp4,42,6,6,3,3,73,104,8,27,19,22,0,0.41454195976257324,0
chain_3,medium,medium,p1_mp3,202,6,6,3,3,74,114,5,27,22,23,0,0.43515801429748535,0
chain_3,medium,medium,p1_mp2,202,6,6,3,3,71,111,5,27,22,23,0,0.5083067417144775,0
chain_3,medium,medium,p1_probes_h1,202,6,6,3,3,75,123,3,27,25,26,1,0.40866899490356445,0
chain_3,medium,medium,p1_mp4,202,6,6,3,3,77,117,5,27,22,23,0,0.48006129264831543,0
chain_3,medium,medium,p1_probes_h2,42,6,6,3,3,68,106,6,27,19,25,1,0.40535855293273926,0
chain_3,medium,medium,p1_probes_h3,42,6,6,3,3,68,106,6,27,19,25,1,0.3820188045501709,0
chain_3,medium,medium,p1_probes_h1,42,6,6,3,3,68,106,6,27,19,25,1,0.5283963680267334,0
chain_3,medium,medium,p1_probes_h3,202,6,6,3,3,75,123,3,27,25,26,1,0.4488339424133301,0
chain_3,medium,medium,p1_mp4,101,6,6,3,3,80,126,2,27,25,23,0,0.6596508026123047,0
chain_3,medium,medium,p1_probes_h1,101,6,6,3,3,72,116,4,27,22,26,1,0.6003165245056152,0
chain_3,medium,medium,p1_auto,202,6,6,0,6,59,93,5,18,22,17,0,0.4369933605194092,0
chain_3,medium,medium,p1_probes_h3,101,6,6,3,3,72,116,4,27,22,26,1,0.520988941192627,0
chain_3,medium,medium,p1_probes_h2,202,6,6,3,3,75,123,3,27,25,26,1,0.5525383949279785,0
chain_3,medium,sparse,p1_default,202,6,6,3,3,59,96,3,27,17,23,0,0.3704667091369629,0
chain_3,medium,sparse,baseline,202,6,6,1,5,53,86,3,21,9,27,0,0.44494104385375977,0
chain_3,medium,medium,p1_probes_h5,202,6,6,3,3,75,123,3,27,25,26,1,0.5327696800231934,0
chain_3,medium,sparse,p1_default,42,6,6,3,3,58,95,2,27,17,22,0,0.4510772228240967,0
chain_3,medium,medium,p1_probes_h2,101,6,6,3,3,72,116,4,27,22,26,1,0.6193418502807617,0
chain_3,medium,medium,p1_probes_h5,101,6,6,3,3,72,116,4,27,22,26,1,0.549206018447876,0
chain_3,medium,medium,p1_auto,101,6,6,0,6,62,102,2,18,25,17,0,0.5374484062194824,0
chain_3,medium,sparse,p1_penalty_off,101,6,6,3,3,59,97,2,27,17,23,0,0.4365653991699219,0
chain_3,medium,sparse,baseline,42,6,6,1,5,52,85,2,21,9,26,0,0.5634498596191406,0
chain_3,medium,sparse,p1_default,101,6,6,3,3,59,97,2,27,17,23,0,0.49719738960266113,0
chain_3,medium,medium,p1_probes_h5,42,6,6,3,3,68,106,6,27,19,25,1,0.6160545349121094,0
chain_3,medium,sparse,p1_penalty_off,42,6,6,3,3,58,95,2,27,17,22,0,0.45473647117614746,0
chain_3,medium,medium,p1_auto,42,6,6,0,6,55,84,6,18,19,16,0,0.5979135036468506,0
chain_3,medium,sparse,p1_etl_60,42,6,6,3,3,58,95,2,27,17,22,0,0.4756143093109131,0
chain_3,medium,sparse,baseline,101,6,6,1,5,53,87,2,21,9,27,0,0.6199789047241211,0
chain_3,medium,sparse,p1_etl_60,202,6,6,3,3,59,96,3,27,17,23,0,0.4236271381378174,0
chain_3,medium,sparse,p1_penalty_off,202,6,6,3,3,59,96,3,27,17,23,0,0.5392961502075195,0
chain_3,medium,sparse,p1_etl_300,42,6,6,3,3,58,95,2,27,17,22,0,0.47255992889404297,0
chain_3,medium,sparse,p1_etl_300,101,6,6,3,3,59,97,2,27,17,23,0,0.48281002044677734,0
chain_3,medium,sparse,p1_etl_60,101,6,6,3,3,59,97,2,27,17,23,0,0.5821397304534912,0
chain_3,medium,sparse,p1_etl_300,202,6,6,3,3,59,96,3,27,17,23,0,0.47134995460510254,0
chain_3,medium,sparse,p1_etl_1800,42,6,6,3,3,58,95,2,27,17,22,0,0.47284412384033203,0
chain_3,medium,sparse,p1_etl_7200,101,6,6,3,3,59,97,2,27,17,23,0,0.3899717330932617,0
chain_3,medium,sparse,p1_etl_7200,202,6,6,3,3,59,96,3,27,17,23,0,0.393404483795166,0
chain_3,medium,sparse,p1_etl_86400,101,6,6,3,3,59,97,2,27,17,23,0,0.3547205924987793,0
chain_3,medium,sparse,p1_etl_1800,101,6,6,3,3,59,97,2,27,17,23,0,0.5175833702087402,0
chain_3,medium,sparse,p1_c40,101,6,6,0,6,50,82,2,18,17,17,0,0.4218261241912842,0
chain_3,medium,sparse,p1_c100,42,6,6,0,6,49,80,2,18,17,16,0,0.3742551803588867,0
chain_3,medium,sparse,p1_etl_86400,42,6,6,3,3,58,95,2,27,17,22,0,0.48184776306152344,0
chain_3,medium,sparse,p1_c100,202,6,6,0,6,50,81,3,18,17,17,0,0.37717247009277344,0
chain_3,medium,sparse,p1_c40,202,6,6,0,6,50,81,3,18,17,17,0,0.4386298656463623,0
chain_3,medium,sparse,p1_c80,42,6,6,0,6,49,80,2,18,17,16,0,0.4349198341369629,0
chain_3,medium,sparse,p1_etl_1800,202,6,6,3,3,59,96,3,27,17,23,0,0.5512559413909912,0
chain_3,medium,sparse,p1_etl_7200,42,6,6,3,3,58,95,2,27,17,22,0,0.5337281227111816,0
chain_3,medium,sparse,p1_c80,101,6,6,0,6,50,82,2,18,17,17,0,0.43985438346862793,0
chain_3,medium,sparse,p1_mp2,42,6,6,3,3,61,98,2,27,17,22,0,0.355679988861084,0
chain_3,medium,sparse,p1_etl_86400,202,6,6,3,3,59,96,3,27,17,23,0,0.5329391956329346,0
chain_3,medium,sparse,p1_c120,202,6,6,3,3,59,96,3,27,17,23,0,0.4252336025238037,0
chain_3,medium,sparse,p1_c120,42,6,6,3,3,58,95,2,27,17,22,0,0.47161340713500977,0
chain_3,medium,sparse,p1_c100,101,6,6,0,6,50,82,2,18,17,17,0,0.5534877777099609,0
chain_3,medium,sparse,p1_c40,42,6,6,0,6,49,80,2,18,17,16,0,0.6412420272827148,0
chain_3,medium,sparse,p1_c120,101,6,6,3,3,59,97,2,27,17,23,0,0.5840978622436523,0
chain_3,medium,sparse,p1_c80,202,6,6,0,6,50,81,3,18,17,17,0,0.6033139228820801,0
chain_3,medium,sparse,p1_mp3,42,6,6,3,3,64,101,2,27,17,22,0,0.4470038414001465,0
chain_3,medium,sparse,p1_mp4,42,6,6,3,3,67,104,2,27,17,22,0,0.42097997665405273,0
chain_3,medium,sparse,p1_mp4,101,6,6,3,3,68,104,4,27,17,23,0,0.4186286926269531,0
chain_3,medium,sparse,p1_mp2,101,6,6,3,3,62,100,2,27,17,23,0,0.5959367752075195,0
chain_3,medium,sparse,p1_mp3,202,6,6,3,3,65,102,3,27,17,23,0,0.5103447437286377,0
chain_3,medium,sparse,p1_mp2,202,6,6,3,3,62,99,3,27,17,23,0,0.5976824760437012,0
chain_3,medium,sparse,p1_mp4,202,6,6,3,3,68,105,3,27,17,23,0,0.4543952941894531,0
chain_3,medium,sparse,p1_mp3,101,6,6,3,3,65,103,2,27,17,23,0,0.531043291091919,0
chain_3,medium,sparse,p1_probes_h1,101,6,6,3,3,63,104,2,27,17,26,1,0.4707212448120117,0
chain_3,medium,sparse,p1_probes_h3,42,6,6,3,3,62,102,2,27,17,25,1,0.35623812675476074,0
chain_3,medium,sparse,p1_probes_h2,101,6,6,3,3,63,104,2,27,17,26,1,0.4156529903411865,0
chain_3,medium,sparse,p1_probes_h3,202,6,6,3,3,66,111,1,27,20,26,1,0.44520139694213867,0
chain_3,medium,sparse,p1_probes_h1,202,6,6,3,3,66,111,1,27,20,26,1,0.49697017669677734,0
chain_3,medium,sparse,p1_probes_h1,42,6,6,3,3,62,102,2,27,17,25,1,0.5986959934234619,0
chain_3,medium,sparse,p1_probes_h2,42,6,6,3,3,62,102,2,27,17,25,1,0.4972379207611084,0
chain_3,medium,sparse,p1_probes_h5,101,6,6,3,3,63,104,2,27,17,26,1,0.46997785568237305,0
chain_3,medium,sparse,p1_auto,101,6,6,0,6,50,82,2,18,17,17,0,0.4022805690765381,0
chain_3,medium,sparse,p1_auto,42,6,6,0,6,49,80,2,18,17,16,0,0.45806241035461426,0
chain_3,heavy,medium,baseline,101,12,12,1,11,98,159,4,39,14,51,0,0.34386706352233887,0
chain_3,medium,sparse,p1_probes_h2,202,6,6,3,3,66,111,1,27,20,26,1,0.5725109577178955,0
chain_3,heavy,medium,baseline,42,11,12,2,10,87,133,9,34,13,42,0,0.4739654064178467,0
chain_3,medium,sparse,p1_probes_h5,202,6,6,3,3,66,111,1,27,20,26,1,0.5803465843200684,0
chain_3,heavy,medium,p1_penalty_off,42,11,12,7,5,99,153,9,46,29,34,0,0.3646121025085449,0
chain_3,medium,sparse,p1_auto,202,6,6,0,6,50,81,3,18,17,17,0,0.5247056484222412,0
chain_3,medium,sparse,p1_probes_h3,101,6,6,3,3,63,104,2,27,17,26,1,0.6375229358673096,0
chain_3,medium,sparse,p1_probes_h5,42,6,6,3,3,62,102,2,27,17,25,1,0.636056661605835,0
chain_3,heavy,medium,p1_default,202,12,12,7,5,111,179,5,52,36,37,0,0.4334530830383301,0
chain_3,heavy,medium,p1_penalty_off,101,12,12,6,6,113,184,4,54,34,41,0,0.40106678009033203,0
chain_3,heavy,medium,p1_penalty_off,202,12,12,7,5,111,179,5,52,36,37,0,0.3563528060913086,0
chain_3,heavy,medium,p1_default,42,11,12,7,5,99,153,9,46,29,34,0,0.4615592956542969,0
chain_3,heavy,medium,baseline,202,12,12,2,10,96,154,5,37,16,47,0,0.4761030673980713,0
chain_3,heavy,medium,p1_etl_60,101,12,12,6,6,113,184,4,54,34,41,0,0.39012694358825684,0
chain_3,heavy,medium,p1_default,101,12,12,6,6,113,184,4,54,34,41,0,0.5595006942749023,0
chain_3,heavy,medium,p1_etl_60,42,11,12,7,5,99,153,9,46,29,34,0,0.5211946964263916,0
chain_3,heavy,medium,p1_etl_60,202,12,12,7,5,111,179,5,52,36,37,0,0.5101070404052734,0
chain_3,heavy,medium,p1_etl_300,101,12,12,6,6,113,184,4,54,34,41,0,0.5071959495544434,0
chain_3,heavy,medium,p1_etl_300,202,12,12,7,5,111,179,5,52,36,37,0,0.5076150894165039,0
chain_3,heavy,medium,p1_etl_300,42,11,12,7,5,99,153,9,46,29,34,0,0.5628354549407959,0
chain_3,heavy,medium,p1_etl_7200,202,12,12,7,5,111,179,5,52,36,37,0,0.41897153854370117,0
chain_3,heavy,medium,p1_etl_86400,42,11,12,7,5,99,153,9,46,29,34,0,0.4207580089569092,0
chain_3,heavy,medium,p1_etl_86400,101,12,12,6,6,113,184,4,54,34,41,0,0.41587281227111816,0
chain_3,heavy,medium,p1_etl_1800,101,12,12,6,6,113,184,4,54,34,41,0,0.4583122730255127,0
chain_3,heavy,medium,p1_etl_1800,202,12,12,7,5,111,179,5,52,36,37,0,0.48114442825317383,0
chain_3,heavy,medium,p1_etl_1800,42,11,12,7,5,99,153,9,46,29,34,0,0.5527224540710449,0
chain_3,heavy,medium,p1_etl_7200,42,11,12,7,5,99,153,9,46,29,34,0,0.4895761013031006,0
chain_3,heavy,medium,p1_etl_86400,202,12,12,7,5,111,179,5,52,36,37,0,0.45919132232666016,0
chain_3,heavy,medium,p1_c40,42,11,12,0,12,84,128,9,31,27,26,0,0.43752026557922363,0
chain_3,heavy,medium,p1_c120,42,11,12,7,5,99,153,9,46,29,34,0,0.35455894470214844,0
chain_3,heavy,medium,p1_etl_7200,101,12,12,6,6,113,184,4,54,34,41,0,0.5556886196136475,0
chain_3,heavy,medium,p1_c80,202,12,12,0,12,95,154,4,36,34,29,0,0.4288618564605713,0
chain_3,heavy,medium,p1_c40,101,12,12,0,12,93,149,5,34,32,29,0,0.5138599872589111,0
chain_3,heavy,medium,p1_c100,101,12,12,0,12,93,149,5,34,32,29,0,0.4255030155181885,0
chain_3,heavy,medium,p1_c120,202,12,12,7,5,111,179,5,52,36,37,0,0.42172670364379883,0
chain_3,heavy,medium,p1_c80,101,12,12,0,12,93,149,5,34,32,29,0,0.5200037956237793,0
chain_3,heavy,medium,p1_c40,202,12,12,0,12,95,154,4,36,34,29,0,0.5383327007293701,0
chain_3,heavy,medium,p1_c80,42,11,12,0,12,84,128,9,31,27,26,0,0.5616159439086914,0
chain_3,heavy,medium,p1_c100,42,11,12,0,12,84,128,9,31,27,26,0,0.5360238552093506,0
chain_3,heavy,medium,p1_mp2,42,11,12,7,5,104,158,9,46,29,34,0,0.4707472324371338,0
chain_3,heavy,medium,p1_c100,202,12,12,0,12,95,154,4,36,34,29,0,0.5356554985046387,0
chain_3,heavy,medium,p1_c120,101,12,12,6,6,113,184,4,54,34,41,0,0.5508937835693359,0
chain_3,heavy,medium,p1_mp4,101,12,12,6,6,131,198,8,54,34,41,0,0.40110158920288086,0
chain_3,heavy,medium,p1_mp4,42,11,12,7,5,114,163,14,46,29,34,0,0.40645432472229004,0
chain_3,heavy,medium,p1_mp3,42,11,12,7,5,109,163,9,46,29,34,0,0.47774195671081543,0
chain_3,heavy,medium,p1_mp4,202,12,12,7,5,126,194,5,52,36,37,0,0.4272458553314209,0
chain_3,heavy,medium,p1_mp2,202,12,12,7,5,116,182,5,52,36,37,0,0.511162519454956,0
chain_3,heavy,medium,p1_mp2,101,12,12,6,6,119,190,4,54,34,41,0,0.5772008895874023,0
chain_3,heavy,medium,p1_probes_h1,42,11,12,7,5,103,160,9,46,29,37,1,0.4570333957672119,0
chain_3,heavy,medium,p1_mp3,202,12,12,7,5,121,189,5,52,36,37,0,0.5052967071533203,0
chain_3,heavy,medium,p1_probes_h1,101,12,12,6,6,117,191,4,54,34,44,1,0.46705150604248047,0
chain_3,heavy,medium,p1_mp3,101,12,12,6,6,125,196,4,54,34,41,0,0.5662722587585449,0
chain_3,heavy,medium,p1_probes_h2,202,12,12,7,5,115,186,5,52,36,40,1,0.4570047855377197,0
chain_3,heavy,medium,p1_probes_h2,101,12,12,6,6,117,191,4,54,34,44,1,0.4706733226776123,0
chain_3,heavy,medium,p1_probes_h1,202,12,12,7,5,115,186,5,52,36,40,1,0.4965488910675049,0
chain_3,heavy,medium,p1_probes_h3,42,11,12,7,5,103,160,9,46,29,37,1,0.46314191818237305,0
chain_3,heavy,medium,p1_auto,101,12,12,0,12,93,149,5,34,32,29,0,0.3949298858642578,0
chain_3,heavy,medium,p1_probes_h3,101,12,12,6,6,117,191,4,54,34,44,1,0.5055913925170898,0
chain_3,heavy,medium,p1_probes_h5,202,12,12,7,5,115,186,5,52,36,40,1,0.4555377960205078,0
chain_3,heavy,medium,p1_probes_h2,42,11,12,7,5,103,160,9,46,29,37,1,0.5852997303009033,0
chain_3,heavy,medium,p1_auto,202,12,12,0,12,95,154,4,36,34,29,0,0.42475342750549316,0
chain_3,heavy,medium,p1_probes_h5,101,12,12,6,6,117,191,4,54,34,44,1,0.4784696102142334,0
chain_3,heavy,sparse,baseline,42,11,12,1,11,83,134,4,36,9,46,0,0.4041755199432373,0
chain_3,heavy,medium,p1_probes_h5,42,11,12,7,5,103,160,9,46,29,37,1,0.49671125411987305,0
chain_3,heavy,medium,p1_auto,42,11,12,0,12,84,128,9,31,27,26,0,0.49878525733947754,0
chain_3,heavy,sparse,baseline,101,12,12,1,11,89,147,2,39,9,51,0,0.4378046989440918,0
chain_3,heavy,medium,p1_probes_h3,202,12,12,7,5,115,186,5,52,36,40,1,0.5976917743682861,0
chain_3,heavy,sparse,baseline,202,12,12,1,11,89,147,2,39,9,51,0,0.47791457176208496,0
chain_3,heavy,sparse,p1_default,42,11,12,6,6,98,159,4,51,29,36,0,0.5264461040496826,0
chain_3,heavy,sparse,p1_penalty_off,101,12,12,6,6,104,172,2,54,29,41,0,0.4167015552520752,0
chain_3,heavy,sparse,p1_default,101,12,12,6,6,104,172,2,54,29,41,0,0.5202357769012451,0
chain_3,heavy,sparse,p1_penalty_off,202,12,12,6,6,104,172,2,54,29,41,0,0.4156157970428467,0
chain_3,heavy,sparse,p1_penalty_off,42,11,12,6,6,98,159,4,51,29,36,0,0.4616665840148926,0
chain_3,heavy,sparse,p1_etl_300,101,12,12,6,6,104,172,2,54,29,41,0,0.4109067916870117,0
chain_3,heavy,sparse,p1_default,202,12,12,6,6,104,172,2,54,29,41,0,0.4968395233154297,0
chain_3,heavy,sparse,p1_etl_300,42,11,12,6,6,98,159,4,51,29,36,0,0.4353194236755371,0
chain_3,heavy,sparse,p1_etl_60,42,11,12,6,6,98,159,4,51,29,36,0,0.47844696044921875,0
chain_3,heavy,sparse,p1_etl_1800,101,12,12,6,6,104,172,2,54,29,41,0,0.40063953399658203,0
chain_3,heavy,sparse,p1_etl_60,101,12,12,6,6,104,172,2,54,29,41,0,0.5020208358764648,0
chain_3,heavy,sparse,p1_etl_1800,202,12,12,6,6,104,172,2,54,29,41,0,0.41485047340393066,0
chain_3,heavy,sparse,p1_etl_1800,42,11,12,6,6,98,159,4,51,29,36,0,0.41870975494384766,0
chain_3,heavy,sparse,p1_etl_300,202,12,12,6,6,104,172,2,54,29,41,0,0.4619159698486328,0
chain_3,heavy,sparse,p1_etl_60,202,12,12,6,6,104,172,2,54,29,41,0,0.5660767555236816,0
chain_3,heavy,sparse,p1_c40,202,12,12,0,12,86,142,2,36,29,29,0,0.3717844486236572,0
chain_3,heavy,sparse,p1_etl_7200,202,12,12,6,6,104,172,2,54,29,41,0,0.42766261100769043,0
chain_3,heavy,sparse,p1_etl_86400,202,12,12,6,6,104,172,2,54,29,41,0,0.41729307174682617,0
chain_3,heavy,sparse,p1_etl_7200,42,11,12,6,6,98,159,4,51,29,36,0,0.5257182121276855,0
chain_3,heavy,sparse,p1_c40,101,12,12,0,12,86,142,2,36,29,29,0,0.4348335266113281,0
chain_3,heavy,sparse,p1_c40,42,11,12,0,12,80,129,4,33,27,26,0,0.5093483924865723,0
chain_3,heavy,sparse,p1_etl_86400,42,11,12,6,6,98,159,4,51,29,36,0,0.5431256294250488,0
chain_3,heavy,sparse,p1_c120,101,12,12,6,6,104,172,2,54,29,41,0,0.3472418785095215,0
chain_3,heavy,sparse,p1_etl_86400,101,12,12,6,6,104,172,2,54,29,41,0,0.5560095310211182,0
chain_3,heavy,sparse,p1_etl_7200,101,12,12,6,6,104,172,2,54,29,41,0,0.5974023342132568,0
chain_3,heavy,sparse,p1_c80,101,12,12,0,12,86,142,2,36,29,29,0,0.509972333908081,0
chain_3,heavy,sparse,p1_c100,202,12,12,0,12,86,142,2,36,29,29,0,0.431628942489624,0
chain_3,heavy,sparse,p1_mp3,42,12,12,6,6,115,179,5,54,29,40,0,0.36769866943359375,0
chain_3,heavy,sparse,p1_c80,42,11,12,0,12,80,129,4,33,27,26,0,0.5957839488983154,0
chain_3,heavy,sparse,p1_mp4,42,12,12,6,6,121,182,8,54,29,40,0,0.34900975227355957,0
chain_3,heavy,sparse,p1_c120,202,12,12,6,6,104,172,2,54,29,41,0,0.4644920825958252,0
chain_3,heavy,sparse,p1_c80,202,12,12,0,12,86,142,2,36,29,29,0,0.6152055263519287,0
chain_3,heavy,sparse,p1_mp3,101,12,12,6,6,116,184,2,54,29,41,0,0.42007017135620117,0
chain_3,heavy,sparse,p1_c100,42,11,12,0,12,80,129,4,33,27,26,0,0.6032421588897705,0
chain_3,heavy,sparse,p1_c100,101,12,12,0,12,86,142,2,36,29,29,0,0.5328431129455566,0
chain_3,heavy,sparse,p1_mp3,202,12,12,6,6,116,181,5,54,29,41,0,0.40967798233032227,0
chain_3,heavy,sparse,p1_mp2,202,12,12,6,6,110,176,4,54,29,41,0,0.45838451385498047,0
chain_3,heavy,sparse,p1_mp2,42,11,12,6,6,104,164,5,51,29,36,0,0.4904193878173828,0
chain_3,heavy,sparse,p1_mp2,101,12,12,6,6,110,178,2,54,29,41,0,0.5198161602020264,0
chain_3,heavy,sparse,p1_probes_h2,42,11,12,6,6,102,166,4,51,29,39,1,0.41306400299072266,0
chain_3,heavy,sparse,p1_probes_h1,42,11,12,6,6,102,166,4,51,29,39,1,0.4635646343231201,0
chain_3,heavy,sparse,p1_mp4,202,12,12,6,6,122,187,5,54,29,41,0,0.5096838474273682,0
chain_3,heavy,sparse,p1_c120,42,11,12,6,6,98,159,4,51,29,36,0,0.6502001285552979,0
chain_3,heavy,sparse,p1_mp4,101,12,12,6,6,122,188,4,54,29,41,0,0.5559005737304688,0
chain_3,heavy,sparse,p1_probes_h1,101,12,12,6,6,108,179,2,54,29,44,1,0.4750401973724365,0
chain_3,heavy,sparse,p1_probes_h1,202,12,12,6,6,111,187,0,54,32,44,1,0.5330419540405273,0
chain_3,heavy,sparse,p1_probes_h2,101,12,12,6,6,108,179,2,54,29,44,1,0.5040199756622314,0
chain_3,heavy,sparse,p1_probes_h2,202,12,12,6,6,111,187,0,54,32,44,1,0.5070962905883789,0
chain_3,heavy,sparse,p1_probes_h3,101,12,12,6,6,108,179,2,54,29,44,1,0.43083786964416504,0
chain_3,heavy,sparse,p1_probes_h5,202,12,12,6,6,111,187,0,54,32,44,1,0.4571819305419922,0
chain_3,heavy,sparse,p1_probes_h5,101,12,12,6,6,108,179,2,54,29,44,1,0.4723672866821289,0
chain_3,heavy,sparse,p1_auto,42,11,12,0,12,80,129,4,33,27,26,0,0.44004225730895996,0
chain_3,heavy,sparse,p1_probes_h5,42,11,12,6,6,102,166,4,51,29,39,1,0.512908935546875,0
chain_3,heavy,sparse,p1_probes_h3,202,12,12,6,6,111,187,0,54,32,44,1,0.525012731552124,0
chain_3,heavy,sparse,p1_auto,101,12,12,0,12,86,142,2,36,29,29,0,0.4725840091705322,0
chain_3,heavy,sparse,p1_probes_h3,42,11,12,6,6,102,166,4,51,29,39,1,0.6333003044128418,0
chain_3,heavy,sparse,p1_auto,202,12,12,0,12,86,142,2,36,29,29,0,0.5390315055847168,0
chain_6,light,medium,p1_penalty_off,101,1,1,1,0,59,119,14,6,38,10,0,0.5967693328857422,0
chain_6,light,medium,p1_default,202,1,1,1,0,58,113,17,7,35,11,0,0.6370983123779297,0
chain_6,light,medium,p1_etl_60,42,1,1,1,0,49,92,18,8,27,11,0,0.6232190132141113,0
chain_6,light,medium,baseline,202,1,1,1,0,58,113,17,7,35,11,0,0.7210431098937988,0
chain_6,light,medium,p1_penalty_off,202,1,1,1,0,58,113,17,7,35,11,0,0.6984198093414307,0
chain_6,light,medium,p1_default,42,1,1,1,0,49,92,18,8,27,11,0,0.7393627166748047,0
chain_6,light,medium,baseline,42,1,1,1,0,49,92,18,8,27,11,0,0.8076062202453613,0
chain_6,light,medium,p1_etl_300,202,1,1,1,0,58,113,17,7,35,11,0,0.6018733978271484,0
chain_6,light,medium,p1_etl_60,101,1,1,1,0,59,119,14,6,38,10,0,0.6307177543640137,0
chain_6,light,medium,p1_default,101,1,1,1,0,59,119,14,6,38,10,0,0.7630562782287598,0
chain_6,light,medium,p1_etl_300,42,1,1,1,0,49,92,18,8,27,11,0,0.6341612339019775,0
chain_6,light,medium,baseline,101,1,1,1,0,59,119,14,6,38,10,0,0.7998330593109131,0
chain_6,light,medium,p1_etl_1800,42,1,1,1,0,49,92,18,8,27,11,0,0.6172854900360107,0
chain_6,light,medium,p1_etl_60,202,1,1,1,0,58,113,17,7,35,11,0,0.6838586330413818,0
chain_6,light,medium,p1_penalty_off,42,1,1,1,0,49,92,18,8,27,11,0,0.8247630596160889,0
chain_6,light,medium,p1_etl_1800,101,1,1,1,0,59,119,14,6,38,10,0,0.6557021141052246,0
chain_6,light,medium,p1_etl_7200,42,1,1,1,0,49,92,18,8,27,11,0,0.6480796337127686,0
chain_6,light,medium,p1_etl_86400,101,1,1,1,0,59,119,14,6,38,10,0,0.6011950969696045,0
chain_6,light,medium,p1_etl_1800,202,1,1,1,0,58,113,17,7,35,11,0,0.7219693660736084,0
chain_6,light,medium,p1_etl_7200,101,1,1,1,0,59,119,14,6,38,10,0,0.7439291477203369,0
chain_6,light,medium,p1_etl_86400,42,1,1,1,0,49,92,18,8,27,11,0,0.6956338882446289,0
chain_6,light,medium,p1_c40,42,1,1,0,1,45,86,15,5,24,11,0,0.6753077507019043,0
chain_6,light,medium,p1_etl_7200,202,1,1,1,0,58,113,17,7,35,11,0,0.7332007884979248,0
chain_6,light,medium,p1_etl_300,101,1,1,1,0,59,119,14,6,38,10,0,0.927440881729126,0
chain_6,light,medium,p1_etl_86400,202,1,1,1,0,58,113,17,7,35,11,0,0.7202587127685547,0
chain_6,light,medium,p1_c40,202,1,1,0,1,53,102,17,4,31,11,0,0.6369295120239258,0
chain_6,light,medium,p1_c40,101,1,1,0,1,57,121,9,5,35,12,0,0.6853747367858887,0
chain_6,light,medium,p1_c80,42,1,1,0,1,45,86,15,5,24,11,0,0.6459000110626221,0
chain_6,light,medium,p1_c80,202,1,1,0,1,53,102,17,4,31,11,0,0.6160054206848145,0
chain_6,light,medium,p1_mp2,42,1,1,1,0,49,92,18,8,27,11,0,0.5077970027923584,0
chain_6,light,medium,p1_mp2,202,1,1,1,0,58,113,17,7,35,11,0,0.5028970241546631,0
chain_6,light,medium,p1_mp3,101,1,1,1,0,59,119,14,6,38,10,0,0.5090198516845703,0
chain_6,light,medium,p1_c80,101,1,1,0,1,57,121,9,5,35,12,0,0.6963825225830078,0
chain_6,light,medium,p1_mp3,42,1,1,1,0,49,92,18,8,27,11,0,0.5433304309844971,0
chain_6,light,medium,p1_c120,42,1,1,1,0,49,92,18,8,27,11,0,0.582625150680542,0
chain_6,light,medium,p1_c100,42,1,1,0,1,45,86,15,5,24,11,0,0.6404922008514404,0
chain_6,light,medium,p1_c100,202,1,1,0,1,53,102,17,4,31,11,0,0.624302864074707,0
chain_6,light,medium,p1_c100,101,1,1,0,1,57,121,9,5,35,12,0,0.632697343826294,0
chain_6,light,medium,p1_mp2,101,1,1,1,0,59,119,14,6,38,10,0,0.604511022567749,0
chain_6,light,medium,p1_c120,202,1,1,1,0,58,113,17,7,35,11,0,0.6190264225006104,0
chain_6,light,medium,p1_c120,101,1,1,1,0,59,119,14,6,38,10,0,0.6514737606048584,0
chain_6,light,medium,p1_mp4,42,1,1,1,0,49,92,18,8,27,11,0,0.5882599353790283,0
chain_6,light,medium,p1_mp3,202,1,1,1,0,58,113,17,7,35,11,0,0.6091916561126709,0
chain_6,light,medium,p1_mp4,202,1,1,1,0,58,113,17,7,35,11,0,0.5509400367736816,0
chain_6,light,medium,p1_mp4,101,1,1,1,0,59,119,14,6,38,10,0,0.613396406173706,0
chain_6,light,medium,p1_probes_h1,202,1,1,1,0,48,85,21,1,24,12,1,0.5087811946868896,0
chain_6,light,medium,p1_probes_h1,42,1,1,1,0,52,97,21,7,26,14,1,0.6058709621429443,0
chain_6,light,medium,p1_probes_h1,101,1,1,1,0,50,88,23,1,23,14,3,0.6221325397491455,0
chain_6,light,medium,p1_probes_h2,202,1,1,1,0,48,85,21,1,24,12,1,0.5463457107543945,0
chain_6,light,medium,p1_probes_h3,101,1,1,1,0,50,88,23,1,23,14,3,0.5327544212341309,0
chain_6,light,medium,p1_probes_h3,202,1,1,1,0,48,85,21,1,24,12,1,0.5330793857574463,0
chain_6,light,medium,p1_probes_h2,42,1,1,1,0,52,97,21,7,26,14,1,0.6226084232330322,0
chain_6,light,medium,p1_probes_h2,101,1,1,1,0,50,88,23,1,23,14,3,0.6304302215576172,0
chain_6,light,medium,p1_probes_h3,42,1,1,1,0,52,97,21,7,26,14,1,0.6112866401672363,0
chain_6,light,medium,p1_probes_h5,42,1,1,1,0,52,97,21,7,26,14,1,0.6178078651428223,0
chain_6,light,medium,p1_probes_h5,101,1,1,1,0,50,88,23,1,23,14,3,0.6011743545532227,0
chain_6,light,sparse,p1_default,101,1,1,1,0,42,87,10,7,23,12,0,0.5217599868774414,0
chain_6,light,medium,p1_auto,42,1,1,0,1,45,86,15,5,24,11,0,0.6111044883728027,0
chain_6,light,medium,p1_probes_h5,202,1,1,1,0,48,85,21,1,24,12,1,0.6248278617858887,0
chain_6,light,sparse,baseline,202,1,1,1,0,39,75,13,7,20,11,0,0.5593264102935791,0
chain_6,light,sparse,baseline,101,1,1,1,0,42,87,10,7,23,12,0,0.579777717590332,0
chain_6,light,sparse,baseline,42,1,1,1,0,34,65,13,7,16,11,0,0.598344087600708,0
chain_6,light,medium,p1_auto,202,1,1,0,1,53,102,17,4,31,11,0,0.6239526271820068,0
chain_6,light,medium,p1_auto,101,1,1,0,1,57,121,9,5,35,12,0,0.6331043243408203,0
chain_6,light,sparse,p1_etl_60,42,1,1,1,0,34,65,13,7,16,11,0,0.49761009216308594,0
chain_6,light,sparse,p1_default,42,1,1,1,0,34,65,13,7,16,11,0,0.6206145286560059,0
chain_6,light,sparse,p1_default,202,1,1,1,0,39,75,13,7,20,11,0,0.6059060096740723,0
chain_6,light,sparse,p1_penalty_off,42,1,1,1,0,34,65,13,7,16,11,0,0.6197409629821777,0
chain_6,light,sparse,p1_penalty_off,101,1,1,1,0,42,87,10,7,23,12,0,0.6266930103302002,0
chain_6,light,sparse,p1_etl_60,101,1,1,1,0,42,87,10,7,23,12,0,0.5744683742523193,0
chain_6,light,sparse,p1_penalty_off,202,1,1,1,0,39,75,13,7,20,11,0,0.6188793182373047,0
chain_6,light,sparse,p1_etl_300,42,1,1,1,0,34,65,13,7,16,11,0,0.55031418800354,0
chain_6,light,sparse,p1_etl_60,202,1,1,1,0,39,75,13,7,20,11,0,0.6096317768096924,0
chain_6,light,sparse,p1_etl_1800,101,1,1,1,0,42,87,10,7,23,12,0,0.48091959953308105,0
chain_6,light,sparse,p1_etl_7200,42,1,1,1,0,34,65,13,7,16,11,0,0.4940016269683838,0
chain_6,light,sparse,p1_etl_300,101,1,1,1,0,42,87,10,7,23,12,0,0.616431713104248,0
chain_6,light,sparse,p1_etl_300,202,1,1,1,0,39,75,13,7,20,11,0,0.607846736907959,0
chain_6,light,sparse,p1_etl_7200,202,1,1,1,0,39,75,13,7,20,11,0,0.5168914794921875,0
chain_6,light,sparse,p1_etl_1800,42,1,1,1,0,34,65,13,7,16,11,0,0.6066272258758545,0
chain_6,light,sparse,p1_etl_1800,202,1,1,1,0,39,75,13,7,20,11,0,0.5975396633148193,0
chain_6,light,sparse,p1_etl_7200,101,1,1,1,0,42,87,10,7,23,12,0,0.5786910057067871,0
chain_6,light,sparse,p1_etl_86400,42,1,1,1,0,34,65,13,7,16,11,0,0.6073658466339111,0
chain_6,light,sparse,p1_etl_86400,202,1,1,1,0,39,75,13,7,20,11,0,0.6022169589996338,0
chain_6,light,sparse,p1_etl_86400,101,1,1,1,0,42,87,10,7,23,12,0,0.6151554584503174,0
chain_6,light,sparse,p1_c80,42,1,1,0,1,30,59,10,4,13,11,0,0.5111534595489502,0
chain_6,light,sparse,p1_c80,101,1,1,0,1,37,78,8,4,19,12,0,0.5481135845184326,0
chain_6,light,sparse,p1_c100,101,1,1,0,1,37,78,8,4,19,12,0,0.5389406681060791,0
chain_6,light,sparse,p1_c40,42,1,1,0,1,30,59,10,4,13,11,0,0.6055314540863037,0
chain_6,light,sparse,p1_c40,202,1,1,0,1,35,69,10,4,17,11,0,0.59651780128479,0
chain_6,light,sparse,p1_c100,42,1,1,0,1,30,59,10,4,13,11,0,0.5760810375213623,0
chain_6,light,sparse,p1_c40,101,1,1,0,1,37,78,8,4,19,12,0,0.6071832180023193,0
chain_6,light,sparse,p1_c80,202,1,1,0,1,35,69,10,4,17,11,0,0.6007840633392334,0
chain_6,light,sparse,p1_c100,202,1,1,0,1,35,69,10,4,17,11,0,0.6020855903625488,0
chain_6,light,sparse,p1_c120,42,1,1,1,0,34,65,13,7,16,11,0,0.6039638519287109,0
chain_6,light,sparse,p1_c120,101,1,1,1,0,42,87,10,7,23,12,0,0.6159484386444092,0
chain_6,light,sparse,p1_mp2,101,1,1,1,0,42,87,10,7,23,12,0,0.5883293151855469,0
chain_6,light,sparse,p1_mp3,202,1,1,1,0,39,75,13,7,20,11,0,0.5158486366271973,0
chain_6,light,sparse,p1_mp2,42,1,1,1,0,34,65,13,7,16,11,0,0.6040382385253906,0
chain_6,light,sparse,p1_c120,202,1,1,1,0,39,75,13,7,20,11,0,0.6168136596679688,0
chain_6,light,sparse,p1_mp4,42,1,1,1,0,34,65,13,7,16,11,0,0.5019645690917969,0
chain_6,light,sparse,p1_mp2,202,1,1,1,0,39,75,13,7,20,11,0,0.6075222492218018,0
chain_6,light,sparse,p1_mp3,101,1,1,1,0,42,87,10,7,23,12,0,0.5738098621368408,0
chain_6,light,sparse,p1_mp3,42,1,1,1,0,34,65,13,7,16,11,0,0.5975220203399658,0
chain_6,light,sparse,p1_mp4,101,1,1,1,0,42,87,10,7,23,12,0,0.5719351768493652,0
chain_6,light,sparse,p1_mp4,202,1,1,1,0,39,75,13,7,20,11,0,0.577063798904419,0
chain_6,light,sparse,p1_probes_h1,42,1,1,1,0,36,70,12,1,14,14,2,0.5914068222045898,0
chain_6,light,sparse,p1_probes_h1,101,1,1,1,0,44,89,13,7,19,16,2,0.5944314002990723,0
chain_6,light,sparse,p1_probes_h1,202,1,1,1,0,43,86,12,8,20,14,1,0.6113085746765137,0
chain_6,light,sparse,p1_probes_h2,42,1,1,1,0,36,70,12,1,14,14,2,0.6049702167510986,0
chain_6,light,sparse,p1_probes_h2,101,1,1,1,0,44,89,13,7,19,16,2,0.5938043594360352,0
chain_6,light,sparse,p1_probes_h3,42,1,1,1,0,36,70,12,1,14,14,2,0.6114897727966309,0
chain_6,light,sparse,p1_probes_h2,202,1,1,1,0,43,86,12,8,20,14,1,0.6282446384429932,0
chain_6,light,sparse,p1_probes_h5,202,1,1,1,0,43,86,12,8,20,14,1,0.4825284481048584,0
chain_6,light,sparse,p1_probes_h3,202,1,1,1,0,43,86,12,8,20,14,1,0.5299687385559082,0
chain_6,light,sparse,p1_probes_h3,101,1,1,1,0,44,89,13,7,19,16,2,0.5982437133789062,0
chain_6,light,sparse,p1_probes_h5,42,1,1,1,0,36,70,12,1,14,14,2,0.5913777351379395,0
chain_6,medium,medium,baseline,101,6,6,1,5,97,198,21,29,56,20,0,0.5025529861450195,0
chain_6,light,sparse,p1_probes_h5,101,1,1,1,0,44,89,13,7,19,16,2,0.6036267280578613,0
chain_6,light,sparse,p1_auto,202,1,1,0,1,35,69,10,4,17,11,0,0.5719070434570312,0
chain_6,light,sparse,p1_auto,42,1,1,0,1,30,59,10,4,13,11,0,0.6095597743988037,0
chain_6,light,sparse,p1_auto,101,1,1,0,1,37,78,8,4,19,12,0,0.6324923038482666,0
chain_6,medium,medium,baseline,42,6,6,1,5,79,162,18,23,27,31,0,0.6190063953399658,0
chain_6,medium,medium,baseline,202,6,6,1,5,88,182,18,22,35,31,0,0.6137740612030029,0
chain_6,medium,medium,p1_default,202,6,6,4,2,100,197,25,28,55,21,0,0.5953998565673828,0
chain_6,medium,medium,p1_default,42,6,6,3,3,91,182,24,33,41,27,0,0.6248703002929688,0
chain_6,medium,medium,p1_penalty_off,101,6,6,4,2,100,194,31,28,57,20,0,0.6020402908325195,0
chain_6,medium,medium,p1_etl_300,42,6,6,3,3,91,182,24,33,41,27,0,0.48836779594421387,0
chain_6,medium,medium,p1_penalty_off,202,6,6,4,2,100,197,25,28,55,21,0,0.6027088165283203,0
chain_6,medium,medium,p1_penalty_off,42,6,6,3,3,91,182,24,33,41,27,0,0.6283011436462402,0
chain_6,medium,medium,p1_etl_60,42,6,6,3,3,91,182,24,33,41,27,0,0.6142184734344482,0
chain_6,medium,medium,p1_default,101,6,6,4,2,100,194,31,28,57,20,0,0.644097089767456,0
chain_6,medium,medium,p1_etl_60,101,6,6,4,2,100,194,31,28,57,20,0,0.6112139225006104,0
chain_6,medium,medium,p1_etl_60,202,6,6,4,2,100,197,25,28,55,21,0,0.6071567535400391,0
chain_6,medium,medium,p1_etl_1800,202,6,6,4,2,100,197,25,28,55,21,0,0.4728996753692627,0
chain_6,medium,medium,p1_etl_300,101,6,6,4,2,100,194,31,28,57,20,0,0.5853536128997803,0
chain_6,medium,medium,p1_etl_300,202,6,6,4,2,100,197,25,28,55,21,0,0.598304271697998,0
chain_6,medium,medium,p1_etl_1800,101,6,6,4,2,100,194,31,28,57,20,0,0.5597739219665527,0
chain_6,medium,medium,p1_etl_1800,42,6,6,3,3,91,182,24,33,41,27,0,0.593792200088501,0
chain_6,medium,medium,p1_etl_7200,101,6,6,4,2,100,194,31,28,57,20,0,0.57993483543396,0
chain_6,medium,medium,p1_etl_86400,202,6,6,4,2,100,197,25,28,55,21,0,0.5056843757629395,0
chain_6,medium,medium,p1_etl_7200,42,6,6,3,3,91,182,24,33,41,27,0,0.6124746799468994,0
chain_6,medium,medium,p1_etl_7200,202,6,6,4,2,100,197,25,28,55,21,0,0.6190979480743408,0
chain_6,medium,medium,p1_etl_86400,42,6,6,3,3,91,182,24,33,41,27,0,0.6264605522155762,0
chain_6,medium,medium,p1_etl_86400,101,6,6,4,2,100,194,31,28,57,20,0,0.618267297744751,0
chain_6,medium,medium,p1_c100,42,6,6,0,6,83,164,23,28,42,21,0,0.4411461353302002,0
chain_6,medium,medium,p1_c40,42,6,6,0,6,83,164,23,28,42,21,0,0.600379228591919,0
chain_6,medium,medium,p1_c120,101,6,6,4,2,100,194,31,28,57,20,0,0.4338688850402832,0
chain_6,medium,medium,p1_c40,202,6,6,0,6,92,186,21,28,50,21,0,0.6056158542633057,0
chain_6,medium,medium,p1_c40,101,6,6,0,6,94,195,19,27,52,22,0,0.608543872833252,0
chain_6,medium,medium,p1_c80,42,6,6,0,6,83,164,23,28,42,21,0,0.6254878044128418,0
chain_6,medium,medium,p1_c80,202,6,6,0,6,92,186,21,28,50,21,0,0.6175293922424316,0
chain_6,medium,medium,p1_c80,101,6,6,0,6,94,195,19,27,52,22,0,0.6360063552856445,0
chain_6,medium,medium,p1_c120,202,6,6,4,2,100,197,25,28,55,21,0,0.5874049663543701,0
chain_6,medium,medium,p1_c120,42,6,6,3,3,91,182,24,33,41,27,0,0.6089620590209961,0
chain_6,medium,medium,p1_c100,101,6,6,0,6,94,195,19,27,52,22,0,0.6279354095458984,0
chain_6,medium,medium,p1_c100,202,6,6,0,6,92,186,21,28,50,21,0,0.6177244186401367,0
chain_6,medium,medium,p1_mp4,42,6,6,3,3,99,183,28,32,40,27,0,0.4707314968109131,0
chain_6,medium,medium,p1_mp2,42,6,6,3,3,94,185,24,33,41,27,0,0.6240179538726807,0
chain_6,medium,medium,p1_mp2,202,6,6,4,2,101,194,28,27,54,21,0,0.6189234256744385,0
chain_6,medium,medium,p1_mp2,101,6,6,4,2,102,196,31,28,57,20,0,0.6235594749450684,0
chain_6,medium,medium,p1_mp3,42,6,6,3,3,97,187,25,33,41,27,0,0.6197657585144043,0
chain_6,medium,medium,p1_probes_h1,42,6,6,4,2,92,173,33,28,44,24,1,0.5024881362915039,0
chain_6,medium,medium,p1_mp3,101,6,6,4,2,104,198,31,28,57,20,0,0.6224167346954346,0
chain_6,medium,medium,p1_mp3,202,6,6,4,2,98,187,26,22,50,21,0,0.5846536159515381,0
chain_6,medium,medium,p1_mp4,101,6,6,4,2,106,200,31,28,57,20,0,0.5512025356292725,0
chain_6,medium,medium,p1_mp4,202,6,6,4,2,101,193,24,23,51,21,0,0.6096842288970947,0
chain_6,medium,medium,p1_probes_h3,101,6,6,4,2,92,171,34,22,41,26,3,0.43361377716064453,0
chain_6,medium,medium,p1_probes_h3,42,6,6,4,2,92,173,33,28,44,24,1,0.4892559051513672,0
chain_6,medium,medium,p1_probes_h1,101,6,6,4,2,92,171,34,22,41,26,3,0.6209700107574463,0
chain_6,medium,medium,p1_probes_h1,202,6,6,4,2,89,160,36,22,45,20,1,0.6129961013793945,0
chain_6,medium,medium,p1_probes_h5,42,6,6,4,2,92,173,33,28,44,24,1,0.5006687641143799,0
chain_6,medium,medium,p1_probes_h2,42,6,6,4,2,92,173,33,28,44,24,1,0.6194031238555908,0
chain_6,medium,medium,p1_probes_h2,202,6,6,4,2,89,160,36,22,45,20,1,0.6291694641113281,0
chain_6,medium,medium,p1_probes_h2,101,6,6,4,2,92,171,34,22,41,26,3,0.6510360240936279,0
chain_6,medium,medium,p1_probes_h3,202,6,6,4,2,89,160,36,22,45,20,1,0.6002089977264404,0
chain_6,medium,sparse,baseline,101,6,6,1,5,72,157,10,22,23,32,0,0.4426767826080322,0
chain_6,medium,sparse,p1_default,202,6,6,4,2,74,141,24,22,34,21,0,0.42191410064697266,0
chain_6,medium,medium,p1_probes_h5,202,6,6,4,2,89,160,36,22,45,20,1,0.6130707263946533,0
chain_6,medium,medium,p1_probes_h5,101,6,6,4,2,92,171,34,22,41,26,3,0.6217794418334961,0
chain_6,medium,medium,p1_auto,42,6,6,0,6,83,164,23,28,42,21,0,0.5968296527862549,0
chain_6,medium,medium,p1_auto,202,6,6,0,6,92,186,21,28,50,21,0,0.6199872493743896,0
chain_6,medium,medium,p1_auto,101,6,6,0,6,94,195,19,27,52,22,0,0.6379783153533936,0
chain_6,medium,sparse,p1_default,101,6,6,3,3,81,164,21,29,36,26,0,0.5787942409515381,0
chain_6,medium,sparse,p1_etl_60,202,6,6,4,2,74,141,24,22,34,21,0,0.48011302947998047,0
chain_6,medium,sparse,baseline,42,6,6,1,5,64,135,13,22,16,31,0,0.6105761528015137,0
chain_6,medium,sparse,baseline,202,6,6,1,5,69,144,14,22,20,31,0,0.6063458919525146,0
chain_6,medium,sparse,p1_default,42,6,6,4,2,74,141,27,28,32,23,0,0.6078481674194336,0
chain_6,medium,sparse,p1_etl_60,101,6,6,3,3,81,164,21,29,36,26,0,0.5420660972595215,0
chain_6,medium,sparse,p1_etl_300,42,6,6,4,2,74,141,27,28,32,23,0,0.5550456047058105,0
chain_6,medium,sparse,p1_penalty_off,42,6,6,4,2,74,141,27,28,32,23,0,0.6238172054290771,0
chain_6,medium,sparse,p1_penalty_off,101,6,6,3,3,81,164,21,29,36,26,0,0.6200628280639648,0
chain_6,medium,sparse,p1_penalty_off,202,6,6,4,2,74,141,24,22,34,21,0,0.6154301166534424,0
chain_6,medium,sparse,p1_etl_60,42,6,6,4,2,74,141,27,28,32,23,0,0.6074800491333008,0
chain_6,medium,sparse,p1_etl_300,101,6,6,3,3,81,164,21,29,36,26,0,0.5992000102996826,0
chain_6,medium,sparse,p1_etl_300,202,6,6,4,2,74,141,24,22,34,21,0,0.5683150291442871,0
chain_6,medium,sparse,p1_etl_1800,202,6,6,4,2,74,141,24,22,34,21,0,0.5430474281311035,0
chain_6,medium,sparse,p1_etl_1800,42,6,6,4,2,74,141,27,28,32,23,0,0.6096131801605225,0
chain_6,medium,sparse,p1_etl_7200,42,6,6,4,2,74,141,27,28,32,23,0,0.5914103984832764,0
chain_6,medium,sparse,p1_etl_1800,101,6,6,3,3,81,164,21,29,36,26,0,0.6032748222351074,0
chain_6,medium,sparse,p1_etl_7200,101,6,6,3,3,81,164,21,29,36,26,0,0.6110224723815918,0
chain_6,medium,sparse,p1_c40,101,6,6,0,6,74,152,18,26,36,22,0,0.5328457355499268,0
chain_6,medium,sparse,p1_etl_7200,202,6,6,4,2,74,141,24,22,34,21,0,0.5997457504272461,0
chain_6,medium,sparse,p1_etl_86400,202,6,6,4,2,74,141,24,22,34,21,0,0.5616669654846191,0
chain_6,medium,sparse,p1_etl_86400,42,6,6,4,2,74,141,27,28,32,23,0,0.6138157844543457,0
chain_6,medium,sparse,p1_c80,42,6,6,0,6,68,137,18,27,31,21,0,0.5347719192504883,0
chain_6,medium,sparse,p1_c40,42,6,6,0,6,68,137,18,27,31,21,0,0.5814354419708252,0
chain_6,medium,sparse,p1_c120,101,6,6,3,3,81,164,21,29,36,26,0,0.44307899475097656,0
chain_6,medium,sparse,p1_etl_86400,101,6,6,3,3,81,164,21,29,36,26,0,0.631887674331665,0
chain_6,medium,sparse,p1_c40,202,6,6,0,6,72,143,20,26,34,21,0,0.5877947807312012,0
chain_6,medium,sparse,p1_c100,202,6,6,0,6,72,143,20,26,34,21,0,0.4823331832885742,0
chain_6,medium,sparse,p1_c100,42,6,6,0,6,68,137,18,27,31,21,0,0.5198748111724854,0
chain_6,medium,sparse,p1_c80,101,6,6,0,6,74,152,18,26,36,22,0,0.6123442649841309,0
chain_6,medium,sparse,p1_c120,202,6,6,4,2,74,141,24,22,34,21,0,0.523430347442627,0
chain_6,medium,sparse,p1_c100,101,6,6,0,6,74,152,18,26,36,22,0,0.5836267471313477,0
chain_6,medium,sparse,p1_c80,202,6,6,0,6,72,143,20,26,34,21,0,0.6150732040405273,0
chain_6,medium,sparse,p1_c120,42,6,6,4,2,74,141,27,28,32,23,0,0.594144344329834,0
chain_6,medium,sparse,p1_mp2,101,6,6,3,3,84,166,22,29,36,26,0,0.5792474746704102,0
chain_6,medium,sparse,p1_mp3,42,6,6,4,2,79,150,24,29,33,23,0,0.592094898223877,0
chain_6,medium,sparse,p1_mp2,202,6,6,4,2,76,143,24,22,34,21,0,0.6006982326507568,0
chain_6,medium,sparse,p1_mp2,42,6,6,4,2,78,153,21,30,34,23,0,0.6059465408325195,0
chain_6,medium,sparse,p1_mp3,101,6,6,3,3,87,170,21,29,36,26,0,0.6321613788604736,0
chain_6,medium,sparse,p1_mp4,101,6,6,3,3,89,167,24,28,36,25,0,0.4888880252838135,0
chain_6,medium,sparse,p1_mp3,202,6,6,3,3,86,165,23,31,33,27,0,0.5986313819885254,0
chain_6,medium,sparse,p1_mp4,42,6,6,4,2,81,152,24,29,33,23,0,0.6204774379730225,0
chain_6,medium,sparse,p1_mp4,202,6,6,4,2,80,147,24,22,34,21,0,0.5702872276306152,0
chain_6,medium,sparse,p1_probes_h1,42,6,6,4,2,77,150,24,23,31,26,2,0.5809032917022705,0
chain_6,medium,sparse,p1_probes_h5,42,6,6,4,2,77,150,24,23,31,26,2,0.5030686855316162,0
chain_6,medium,sparse,p1_probes_h1,202,6,6,3,3,84,170,22,32,33,30,1,0.6096503734588623,0
chain_6,medium,sparse,p1_probes_h1,101,6,6,3,3,84,171,21,29,33,30,2,0.6366472244262695,0
chain_6,medium,sparse,p1_probes_h2,42,6,6,4,2,77,150,24,23,31,26,2,0.5970556735992432,0
chain_6,medium,sparse,p1_probes_h5,202,6,6,3,3,84,170,22,32,33,30,1,0.5530455112457275,0
chain_6,medium,sparse,p1_probes_h3,101,6,6,3,3,84,171,21,29,33,30,2,0.5965204238891602,0
chain_6,medium,sparse,p1_probes_h2,101,6,6,3,3,84,171,21,29,33,30,2,0.6227836608886719,0
chain_6,medium,sparse,p1_probes_h2,202,6,6,3,3,84,170,22,32,33,30,1,0.6262807846069336,0
chain_6,medium,sparse,p1_probes_h3,202,6,6,3,3,84,170,22,32,33,30,1,0.6060976982116699,0
chain_6,medium,sparse,p1_probes_h3,42,6,6,4,2,77,150,24,23,31,26,2,0.6303200721740723,0
chain_6,heavy,medium,p1_default,202,12,12,7,5,140,263,49,52,67,35,0,0.41875720024108887,0
chain_6,medium,sparse,p1_auto,202,6,6,0,6,72,143,20,26,34,21,0,0.5298848152160645,0
chain_6,medium,sparse,p1_auto,42,6,6,0,6,68,137,18,27,31,21,0,0.607450008392334,0
chain_6,medium,sparse,p1_probes_h5,101,6,6,3,3,84,171,21,29,33,30,2,0.6401045322418213,0
chain_6,heavy,medium,p1_penalty_off,101,12,12,7,5,143,282,41,53,66,40,0,0.44875192642211914,0
chain_6,heavy,medium,baseline,42,11,12,4,8,123,231,40,42,68,23,0,0.5509076118469238,0
chain_6,medium,sparse,p1_auto,101,6,6,0,6,74,152,18,26,36,22,0,0.635425329208374,0
chain_6,heavy,medium,baseline,202,12,12,1,11,131,248,46,53,66,31,0,0.5874714851379395,0
chain_6,heavy,medium,baseline,101,12,12,2,10,120,253,20,36,37,50,0,0.61372971534729,0
chain_6,heavy,medium,p1_default,42,11,12,8,4,128,227,53,41,70,23,0,0.6168675422668457,0
chain_6,heavy,medium,p1_default,101,12,12,7,5,143,282,41,53,66,40,0,0.6103079319000244,0
chain_6,heavy,medium,p1_penalty_off,42,11,12,8,4,128,227,53,41,70,23,0,0.6174910068511963,0
chain_6,heavy,medium,p1_etl_60,42,11,12,8,4,128,227,53,41,70,23,0,0.5584962368011475,0
chain_6,heavy,medium,p1_penalty_off,202,12,12,7,5,140,263,49,52,67,35,0,0.6199605464935303,0
chain_6,heavy,medium,p1_etl_60,101,12,12,7,5,143,282,41,53,66,40,0,0.5719883441925049,0
chain_6,heavy,medium,p1_etl_60,202,12,12,7,5,140,263,49,52,67,35,0,0.5493457317352295,0
chain_6,heavy,medium,p1_etl_300,42,11,12,8,4,128,227,53,41,70,23,0,0.5597164630889893,0
chain_6,heavy,medium,p1_etl_7200,101,12,12,7,5,143,282,41,53,66,40,0,0.46921205520629883,0
chain_6,heavy,medium,p1_etl_300,101,12,12,7,5,143,282,41,53,66,40,0,0.6011698246002197,0
chain_6,heavy,medium,p1_c80,202,12,12,0,12,135,267,38,54,69,33,0,0.41433215141296387,0
chain_6,heavy,medium,p1_etl_86400,42,11,12,8,4,128,227,53,41,70,23,0,0.5290055274963379,0
chain_6,heavy,medium,p1_etl_300,202,12,12,7,5,140,263,49,52,67,35,0,0.5983502864837646,0
chain_6,heavy,medium,p1_etl_1800,42,11,12,8,4,128,227,53,41,70,23,0,0.6119859218597412,0
chain_6,heavy,medium,p1_etl_1800,202,12,12,7,5,140,263,49,52,67,35,0,0.6052548885345459,0
chain_6,heavy,medium,p1_etl_1800,101,12,12,7,5,143,282,41,53,66,40,0,0.6388053894042969,0
chain_6,heavy,medium,p1_c100,42,11,12,0,12,121,233,40,49,59,31,0,0.47260594367980957,0
chain_6,heavy,medium,p1_etl_7200,42,11,12,8,4,128,227,53,41,70,23,0,0.613877534866333,0
chain_6,heavy,medium,p1_c80,101,12,12,0,12,131,264,32,48,65,34,0,0.513786792755127,0
chain_6,heavy,medium,p1_etl_7200,202,12,12,7,5,140,263,49,52,67,35,0,0.6092929840087891,0
chain_6,heavy,medium,p1_etl_86400,101,12,12,7,5,143,282,41,53,66,40,0,0.6122951507568359,0
chain_6,heavy,medium,p1_etl_86400,202,12,12,7,5,140,263,49,52,67,35,0,0.6234450340270996,0
chain_6,heavy,medium,p1_c40,42,11,12,0,12,121,233,40,49,59,31,0,0.6031701564788818,0
chain_6,heavy,medium,p1_c40,202,12,12,0,12,135,267,38,54,69,33,0,0.6068956851959229,0
chain_6,heavy,medium,p1_c100,101,12,12,0,12,131,264,32,48,65,34,0,0.5470948219299316,0
chain_6,heavy,medium,p1_c40,101,12,12,0,12,131,264,32,48,65,34,0,0.6300609111785889,0
chain_6,heavy,medium,p1_c80,42,11,12,0,12,121,233,40,49,59,31,0,0.623713493347168,0
chain_6,heavy,medium,p1_c100,202,12,12,0,12,135,267,38,54,69,33,0,0.5781707763671875,0
chain_6,heavy,medium,p1_c120,42,11,12,8,4,128,227,53,41,70,23,0,0.6271562576293945,0
chain_6,heavy,medium,p1_c120,101,12,12,7,5,143,282,41,53,66,40,0,0.6231324672698975,0
chain_6,heavy,medium,p1_mp3,101,11,12,7,5,151,288,39,52,68,37,0,0.4689953327178955,0
chain_6,heavy,medium,p1_c120,202,12,12,7,5,140,263,49,52,67,35,0,0.6037287712097168,0
chain_6,heavy,medium,p1_mp2,42,11,12,8,4,134,248,44,45,66,29,0,0.6071839332580566,0
chain_6,heavy,medium,p1_mp2,202,12,12,8,4,135,235,56,42,67,27,0,0.6224384307861328,0
chain_6,heavy,medium,p1_mp2,101,12,12,8,4,142,272,40,46,68,34,0,0.635535478591919,0
chain_6,heavy,medium,p1_mp3,42,12,12,8,4,142,252,53,45,69,29,0,0.6285388469696045,0
chain_6,heavy,medium,p1_probes_h1,42,11,12,7,5,134,253,48,53,59,38,1,0.5265915393829346,0
chain_6,heavy,medium,p1_mp4,101,11,12,7,5,153,279,45,49,67,35,0,0.5532028675079346,0
chain_6,heavy,medium,p1_mp3,202,12,12,6,6,155,275,56,59,69,35,0,0.6206748485565186,0
chain_6,heavy,medium,p1_probes_h1,101,12,12,7,5,140,264,49,50,61,40,2,0.551379919052124,0
chain_6,heavy,medium,p1_mp4,42,11,12,8,4,142,254,44,45,66,29,0,0.6222248077392578,0
chain_6,heavy,medium,p1_mp4,202,12,12,7,5,157,280,52,55,69,35,0,0.611414909362793,0
chain_6,heavy,medium,p1_probes_h2,42,11,12,7,5,134,253,48,53,59,38,1,0.5832045078277588,0
chain_6,heavy,medium,p1_probes_h5,101,12,12,7,5,140,264,49,50,61,40,2,0.5121850967407227,0
chain_6,heavy,medium,p1_probes_h3,202,12,12,7,5,143,276,44,51,64,40,1,0.552316427230835,0
chain_6,heavy,medium,p1_probes_h1,202,12,12,7,5,143,276,44,51,64,40,1,0.6131589412689209,0
chain_6,heavy,medium,p1_probes_h3,42,11,12,7,5,134,253,48,53,59,38,1,0.5974001884460449,0
chain_6,heavy,medium,p1_probes_h2,101,12,12,7,5,140,264,49,50,61,40,2,0.6265408992767334,0
chain_6,heavy,medium,p1_probes_h5,42,11,12,7,5,134,253,48,53,59,38,1,0.5717973709106445,0
chain_6,heavy,medium,p1_probes_h2,202,12,12,7,5,143,276,44,51,64,40,1,0.6223359107971191,0
chain_6,heavy,medium,p1_probes_h3,101,12,12,7,5,140,264,49,50,61,40,2,0.6249020099639893,0
chain_6,heavy,medium,p1_auto,202,12,12,0,12,135,267,38,54,69,33,0,0.580554723739624,0
chain_6,heavy,medium,p1_probes_h5,202,12,12,7,5,143,276,44,51,64,40,1,0.6082417964935303,0
chain_6,heavy,medium,p1_auto,42,11,12,0,12,121,233,40,49,59,31,0,0.6256773471832275,0
chain_6,heavy,sparse,baseline,42,11,12,1,11,95,204,15,37,16,51,0,0.5938465595245361,0
chain_6,heavy,medium,p1_auto,101,12,12,0,12,131,264,32,48,65,34,0,0.6392121315002441,0
chain_6,heavy,sparse,baseline,101,12,12,1,11,106,233,12,38,23,54,0,0.5956540107727051,0
chain_6,heavy,sparse,baseline,202,12,12,1,11,105,229,13,40,20,55,0,0.5802433490753174,0
chain_6,heavy,sparse,p1_default,42,11,12,8,4,109,204,38,42,47,31,0,0.5933456420898438,0
chain_6,heavy,sparse,p1_default,202,12,12,8,4,125,239,39,50,58,33,0,0.5901596546173096,0
chain_6,heavy,sparse,p1_default,101,12,12,6,6,130,256,38,56,56,40,0,0.6361985206604004,0
chain_6,heavy,sparse,p1_penalty_off,42,11,12,8,4,109,204,38,42,47,31,0,0.5543942451477051,0
chain_6,heavy,sparse,p1_penalty_off,101,12,12,6,6,130,256,38,56,56,40,0,0.6376137733459473,0
chain_6,heavy,sparse,p1_penalty_off,202,12,12,8,4,125,239,39,50,58,33,0,0.6247098445892334,0
chain_6,heavy,sparse,p1_etl_60,202,12,12,8,4,125,239,39,50,58,33,0,0.5253901481628418,0
chain_6,heavy,sparse,p1_etl_60,42,11,12,8,4,109,204,38,42,47,31,0,0.5650980472564697,0
chain_6,heavy,sparse,p1_etl_300,101,12,12,6,6,130,256,38,56,56,40,0,0.5235257148742676,0
chain_6,heavy,sparse,p1_etl_300,42,11,12,8,4,109,204,38,42,47,31,0,0.5704965591430664,0
chain_6,heavy,sparse,p1_etl_60,101,12,12,6,6,130,256,38,56,56,40,0,0.6330947875976562,0
chain_6,heavy,sparse,p1_etl_7200,42,11,12,8,4,109,204,38,42,47,31,0,0.5205943584442139,0
chain_6,heavy,sparse,p1_etl_1800,42,11,12,8,4,109,204,38,42,47,31,0,0.552971601486206,0
chain_6,heavy,sparse,p1_etl_300,202,12,12,8,4,125,239,39,50,58,33,0,0.5725212097167969,0
chain_6,heavy,sparse,p1_etl_1800,202,12,12,8,4,125,239,39,50,58,33,0,0.5859334468841553,0
chain_6,heavy,sparse,p1_etl_7200,101,12,12,6,6,130,256,38,56,56,40,0,0.596778154373169,0
chain_6,heavy,sparse,p1_etl_1800,101,12,12,6,6,130,256,38,56,56,40,0,0.637829065322876,0
chain_6,heavy,sparse,p1_etl_86400,42,11,12,8,4,109,204,38,42,47,31,0,0.5930566787719727,0
chain_6,heavy,sparse,p1_etl_86400,202,12,12,8,4,125,239,39,50,58,33,0,0.5832023620605469,0
chain_6,heavy,sparse,p1_etl_7200,202,12,12,8,4,125,239,39,50,58,33,0,0.6030166149139404,0
chain_6,heavy,sparse,p1_etl_86400,101,12,12,6,6,130,256,38,56,56,40,0,0.6343300342559814,0
chain_6,heavy,sparse,p1_c40,42,11,12,0,12,108,221,23,51,50,31,0,0.580742597579956,0
chain_6,heavy,sparse,p1_c40,101,12,12,0,12,116,237,27,50,54,34,0,0.5859341621398926,0
chain_6,heavy,sparse,p1_c80,202,12,12,0,12,116,232,31,52,54,33,0,0.4675905704498291,0
chain_6,heavy,sparse,p1_c40,202,12,12,0,12,116,232,31,52,54,33,0,0.5751066207885742,0
chain_6,heavy,sparse,p1_c80,42,11,12,0,12,108,221,23,51,50,31,0,0.5843381881713867,0
chain_6,heavy,sparse,p1_c80,101,12,12,0,12,116,237,27,50,54,34,0,0.617927074432373,0
chain_6,heavy,sparse,p1_c100,101,12,12,0,12,116,237,27,50,54,34,0,0.5749509334564209,0
chain_6,heavy,sparse,p1_c100,202,12,12,0,12,116,232,31,52,54,33,0,0.5399065017700195,0
chain_6,heavy,sparse,p1_c120,42,11,12,8,4,109,204,38,42,47,31,0,0.5373067855834961,0
chain_6,heavy,sparse,p1_c100,42,11,12,0,12,108,221,23,51,50,31,0,0.624504566192627,0
chain_6,heavy,sparse,p1_c120,101,12,12,6,6,130,256,38,56,56,40,0,0.5592989921569824,0
chain_6,heavy,sparse,p1_c120,202,12,12,8,4,125,239,39,50,58,33,0,0.5061743259429932,0
chain_6,heavy,sparse,p1_mp2,42,11,12,7,5,123,240,32,54,47,39,0,0.5197439193725586,0
chain_6,heavy,sparse,p1_mp2,202,12,12,7,5,131,250,39,53,53,39,0,0.5398232936859131,0
chain_6,heavy,sparse,p1_mp3,42,12,12,7,5,131,243,41,53,49,39,0,0.5421919822692871,0
chain_6,heavy,sparse,p1_mp2,101,12,12,7,5,131,249,41,51,55,38,0,0.5846657752990723,0
chain_6,heavy,sparse,p1_mp3,101,12,12,6,6,144,274,38,58,56,42,0,0.6373565196990967,0
chain_6,heavy,sparse,p1_probes_h1,42,11,12,7,5,122,233,39,48,52,36,2,0.5464327335357666,0
chain_6,heavy,sparse,p1_mp3,202,12,12,7,5,140,258,46,58,55,40,0,0.6239378452301025,0
chain_6,heavy,sparse,p1_mp4,101,11,12,6,6,148,277,37,57,56,41,0,0.6174249649047852,0
chain_6,heavy,sparse,p1_mp4,42,12,12,7,5,136,248,41,53,49,39,0,0.6258754730224609,0
chain_6,heavy,sparse,p1_mp4,202,12,12,7,5,139,250,44,51,52,38,0,0.6448256969451904,0
chain_6,heavy,sparse,p1_probes_h2,101,12,12,8,4,127,237,45,47,58,34,2,0.5684258937835693,0
chain_6,heavy,sparse,p1_probes_h2,202,12,12,6,6,137,279,34,62,53,48,1,0.5732476711273193,0
chain_6,heavy,sparse,p1_probes_h1,202,12,12,6,6,137,279,34,62,53,48,1,0.5927252769470215,0
chain_6,heavy,sparse,p1_probes_h1,101,12,12,8,4,127,237,45,47,58,34,2,0.6263470649719238,0
chain_6,heavy,sparse,p1_probes_h3,42,11,12,7,5,122,233,39,48,52,36,2,0.5791654586791992,0
chain_6,heavy,sparse,p1_probes_h2,42,11,12,7,5,122,233,39,48,52,36,2,0.6325933933258057,0
chain_6,heavy,sparse,p1_probes_h5,42,11,12,7,5,122,233,39,48,52,36,2,0.6078588962554932,0
chain_6,heavy,sparse,p1_probes_h3,101,12,12,8,4,127,237,45,47,58,34,2,0.6384556293487549,0
chain_6,heavy,sparse,p1_probes_h3,202,12,12,6,6,137,279,34,62,53,48,1,0.6516523361206055,0
chain_6,heavy,sparse,p1_probes_h5,101,12,12,8,4,127,237,45,47,58,34,2,0.6373014450073242,0
chain_6,heavy,sparse,p1_probes_h5,202,12,12,6,6,137,279,34,62,53,48,1,0.6138138771057129,0
chain_6,heavy,sparse,p1_auto,42,11,12,0,12,108,221,23,51,50,31,0,0.6052143573760986,0
chain_6,heavy,sparse,p1_auto,202,12,12,0,12,116,232,31,52,54,33,0,0.6029002666473389,0
chain_6,heavy,sparse,p1_auto,101,12,12,0,12,116,237,27,50,54,34,0,0.6165122985839844,0
chain_10,light,medium,baseline,101,1,1,1,0,100,179,8,18,62,26,0,0.8230555057525635,0
chain_10,light,medium,p1_default,42,1,1,1,0,95,167,10,18,56,27,0,0.7830932140350342,0
chain_10,light,medium,baseline,42,1,1,1,0,95,167,10,18,56,27,0,0.8573594093322754,0
chain_10,light,medium,p1_default,101,1,1,1,0,100,179,8,18,62,26,0,0.8833334445953369,0
chain_10,light,medium,p1_penalty_off,101,1,1,1,0,100,179,8,18,62,26,0,0.80946946144104,0
chain_10,light,medium,p1_etl_60,42,1,1,1,0,95,167,10,18,56,27,0,0.6921825408935547,0
chain_10,light,medium,baseline,202,,,0,0,55,92,8,0,28,18,0,0.9666333198547363,0
chain_10,light,medium,p1_default,202,,,0,0,55,92,8,0,28,18,0,0.9544410705566406,0
chain_10,light,medium,p1_penalty_off,42,1,1,1,0,95,167,10,18,56,27,0,0.9766104221343994,0
chain_10,light,medium,p1_etl_300,101,1,1,1,0,100,179,8,18,62,26,0,0.8681926727294922,0
chain_10,light,medium,p1_etl_300,42,1,1,1,0,95,167,10,18,56,27,0,0.9047181606292725,0
chain_10,light,medium,p1_etl_1800,202,,,0,0,55,92,8,0,28,18,0,0.8301386833190918,0
chain_10,light,medium,p1_penalty_off,202,,,0,0,55,92,8,0,28,18,0,0.9851357936859131,0
chain_10,light,medium,p1_etl_60,202,,,0,0,55,92,8,0,28,18,0,0.9615476131439209,0
chain_10,light,medium,p1_etl_1800,42,1,1,1,0,95,167,10,18,56,27,0,0.9090733528137207,0
chain_10,light,medium,p1_etl_60,101,1,1,1,0,100,179,8,18,62,26,0,0.9832134246826172,0
chain_10,light,medium,p1_etl_300,202,,,0,0,55,92,8,0,28,18,0,0.9373786449432373,0
chain_10,light,medium,p1_etl_1800,101,1,1,1,0,100,179,8,18,62,26,0,0.9690167903900146,0
chain_10,light,medium,p1_etl_86400,202,,,0,0,55,92,8,0,28,18,0,0.8474977016448975,0
chain_10,light,medium,p1_etl_7200,101,1,1,1,0,100,179,8,18,62,26,0,0.9433727264404297,0
chain_10,light,medium,p1_etl_7200,42,1,1,1,0,95,167,10,18,56,27,0,0.9540660381317139,0
chain_10,light,medium,p1_c40,101,1,1,1,0,100,179,8,18,62,26,0,0.8378183841705322,0
chain_10,light,medium,p1_etl_7200,202,,,0,0,55,92,8,0,28,18,0,0.9631903171539307,0
chain_10,light,medium,p1_etl_86400,101,1,1,1,0,100,179,8,18,62,26,0,0.9634077548980713,0
chain_10,light,medium,p1_etl_86400,42,1,1,1,0,95,167,10,18,56,27,0,1.007328748703003,0
chain_10,light,medium,p1_c40,42,0,1,0,1,74,127,10,0,40,24,0,0.9807837009429932,0
chain_10,light,medium,p1_c40,202,,,0,0,55,92,8,0,28,18,0,0.9696211814880371,0
chain_10,light,medium,p1_c80,42,0,1,0,1,74,127,10,0,40,24,0,1.0036935806274414,0
chain_10,light,medium,p1_c100,101,1,1,1,0,100,179,8,18,62,26,0,0.754021406173706,0
chain_10,light,medium,p1_c80,101,1,1,1,0,100,179,8,18,62,26,0,0.9500658512115479,0
chain_10,light,medium,p1_c80,202,,,0,0,55,92,8,0,28,18,0,0.9834034442901611,0
chain_10,light,medium,p1_c100,42,0,1,0,1,74,127,10,0,40,24,0,0.9831035137176514,0
chain_10,light,medium,p1_c100,202,,,0,0,55,92,8,0,28,18,0,0.9476907253265381,0
chain_10,light,medium,p1_c120,101,1,1,1,0,100,179,8,18,62,26,0,0.9649972915649414,0
chain_10,light,medium,p1_mp3,101,1,1,1,0,100,179,8,18,62,26,0,0.7181456089019775,0
chain_10,light,medium,p1_c120,42,1,1,1,0,95,167,10,18,56,27,0,1.012218713760376,0
chain_10,light,medium,p1_c120,202,,,0,0,55,92,8,0,28,18,0,0.9627037048339844,0
chain_10,light,medium,p1_mp2,42,1,1,1,0,95,167,10,18,56,27,0,0.953113317489624,0
chain_10,light,medium,p1_mp4,202,,,0,0,55,92,8,0,28,18,0,0.8201360702514648,0
chain_10,light,medium,p1_probes_h2,202,,,0,0,55,92,8,0,28,18,0,0.6940639019012451,0
chain_10,light,medium,p1_mp2,202,,,0,0,55,92,8,0,28,18,0,0.9283397197723389,0
chain_10,light,medium,p1_mp4,101,1,1,1,0,100,179,8,18,62,26,0,0.9115159511566162,0
chain_10,light,medium,p1_mp4,42,1,1,1,0,95,167,10,18,56,27,0,0.9168388843536377,0
chain_10,light,medium,p1_mp3,42,1,1,1,0,95,167,10,18,56,27,0,0.9682352542877197,0
chain_10,light,medium,p1_mp3,202,,,0,0,55,92,8,0,28,18,0,0.954071044921875,0
chain_10,light,medium,p1_mp2,101,1,1,1,0,100,179,8,18,62,26,0,1.0235488414764404,0
chain_10,light,medium,p1_probes_h1,202,,,0,0,55,92,8,0,28,18,0,0.8675386905670166,0
chain_10,light,medium,p1_probes_h2,42,1,1,1,0,95,167,9,2,55,27,2,0.8793148994445801,0
chain_10,light,medium,p1_probes_h1,42,1,1,1,0,89,155,10,2,55,22,1,1.0165684223175049,0
chain_10,light,medium,p1_probes_h1,101,1,1,1,0,104,186,8,18,62,29,1,1.0253596305847168,0
chain_10,light,medium,p1_probes_h2,101,1,1,1,0,110,195,10,18,62,34,2,1.0213584899902344,0
chain_10,light,medium,p1_probes_h3,42,1,1,1,0,103,182,9,2,55,34,3,0.9848599433898926,0
chain_10,light,medium,p1_probes_h5,42,1,1,1,0,103,182,9,2,55,34,3,0.8789670467376709,0
chain_10,light,medium,p1_probes_h3,202,,,0,0,55,92,8,0,28,18,0,0.9918365478515625,0
chain_10,light,medium,p1_probes_h3,101,1,1,1,0,118,210,10,18,62,41,3,1.0029270648956299,0
chain_10,light,medium,p1_probes_h5,202,,,0,0,55,92,8,0,28,18,0,0.8695757389068604,0
chain_10,light,medium,p1_probes_h5,101,1,1,1,0,118,210,10,18,62,41,3,1.0288877487182617,0
chain_10,light,medium,p1_auto,42,1,1,1,0,95,167,10,18,56,27,0,0.8754360675811768,0
chain_10,light,medium,p1_auto,202,,,0,0,55,92,8,0,28,18,0,0.861487865447998,0
chain_10,light,medium,p1_auto,101,1,1,1,0,100,179,8,18,62,26,0,1.0135219097137451,0
chain_10,light,sparse,baseline,202,,,0,0,37,64,4,0,14,18,0,0.8965554237365723,0
chain_10,light,sparse,baseline,42,1,1,1,0,74,135,4,18,39,27,0,0.9750528335571289,0
chain_10,light,sparse,baseline,101,0,1,1,0,51,91,4,0,27,18,0,0.9343626499176025,0
chain_10,light,sparse,p1_etl_300,202,,,0,0,37,64,4,0,14,18,0,0.6999564170837402,0
chain_10,light,sparse,p1_penalty_off,101,0,1,1,0,51,91,4,0,27,18,0,0.8306369781494141,0
chain_10,light,sparse,p1_etl_1800,42,1,1,1,0,74,135,4,18,39,27,0,0.721210241317749,0
chain_10,light,sparse,p1_default,42,1,1,1,0,74,135,4,18,39,27,0,0.9871246814727783,0
chain_10,light,sparse,p1_default,101,0,1,1,0,51,91,4,0,27,18,0,0.9419455528259277,0
chain_10,light,sparse,p1_default,202,,,0,0,37,64,4,0,14,18,0,0.9254741668701172,0
chain_10,light,sparse,p1_penalty_off,42,1,1,1,0,74,135,4,18,39,27,0,0.967564582824707,0
chain_10,light,sparse,p1_etl_60,202,,,0,0,37,64,4,0,14,18,0,0.9124805927276611,0
chain_10,light,sparse,p1_penalty_off,202,,,0,0,37,64,4,0,14,18,0,0.9750368595123291,0
chain_10,light,sparse,p1_etl_300,42,1,1,1,0,74,135,4,18,39,27,0,0.9167749881744385,0
chain_10,light,sparse,p1_etl_7200,42,1,1,1,0,74,135,4,18,39,27,0,0.7610194683074951,0
chain_10,light,sparse,p1_etl_60,101,0,1,1,0,51,91,4,0,27,18,0,0.9697871208190918,0
chain_10,light,sparse,p1_etl_60,42,1,1,1,0,74,135,4,18,39,27,0,1.0009961128234863,0
chain_10,light,sparse,p1_etl_300,101,0,1,1,0,51,91,4,0,27,18,0,0.9671127796173096,0
chain_10,light,sparse,p1_etl_1800,101,0,1,1,0,51,91,4,0,27,18,0,0.940131664276123,0
chain_10,light,sparse,p1_etl_1800,202,,,0,0,37,64,4,0,14,18,0,0.9751336574554443,0
chain_10,light,sparse,p1_etl_86400,101,0,1,1,0,51,91,4,0,27,18,0,0.9107685089111328,0
chain_10,light,sparse,p1_etl_86400,42,1,1,1,0,74,135,4,18,39,27,0,0.95298171043396,0
chain_10,light,sparse,p1_etl_7200,202,,,0,0,37,64,4,0,14,18,0,0.9790987968444824,0
chain_10,light,sparse,p1_etl_7200,101,0,1,1,0,51,91,4,0,27,18,0,1.0004949569702148,0
chain_10,light,sparse,p1_etl_86400,202,,,0,0,37,64,4,0,14,18,0,0.9525473117828369,0
chain_10,light,sparse,p1_c40,101,0,1,1,0,51,91,4,0,27,18,0,0.875373125076294,0
chain_10,light,sparse,p1_c40,202,,,0,0,37,64,4,0,14,18,0,0.8763289451599121,0
chain_10,light,sparse,p1_c40,42,0,1,0,1,53,95,4,0,23,24,0,0.9901881217956543,0
chain_10,light,sparse,p1_c80,101,0,1,1,0,51,91,4,0,27,18,0,0.9236199855804443,0
chain_10,light,sparse,p1_c80,42,0,1,0,1,53,95,4,0,23,24,0,0.9726192951202393,0
chain_10,light,sparse,p1_c100,101,0,1,1,0,51,91,4,0,27,18,0,0.9061250686645508,0
chain_10,light,sparse,p1_c80,202,,,0,0,37,64,4,0,14,18,0,0.9652078151702881,0
chain_10,light,sparse,p1_c100,42,0,1,0,1,53,95,4,0,23,24,0,0.9823949337005615,0
chain_10,light,sparse,p1_mp2,202,,,0,0,37,64,4,0,14,18,0,0.7801470756530762,0
chain_10,light,sparse,p1_c120,101,0,1,1,0,51,91,4,0,27,18,0,0.9493210315704346,0
chain_10,light,sparse,p1_c100,202,,,0,0,37,64,4,0,14,18,0,0.9809911251068115,0
chain_10,light,sparse,p1_mp2,101,0,1,1,0,51,91,4,0,27,18,0,0.8504705429077148,0
chain_10,light,sparse,p1_c120,42,1,1,1,0,74,135,4,18,39,27,0,0.9704840183258057,0
chain_10,light,sparse,p1_c120,202,,,0,0,37,64,4,0,14,18,0,0.9412705898284912,0
chain_10,light,sparse,p1_mp2,42,1,1,1,0,74,135,4,18,39,27,0,0.9681260585784912,0
chain_10,light,sparse,p1_mp4,101,0,1,1,0,51,91,4,0,27,18,0,0.8146204948425293,0
chain_10,light,sparse,p1_mp3,42,1,1,1,0,74,135,4,18,39,27,0,0.9340367317199707,0
chain_10,light,sparse,p1_mp3,101,0,1,1,0,51,91,4,0,27,18,0,0.9156343936920166,0
chain_10,light,sparse,p1_mp3,202,,,0,0,37,64,4,0,14,18,0,0.9496908187866211,0
chain_10,light,sparse,p1_mp4,202,,,0,0,37,64,4,0,14,18,0,0.9103145599365234,0
chain_10,light,sparse,p1_mp4,42,1,1,1,0,74,135,4,18,39,27,0,1.0081140995025635,0
chain_10,light,sparse,p1_probes_h2,202,,,0,0,37,64,4,0,14,18,0,0.8274221420288086,0
chain_10,light,sparse,p1_probes_h1,42,1,1,1,0,78,142,4,18,39,30,1,0.9948329925537109,0
chain_10,light,sparse,p1_probes_h1,101,0,1,1,0,55,98,4,0,27,21,1,1.0059123039245605,0
chain_10,light,sparse,p1_probes_h1,202,,,0,0,37,64,4,0,14,18,0,0.9828872680664062,0
chain_10,light,sparse,p1_probes_h2,42,1,1,1,0,68,120,6,2,32,27,2,0.9738166332244873,0
chain_10,light,sparse,p1_probes_h3,202,,,0,0,37,64,4,0,14,18,0,0.8312394618988037,0
chain_10,light,sparse,p1_probes_h2,101,0,1,1,0,61,109,4,0,27,26,2,1.012476921081543,0
chain_10,light,sparse,p1_probes_h3,101,0,1,1,0,69,124,4,0,27,33,3,0.9761989116668701,0
chain_10,light,sparse,p1_probes_h3,42,1,1,1,0,76,135,6,2,32,34,3,0.996544599533081,0
chain_10,light,sparse,p1_probes_h5,42,1,1,1,0,76,135,6,2,32,34,3,1.006687879562378,0
chain_10,medium,medium,baseline,42,6,6,1,5,185,335,12,63,56,107,0,0.8644247055053711,0
chain_10,light,sparse,p1_auto,202,,,0,0,37,64,4,0,14,18,0,0.8820931911468506,0
chain_10,medium,medium,baseline,202,,,0,0,55,92,8,0,28,18,0,0.8372788429260254,0
chain_10,light,sparse,p1_auto,42,1,1,1,0,74,135,4,18,39,27,0,0.9449198246002197,0
chain_10,light,sparse,p1_probes_h5,101,0,1,1,0,69,124,4,0,27,33,3,0.9859733581542969,0
chain_10,light,sparse,p1_probes_h5,202,,,0,0,37,64,4,0,14,18,0,0.9959666728973389,0
chain_10,medium,medium,p1_default,101,5,6,1,5,166,297,13,47,62,83,0,0.9003183841705322,0
chain_10,medium,medium,baseline,101,5,6,1,5,166,297,13,47,62,83,0,0.9265215396881104,0
chain_10,medium,medium,p1_default,202,,,0,0,55,92,8,0,28,18,0,0.9170763492584229,0
chain_10,medium,medium,p1_penalty_off,42,6,6,1,5,185,335,12,63,56,107,0,0.9091436862945557,0
chain_10,light,sparse,p1_auto,101,0,1,1,0,51,91,4,0,27,18,0,1.0127232074737549,0
chain_10,medium,medium,p1_penalty_off,101,5,6,1,5,166,297,13,47,62,83,0,0.8918800354003906,0
chain_10,medium,medium,p1_default,42,6,6,1,5,185,335,12,63,56,107,0,0.9853665828704834,0
chain_10,medium,medium,p1_penalty_off,202,,,0,0,55,92,8,0,28,18,0,0.9472270011901855,0
chain_10,medium,medium,p1_etl_60,42,6,6,1,5,185,335,12,63,56,107,0,0.9819529056549072,0
chain_10,medium,medium,p1_etl_60,101,5,6,1,5,166,297,13,47,62,83,0,0.9498424530029297,0
chain_10,medium,medium,p1_etl_60,202,,,0,0,55,92,8,0,28,18,0,0.9487876892089844,0
chain_10,medium,medium,p1_etl_300,42,6,6,1,5,185,335,12,63,56,107,0,1.0179455280303955,0
chain_10,medium,medium,p1_etl_300,101,5,6,1,5,166,297,13,47,62,83,0,0.9172954559326172,0
chain_10,medium,medium,p1_etl_300,202,,,0,0,55,92,8,0,28,18,0,0.9464106559753418,0
chain_10,medium,medium,p1_etl_1800,101,5,6,1,5,166,297,13,47,62,83,0,0.915916919708252,0
chain_10,medium,medium,p1_etl_7200,101,5,6,1,5,166,297,13,47,62,83,0,0.8875837326049805,0
chain_10,medium,medium,p1_etl_1800,42,6,6,1,5,185,335,12,63,56,107,0,0.9948868751525879,0
chain_10,medium,medium,p1_etl_7200,202,,,0,0,55,92,8,0,28,18,0,0.8248207569122314,0
chain_10,medium,medium,p1_etl_1800,202,,,0,0,55,92,8,0,28,18,0,0.9851584434509277,0
chain_10,medium,medium,p1_etl_7200,42,6,6,1,5,185,335,12,63,56,107,0,1.0173919200897217,0
chain_10,medium,medium,p1_etl_86400,42,6,6,1,5,185,335,12,63,56,107,0,0.9898653030395508,0
chain_10,medium,medium,p1_etl_86400,101,5,6,1,5,166,297,13,47,62,83,0,0.9925734996795654,0
chain_10,medium,medium,p1_c100,42,0,6,0,6,104,182,10,0,40,49,0,0.8192751407623291,0
chain_10,medium,medium,p1_etl_86400,202,,,0,0,55,92,8,0,28,18,0,0.9276888370513916,0
chain_10,medium,medium,p1_c40,42,0,6,0,6,104,182,10,0,40,49,0,0.9246020317077637,0
chain_10,medium,medium,p1_c120,42,6,6,1,5,185,335,12,63,56,107,0,0.8418526649475098,0
chain_10,medium,medium,p1_c40,202,,,0,0,55,92,8,0,28,18,0,0.9625942707061768,0
chain_10,medium,medium,p1_c40,101,5,6,1,5,166,297,13,47,62,83,0,0.9858934879302979,0
chain_10,medium,medium,p1_c120,101,5,6,1,5,166,297,13,47,62,83,0,0.872748851776123,0
chain_10,medium,medium,p1_c80,101,5,6,1,5,166,297,13,47,62,83,0,0.9774799346923828,0
chain_10,medium,medium,p1_c80,42,0,6,0,6,104,182,10,0,40,49,0,1.018322229385376,0
chain_10,medium,medium,p1_c100,202,,,0,0,55,92,8,0,28,18,0,0.9357142448425293,0
chain_10,medium,medium,p1_c80,202,,,0,0,55,92,8,0,28,18,0,0.9890296459197998,0
chain_10,medium,medium,p1_mp2,42,6,6,4,2,187,334,14,63,95,67,0,0.8336784839630127,0
chain_10,medium,medium,p1_c100,101,5,6,1,5,166,297,13,47,62,83,0,1.0108287334442139,0
chain_10,medium,medium,p1_c120,202,,,0,0,55,92,8,0,28,18,0,0.9609122276306152,0
chain_10,medium,medium,p1_mp3,42,6,6,4,2,189,336,14,63,95,67,0,0.9315857887268066,0
chain_10,medium,medium,p1_mp2,101,5,6,1,5,166,297,13,47,62,83,0,0.9739902019500732,0
chain_10,medium,medium,p1_mp2,202,,,0,0,55,92,8,0,28,18,0,0.9980406761169434,0
chain_10,medium,medium,p1_mp4,42,6,6,4,2,191,338,14,63,95,67,0,0.9006175994873047,0
chain_10,medium,medium,p1_mp3,202,,,0,0,55,92,8,0,28,18,0,0.999406099319458,0
chain_10,medium,medium,p1_probes_h1,101,5,6,1,5,177,321,10,54,62,93,1,0.8450565338134766,0
chain_10,medium,medium,p1_mp3,101,5,6,1,5,166,297,13,47,62,83,0,1.0318939685821533,0
chain_10,medium,medium,p1_mp4,202,,,0,0,55,92,8,0,28,18,0,0.959345817565918,0
chain_10,medium,medium,p1_mp4,101,5,6,1,5,166,297,13,47,62,83,0,1.0193636417388916,0
chain_10,medium,medium,p1_probes_h1,42,5,6,1,5,178,321,12,54,62,94,1,0.9971590042114258,0
chain_10,medium,medium,p1_probes_h1,202,,,0,0,55,92,8,0,28,18,0,0.9924032688140869,0
chain_10,medium,medium,p1_probes_h2,42,5,6,1,5,184,330,14,54,62,99,2,1.0166897773742676,0
chain_10,medium,medium,p1_probes_h5,101,6,6,1,5,197,353,15,52,62,110,3,0.7533555030822754,0
chain_10,medium,medium,p1_probes_h2,101,6,6,1,5,189,338,15,52,62,103,2,1.0178358554840088,0
chain_10,medium,medium,p1_probes_h3,101,6,6,1,5,197,353,15,52,62,110,3,0.9156486988067627,0
chain_10,medium,medium,p1_probes_h2,202,,,0,0,55,92,8,0,28,18,0,0.9679322242736816,0
chain_10,medium,medium,p1_probes_h3,42,5,6,1,5,192,345,14,54,62,106,3,0.9371192455291748,0
chain_10,medium,medium,p1_probes_h5,202,,,0,0,55,92,8,0,28,18,0,0.8813812732696533,0
chain_10,medium,medium,p1_probes_h3,202,,,0,0,55,92,8,0,28,18,0,0.982064962387085,0
chain_10,medium,medium,p1_probes_h5,42,5,6,1,5,192,345,14,54,62,106,3,0.9735641479492188,0
chain_10,medium,medium,p1_auto,101,5,6,1,5,166,297,13,47,62,83,0,0.8955516815185547,0
chain_10,medium,sparse,p1_default,101,0,6,6,0,96,176,4,0,67,18,0,0.8589680194854736,0
chain_10,medium,medium,p1_auto,42,6,6,1,5,185,335,12,63,56,107,0,0.9710981845855713,0
chain_10,medium,medium,p1_auto,202,,,0,0,55,92,8,0,28,18,0,0.9534587860107422,0
chain_10,medium,sparse,baseline,202,,,0,0,37,64,4,0,14,18,0,0.94594407081604,0
chain_10,medium,sparse,baseline,42,6,6,1,5,164,303,6,63,39,107,0,0.9933919906616211,0
chain_10,medium,sparse,baseline,101,0,6,6,0,96,176,4,0,67,18,0,0.9759347438812256,0
chain_10,medium,sparse,p1_default,42,6,6,1,5,164,303,6,63,39,107,0,1.0108642578125,0
chain_10,medium,sparse,p1_default,202,,,0,0,37,64,4,0,14,18,0,0.9364864826202393,0
chain_10,medium,sparse,p1_penalty_off,42,6,6,1,5,164,303,6,63,39,107,0,0.9493918418884277,0
chain_10,medium,sparse,p1_penalty_off,101,0,6,6,0,96,176,4,0,67,18,0,0.9829399585723877,0
chain_10,medium,sparse,p1_penalty_off,202,,,0,0,37,64,4,0,14,18,0,0.9084062576293945,0
chain_10,medium,sparse,p1_etl_60,101,0,6,6,0,96,176,4,0,67,18,0,0.9128367900848389,0
chain_10,medium,sparse,p1_etl_60,202,,,0,0,37,64,4,0,14,18,0,0.9384915828704834,0
chain_10,medium,sparse,p1_etl_60,42,6,6,1,5,164,303,6,63,39,107,0,0.9911160469055176,0
chain_10,medium,sparse,p1_etl_300,101,0,6,6,0,96,176,4,0,67,18,0,0.9216208457946777,0
chain_10,medium,sparse,p1_etl_300,42,6,6,1,5,164,303,6,63,39,107,0,0.9557278156280518,0
chain_10,medium,sparse,p1_etl_300,202,,,0,0,37,64,4,0,14,18,0,0.9195835590362549,0
chain_10,medium,sparse,p1_etl_1800,42,6,6,1,5,164,303,6,63,39,107,0,0.9947023391723633,0
chain_10,medium,sparse,p1_etl_1800,202,,,0,0,37,64,4,0,14,18,0,0.8996255397796631,0
chain_10,medium,sparse,p1_etl_1800,101,0,6,6,0,96,176,4,0,67,18,0,0.9734876155853271,0
chain_10,medium,sparse,p1_etl_7200,202,,,0,0,37,64,4,0,14,18,0,0.833031177520752,0
chain_10,medium,sparse,p1_etl_86400,42,6,6,1,5,164,303,6,63,39,107,0,0.8907084465026855,0
chain_10,medium,sparse,p1_etl_7200,42,6,6,1,5,164,303,6,63,39,107,0,0.9746518135070801,0
chain_10,medium,sparse,p1_etl_86400,202,,,0,0,37,64,4,0,14,18,0,0.901482105255127,0
chain_10,medium,sparse,p1_etl_86400,101,0,6,6,0,96,176,4,0,67,18,0,0.9477081298828125,0
chain_10,medium,sparse,p1_etl_7200,101,0,6,6,0,96,176,4,0,67,18,0,1.0143389701843262,0
chain_10,medium,sparse,p1_c80,202,,,0,0,37,64,4,0,14,18,0,0.8354787826538086,0
chain_10,medium,sparse,p1_c40,101,0,6,6,0,96,176,4,0,67,18,0,0.9547119140625,0
chain_10,medium,sparse,p1_c40,42,0,6,0,6,83,150,4,0,23,49,0,0.9770021438598633,0
chain_10,medium,sparse,p1_c100,202,,,0,0,37,64,4,0,14,18,0,0.8287630081176758,0
chain_10,medium,sparse,p1_c40,202,,,0,0,37,64,4,0,14,18,0,0.972376823425293,0
chain_10,medium,sparse,p1_c80,42,0,6,0,6,83,150,4,0,23,49,0,0.9821920394897461,0
chain_10,medium,sparse,p1_c80,101,0,6,6,0,96,176,4,0,67,18,0,0.9612555503845215,0
chain_10,medium,sparse,p1_c100,101,0,6,6,0,96,176,4,0,67,18,0,0.9559988975524902,0
chain_10,medium,sparse,p1_c100,42,0,6,0,6,83,150,4,0,23,49,0,0.9865822792053223,0
chain_10,medium,sparse,p1_c120,101,0,6,6,0,96,176,4,0,67,18,0,0.93141770362854,0
chain_10,medium,sparse,p1_c120,42,6,6,1,5,164,303,6,63,39,107,0,0.999852180480957,0
chain_10,medium,sparse,p1_mp2,202,,,0,0,37,64,4,0,14,18,0,0.8363752365112305,0
chain_10,medium,sparse,p1_c120,202,,,0,0,37,64,4,0,14,18,0,0.9655179977416992,0
chain_10,medium,sparse,p1_mp2,42,6,6,4,2,181,333,6,78,84,75,0,1.004188060760498,0
chain_10,medium,sparse,p1_mp2,101,0,6,6,0,96,176,4,0,67,18,0,1.0014421939849854,0
chain_10,medium,sparse,p1_mp3,42,5,6,3,3,176,320,6,72,71,80,0,0.9957504272460938,0
chain_10,medium,sparse,p1_mp3,202,,,0,0,37,64,4,0,14,18,0,0.9512479305267334,0
chain_10,medium,sparse,p1_mp4,101,0,6,6,0,96,176,4,0,67,18,0,0.8433725833892822,0
chain_10,medium,sparse,p1_mp3,101,0,6,6,0,96,176,4,0,67,18,0,1.0005733966827393,0
chain_10,medium,sparse,p1_mp4,42,6,6,3,3,191,346,6,81,71,91,0,0.9685146808624268,0
chain_10,medium,sparse,p1_probes_h1,42,6,6,1,5,168,312,4,63,39,110,1,0.8589012622833252,0
chain_10,medium,sparse,p1_mp4,202,,,0,0,37,64,4,0,14,18,0,0.9776473045349121,0
chain_10,medium,sparse,p1_probes_h1,101,0,6,6,0,100,183,4,0,67,21,1,0.9850006103515625,0
chain_10,medium,sparse,p1_probes_h1,202,,,0,0,37,64,4,0,14,18,0,0.962083101272583,0
chain_10,medium,sparse,p1_probes_h2,42,6,6,1,5,174,321,6,63,39,115,2,1.0000765323638916,0
chain_10,medium,sparse,p1_probes_h5,202,,,0,0,37,64,4,0,14,18,0,0.8236572742462158,0
chain_10,medium,sparse,p1_probes_h3,101,0,6,6,0,114,209,4,0,67,33,3,0.9312951564788818,0
chain_10,medium,sparse,p1_probes_h2,202,,,0,0,37,64,4,0,14,18,0,0.9695699214935303,0
chain_10,medium,sparse,p1_probes_h2,101,0,6,6,0,106,194,4,0,67,26,2,0.9894955158233643,0
chain_10,medium,sparse,p1_probes_h3,42,6,6,1,5,182,336,6,63,39,122,3,0.961421012878418,0
chain_10,medium,sparse,p1_probes_h5,42,6,6,1,5,182,336,6,63,39,122,3,0.9798622131347656,0
chain_10,medium,sparse,p1_probes_h3,202,,,0,0,37,64,4,0,14,18,0,0.99540114402771,0
chain_10,medium,sparse,p1_auto,101,0,6,6,0,96,176,4,0,67,18,0,0.9438538551330566,0
chain_10,medium,sparse,p1_probes_h5,101,0,6,6,0,114,209,4,0,67,33,3,0.976248025894165,0
chain_10,heavy,medium,baseline,101,9,12,7,5,236,418,22,80,99,106,0,0.8108024597167969,0
chain_10,medium,sparse,p1_auto,202,,,0,0,37,64,4,0,14,18,0,0.9608678817749023,0
chain_10,medium,sparse,p1_auto,42,6,6,1,5,164,303,6,63,39,107,0,1.0136280059814453,0
chain_10,heavy,medium,baseline,42,6,12,8,4,189,323,26,46,125,36,0,0.956200361251831,0
chain_10,heavy,medium,baseline,202,,,0,0,55,92,8,0,28,18,0,0.9102628231048584,0
chain_10,heavy,medium,p1_default,42,6,12,8,4,189,323,26,46,125,36,0,0.9897043704986572,0
chain_10,heavy,medium,p1_default,101,9,12,7,5,236,418,22,80,99,106,0,0.9881236553192139,0
chain_10,heavy,medium,p1_default,202,,,0,0,55,92,8,0,28,18,0,0.9675230979919434,0
chain_10,heavy,medium,p1_etl_60,202,,,0,0,55,92,8,0,28,18,0,0.7966182231903076,0
chain_10,heavy,medium,p1_etl_60,101,9,12,7,5,236,418,22,80,99,106,0,0.8630061149597168,0
chain_10,heavy,medium,p1_penalty_off,42,6,12,8,4,189,323,26,46,125,36,0,1.0077383518218994,0
chain_10,heavy,medium,p1_penalty_off,101,9,12,7,5,236,418,22,80,99,106,0,0.9623894691467285,0
chain_10,heavy,medium,p1_penalty_off,202,,,0,0,55,92,8,0,28,18,0,0.966008186340332,0
chain_10,heavy,medium,p1_etl_60,42,6,12,8,4,189,323,26,46,125,36,0,1.0090107917785645,0
chain_10,heavy,medium,p1_etl_300,42,6,12,8,4,189,323,26,46,125,36,0,0.9750897884368896,0
chain_10,heavy,medium,p1_etl_7200,202,,,0,0,55,92,8,0,28,18,0,0.7818832397460938,0
chain_10,heavy,medium,p1_etl_300,101,9,12,7,5,236,418,22,80,99,106,0,1.0168423652648926,0
chain_10,heavy,medium,p1_etl_300,202,,,0,0,55,92,8,0,28,18,0,0.9680757522583008,0
chain_10,heavy,medium,p1_etl_1800,42,6,12,8,4,189,323,26,46,125,36,0,0.973961353302002,0
chain_10,heavy,medium,p1_etl_86400,42,6,12,8,4,189,323,26,46,125,36,0,0.8685743808746338,0
chain_10,heavy,medium,p1_etl_1800,202,,,0,0,55,92,8,0,28,18,0,0.922370195388794,0
chain_10,heavy,medium,p1_etl_7200,101,9,12,7,5,236,418,22,80,99,106,0,0.9202530384063721,0
chain_10,heavy,medium,p1_etl_1800,101,9,12,7,5,236,418,22,80,99,106,0,0.9903147220611572,0
chain_10,heavy,medium,p1_etl_7200,42,6,12,8,4,189,323,26,46,125,36,0,0.988783597946167,0
chain_10,heavy,medium,p1_c40,42,0,12,0,12,135,236,12,0,40,74,0,0.8901097774505615,0
chain_10,heavy,medium,p1_c40,202,,,0,0,55,92,8,0,28,18,0,0.8847401142120361,0
chain_10,heavy,medium,p1_etl_86400,202,,,0,0,55,92,8,0,28,18,0,0.9564058780670166,0
chain_10,heavy,medium,p1_etl_86400,101,9,12,7,5,236,418,22,80,99,106,0,0.9937293529510498,0
chain_10,heavy,medium,p1_c40,101,9,12,7,5,236,418,22,80,99,106,0,0.9866957664489746,0
chain_10,heavy,medium,p1_c80,42,0,12,0,12,135,236,12,0,40,74,0,0.9982249736785889,0
chain_10,heavy,medium,p1_c80,202,,,0,0,55,92,8,0,28,18,0,0.9881491661071777,0
chain_10,heavy,medium,p1_c100,42,0,12,0,12,135,236,12,0,40,74,0,0.912337064743042,0
chain_10,heavy,medium,p1_c80,101,9,12,7,5,236,418,22,80,99,106,0,1.0088682174682617,0
chain_10,heavy,medium,p1_c120,42,6,12,8,4,189,323,26,46,125,36,0,0.8352630138397217,0
chain_10,heavy,medium,p1_c100,101,9,12,7,5,236,418,22,80,99,106,0,0.9277901649475098,0
chain_10,heavy,medium,p1_c120,202,,,0,0,55,92,8,0,28,18,0,0.8281042575836182,0
chain_10,heavy,medium,p1_c100,202,,,0,0,55,92,8,0,28,18,0,0.9498953819274902,0
chain_10,heavy,medium,p1_c120,101,9,12,7,5,236,418,22,80,99,106,0,0.9670813083648682,0
chain_10,heavy,medium,p1_mp2,42,7,12,8,4,220,379,26,66,119,67,0,0.9588809013366699,0
chain_10,heavy,medium,p1_mp2,202,,,0,0,55,92,8,0,28,18,0,0.9316108226776123,0
chain_10,heavy,medium,p1_mp2,101,9,12,7,5,236,418,22,80,99,106,0,1.0270521640777588,0
chain_10,heavy,medium,p1_mp3,42,7,12,8,4,215,361,31,52,130,48,0,0.9938962459564209,0
chain_10,heavy,medium,p1_mp3,101,9,12,7,5,236,418,22,80,99,106,0,0.9713764190673828,0
chain_10,heavy,medium,p1_mp3,202,,,0,0,55,92,8,0,28,18,0,0.9244394302368164,0
chain_10,heavy,medium,p1_mp4,202,,,0,0,55,92,8,0,28,18,0,0.930840015411377,0
chain_10,heavy,medium,p1_mp4,42,7,12,8,4,219,367,29,52,130,48,0,0.9809870719909668,0
chain_10,heavy,medium,p1_probes_h1,42,11,12,3,9,272,489,20,100,80,158,1,0.9451107978820801,0
chain_10,heavy,medium,p1_probes_h1,202,,,0,0,55,92,8,0,28,18,0,0.9223411083221436,0
chain_10,heavy,medium,p1_mp4,101,9,12,7,5,236,418,22,80,99,106,0,1.018754243850708,0
chain_10,heavy,medium,p1_probes_h1,101,9,12,5,7,244,436,19,83,137,75,1,1.0377440452575684,0
chain_10,heavy,medium,p1_probes_h2,101,9,12,5,7,250,447,19,83,137,80,2,0.9683585166931152,0
chain_10,heavy,medium,p1_probes_h2,42,11,12,3,9,278,500,20,100,80,163,2,0.9940760135650635,0
chain_10,heavy,medium,p1_probes_h2,202,,,0,0,55,92,8,0,28,18,0,0.9630811214447021,0
chain_10,heavy,medium,p1_probes_h5,42,11,12,3,9,286,515,20,100,80,170,3,0.8946788311004639,0
chain_10,heavy,medium,p1_probes_h3,42,11,12,3,9,286,515,20,100,80,170,3,0.981640100479126,0
chain_10,heavy,medium,p1_probes_h5,101,9,12,5,7,258,462,19,83,137,87,3,0.8756415843963623,0
chain_10,heavy,medium,p1_probes_h3,202,,,0,0,55,92,8,0,28,18,0,0.9666564464569092,0
chain_10,heavy,medium,p1_probes_h3,101,9,12,5,7,258,462,19,83,137,87,3,1.0060033798217773,0
chain_10,heavy,medium,p1_auto,101,9,12,7,5,236,418,22,80,99,106,0,0.9337565898895264,0
chain_10,heavy,medium,p1_probes_h5,202,,,0,0,55,92,8,0,28,18,0,0.9650173187255859,0
chain_10,heavy,sparse,baseline,42,10,12,2,10,229,415,14,85,110,91,0,0.8270399570465088,0
chain_10,heavy,medium,p1_auto,42,6,12,8,4,189,323,26,46,125,36,0,1.009206771850586,0
chain_10,heavy,sparse,p1_default,42,10,12,2,10,229,415,14,85,110,91,0,0.843583345413208,0
chain_10,heavy,medium,p1_auto,202,,,0,0,55,92,8,0,28,18,0,0.989173173904419,0
chain_10,heavy,sparse,baseline,101,0,12,12,0,147,270,6,0,112,18,0,0.9758353233337402,0
chain_10,heavy,sparse,baseline,202,,,0,0,37,64,4,0,14,18,0,0.9746847152709961,0
chain_10,heavy,sparse,p1_default,101,0,12,12,0,147,270,6,0,112,18,0,0.924832820892334,0
chain_10,heavy,sparse,p1_default,202,,,0,0,37,64,4,0,14,18,0,0.9860391616821289,0
chain_10,heavy,sparse,p1_penalty_off,202,,,0,0,37,64,4,0,14,18,0,0.9096190929412842,0
chain_10,heavy,sparse,p1_penalty_off,42,10,12,2,10,229,415,14,85,110,91,0,0.979407787322998,0
chain_10,heavy,sparse,p1_etl_300,202,,,0,0,37,64,4,0,14,18,0,0.7646856307983398,0
chain_10,heavy,sparse,p1_penalty_off,101,0,12,12,0,147,270,6,0,112,18,0,0.9619402885437012,0
chain_10,heavy,sparse,p1_etl_60,42,10,12,2,10,229,415,14,85,110,91,0,0.9680354595184326,0
chain_10,heavy,sparse,p1_etl_300,101,0,12,12,0,147,270,6,0,112,18,0,0.8794560432434082,0
chain_10,heavy,sparse,p1_etl_60,101,0,12,12,0,147,270,6,0,112,18,0,0.959796667098999,0
chain_10,heavy,sparse,p1_etl_300,42,10,12,2,10,229,415,14,85,110,91,0,0.9428658485412598,0
chain_10,heavy,sparse,p1_etl_60,202,,,0,0,37,64,4,0,14,18,0,0.9611105918884277,0
chain_10,heavy,sparse,p1_etl_7200,42,10,12,2,10,229,415,14,85,110,91,0,0.8848972320556641,0
chain_10,heavy,sparse,p1_etl_7200,202,,,0,0,37,64,4,0,14,18,0,0.8471338748931885,0
chain_10,heavy,sparse,p1_etl_7200,101,0,12,12,0,147,270,6,0,112,18,0,0.922595739364624,0
chain_10,heavy,sparse,p1_etl_1800,202,,,0,0,37,64,4,0,14,18,0,0.9822297096252441,0
chain_10,heavy,sparse,p1_etl_1800,42,10,12,2,10,229,415,14,85,110,91,0,1.0180604457855225,0
chain_10,heavy,sparse,p1_etl_1800,101,0,12,12,0,147,270,6,0,112,18,0,1.014655351638794,0
chain_10,heavy,sparse,p1_etl_86400,42,10,12,2,10,229,415,14,85,110,91,0,0.9376027584075928,0
chain_10,heavy,sparse,p1_etl_86400,202,,,0,0,37,64,4,0,14,18,0,0.962395191192627,0
chain_10,heavy,sparse,p1_etl_86400,101,0,12,12,0,147,270,6,0,112,18,0,0.9918456077575684,0
chain_10,heavy,sparse,p1_c40,101,0,12,12,0,147,270,6,0,112,18,0,0.9170420169830322,0
chain_10,heavy,sparse,p1_c40,42,0,12,0,12,114,204,6,0,23,74,0,0.9417154788970947,0
chain_10,heavy,sparse,p1_c80,42,0,12,0,12,114,204,6,0,23,74,0,0.9686422348022461,0
chain_10,heavy,sparse,p1_c40,202,,,0,0,37,64,4,0,14,18,0,0.9845504760742188,0
chain_10,heavy,sparse,p1_c80,202,,,0,0,37,64,4,0,14,18,0,0.9546639919281006,0
chain_10,heavy,sparse,p1_c80,101,0,12,12,0,147,270,6,0,112,18,0,1.0193729400634766,0
chain_10,heavy,sparse,p1_c100,42,0,12,0,12,114,204,6,0,23,74,0,0.9823498725891113,0
chain_10,heavy,sparse,p1_c100,101,0,12,12,0,147,270,6,0,112,18,0,0.997173547744751,0
chain_10,heavy,sparse,p1_c100,202,,,0,0,37,64,4,0,14,18,0,0.944293737411499,0
chain_10,heavy,sparse,p1_c120,42,10,12,2,10,229,415,14,85,110,91,0,0.9931154251098633,0
chain_10,heavy,sparse,p1_c120,202,,,0,0,37,64,4,0,14,18,0,0.9520285129547119,0
chain_10,heavy,sparse,p1_c120,101,0,12,12,0,147,270,6,0,112,18,0,0.9880623817443848,0
chain_10,heavy,sparse,p1_mp2,42,9,12,2,10,228,403,15,77,103,88,0,0.9826302528381348,0
chain_10,heavy,sparse,p1_mp2,101,0,12,12,0,147,270,6,0,112,18,0,0.9733138084411621,0
chain_10,heavy,sparse,p1_mp4,101,0,12,12,0,147,270,6,0,112,18,0,0.7526490688323975,0
chain_10,heavy,sparse,p1_mp4,42,9,12,2,10,249,421,19,72,98,94,0,0.8507306575775146,0
chain_10,heavy,sparse,p1_mp3,42,9,12,2,10,243,423,15,77,103,93,0,0.9127230644226074,0
chain_10,heavy,sparse,p1_mp2,202,,,0,0,37,64,4,0,14,18,0,0.9611916542053223,0
chain_10,heavy,sparse,p1_mp3,101,0,12,12,0,147,270,6,0,112,18,0,0.9529092311859131,0
chain_10,heavy,sparse,p1_mp3,202,,,0,0,37,64,4,0,14,18,0,0.954340934753418,0
chain_10,heavy,sparse,p1_mp4,202,,,0,0,37,64,4,0,14,18,0,0.9029414653778076,0
chain_10,heavy,sparse,p1_probes_h2,202,,,0,0,37,64,4,0,14,18,0,0.809269905090332,0
chain_10,heavy,sparse,p1_probes_h1,202,,,0,0,37,64,4,0,14,18,0,0.877377986907959,0
chain_10,heavy,sparse,p1_probes_h1,101,0,12,12,0,151,277,6,0,112,21,1,0.9616425037384033,0
chain_10,heavy,sparse,p1_probes_h2,42,10,12,2,10,253,465,10,99,44,179,2,0.9434528350830078,0
chain_10,heavy,sparse,p1_probes_h1,42,10,12,2,10,247,454,10,99,44,174,1,0.9986414909362793,0
chain_10,heavy,sparse,p1_probes_h3,202,,,0,0,37,64,4,0,14,18,0,0.8854563236236572,0
chain_10,heavy,sparse,p1_probes_h2,101,0,12,12,0,157,288,6,0,112,26,2,1.0262494087219238,0
chain_10,heavy,sparse,p1_probes_h3,42,10,12,2,10,261,480,10,99,44,186,3,0.964801549911499,0
chain_10,heavy,sparse,p1_probes_h3,101,0,12,12,0,165,303,6,0,112,33,3,0.9839539527893066,0
chain_10,heavy,sparse,p1_probes_h5,42,10,12,2,10,261,480,10,99,44,186,3,1.009671688079834,0
chain_10,heavy,sparse,p1_probes_h5,101,0,12,12,0,165,303,6,0,112,33,3,1.0292870998382568,0
chain_10,heavy,sparse,p1_probes_h5,202,,,0,0,37,64,4,0,14,18,0,0.9998180866241455,0
chain_10,heavy,sparse,p1_auto,42,10,12,2,10,229,415,14,85,110,91,0,0.9398193359375,0
chain_10,heavy,sparse,p1_auto,101,0,12,12,0,147,270,6,0,112,18,0,0.9892215728759766,0
chain_10,heavy,sparse,p1_auto,202,,,0,0,37,64,4,0,14,18,0,1.0222911834716797,0
chain_15,light,medium,p1_etl_60,202,1,1,1,0,142,263,8,28,88,42,0,1.020421028137207,0
chain_15,light,medium,p1_penalty_off,101,1,1,1,0,171,325,4,28,116,43,0,1.228092908859253,0
chain_15,light,medium,baseline,42,1,1,1,0,147,273,8,28,91,44,0,1.500981092453003,0
chain_15,light,medium,baseline,202,1,1,1,0,142,263,8,28,88,42,0,1.3995602130889893,0
chain_15,light,medium,p1_etl_300,101,1,1,1,0,171,325,4,28,116,43,0,1.1528782844543457,0
chain_15,light,medium,p1_default,202,1,1,1,0,142,263,8,28,88,42,0,1.3853676319122314,0
chain_15,light,medium,baseline,101,1,1,1,0,171,325,4,28,116,43,0,1.5059177875518799,0
chain_15,light,medium,p1_default,101,1,1,1,0,171,325,4,28,116,43,0,1.4298250675201416,0
chain_15,light,medium,p1_penalty_off,42,1,1,1,0,147,273,8,28,91,44,0,1.4562444686889648,0
chain_15,light,medium,p1_penalty_off,202,1,1,1,0,142,263,8,28,88,42,0,1.4299290180206299,0
chain_15,light,medium,p1_etl_60,101,1,1,1,0,171,325,4,28,116,43,0,1.3474562168121338,0
chain_15,light,medium,p1_default,42,1,1,1,0,147,273,8,28,91,44,0,1.5284531116485596,0
chain_15,light,medium,p1_etl_60,42,1,1,1,0,147,273,8,28,91,44,0,1.5297176837921143,0
chain_15,light,medium,p1_etl_300,42,1,1,1,0,147,273,8,28,91,44,0,1.4215362071990967,0
chain_15,light,medium,p1_etl_300,202,1,1,1,0,142,263,8,28,88,42,0,1.3697032928466797,0
chain_15,light,medium,p1_etl_1800,42,1,1,1,0,147,273,8,28,91,44,0,1.3323194980621338,0
chain_15,light,medium,p1_etl_1800,101,1,1,1,0,171,325,4,28,116,43,0,1.361112117767334,0
chain_15,light,medium,p1_etl_1800,202,1,1,1,0,142,263,8,28,88,42,0,1.3395054340362549,0
chain_15,light,medium,p1_etl_7200,202,1,1,1,0,142,263,8,28,88,42,0,1.3819935321807861,0
chain_15,light,medium,p1_etl_7200,42,1,1,1,0,147,273,8,28,91,44,0,1.4886040687561035,0
chain_15,light,medium,p1_etl_7200,101,1,1,1,0,171,325,4,28,116,43,0,1.4421465396881104,0
chain_15,light,medium,p1_etl_86400,42,1,1,1,0,147,273,8,28,91,44,0,1.4666869640350342,0
chain_15,light,medium,p1_etl_86400,101,1,1,1,0,171,325,4,28,116,43,0,1.4414734840393066,0
chain_15,light,medium,p1_c40,42,0,1,0,1,111,203,8,0,65,36,0,1.3979647159576416,0
chain_15,light,medium,p1_etl_86400,202,1,1,1,0,142,263,8,28,88,42,0,1.4738030433654785,0
chain_15,light,medium,p1_c40,101,1,1,1,0,171,325,4,28,116,43,0,1.463015079498291,0
chain_15,light,medium,p1_c40,202,1,1,1,0,142,263,8,28,88,42,0,1.4703736305236816,0
chain_15,light,medium,p1_c80,42,0,1,0,1,111,203,8,0,65,36,0,1.48000168800354,0
chain_15,light,medium,p1_c80,101,1,1,1,0,171,325,4,28,116,43,0,1.395179271697998,0
chain_15,light,medium,p1_c80,202,1,1,1,0,142,263,8,28,88,42,0,1.3642973899841309,0
chain_15,light,medium,p1_c100,101,1,1,1,0,171,325,4,28,116,43,0,1.3352243900299072,0
chain_15,light,medium,p1_c120,42,1,1,1,0,147,273,8,28,91,44,0,1.332176685333252,0
chain_15,light,medium,p1_mp2,101,1,1,1,0,171,325,4,28,116,43,0,1.2583985328674316,0
chain_15,light,medium,p1_mp4,42,1,1,1,0,147,273,8,28,91,44,0,1.1218600273132324,0
chain_15,light,medium,p1_c100,42,0,1,0,1,111,203,8,0,65,36,0,1.440993070602417,0
chain_15,light,medium,p1_mp2,202,1,1,1,0,142,263,8,28,88,42,0,1.2995641231536865,0
chain_15,light,medium,p1_c120,202,1,1,1,0,142,263,8,28,88,42,0,1.3595926761627197,0
chain_15,light,medium,p1_c100,202,1,1,1,0,142,263,8,28,88,42,0,1.4240138530731201,0
chain_15,light,medium,p1_mp2,42,1,1,1,0,147,273,8,28,91,44,0,1.3748772144317627,0
chain_15,light,medium,p1_c120,101,1,1,1,0,171,325,4,28,116,43,0,1.4387223720550537,0
chain_15,light,medium,p1_mp3,42,1,1,1,0,147,273,8,28,91,44,0,1.4636788368225098,0
chain_15,light,medium,p1_probes_h2,42,1,1,1,0,194,363,10,28,128,52,2,1.1448805332183838,0
chain_15,light,medium,p1_mp3,202,1,1,1,0,142,263,8,28,88,42,0,1.4297747611999512,0
chain_15,light,medium,p1_mp4,101,1,1,1,0,171,325,4,28,116,43,0,1.3969135284423828,0
chain_15,light,medium,p1_mp3,101,1,1,1,0,171,325,4,28,116,43,0,1.4762470722198486,0
chain_15,light,medium,p1_mp4,202,1,1,1,0,142,263,8,28,88,42,0,1.4071860313415527,0
chain_15,light,medium,p1_probes_h1,42,1,1,1,0,190,360,6,28,130,47,1,1.477649211883545,0
chain_15,light,medium,p1_probes_h2,101,1,1,1,0,159,291,12,20,102,43,2,1.270139455795288,0
chain_15,light,medium,p1_probes_h1,101,1,1,1,0,149,272,12,16,102,34,1,1.4509241580963135,0
chain_15,light,medium,p1_probes_h1,202,1,1,1,0,169,312,12,23,116,40,1,1.4117233753204346,0
chain_15,light,medium,p1_probes_h2,202,1,1,1,0,175,323,12,23,116,45,2,1.4773004055023193,0
chain_15,light,medium,p1_probes_h5,42,1,1,1,0,202,378,10,28,128,59,3,1.3413643836975098,0
chain_15,light,medium,p1_probes_h3,42,1,1,1,0,202,378,10,28,128,59,3,1.5041208267211914,0
chain_15,light,medium,p1_probes_h3,202,1,1,1,0,183,338,12,23,116,52,3,1.4533672332763672,0
chain_15,light,medium,p1_probes_h3,101,1,1,1,0,167,306,12,20,102,50,3,1.494699478149414,0
chain_15,light,medium,p1_probes_h5,101,1,1,1,0,167,306,12,20,102,50,3,1.5003232955932617,0
chain_15,light,medium,p1_probes_h5,202,1,1,1,0,183,338,12,23,116,52,3,1.4037086963653564,0
chain_15,light,sparse,baseline,42,1,1,1,0,130,251,0,28,78,44,0,1.2511169910430908,0
chain_15,light,medium,p1_auto,42,1,1,1,0,147,273,8,28,91,44,0,1.4285080432891846,0
chain_15,light,medium,p1_auto,202,1,1,1,0,142,263,8,28,88,42,0,1.3444035053253174,0
chain_15,light,sparse,p1_default,101,1,1,1,0,108,199,8,16,69,31,0,1.3336398601531982,0
chain_15,light,medium,p1_auto,101,1,1,1,0,171,325,4,28,116,43,0,1.452010154724121,0
chain_15,light,sparse,p1_default,202,1,1,1,0,108,201,6,22,64,36,0,1.3406782150268555,0
chain_15,light,sparse,baseline,202,1,1,1,0,108,201,6,22,64,36,0,1.4167006015777588,0
chain_15,light,sparse,p1_etl_300,101,1,1,1,0,108,199,8,16,69,31,0,1.122788429260254,0
chain_15,light,sparse,p1_default,42,1,1,1,0,130,251,0,28,78,44,0,1.4437940120697021,0
chain_15,light,sparse,baseline,101,1,1,1,0,108,199,8,16,69,31,0,1.5054199695587158,0
chain_15,light,sparse,p1_etl_60,101,1,1,1,0,108,199,8,16,69,31,0,1.2710022926330566,0
chain_15,light,sparse,p1_penalty_off,101,1,1,1,0,108,199,8,16,69,31,0,1.430638313293457,0
chain_15,light,sparse,p1_penalty_off,42,1,1,1,0,130,251,0,28,78,44,0,1.5097346305847168,0
chain_15,light,sparse,p1_etl_60,202,1,1,1,0,108,201,6,22,64,36,0,1.3362758159637451,0
chain_15,light,sparse,p1_penalty_off,202,1,1,1,0,108,201,6,22,64,36,0,1.4202773571014404,0
chain_15,light,sparse,p1_etl_60,42,1,1,1,0,130,251,0,28,78,44,0,1.4098718166351318,0
chain_15,light,sparse,p1_etl_1800,42,1,1,1,0,130,251,0,28,78,44,0,1.2528481483459473,0
chain_15,light,sparse,p1_etl_300,42,1,1,1,0,130,251,0,28,78,44,0,1.4539916515350342,0
chain_15,light,sparse,p1_etl_300,202,1,1,1,0,108,201,6,22,64,36,0,1.4031376838684082,0
chain_15,light,sparse,p1_etl_1800,202,1,1,1,0,108,201,6,22,64,36,0,1.3981852531433105,0
chain_15,light,sparse,p1_etl_1800,101,1,1,1,0,108,199,8,16,69,31,0,1.4889953136444092,0
chain_15,light,sparse,p1_etl_7200,202,1,1,1,0,108,201,6,22,64,36,0,1.3221921920776367,0
chain_15,light,sparse,p1_etl_7200,42,1,1,1,0,130,251,0,28,78,44,0,1.4202144145965576,0
chain_15,light,sparse,p1_etl_86400,42,1,1,1,0,130,251,0,28,78,44,0,1.3706517219543457,0
chain_15,light,sparse,p1_etl_7200,101,1,1,1,0,108,199,8,16,69,31,0,1.4538235664367676,0
chain_15,light,sparse,p1_etl_86400,101,1,1,1,0,108,199,8,16,69,31,0,1.443692684173584,0
chain_15,light,sparse,p1_etl_86400,202,1,1,1,0,108,201,6,22,64,36,0,1.3766963481903076,0
chain_15,light,sparse,p1_c80,202,1,1,1,0,108,201,6,22,64,36,0,1.1743803024291992,0
chain_15,light,sparse,p1_c40,42,0,1,0,1,94,181,0,0,52,36,0,1.4471797943115234,0
chain_15,light,sparse,p1_c100,101,1,1,1,0,108,199,8,16,69,31,0,1.2509369850158691,0
chain_15,light,sparse,p1_c40,101,1,1,1,0,108,199,8,16,69,31,0,1.4642055034637451,0
chain_15,light,sparse,p1_c40,202,1,1,1,0,108,201,6,22,64,36,0,1.4259138107299805,0
chain_15,light,sparse,p1_c80,101,1,1,1,0,108,199,8,16,69,31,0,1.3595242500305176,0
chain_15,light,sparse,p1_c80,42,0,1,0,1,94,181,0,0,52,36,0,1.4538676738739014,0
chain_15,light,sparse,p1_c100,202,1,1,1,0,108,201,6,22,64,36,0,1.3846397399902344,0
chain_15,light,sparse,p1_c100,42,0,1,0,1,94,181,0,0,52,36,0,1.45339035987854,0
chain_15,light,sparse,p1_c120,101,1,1,1,0,108,199,8,16,69,31,0,1.4246318340301514,0
chain_15,light,sparse,p1_c120,42,1,1,1,0,130,251,0,28,78,44,0,1.4556961059570312,0
chain_15,light,sparse,p1_mp2,42,1,1,1,0,130,251,0,28,78,44,0,1.4214787483215332,0
chain_15,light,sparse,p1_mp2,202,1,1,1,0,108,201,6,22,64,36,0,1.3629717826843262,0
chain_15,light,sparse,p1_c120,202,1,1,1,0,108,201,6,22,64,36,0,1.4516031742095947,0
chain_15,light,sparse,p1_mp2,101,1,1,1,0,108,199,8,16,69,31,0,1.4187078475952148,0
chain_15,light,sparse,p1_mp4,202,1,1,1,0,108,201,6,22,64,36,0,1.1574742794036865,0
chain_15,light,sparse,p1_mp3,101,1,1,1,0,108,199,8,16,69,31,0,1.4227204322814941,0
chain_15,light,sparse,p1_mp3,202,1,1,1,0,108,201,6,22,64,36,0,1.4104340076446533,0
chain_15,light,sparse,p1_mp3,42,1,1,1,0,130,251,0,28,78,44,0,1.49688720703125,0
chain_15,light,sparse,p1_mp4,101,1,1,1,0,108,199,8,16,69,31,0,1.3424711227416992,0
chain_15,light,sparse,p1_mp4,42,1,1,1,0,130,251,0,28,78,44,0,1.4477615356445312,0
chain_15,light,sparse,p1_probes_h2,101,1,1,1,0,117,215,8,20,64,43,2,1.1520979404449463,0
chain_15,light,sparse,p1_probes_h1,42,1,1,1,0,134,258,0,28,78,47,1,1.465203046798706,0
chain_15,light,sparse,p1_probes_h2,202,1,1,1,0,118,219,6,22,64,44,2,1.214773416519165,0
chain_15,light,sparse,p1_probes_h1,101,1,1,1,0,107,196,8,16,64,34,1,1.4241855144500732,0
chain_15,light,sparse,p1_probes_h1,202,1,1,1,0,112,208,6,22,64,39,1,1.4294958114624023,0
chain_15,light,sparse,p1_probes_h2,42,1,1,1,0,140,269,0,28,78,52,2,1.4571664333343506,0
chain_15,light,sparse,p1_probes_h3,42,1,1,1,0,148,284,0,28,78,59,3,1.4385764598846436,0
chain_15,light,sparse,p1_probes_h3,202,1,1,1,0,126,234,6,22,64,51,3,1.2871019840240479,0
chain_15,light,sparse,p1_probes_h3,101,1,1,1,0,125,230,8,20,64,50,3,1.4055533409118652,0
chain_15,light,sparse,p1_probes_h5,202,1,1,1,0,126,234,6,22,64,51,3,1.2553832530975342,0
chain_15,light,sparse,p1_probes_h5,42,1,1,1,0,148,284,0,28,78,59,3,1.3586409091949463,0
chain_15,light,sparse,p1_auto,42,1,1,1,0,130,251,0,28,78,44,0,1.2991843223571777,0
chain_15,light,sparse,p1_probes_h5,101,1,1,1,0,125,230,8,20,64,50,3,1.5113706588745117,0
chain_15,light,sparse,p1_auto,101,1,1,1,0,108,199,8,16,69,31,0,1.4326386451721191,0
chain_15,medium,medium,baseline,42,5,6,2,4,245,452,16,68,144,80,0,1.4342167377471924,0
chain_15,light,sparse,p1_auto,202,1,1,1,0,108,201,6,22,64,36,0,1.458085298538208,0
chain_15,medium,medium,baseline,202,4,6,2,4,244,451,15,84,114,109,0,1.4328746795654297,0
chain_15,medium,medium,baseline,101,6,6,2,4,298,564,9,85,138,138,0,1.5111749172210693,0
chain_15,medium,medium,p1_penalty_off,42,5,6,2,4,245,452,16,68,144,80,0,1.4324722290039062,0
chain_15,medium,medium,p1_default,42,5,6,2,4,245,452,16,68,144,80,0,1.490767240524292,0
chain_15,medium,medium,p1_penalty_off,202,4,6,2,4,244,451,15,84,114,109,0,1.38962721824646,0
chain_15,medium,medium,p1_penalty_off,101,6,6,2,4,298,564,9,85,138,138,0,1.4281768798828125,0
chain_15,medium,medium,p1_default,202,4,6,2,4,244,451,15,84,114,109,0,1.5039618015289307,0
chain_15,medium,medium,p1_default,101,6,6,2,4,298,564,9,85,138,138,0,1.5145537853240967,0
chain_15,medium,medium,p1_etl_60,42,5,6,2,4,245,452,16,68,144,80,0,1.4667515754699707,0
chain_15,medium,medium,p1_etl_60,101,6,6,2,4,298,564,9,85,138,138,0,1.4560587406158447,0
chain_15,medium,medium,p1_etl_300,42,5,6,2,4,245,452,16,68,144,80,0,1.4227550029754639,0
chain_15,medium,medium,p1_etl_60,202,4,6,2,4,244,451,15,84,114,109,0,1.5007619857788086,0
chain_15,medium,medium,p1_etl_1800,101,6,6,2,4,298,564,9,85,138,138,0,1.3312203884124756,0
chain_15,medium,medium,p1_etl_300,101,6,6,2,4,298,564,9,85,138,138,0,1.4956846237182617,0
chain_15,medium,medium,p1_etl_300,202,4,6,2,4,244,451,15,84,114,109,0,1.480597972869873,0
chain_15,medium,medium,p1_etl_1800,42,5,6,2,4,245,452,16,68,144,80,0,1.4937963485717773,0
chain_15,medium,medium,p1_etl_7200,42,5,6,2,4,245,452,16,68,144,80,0,1.333970546722412,0
chain_15,medium,medium,p1_etl_1800,202,4,6,2,4,244,451,15,84,114,109,0,1.4718027114868164,0
chain_15,medium,medium,p1_etl_86400,42,5,6,2,4,245,452,16,68,144,80,0,1.295344352722168,0
chain_15,medium,medium,p1_etl_7200,101,6,6,2,4,298,564,9,85,138,138,0,1.4531221389770508,0
chain_15,medium,medium,p1_etl_86400,101,6,6,2,4,298,564,9,85,138,138,0,1.2954304218292236,0
chain_15,medium,medium,p1_etl_86400,202,4,6,2,4,244,451,15,84,114,109,0,1.3645973205566406,0
chain_15,medium,medium,p1_etl_7200,202,4,6,2,4,244,451,15,84,114,109,0,1.4687111377716064,0
chain_15,medium,medium,p1_c80,42,0,6,0,6,141,258,8,0,65,61,0,1.1812376976013184,0
chain_15,medium,medium,p1_c40,101,6,6,2,4,298,564,9,85,138,138,0,1.272810459136963,0
chain_15,medium,medium,p1_c40,42,0,6,0,6,141,258,8,0,65,61,0,1.4514625072479248,0
chain_15,medium,medium,p1_c120,202,4,6,2,4,244,451,15,84,114,109,0,1.054757833480835,0
chain_15,medium,medium,p1_c40,202,4,6,2,4,244,451,15,84,114,109,0,1.3468570709228516,0
chain_15,medium,medium,p1_c80,101,6,6,2,4,298,564,9,85,138,138,0,1.4578876495361328,0
chain_15,medium,medium,p1_c100,42,0,6,0,6,141,258,8,0,65,61,0,1.3335692882537842,0
chain_15,medium,medium,p1_c80,202,4,6,2,4,244,451,15,84,114,109,0,1.4187369346618652,0
chain_15,medium,medium,p1_c120,42,5,6,2,4,245,452,16,68,144,80,0,1.3559951782226562,0
chain_15,medium,medium,p1_c100,202,4,6,2,4,244,451,15,84,114,109,0,1.3861498832702637,0
chain_15,medium,medium,p1_c100,101,6,6,2,4,298,564,9,85,138,138,0,1.494917392730713,0
chain_15,medium,medium,p1_c120,101,6,6,2,4,298,564,9,85,138,138,0,1.4918415546417236,0
chain_15,medium,medium,p1_mp2,42,5,6,5,1,260,480,16,77,171,66,0,1.5009896755218506,0
chain_15,medium,medium,p1_mp2,101,6,6,2,4,298,564,9,85,138,138,0,1.436631441116333,0
chain_15,medium,medium,p1_mp2,202,4,6,2,4,244,451,15,84,114,109,0,1.4571235179901123,0
chain_15,medium,medium,p1_mp3,42,6,6,4,2,277,510,16,84,178,72,0,1.4472131729125977,0
chain_15,medium,medium,p1_mp3,101,6,6,2,4,298,564,9,85,138,138,0,1.4589242935180664,0
chain_15,medium,medium,p1_mp4,202,4,6,2,4,244,451,15,84,114,109,0,1.307718276977539,0
chain_15,medium,medium,p1_mp3,202,4,6,2,4,244,451,15,84,114,109,0,1.442845106124878,0
chain_15,medium,medium,p1_mp4,42,5,6,4,2,256,463,20,70,165,63,0,1.5098800659179688,0
chain_15,medium,medium,p1_mp4,101,6,6,2,4,298,564,9,85,138,138,0,1.4719860553741455,0
chain_15,medium,medium,p1_probes_h1,101,3,6,2,4,220,398,21,41,134,66,1,1.3680343627929688,0
chain_15,medium,medium,p1_probes_h1,42,5,6,2,4,310,582,14,91,156,131,1,1.5280170440673828,0
chain_15,medium,medium,p1_probes_h2,202,3,6,2,4,266,489,20,70,142,102,2,1.1691768169403076,0
chain_15,medium,medium,p1_probes_h1,202,4,6,2,4,247,451,21,55,160,66,1,1.3149406909942627,0
chain_15,medium,medium,p1_probes_h2,42,5,6,2,4,300,556,19,76,191,85,2,1.3041043281555176,0
chain_15,medium,medium,p1_probes_h2,101,5,6,3,3,275,501,24,77,154,97,2,1.371858835220337,0
chain_15,medium,medium,p1_probes_h3,42,5,6,2,4,308,571,19,76,191,92,3,1.3939745426177979,0
chain_15,medium,medium,p1_probes_h3,101,5,6,3,3,283,516,24,77,154,104,3,1.3772883415222168,0
chain_15,medium,medium,p1_probes_h3,202,3,6,2,4,274,504,20,70,142,109,3,1.4016904830932617,0
chain_15,medium,medium,p1_probes_h5,101,5,6,3,3,283,516,24,77,154,104,3,1.4222559928894043,0
chain_15,medium,medium,p1_probes_h5,202,3,6,2,4,274,504,20,70,142,109,3,1.456071376800537,0
chain_15,medium,medium,p1_probes_h5,42,5,6,2,4,308,571,19,76,191,92,3,1.532599925994873,0
chain_15,medium,medium,p1_auto,101,6,6,2,4,298,564,9,85,138,138,0,1.3841140270233154,0
chain_15,medium,medium,p1_auto,42,5,6,2,4,245,452,16,68,144,80,0,1.3940792083740234,0
chain_15,medium,medium,p1_auto,202,4,6,2,4,244,451,15,84,114,109,0,1.398791790008545,0
chain_15,medium,sparse,baseline,101,5,6,2,4,209,385,15,60,118,74,0,1.3706042766571045,0
chain_15,medium,sparse,baseline,42,5,6,2,4,260,492,9,95,104,138,0,1.4160189628601074,0
chain_15,medium,sparse,baseline,202,4,6,2,4,222,413,13,82,90,115,0,1.3701350688934326,0
chain_15,medium,sparse,p1_penalty_off,202,4,6,2,4,222,413,13,82,90,115,0,1.2488696575164795,0
chain_15,medium,sparse,p1_default,42,5,6,2,4,260,492,9,95,104,138,0,1.4547953605651855,0
chain_15,medium,sparse,p1_default,202,4,6,2,4,222,413,13,82,90,115,0,1.4724643230438232,0
chain_15,medium,sparse,p1_default,101,5,6,2,4,209,385,15,60,118,74,0,1.4831745624542236,0
chain_15,medium,sparse,p1_penalty_off,101,5,6,2,4,209,385,15,60,118,74,0,1.406174898147583,0
chain_15,medium,sparse,p1_penalty_off,42,5,6,2,4,260,492,9,95,104,138,0,1.4583866596221924,0
chain_15,medium,sparse,p1_etl_60,42,5,6,2,4,260,492,9,95,104,138,0,1.3823153972625732,0
chain_15,medium,sparse,p1_etl_60,101,5,6,2,4,209,385,15,60,118,74,0,1.3894219398498535,0
chain_15,medium,sparse,p1_etl_300,42,5,6,2,4,260,492,9,95,104,138,0,1.3083350658416748,0
chain_15,medium,sparse,p1_etl_60,202,4,6,2,4,222,413,13,82,90,115,0,1.3506817817687988,0
chain_15,medium,sparse,p1_etl_300,101,5,6,2,4,209,385,15,60,118,74,0,1.3625690937042236,0
chain_15,medium,sparse,p1_etl_1800,42,5,6,2,4,260,492,9,95,104,138,0,1.3014614582061768,0
chain_15,medium,sparse,p1_etl_7200,42,5,6,2,4,260,492,9,95,104,138,0,1.333937406539917,0
chain_15,medium,sparse,p1_etl_300,202,4,6,2,4,222,413,13,82,90,115,0,1.480438470840454,0
chain_15,medium,sparse,p1_etl_1800,101,5,6,2,4,209,385,15,60,118,74,0,1.4383485317230225,0
chain_15,medium,sparse,p1_etl_1800,202,4,6,2,4,222,413,13,82,90,115,0,1.4275763034820557,0
chain_15,medium,sparse,p1_etl_7200,101,5,6,2,4,209,385,15,60,118,74,0,1.3451321125030518,0
chain_15,medium,sparse,p1_etl_86400,42,5,6,2,4,260,492,9,95,104,138,0,1.3875892162322998,0
chain_15,medium,sparse,p1_etl_7200,202,4,6,2,4,222,413,13,82,90,115,0,1.4627184867858887,0
chain_15,medium,sparse,p1_etl_86400,202,4,6,2,4,222,413,13,82,90,115,0,1.3088922500610352,0
chain_15,medium,sparse,p1_etl_86400,101,5,6,2,4,209,385,15,60,118,74,0,1.387223243713379,0
chain_15,medium,sparse,p1_c40,42,0,6,0,6,124,236,0,0,52,61,0,1.3514058589935303,0
chain_15,medium,sparse,p1_c40,202,4,6,2,4,222,413,13,82,90,115,0,1.2721836566925049,0
chain_15,medium,sparse,p1_c80,42,0,6,0,6,124,236,0,0,52,61,0,1.3490958213806152,0
chain_15,medium,sparse,p1_c80,101,5,6,2,4,209,385,15,60,118,74,0,1.3433618545532227,0
chain_15,medium,sparse,p1_c40,101,5,6,2,4,209,385,15,60,118,74,0,1.4773931503295898,0
chain_15,medium,sparse,p1_c80,202,4,6,2,4,222,413,13,82,90,115,0,1.391516923904419,0
chain_15,medium,sparse,p1_c120,202,4,6,2,4,222,413,13,82,90,115,0,1.1549882888793945,0
chain_15,medium,sparse,p1_c100,101,5,6,2,4,209,385,15,60,118,74,0,1.3801510334014893,0
chain_15,medium,sparse,p1_c100,42,0,6,0,6,124,236,0,0,52,61,0,1.4217233657836914,0
chain_15,medium,sparse,p1_c100,202,4,6,2,4,222,413,13,82,90,115,0,1.3914108276367188,0
chain_15,medium,sparse,p1_mp2,42,4,6,4,2,251,472,9,93,151,80,0,1.347278356552124,0
chain_15,medium,sparse,p1_c120,101,5,6,2,4,209,385,15,60,118,74,0,1.4489452838897705,0
chain_15,medium,sparse,p1_c120,42,5,6,2,4,260,492,9,95,104,138,0,1.465122938156128,0
chain_15,medium,sparse,p1_mp3,42,4,6,5,1,255,475,14,94,155,80,0,1.2546436786651611,0
chain_15,medium,sparse,p1_mp2,101,5,6,2,4,209,385,15,60,118,74,0,1.4560573101043701,0
chain_15,medium,sparse,p1_mp2,202,4,6,2,4,222,413,13,82,90,115,0,1.4074013233184814,0
chain_15,medium,sparse,p1_mp3,101,5,6,2,4,209,385,15,60,118,74,0,1.4798173904418945,0
chain_15,medium,sparse,p1_mp3,202,4,6,2,4,222,413,13,82,90,115,0,1.423497200012207,0
chain_15,medium,sparse,p1_mp4,42,3,6,4,2,222,411,10,65,130,70,0,1.408313274383545,0
chain_15,medium,sparse,p1_mp4,101,5,6,2,4,209,385,15,60,118,74,0,1.2787258625030518,0
chain_15,medium,sparse,p1_mp4,202,4,6,2,4,222,413,13,82,90,115,0,1.333343744277954,0
chain_15,medium,sparse,p1_probes_h1,42,5,6,2,4,264,502,6,95,104,141,1,1.4081933498382568,0
chain_15,medium,sparse,p1_probes_h1,101,5,6,4,2,217,401,14,64,132,67,1,1.451246976852417,0
chain_15,medium,sparse,p1_probes_h1,202,4,6,2,4,232,432,13,84,90,124,1,1.382861852645874,0
chain_15,medium,sparse,p1_probes_h3,202,5,6,2,4,230,428,11,69,122,88,3,1.1469383239746094,0
chain_15,medium,sparse,p1_probes_h2,42,5,6,5,1,232,438,6,59,153,60,2,1.4326484203338623,0
chain_15,medium,sparse,p1_probes_h2,202,5,6,2,4,222,413,11,69,122,81,2,1.3980612754821777,0
chain_15,medium,sparse,p1_probes_h2,101,5,6,6,0,213,391,15,56,148,46,2,1.4508779048919678,0
chain_15,medium,sparse,p1_probes_h3,42,5,6,5,1,240,453,6,59,153,67,3,1.4707279205322266,0
chain_15,medium,sparse,p1_probes_h3,101,5,6,6,0,221,406,15,56,148,53,3,1.5023808479309082,0
chain_15,medium,sparse,p1_auto,42,5,6,2,4,260,492,9,95,104,138,0,1.2910871505737305,0
chain_15,medium,sparse,p1_probes_h5,42,5,6,5,1,240,453,6,59,153,67,3,1.463824987411499,0
chain_15,medium,sparse,p1_probes_h5,202,5,6,2,4,230,428,11,69,122,88,3,1.4351871013641357,0
chain_15,medium,sparse,p1_probes_h5,101,5,6,6,0,221,406,15,56,148,53,3,1.4907426834106445,0
chain_15,heavy,medium,baseline,202,6,12,7,5,282,505,30,76,177,77,0,1.2025628089904785,0
chain_15,medium,sparse,p1_auto,101,5,6,2,4,209,385,15,60,118,74,0,1.4476425647735596,0
chain_15,medium,sparse,p1_auto,202,4,6,2,4,222,413,13,82,90,115,0,1.3689289093017578,0
chain_15,heavy,medium,baseline,42,6,12,11,1,278,498,29,68,206,44,0,1.4545493125915527,0
chain_15,heavy,medium,baseline,101,8,12,8,4,352,648,24,101,211,110,0,1.4027073383331299,0
chain_15,heavy,medium,p1_default,202,6,12,7,5,282,505,30,76,177,77,0,1.348158597946167,0
chain_15,heavy,medium,p1_default,42,6,12,11,1,278,498,29,68,206,44,0,1.4592247009277344,0
chain_15,heavy,medium,p1_default,101,8,12,8,4,352,648,24,101,211,110,0,1.4538254737854004,0
chain_15,heavy,medium,p1_penalty_off,101,8,12,8,4,352,648,24,101,211,110,0,1.3356728553771973,0
chain_15,heavy,medium,p1_penalty_off,42,6,12,11,1,278,498,29,68,206,44,0,1.4694640636444092,0
chain_15,heavy,medium,p1_etl_60,202,6,12,7,5,282,505,30,76,177,77,0,1.422276496887207,0
chain_15,heavy,medium,p1_penalty_off,202,6,12,7,5,282,505,30,76,177,77,0,1.4654104709625244,0
chain_15,heavy,medium,p1_etl_60,42,6,12,11,1,278,498,29,68,206,44,0,1.4655539989471436,0
chain_15,heavy,medium,p1_etl_60,101,8,12,8,4,352,648,24,101,211,110,0,1.4588162899017334,0
chain_15,heavy,medium,p1_etl_300,101,8,12,8,4,352,648,24,101,211,110,0,1.3441388607025146,0
chain_15,heavy,medium,p1_etl_300,42,6,12,11,1,278,498,29,68,206,44,0,1.461686372756958,0
chain_15,heavy,medium,p1_etl_1800,42,6,12,11,1,278,498,29,68,206,44,0,1.3019559383392334,0
chain_15,heavy,medium,p1_etl_1800,101,8,12,8,4,352,648,24,101,211,110,0,1.334500789642334,0
chain_15,heavy,medium,p1_etl_300,202,6,12,7,5,282,505,30,76,177,77,0,1.439769983291626,0
chain_15,heavy,medium,p1_etl_1800,202,6,12,7,5,282,505,30,76,177,77,0,1.409148931503296,0
chain_15,heavy,medium,p1_etl_7200,202,6,12,7,5,282,505,30,76,177,77,0,1.3117165565490723,0
chain_15,heavy,medium,p1_etl_7200,42,6,12,11,1,278,498,29,68,206,44,0,1.438338041305542,0
chain_15,heavy,medium,p1_etl_86400,202,6,12,7,5,282,505,30,76,177,77,0,1.163679838180542,0
chain_15,heavy,medium,p1_etl_7200,101,8,12,8,4,352,648,24,101,211,110,0,1.4413056373596191,0
chain_15,heavy,medium,p1_etl_86400,101,8,12,8,4,352,648,24,101,211,110,0,1.3395695686340332,0
chain_15,heavy,medium,p1_c40,42,0,12,0,12,186,336,14,0,79,86,0,1.2761344909667969,0
chain_15,heavy,medium,p1_etl_86400,42,6,12,11,1,278,498,29,68,206,44,0,1.4797115325927734,0
chain_15,heavy,medium,p1_c80,42,0,12,0,12,186,336,14,0,79,86,0,1.2708868980407715,0
chain_15,heavy,medium,p1_c40,101,8,12,8,4,352,648,24,101,211,110,0,1.38382887840271,0
chain_15,heavy,medium,p1_c40,202,6,12,7,5,282,505,30,76,177,77,0,1.3996727466583252,0
chain_15,heavy,medium,p1_c80,101,8,12,8,4,352,648,24,101,211,110,0,1.3917183876037598,0
chain_15,heavy,medium,p1_c80,202,6,12,7,5,282,505,30,76,177,77,0,1.3794031143188477,0
chain_15,heavy,medium,p1_c100,42,0,12,0,12,186,336,14,0,79,86,0,1.4327871799468994,0
chain_15,heavy,medium,p1_c100,101,8,12,8,4,352,648,24,101,211,110,0,1.4607956409454346,0
chain_15,heavy,medium,p1_c120,42,6,12,11,1,278,498,29,68,206,44,0,1.3945412635803223,0
chain_15,heavy,medium,p1_c100,202,6,12,7,5,282,505,30,76,177,77,0,1.411834716796875,0
chain_15,heavy,medium,p1_c120,101,8,12,8,4,352,648,24,101,211,110,0,1.3717079162597656,0
chain_15,heavy,medium,p1_mp3,202,6,12,7,5,282,505,30,76,177,77,0,1.1028218269348145,0
chain_15,heavy,medium,p1_mp2,202,6,12,7,5,282,505,30,76,177,77,0,1.2422163486480713,0
chain_15,heavy,medium,p1_c120,202,6,12,7,5,282,505,30,76,177,77,0,1.425936222076416,0
chain_15,heavy,medium,p1_mp4,42,6,12,11,1,286,511,29,68,206,49,0,1.2023136615753174,0
chain_15,heavy,medium,p1_mp3,42,6,12,11,1,285,510,29,68,206,49,0,1.3666315078735352,0
chain_15,heavy,medium,p1_mp2,42,6,12,11,1,284,509,29,68,206,49,0,1.4686894416809082,0
chain_15,heavy,medium,p1_mp2,101,8,12,8,4,352,648,24,101,211,110,0,1.4931468963623047,0
chain_15,heavy,medium,p1_mp3,101,8,12,8,4,352,648,24,101,211,110,0,1.4799997806549072,0
chain_15,heavy,medium,p1_mp4,202,6,12,7,5,282,505,30,76,177,77,0,1.4204061031341553,0
chain_15,heavy,medium,p1_mp4,101,8,12,8,4,352,648,24,101,211,110,0,1.4393303394317627,0
chain_15,heavy,medium,p1_probes_h2,101,8,12,7,5,342,620,31,75,221,89,2,1.3795015811920166,0
chain_15,heavy,medium,p1_probes_h1,202,8,12,7,5,343,619,35,95,223,89,1,1.450789213180542,0
chain_15,heavy,medium,p1_probes_h1,101,8,12,7,5,336,609,31,75,221,84,1,1.4850919246673584,0
chain_15,heavy,medium,p1_probes_h2,42,6,12,6,6,343,633,22,81,215,98,2,1.4763710498809814,0
chain_15,heavy,medium,p1_probes_h1,42,6,12,6,6,337,622,22,81,215,93,1,1.5288019180297852,0
chain_15,heavy,medium,p1_probes_h3,42,6,12,6,6,351,648,22,81,215,105,3,1.326894998550415,0
chain_15,heavy,medium,p1_probes_h2,202,8,12,7,5,349,630,35,95,223,94,2,1.4311835765838623,0
chain_15,heavy,medium,p1_probes_h3,101,8,12,7,5,350,635,31,75,221,96,3,1.425642967224121,0
chain_15,heavy,medium,p1_probes_h5,202,8,12,7,5,357,645,35,95,223,101,3,1.2924277782440186,0
chain_15,heavy,medium,p1_auto,42,6,12,11,1,278,498,29,68,206,44,0,1.226231575012207,0
chain_15,heavy,medium,p1_probes_h3,202,8,12,7,5,357,645,35,95,223,101,3,1.4906909465789795,0
chain_15,heavy,medium,p1_probes_h5,101,8,12,7,5,350,635,31,75,221,96,3,1.473332166671753,0
chain_15,heavy,medium,p1_probes_h5,42,6,12,6,6,351,648,22,81,215,105,3,1.5012636184692383,0
chain_15,heavy,medium,p1_auto,101,8,12,8,4,352,648,24,101,211,110,0,1.3329250812530518,0
chain_15,heavy,medium,p1_auto,202,6,12,7,5,282,505,30,76,177,77,0,1.3980650901794434,0
chain_15,heavy,sparse,baseline,101,9,12,3,9,334,615,25,118,186,121,0,1.4590063095092773,0
chain_15,heavy,sparse,baseline,42,6,12,6,6,276,510,17,81,132,120,0,1.4766221046447754,0
chain_15,heavy,sparse,baseline,202,9,12,6,6,338,625,23,116,200,111,0,1.4709014892578125,0
chain_15,heavy,sparse,p1_default,42,6,12,6,6,276,510,17,81,132,120,0,1.438011884689331,0
chain_15,heavy,sparse,p1_default,101,9,12,3,9,334,615,25,118,186,121,0,1.4495584964752197,0
chain_15,heavy,sparse,p1_etl_60,42,6,12,6,6,276,510,17,81,132,120,0,1.2151622772216797,0
chain_15,heavy,sparse,p1_default,202,9,12,6,6,338,625,23,116,200,111,0,1.4292964935302734,0
chain_15,heavy,sparse,p1_penalty_off,42,6,12,6,6,276,510,17,81,132,120,0,1.5075840950012207,0
chain_15,heavy,sparse,p1_penalty_off,101,9,12,3,9,334,615,25,118,186,121,0,1.48097825050354,0
chain_15,heavy,sparse,p1_penalty_off,202,9,12,6,6,338,625,23,116,200,111,0,1.492258071899414,0
chain_15,heavy,sparse,p1_etl_60,101,9,12,3,9,334,615,25,118,186,121,0,1.4471471309661865,0
chain_15,heavy,sparse,p1_etl_1800,202,9,12,6,6,338,625,23,116,200,111,0,1.0839183330535889,0
chain_15,heavy,sparse,p1_etl_300,42,6,12,6,6,276,510,17,81,132,120,0,1.4462382793426514,0
chain_15,heavy,sparse,p1_etl_60,202,9,12,6,6,338,625,23,116,200,111,0,1.4637603759765625,0
chain_15,heavy,sparse,p1_etl_300,202,9,12,6,6,338,625,23,116,200,111,0,1.2169599533081055,0
chain_15,heavy,sparse,p1_etl_7200,42,6,12,6,6,276,510,17,81,132,120,0,1.2516603469848633,0
chain_15,heavy,sparse,p1_etl_7200,202,9,12,6,6,338,625,23,116,200,111,0,1.2066981792449951,0
chain_15,heavy,sparse,p1_etl_1800,101,9,12,3,9,334,615,25,118,186,121,0,1.3694126605987549,0
chain_15,heavy,sparse,p1_etl_300,101,9,12,3,9,334,615,25,118,186,121,0,1.4411540031433105,0
chain_15,heavy,sparse,p1_etl_1800,42,6,12,6,6,276,510,17,81,132,120,0,1.430954933166504,0
chain_15,heavy,sparse,p1_etl_7200,101,9,12,3,9,334,615,25,118,186,121,0,1.4618580341339111,0
chain_15,heavy,sparse,p1_etl_86400,42,6,12,6,6,276,510,17,81,132,120,0,1.3707022666931152,0
chain_15,heavy,sparse,p1_etl_86400,202,9,12,6,6,338,625,23,116,200,111,0,1.360689401626587,0
chain_15,heavy,sparse,p1_etl_86400,101,9,12,3,9,334,615,25,118,186,121,0,1.4479732513427734,0
chain_15,heavy,sparse,p1_c40,101,9,12,3,9,334,615,25,118,186,121,0,1.365128517150879,0
chain_15,heavy,sparse,p1_c40,42,0,12,0,12,155,290,2,0,52,86,0,1.4331059455871582,0
chain_15,heavy,sparse,p1_c40,202,9,12,6,6,338,625,23,116,200,111,0,1.374023199081421,0
chain_15,heavy,sparse,p1_c80,42,0,12,0,12,155,290,2,0,52,86,0,1.3146240711212158,0
chain_15,heavy,sparse,p1_c80,202,9,12,6,6,338,625,23,116,200,111,0,1.3121082782745361,0
chain_15,heavy,sparse,p1_c100,202,9,12,6,6,338,625,23,116,200,111,0,1.3803608417510986,0
chain_15,heavy,sparse,p1_c80,101,9,12,3,9,334,615,25,118,186,121,0,1.5086641311645508,0
chain_15,heavy,sparse,p1_c120,42,6,12,6,6,276,510,17,81,132,120,0,1.395484209060669,0
chain_15,heavy,sparse,p1_c100,101,9,12,3,9,334,615,25,118,186,121,0,1.4927117824554443,0
chain_15,heavy,sparse,p1_c100,42,0,12,0,12,155,290,2,0,52,86,0,1.59159517288208,0
chain_15,heavy,sparse,p1_c120,202,9,12,6,6,338,625,23,116,200,111,0,1.40561842918396,0
chain_15,heavy,sparse,p1_c120,101,9,12,3,9,334,615,25,118,186,121,0,1.5093505382537842,0
chain_15,heavy,sparse,p1_mp2,42,7,12,6,6,307,561,21,92,132,144,0,1.519268274307251,0
chain_15,heavy,sparse,p1_mp2,101,9,12,3,9,334,615,25,118,186,121,0,1.4880170822143555,0
chain_15,heavy,sparse,p1_mp2,202,9,12,6,6,338,625,23,116,200,111,0,1.4570176601409912,0
chain_15,heavy,sparse,p1_mp4,42,7,12,6,6,331,598,20,97,132,156,0,1.3278520107269287,0
chain_15,heavy,sparse,p1_mp3,42,8,12,6,6,339,619,20,106,132,169,0,1.5139801502227783,0
chain_15,heavy,sparse,p1_mp3,101,9,12,3,9,334,615,25,118,186,121,0,1.4554197788238525,0
chain_15,heavy,sparse,p1_mp3,202,9,12,6,6,338,625,23,116,200,111,0,1.4849178791046143,0
chain_15,heavy,sparse,p1_probes_h1,101,7,12,4,8,287,527,20,97,108,153,1,1.310178518295288,0
chain_15,heavy,sparse,p1_mp4,101,9,12,3,9,334,615,25,118,186,121,0,1.437713384628296,0
chain_15,heavy,sparse,p1_mp4,202,9,12,6,6,338,625,23,116,200,111,0,1.4112672805786133,0
chain_15,heavy,sparse,p1_probes_h1,42,7,12,3,9,313,586,13,106,89,198,1,1.4284558296203613,0
chain_15,heavy,sparse,p1_probes_h1,202,8,12,4,8,311,574,20,107,165,119,1,1.4623820781707764,0
chain_15,heavy,sparse,p1_probes_h2,101,7,12,4,8,293,538,20,97,108,158,2,1.404097318649292,0
chain_15,heavy,sparse,p1_probes_h2,42,7,12,3,9,319,597,13,106,89,203,2,1.421278715133667,0
chain_15,heavy,sparse,p1_probes_h2,202,8,12,4,8,317,585,20,107,165,124,2,1.38179349899292,0
chain_15,heavy,sparse,p1_probes_h3,202,8,12,4,8,325,600,20,107,165,131,3,1.3875341415405273,0
chain_15,heavy,sparse,p1_probes_h3,101,7,12,4,8,301,553,20,97,108,165,3,1.454120397567749,0
chain_15,heavy,sparse,p1_probes_h5,202,8,12,4,8,325,600,20,107,165,131,3,1.1910991668701172,0
chain_15,heavy,sparse,p1_probes_h3,42,7,12,3,9,327,612,13,106,89,210,3,1.5265321731567383,0
chain_15,heavy,sparse,p1_probes_h5,42,7,12,3,9,327,612,13,106,89,210,3,1.5240685939788818,0
chain_15,heavy,sparse,p1_probes_h5,101,7,12,4,8,301,553,20,97,108,165,3,1.5001862049102783,0
chain_15,heavy,sparse,p1_auto,42,6,12,6,6,276,510,17,81,132,120,0,1.3752191066741943,0
grid_3x3,light,medium,p1_penalty_off,101,2,2,2,0,131,421,136,2,90,20,0,0.9968574047088623,0
grid_3x3,light,medium,baseline,101,2,2,2,0,131,421,136,2,90,20,0,1.2651216983795166,0
grid_3x3,light,medium,baseline,42,2,2,2,0,135,416,160,2,91,22,0,1.3443710803985596,0
chain_15,heavy,sparse,p1_auto,101,9,12,3,9,334,615,25,118,186,121,0,1.411956787109375,0
grid_3x3,light,medium,p1_default,42,2,2,2,0,135,416,160,2,91,22,0,1.2501106262207031,0
grid_3x3,light,medium,baseline,202,2,3,3,0,148,443,188,2,106,20,0,1.3042099475860596,0
chain_15,heavy,sparse,p1_auto,202,9,12,6,6,338,625,23,116,200,111,0,1.4920878410339355,0
grid_3x3,light,medium,p1_etl_60,42,2,2,2,0,135,416,160,2,91,22,0,1.1060824394226074,0
grid_3x3,light,medium,p1_etl_60,101,2,2,2,0,131,421,136,2,90,20,0,1.1376268863677979,0
grid_3x3,light,medium,p1_default,101,2,2,2,0,131,421,136,2,90,20,0,1.3540637493133545,0
grid_3x3,light,medium,p1_default,202,2,3,3,0,148,443,188,2,106,20,0,1.3562569618225098,0
grid_3x3,light,medium,p1_penalty_off,42,2,2,2,0,135,416,160,2,91,22,0,1.3548922538757324,0
grid_3x3,light,medium,p1_penalty_off,202,2,3,3,0,148,443,188,2,106,20,0,1.3393001556396484,0
grid_3x3,light,medium,p1_etl_60,202,2,3,3,0,148,443,188,2,106,20,0,1.244009256362915,0
grid_3x3,light,medium,p1_etl_300,101,2,2,2,0,131,421,136,2,90,20,0,1.2375333309173584,0
grid_3x3,light,medium,p1_etl_300,42,2,2,2,0,135,416,160,2,91,22,0,1.3625051975250244,0
grid_3x3,light,medium,p1_etl_300,202,2,3,3,0,148,443,188,2,106,20,0,1.3181097507476807,0
grid_3x3,light,medium,p1_etl_1800,101,2,2,2,0,131,421,136,2,90,20,0,1.2399914264678955,0
grid_3x3,light,medium,p1_etl_1800,42,2,2,2,0,135,416,160,2,91,22,0,1.3087499141693115,0
grid_3x3,light,medium,p1_etl_7200,42,2,2,2,0,135,416,160,2,91,22,0,1.2740209102630615,0
grid_3x3,light,medium,p1_etl_1800,202,2,3,3,0,148,443,188,2,106,20,0,1.3515560626983643,0
grid_3x3,light,medium,p1_etl_86400,42,2,2,2,0,135,416,160,2,91,22,0,1.244856834411621,0
grid_3x3,light,medium,p1_etl_86400,101,2,2,2,0,131,421,136,2,90,20,0,1.2531557083129883,0
grid_3x3,light,medium,p1_etl_7200,101,2,2,2,0,131,421,136,2,90,20,0,1.294541597366333,0
grid_3x3,light,medium,p1_etl_7200,202,2,3,3,0,148,443,188,2,106,20,0,1.287123203277588,0
grid_3x3,light,medium,p1_c40,42,2,2,0,2,141,458,144,20,91,28,0,1.1104798316955566,0
grid_3x3,light,medium,p1_etl_86400,202,2,3,3,0,148,443,188,2,106,20,0,1.2851371765136719,0
grid_3x3,light,medium,p1_c80,202,2,3,0,3,156,483,187,20,106,28,0,1.0968255996704102,0
grid_3x3,light,medium,p1_c40,101,2,2,0,2,137,445,141,20,90,26,0,1.1965031623840332,0
grid_3x3,light,medium,p1_c80,42,2,2,0,2,141,458,144,20,91,28,0,1.2433137893676758,0
grid_3x3,light,medium,p1_c40,202,2,3,0,3,156,483,187,20,106,28,0,1.2772412300109863,0
grid_3x3,light,medium,p1_c80,101,2,2,0,2,137,445,141,20,90,26,0,1.2994484901428223,0
grid_3x3,light,medium,p1_c120,42,2,2,2,0,135,416,160,2,91,22,0,1.1574294567108154,0
grid_3x3,light,medium,p1_c100,42,2,2,0,2,141,458,144,20,91,28,0,1.3092198371887207,0
grid_3x3,light,medium,p1_c100,101,2,2,0,2,137,445,141,20,90,26,0,1.3085839748382568,0
grid_3x3,light,medium,p1_c100,202,2,3,0,3,156,483,187,20,106,28,0,1.2890498638153076,0
grid_3x3,light,medium,p1_c120,202,2,3,3,0,148,443,188,2,106,20,0,1.1467499732971191,0
grid_3x3,light,medium,p1_c120,101,2,2,2,0,131,421,136,2,90,20,0,1.2109956741333008,0
grid_3x3,light,medium,p1_mp3,42,2,2,2,0,135,416,160,2,91,22,0,1.0589873790740967,0
grid_3x3,light,medium,p1_mp2,42,2,2,2,0,135,416,160,2,91,22,0,1.261329174041748,0
grid_3x3,light,medium,p1_mp2,101,2,2,2,0,131,421,136,2,90,20,0,1.3255817890167236,0
grid_3x3,light,medium,p1_mp2,202,2,3,3,0,148,443,188,2,106,20,0,1.3138453960418701,0
grid_3x3,light,medium,p1_mp3,101,2,2,2,0,131,421,136,2,90,20,0,1.3273417949676514,0
grid_3x3,light,medium,p1_mp4,101,2,2,2,0,131,421,136,2,90,20,0,1.168567419052124,0
grid_3x3,light,medium,p1_mp3,202,2,3,3,0,148,443,188,2,106,20,0,1.282510757446289,0
grid_3x3,light,medium,p1_mp4,42,2,2,2,0,135,416,160,2,91,22,0,1.2677967548370361,0
grid_3x3,light,medium,p1_mp4,202,2,3,3,0,148,443,188,2,106,20,0,1.2836360931396484,0
grid_3x3,light,medium,p1_probes_h2,202,1,2,2,0,151,480,155,1,101,26,3,1.1009104251861572,0
grid_3x3,light,medium,p1_probes_h1,101,3,3,3,0,170,526,200,3,121,23,3,1.2354905605316162,0
grid_3x3,light,medium,p1_probes_h1,42,3,3,3,0,170,539,184,3,116,28,2,1.303469181060791,0
grid_3x3,light,medium,p1_probes_h2,42,3,3,3,0,176,563,184,3,116,33,3,1.2930066585540771,0
grid_3x3,light,medium,p1_probes_h1,202,1,2,2,0,151,480,155,1,101,26,3,1.3119149208068848,0
grid_3x3,light,medium,p1_probes_h2,101,3,3,3,0,170,526,200,3,121,23,3,1.2870185375213623,0
grid_3x3,light,medium,p1_probes_h5,202,1,2,2,0,151,480,155,1,101,26,3,0.9466261863708496,0
grid_3x3,light,medium,p1_probes_h3,42,3,3,3,0,176,563,184,3,116,33,3,1.3017973899841309,0
grid_3x3,light,medium,p1_probes_h5,42,3,3,3,0,176,563,184,3,116,33,3,1.1266679763793945,0
grid_3x3,light,medium,p1_probes_h3,101,3,3,3,0,170,526,200,3,121,23,3,1.2893385887145996,0
grid_3x3,light,medium,p1_probes_h3,202,1,2,2,0,151,480,155,1,101,26,3,1.2855758666992188,0
grid_3x3,light,medium,p1_probes_h5,101,3,3,3,0,170,526,200,3,121,23,3,1.2807648181915283,0
grid_3x3,light,medium,p1_auto,101,2,2,2,0,131,421,136,2,90,20,0,1.2236394882202148,0
grid_3x3,light,medium,p1_auto,202,2,3,3,0,148,443,188,2,106,20,0,1.2300052642822266,0
grid_3x3,light,medium,p1_auto,42,2,2,2,0,135,416,160,2,91,22,0,1.2951207160949707,0
grid_3x3,light,sparse,baseline,202,1,2,2,0,86,278,94,1,54,20,0,1.1832084655761719,0
grid_3x3,light,sparse,baseline,42,1,1,1,0,82,266,90,14,45,25,0,1.266073226928711,0
grid_3x3,light,sparse,baseline,101,2,2,2,0,86,274,95,2,53,20,0,1.2598867416381836,0
grid_3x3,light,sparse,p1_default,42,1,1,1,0,82,266,90,14,45,25,0,1.3041141033172607,0
grid_3x3,light,sparse,p1_default,101,2,2,2,0,86,274,95,2,53,20,0,1.3109440803527832,0
grid_3x3,light,sparse,p1_penalty_off,101,2,2,2,0,86,274,95,2,53,20,0,1.1074881553649902,0
grid_3x3,light,sparse,p1_default,202,1,2,2,0,86,278,94,1,54,20,0,1.281423807144165,0
grid_3x3,light,sparse,p1_etl_60,202,1,2,2,0,86,278,94,1,54,20,0,1.0773069858551025,0
grid_3x3,light,sparse,p1_penalty_off,202,1,2,2,0,86,278,94,1,54,20,0,1.1388897895812988,0
grid_3x3,light,sparse,p1_penalty_off,42,1,1,1,0,82,266,90,14,45,25,0,1.3345482349395752,0
grid_3x3,light,sparse,p1_etl_300,42,1,1,1,0,82,266,90,14,45,25,0,1.1567473411560059,0
grid_3x3,light,sparse,p1_etl_60,101,2,2,2,0,86,274,95,2,53,20,0,1.2861056327819824,0
grid_3x3,light,sparse,p1_etl_60,42,1,1,1,0,82,266,90,14,45,25,0,1.3069329261779785,0
grid_3x3,light,sparse,p1_etl_300,202,1,2,2,0,86,278,94,1,54,20,0,1.2568893432617188,0
grid_3x3,light,sparse,p1_etl_300,101,2,2,2,0,86,274,95,2,53,20,0,1.2777061462402344,0
grid_3x3,light,sparse,p1_etl_1800,42,1,1,1,0,82,266,90,14,45,25,0,1.2785606384277344,0
grid_3x3,light,sparse,p1_etl_86400,101,2,2,2,0,86,274,95,2,53,20,0,1.0446135997772217,0
grid_3x3,light,sparse,p1_etl_7200,42,1,1,1,0,82,266,90,14,45,25,0,1.2280216217041016,0
grid_3x3,light,sparse,p1_etl_1800,202,1,2,2,0,86,278,94,1,54,20,0,1.253553867340088,0
grid_3x3,light,sparse,p1_etl_86400,42,1,1,1,0,82,266,90,14,45,25,0,1.1259026527404785,0
grid_3x3,light,sparse,p1_etl_1800,101,2,2,2,0,86,274,95,2,53,20,0,1.3123235702514648,0
grid_3x3,light,sparse,p1_etl_7200,202,1,2,2,0,86,278,94,1,54,20,0,1.2567501068115234,0
grid_3x3,light,sparse,p1_etl_7200,101,2,2,2,0,86,274,95,2,53,20,0,1.2902350425720215,0
grid_3x3,light,sparse,p1_c40,101,2,2,0,2,94,319,84,20,53,28,0,0.9551308155059814,0
grid_3x3,light,sparse,p1_etl_86400,202,1,2,2,0,86,278,94,1,54,20,0,1.1933767795562744,0
grid_3x3,light,sparse,p1_c40,42,1,1,0,1,72,247,61,10,36,25,0,1.2697768211364746,0
grid_3x3,light,sparse,p1_c40,202,1,2,0,2,90,299,91,10,54,24,0,1.2473645210266113,0
grid_3x3,light,sparse,p1_c80,42,1,1,0,1,72,247,61,10,36,25,0,1.2400119304656982,0
grid_3x3,light,sparse,p1_c80,101,2,2,0,2,94,319,84,20,53,28,0,1.3063914775848389,0
grid_3x3,light,sparse,p1_c100,42,1,1,0,1,72,247,61,10,36,25,0,1.2715423107147217,0
grid_3x3,light,sparse,p1_c120,42,1,1,1,0,82,266,90,14,45,25,0,1.1205804347991943,0
grid_3x3,light,sparse,p1_c80,202,1,2,0,2,90,299,91,10,54,24,0,1.2992579936981201,0
grid_3x3,light,sparse,p1_c100,202,1,2,0,2,90,299,91,10,54,24,0,1.1873469352722168,0
grid_3x3,light,sparse,p1_c100,101,2,2,0,2,94,319,84,20,53,28,0,1.2356281280517578,0
grid_3x3,light,sparse,p1_c120,101,2,2,2,0,86,274,95,2,53,20,0,1.2018494606018066,0
grid_3x3,light,sparse,p1_mp2,101,2,2,2,0,86,274,95,2,53,20,0,1.2056496143341064,0
grid_3x3,light,sparse,p1_c120,202,1,2,2,0,86,278,94,1,54,20,0,1.2803022861480713,0
grid_3x3,light,sparse,p1_mp2,42,1,1,1,0,82,266,90,14,45,25,0,1.2888998985290527,0
grid_3x3,light,sparse,p1_mp2,202,1,2,2,0,86,278,94,1,54,20,0,1.175377368927002,0
grid_3x3,light,sparse,p1_mp3,42,1,1,1,0,82,266,90,14,45,25,0,1.1889564990997314,0
grid_3x3,light,sparse,p1_mp4,101,2,2,2,0,86,274,95,2,53,20,0,1.0628600120544434,0
grid_3x3,light,sparse,p1_mp3,101,2,2,2,0,86,274,95,2,53,20,0,1.27284574508667,0
grid_3x3,light,sparse,p1_mp3,202,1,2,2,0,86,278,94,1,54,20,0,1.2137236595153809,0
grid_3x3,light,sparse,p1_mp4,42,1,1,1,0,82,266,90,14,45,25,0,1.2422292232513428,0
grid_3x3,light,sparse,p1_mp4,202,1,2,2,0,86,278,94,1,54,20,0,1.232778787612915,0
grid_3x3,light,sparse,p1_probes_h1,202,1,2,2,0,112,389,90,14,64,32,3,1.2044856548309326,0
grid_3x3,light,sparse,p1_probes_h1,42,1,1,1,0,86,295,75,1,45,28,2,1.2358839511871338,0
grid_3x3,light,sparse,p1_probes_h1,101,2,2,2,0,106,359,95,2,64,26,3,1.2241194248199463,0
grid_3x3,light,sparse,p1_probes_h2,42,1,1,1,0,92,318,75,1,45,33,3,1.1861624717712402,0
grid_3x3,light,sparse,p1_probes_h2,202,1,2,2,0,114,405,90,14,64,34,3,1.1717724800109863,0
grid_3x3,light,sparse,p1_probes_h3,42,1,1,1,0,92,318,75,1,45,33,3,1.1492345333099365,0
grid_3x3,light,sparse,p1_probes_h3,101,2,2,2,0,106,359,95,2,64,26,3,1.2022461891174316,0
grid_3x3,light,sparse,p1_probes_h2,101,2,2,2,0,106,359,95,2,64,26,3,1.3041069507598877,0
grid_3x3,light,sparse,p1_probes_h3,202,1,2,2,0,114,405,90,14,64,34,3,1.1647846698760986,0
grid_3x3,light,sparse,p1_probes_h5,42,1,1,1,0,92,318,75,1,45,33,3,1.2466106414794922,0
grid_3x3,light,sparse,p1_probes_h5,101,2,2,2,0,106,359,95,2,64,26,3,1.2709708213806152,0
grid_3x3,light,sparse,p1_auto,101,2,2,2,0,86,274,95,2,53,20,0,1.1818861961364746,0
grid_3x3,light,sparse,p1_probes_h5,202,1,2,2,0,114,405,90,14,64,34,3,1.2595114707946777,0
grid_3x3,light,sparse,p1_auto,42,1,1,0,1,72,247,61,10,36,25,0,1.2688732147216797,0
grid_3x3,light,sparse,p1_auto,202,1,2,2,0,86,278,94,1,54,20,0,1.3009250164031982,0
grid_3x3,medium,medium,baseline,202,6,6,4,2,211,661,233,38,142,38,0,1.190852165222168,0
grid_3x3,medium,medium,baseline,42,4,4,4,0,157,474,194,4,109,22,0,1.3009583950042725,0
grid_3x3,medium,medium,baseline,101,4,4,4,0,163,517,177,14,117,20,0,1.3157727718353271,0
grid_3x3,medium,medium,p1_default,202,6,6,4,2,211,661,233,38,142,38,0,1.22682523727417,0
grid_3x3,medium,medium,p1_default,101,4,4,4,0,163,517,177,14,117,20,0,1.247718334197998,0
grid_3x3,medium,medium,p1_default,42,4,4,4,0,157,474,194,4,109,22,0,1.2995514869689941,0
grid_3x3,medium,medium,p1_etl_60,202,6,6,4,2,211,661,233,38,142,38,0,1.0158333778381348,0
grid_3x3,medium,medium,p1_penalty_off,202,6,6,4,2,211,661,233,38,142,38,0,1.2296888828277588,0
grid_3x3,medium,medium,p1_penalty_off,42,4,4,4,0,157,474,194,4,109,22,0,1.303236961364746,0
grid_3x3,medium,medium,p1_etl_60,101,4,4,4,0,163,517,177,14,117,20,0,1.126723289489746,0
grid_3x3,medium,medium,p1_etl_60,42,4,4,4,0,157,474,194,4,109,22,0,1.210292100906372,0
grid_3x3,medium,medium,p1_penalty_off,101,4,4,4,0,163,517,177,14,117,20,0,1.3148424625396729,0
grid_3x3,medium,medium,p1_etl_300,101,4,4,4,0,163,517,177,14,117,20,0,1.1194674968719482,0
grid_3x3,medium,medium,p1_etl_300,42,4,4,4,0,157,474,194,4,109,22,0,1.2541439533233643,0
grid_3x3,medium,medium,p1_etl_300,202,6,6,4,2,211,661,233,38,142,38,0,1.2260260581970215,0
grid_3x3,medium,medium,p1_etl_1800,42,4,4,4,0,157,474,194,4,109,22,0,1.2943778038024902,0
grid_3x3,medium,medium,p1_etl_1800,101,4,4,4,0,163,517,177,14,117,20,0,1.2883591651916504,0
grid_3x3,medium,medium,p1_etl_7200,202,6,6,4,2,211,661,233,38,142,38,0,1.1876335144042969,0
grid_3x3,medium,medium,p1_etl_1800,202,6,6,4,2,211,661,233,38,142,38,0,1.3236753940582275,0
grid_3x3,medium,medium,p1_etl_7200,42,4,4,4,0,157,474,194,4,109,22,0,1.3292624950408936,0
grid_3x3,medium,medium,p1_etl_7200,101,4,4,4,0,163,517,177,14,117,20,0,1.2207767963409424,0
grid_3x3,medium,medium,p1_etl_86400,42,4,4,4,0,157,474,194,4,109,22,0,1.2713680267333984,0
grid_3x3,medium,medium,p1_c40,42,4,4,0,4,169,555,165,40,109,34,0,1.1695284843444824,0
grid_3x3,medium,medium,p1_c100,42,4,4,0,4,169,555,165,40,109,34,0,1.0812592506408691,0
grid_3x3,medium,medium,p1_etl_86400,101,4,4,4,0,163,517,177,14,117,20,0,1.327772855758667,0
grid_3x3,medium,medium,p1_etl_86400,202,6,6,4,2,211,661,233,38,142,38,0,1.3003554344177246,0
grid_3x3,medium,medium,p1_c40,202,6,6,0,6,213,697,221,60,142,42,0,1.2431552410125732,0
grid_3x3,medium,medium,p1_c40,101,4,4,0,4,165,539,168,40,108,32,0,1.2884786128997803,0
grid_3x3,medium,medium,p1_c80,42,4,4,0,4,169,555,165,40,109,34,0,1.2124605178833008,0
grid_3x3,medium,medium,p1_c80,101,4,4,0,4,165,539,168,40,108,32,0,1.2587525844573975,0
grid_3x3,medium,medium,p1_c80,202,6,6,0,6,213,697,221,60,142,42,0,1.3142120838165283,0
grid_3x3,medium,medium,p1_mp3,42,4,4,4,0,157,474,194,4,109,22,0,0.9887566566467285,0
grid_3x3,medium,medium,p1_c100,202,6,6,0,6,213,697,221,60,142,42,0,1.2833356857299805,0
grid_3x3,medium,medium,p1_c100,101,4,4,0,4,165,539,168,40,108,32,0,1.3131372928619385,0
grid_3x3,medium,medium,p1_c120,42,4,4,4,0,157,474,194,4,109,22,0,1.3247556686401367,0
grid_3x3,medium,medium,p1_c120,101,4,4,4,0,163,517,177,14,117,20,0,1.3379895687103271,0
grid_3x3,medium,medium,p1_c120,202,6,6,4,2,211,661,233,38,142,38,0,1.2840023040771484,0
grid_3x3,medium,medium,p1_mp2,42,4,4,4,0,157,474,194,4,109,22,0,1.3062489032745361,0
grid_3x3,medium,medium,p1_mp2,202,6,6,4,2,213,663,233,38,142,38,0,1.3058598041534424,0
grid_3x3,medium,medium,p1_mp2,101,4,4,4,0,163,517,177,14,117,20,0,1.310441493988037,0
grid_3x3,medium,medium,p1_mp3,101,4,4,4,0,163,517,177,14,117,20,0,1.201490879058838,0
grid_3x3,medium,medium,p1_mp3,202,6,6,4,2,215,665,233,38,142,38,0,1.1936399936676025,0
grid_3x3,medium,medium,p1_mp4,202,6,6,4,2,217,667,233,38,142,38,0,1.179257869720459,0
grid_3x3,medium,medium,p1_mp4,42,4,4,4,0,157,474,194,4,109,22,0,1.2942845821380615,0
grid_3x3,medium,medium,p1_probes_h1,202,4,4,4,0,196,620,210,17,137,29,3,1.192213773727417,0
grid_3x3,medium,medium,p1_mp4,101,4,4,4,0,163,517,177,14,117,20,0,1.3225595951080322,0
grid_3x3,medium,medium,p1_probes_h1,42,6,6,6,0,217,700,223,16,152,31,3,1.3339715003967285,0
grid_3x3,medium,medium,p1_probes_h1,101,6,6,6,0,227,719,252,30,166,27,3,1.3297715187072754,0
grid_3x3,medium,medium,p1_probes_h2,42,6,6,6,0,219,707,223,16,152,33,3,1.3571462631225586,0
grid_3x3,medium,medium,p1_probes_h2,101,6,6,6,0,227,719,252,30,166,27,3,1.3563287258148193,0
grid_3x3,medium,medium,p1_probes_h2,202,4,4,4,0,196,620,210,17,137,29,3,1.355423927307129,0
grid_3x3,medium,medium,p1_auto,101,4,4,4,0,163,517,177,14,117,20,0,1.0854272842407227,0
grid_3x3,medium,medium,p1_auto,42,4,4,4,0,157,474,194,4,109,22,0,1.1500027179718018,0
grid_3x3,medium,medium,p1_probes_h3,101,6,6,6,0,227,719,252,30,166,27,3,1.276977777481079,0
grid_3x3,medium,medium,p1_probes_h3,202,4,4,4,0,196,620,210,17,137,29,3,1.3530967235565186,0
grid_3x3,medium,medium,p1_probes_h5,101,6,6,6,0,227,719,252,30,166,27,3,1.3057582378387451,0
grid_3x3,medium,medium,p1_probes_h3,42,6,6,6,0,219,707,223,16,152,33,3,1.374101161956787,0
grid_3x3,medium,medium,p1_probes_h5,42,6,6,6,0,219,707,223,16,152,33,3,1.3201608657836914,0
grid_3x3,medium,medium,p1_probes_h5,202,4,4,4,0,196,620,210,17,137,29,3,1.39406156539917,0
grid_3x3,medium,medium,p1_auto,202,6,6,4,2,211,661,233,38,142,38,0,1.2697865962982178,0
grid_3x3,medium,sparse,baseline,101,4,4,4,0,108,349,112,4,71,20,0,1.130124807357788,0
grid_3x3,medium,sparse,baseline,42,2,2,1,1,94,310,96,22,54,26,0,1.239372968673706,0
grid_3x3,medium,sparse,p1_default,101,4,4,4,0,108,349,112,4,71,20,0,1.272376298904419,0
grid_3x3,medium,sparse,baseline,202,4,4,4,0,131,437,133,17,90,23,0,1.317460536956787,0
grid_3x3,medium,sparse,p1_default,42,2,2,1,1,94,310,96,22,54,26,0,1.3696789741516113,0
grid_3x3,medium,sparse,p1_penalty_off,42,2,2,1,1,94,310,96,22,54,26,0,1.3883051872253418,0
grid_3x3,medium,sparse,p1_penalty_off,101,4,4,4,0,108,349,112,4,71,20,0,1.416576862335205,0
grid_3x3,medium,sparse,p1_default,202,4,4,4,0,131,437,133,17,90,23,0,1.4539506435394287,0
grid_3x3,medium,sparse,p1_etl_60,42,2,2,1,1,94,310,96,22,54,26,0,1.322610855102539,0
grid_3x3,medium,sparse,p1_penalty_off,202,4,4,4,0,131,437,133,17,90,23,0,1.4286301136016846,0
grid_3x3,medium,sparse,p1_etl_60,202,4,4,4,0,131,437,133,17,90,23,0,1.307960033416748,0
grid_3x3,medium,sparse,p1_etl_60,101,4,4,4,0,108,349,112,4,71,20,0,1.4137909412384033,0
grid_3x3,medium,sparse,p1_etl_300,42,2,2,1,1,94,310,96,22,54,26,0,1.3497087955474854,0
grid_3x3,medium,sparse,p1_etl_300,202,4,4,4,0,131,437,133,17,90,23,0,1.2995522022247314,0
grid_3x3,medium,sparse,p1_etl_300,101,4,4,4,0,108,349,112,4,71,20,0,1.4072718620300293,0
grid_3x3,medium,sparse,p1_etl_1800,42,2,2,1,1,94,310,96,22,54,26,0,1.3790428638458252,0
grid_3x3,medium,sparse,p1_etl_1800,101,4,4,4,0,108,349,112,4,71,20,0,1.4309372901916504,0
grid_3x3,medium,sparse,p1_etl_86400,202,4,4,4,0,131,437,133,17,90,23,0,1.1492509841918945,0
grid_3x3,medium,sparse,p1_etl_7200,42,2,2,1,1,94,310,96,22,54,26,0,1.298755407333374,0
grid_3x3,medium,sparse,p1_etl_86400,42,2,2,1,1,94,310,96,22,54,26,0,1.2904045581817627,0
grid_3x3,medium,sparse,p1_etl_7200,101,4,4,4,0,108,349,112,4,71,20,0,1.3326036930084229,0
grid_3x3,medium,sparse,p1_etl_7200,202,4,4,4,0,131,437,133,17,90,23,0,1.3307642936706543,0
grid_3x3,medium,sparse,p1_etl_86400,101,4,4,4,0,108,349,112,4,71,20,0,1.348484754562378,0
grid_3x3,medium,sparse,p1_c40,101,4,4,0,4,124,431,102,40,71,36,0,1.3523321151733398,0
grid_3x3,medium,sparse,p1_c40,42,2,2,0,2,86,289,78,20,45,28,0,1.3977515697479248,0
grid_3x3,medium,sparse,p1_etl_1800,202,4,4,4,0,131,437,133,17,90,23,0,1.6114799976348877,0
grid_3x3,medium,sparse,p1_c80,42,2,2,0,2,86,289,78,20,45,28,0,1.3810350894927979,0
grid_3x3,medium,sparse,p1_c80,101,4,4,0,4,124,431,102,40,71,36,0,1.3593113422393799,0
grid_3x3,medium,sparse,p1_c40,202,4,4,0,4,134,461,120,40,81,36,0,1.4758710861206055,0
grid_3x3,medium,sparse,p1_c80,202,4,4,0,4,134,461,120,40,81,36,0,1.4107029438018799,0
grid_3x3,medium,sparse,p1_c100,101,4,4,0,4,124,431,102,40,71,36,0,1.3297901153564453,0
grid_3x3,medium,sparse,p1_c100,42,2,2,0,2,86,289,78,20,45,28,0,1.4417734146118164,0
grid_3x3,medium,sparse,p1_c120,101,4,4,4,0,108,349,112,4,71,20,0,1.2832729816436768,0
grid_3x3,medium,sparse,p1_c100,202,4,4,0,4,134,461,120,40,81,36,0,1.3812978267669678,0
grid_3x3,medium,sparse,p1_c120,202,4,4,4,0,131,437,133,17,90,23,0,1.267303466796875,0
grid_3x3,medium,sparse,p1_mp2,101,4,4,4,0,108,349,112,4,71,20,0,1.266770362854004,0
grid_3x3,medium,sparse,p1_c120,42,2,2,1,1,94,310,96,22,54,26,0,1.4429872035980225,0
grid_3x3,medium,sparse,p1_mp2,202,4,4,4,0,131,437,133,17,90,23,0,1.4444689750671387,0
grid_3x3,medium,sparse,p1_mp2,42,2,2,1,1,95,308,99,22,54,26,0,1.5540680885314941,0
grid_3x3,medium,sparse,p1_mp3,42,2,2,1,1,96,309,99,22,54,26,0,1.3764073848724365,0
grid_3x3,medium,sparse,p1_mp4,42,2,2,1,1,97,309,100,22,54,26,0,1.28267502784729,0
grid_3x3,medium,sparse,p1_mp4,101,4,4,4,0,108,349,112,4,71,20,0,1.3046631813049316,0
grid_3x3,medium,sparse,p1_mp3,202,4,4,4,0,131,437,133,17,90,23,0,1.4654426574707031,0
grid_3x3,medium,sparse,p1_mp3,101,4,4,4,0,108,349,112,4,71,20,0,1.5469636917114258,0
grid_3x3,medium,sparse,p1_mp4,202,4,4,4,0,131,437,133,17,90,23,0,1.3020901679992676,0
grid_3x3,medium,sparse,p1_probes_h1,42,2,2,2,0,97,323,93,2,54,28,2,1.3381030559539795,0
grid_3x3,medium,sparse,p1_probes_h1,101,4,4,4,0,140,459,141,16,91,28,3,1.4101958274841309,0
grid_3x3,medium,sparse,p1_probes_h1,202,4,4,2,2,154,524,132,39,91,41,3,1.4043092727661133,0
grid_3x3,medium,sparse,p1_probes_h2,202,4,4,2,2,156,540,132,39,91,43,3,1.2980115413665771,0
grid_3x3,medium,sparse,p1_probes_h3,101,4,4,4,0,140,459,141,16,91,28,3,1.313558578491211,0
grid_3x3,medium,sparse,p1_probes_h2,101,4,4,4,0,140,459,141,16,91,28,3,1.5419819355010986,0
grid_3x3,medium,sparse,p1_probes_h2,42,2,2,2,0,103,346,93,2,54,33,3,1.6387181282043457,0
grid_3x3,medium,sparse,p1_probes_h3,42,2,2,2,0,103,346,93,2,54,33,3,1.5760776996612549,0
grid_3x3,medium,sparse,p1_probes_h5,101,4,4,4,0,140,459,141,16,91,28,3,1.511040449142456,0
grid_3x3,medium,sparse,p1_probes_h3,202,4,4,2,2,156,540,132,39,91,43,3,1.6061782836914062,0
grid_3x3,medium,sparse,p1_probes_h5,42,2,2,2,0,103,346,93,2,54,33,3,1.5430164337158203,0
grid_3x3,medium,sparse,p1_auto,42,2,2,0,2,86,289,78,20,45,28,0,1.4202461242675781,0
grid_3x3,medium,sparse,p1_probes_h5,202,4,4,2,2,156,540,132,39,91,43,3,1.5387547016143799,0
grid_3x3,heavy,medium,baseline,42,8,8,8,0,212,658,245,21,153,25,0,1.3069789409637451,0
grid_3x3,heavy,medium,p1_default,42,8,8,8,0,212,658,245,21,153,25,0,1.4000937938690186,0
grid_3x3,medium,sparse,p1_auto,101,4,4,4,0,108,349,112,4,71,20,0,1.6135599613189697,0
grid_3x3,heavy,medium,baseline,101,7,8,3,5,226,731,242,72,152,40,0,1.529630184173584,0
grid_3x3,heavy,medium,p1_default,101,7,8,4,4,222,711,244,63,152,36,0,1.5121262073516846,0
grid_3x3,heavy,medium,p1_penalty_off,42,8,8,8,0,212,658,245,21,153,25,0,1.3816499710083008,0
grid_3x3,heavy,medium,p1_penalty_off,101,7,8,4,4,222,711,244,63,152,36,0,1.3882060050964355,0
grid_3x3,heavy,medium,p1_default,202,7,8,6,2,223,665,283,40,161,28,0,1.4305610656738281,0
grid_3x3,medium,sparse,p1_auto,202,4,4,4,0,131,437,133,17,90,23,0,1.7691426277160645,0
grid_3x3,heavy,medium,baseline,202,7,8,2,6,223,713,235,64,143,46,0,1.7713193893432617,0
grid_3x3,heavy,medium,p1_etl_60,202,7,8,6,2,223,665,283,40,161,28,0,1.3899421691894531,0
grid_3x3,heavy,medium,p1_penalty_off,202,7,8,6,2,223,665,283,40,161,28,0,1.5442521572113037,0
grid_3x3,heavy,medium,p1_etl_300,42,8,8,8,0,212,658,245,21,153,25,0,1.426151990890503,0
grid_3x3,heavy,medium,p1_etl_60,101,7,8,4,4,222,711,244,63,152,36,0,1.513322114944458,0
grid_3x3,heavy,medium,p1_etl_300,202,7,8,6,2,223,665,283,40,161,28,0,1.366030216217041,0
grid_3x3,heavy,medium,p1_etl_60,42,8,8,8,0,212,658,245,21,153,25,0,1.7372725009918213,0
grid_3x3,heavy,medium,p1_etl_300,101,7,8,4,4,222,711,244,63,152,36,0,1.505314826965332,0
grid_3x3,heavy,medium,p1_etl_1800,42,8,8,8,0,212,658,245,21,153,25,0,1.3925745487213135,0
grid_3x3,heavy,medium,p1_etl_1800,202,7,8,6,2,223,665,283,40,161,28,0,1.4212934970855713,0
grid_3x3,heavy,medium,p1_etl_1800,101,7,8,4,4,222,711,244,63,152,36,0,1.6105105876922607,0
grid_3x3,heavy,medium,p1_etl_7200,202,7,8,6,2,223,665,283,40,161,28,0,1.3278119564056396,0
grid_3x3,heavy,medium,p1_etl_86400,42,8,8,8,0,212,658,245,21,153,25,0,1.2976491451263428,0
grid_3x3,heavy,medium,p1_etl_7200,42,8,8,8,0,212,658,245,21,153,25,0,1.5277729034423828,0
grid_3x3,heavy,medium,p1_etl_7200,101,7,8,4,4,222,711,244,63,152,36,0,1.5628199577331543,0
grid_3x3,heavy,medium,p1_etl_86400,101,7,8,4,4,222,711,244,63,152,36,0,1.4431354999542236,0
grid_3x3,heavy,medium,p1_c40,42,7,8,0,8,213,694,209,63,136,44,0,1.464040756225586,0
grid_3x3,heavy,medium,p1_c80,42,7,8,0,8,213,694,209,63,136,44,0,1.2931106090545654,0
grid_3x3,heavy,medium,p1_c40,101,7,8,0,8,210,659,223,70,131,46,0,1.4858603477478027,0
grid_3x3,heavy,medium,p1_etl_86400,202,7,8,6,2,223,665,283,40,161,28,0,1.6079542636871338,0
grid_3x3,heavy,medium,p1_c40,202,6,8,0,8,200,647,192,60,124,45,0,1.5413148403167725,0
grid_3x3,heavy,medium,p1_c100,42,7,8,0,8,213,694,209,63,136,44,0,1.307460069656372,0
grid_3x3,heavy,medium,p1_c80,202,6,8,0,8,200,647,192,60,124,45,0,1.498802661895752,0
grid_3x3,heavy,medium,p1_c80,101,7,8,0,8,210,659,223,70,131,46,0,1.5704936981201172,0
grid_3x3,heavy,medium,p1_c100,202,6,8,0,8,200,647,192,60,124,45,0,1.3643782138824463,0
grid_3x3,heavy,medium,p1_c120,101,7,8,4,4,222,711,244,63,152,36,0,1.3880300521850586,0
grid_3x3,heavy,medium,p1_c120,202,7,8,6,2,223,665,283,40,161,28,0,1.4044718742370605,0
grid_3x3,heavy,medium,p1_c100,101,7,8,0,8,210,659,223,70,131,46,0,1.5338292121887207,0
grid_3x3,heavy,medium,p1_mp2,202,7,8,5,3,234,723,265,54,161,35,0,1.3232600688934326,0
grid_3x3,heavy,medium,p1_c120,42,8,8,8,0,212,658,245,21,153,25,0,1.5464577674865723,0
grid_3x3,heavy,medium,p1_mp2,42,8,8,8,0,212,658,245,21,153,25,0,1.4310357570648193,0
grid_3x3,heavy,medium,p1_mp3,42,8,8,8,0,212,658,245,21,153,25,0,1.3206515312194824,0
grid_3x3,heavy,medium,p1_mp2,101,7,8,6,2,216,657,258,45,152,28,0,1.6126658916473389,0
grid_3x3,heavy,medium,p1_mp4,42,8,8,8,0,212,658,245,21,153,25,0,1.4328622817993164,0
grid_3x3,heavy,medium,p1_mp4,202,7,8,6,2,229,670,284,40,161,28,0,1.3431270122528076,0
grid_3x3,heavy,medium,p1_mp4,101,7,8,6,2,243,747,278,68,170,31,0,1.4856164455413818,0
grid_3x3,heavy,medium,p1_mp3,202,7,8,5,3,237,724,267,54,161,35,0,1.5421414375305176,0
grid_3x3,heavy,medium,p1_mp3,101,7,8,4,4,224,692,240,57,146,36,0,1.6533541679382324,0
grid_3x3,heavy,medium,p1_probes_h1,42,11,12,10,2,293,928,312,59,207,39,3,1.4907872676849365,0
grid_3x3,heavy,medium,p1_probes_h2,42,11,12,10,2,293,928,312,59,207,39,3,1.5039353370666504,0
grid_3x3,heavy,medium,p1_probes_h2,202,10,11,6,5,286,977,238,82,174,66,3,1.3811111450195312,0
grid_3x3,heavy,medium,p1_probes_h1,101,11,12,7,5,289,924,291,73,176,67,3,1.6136841773986816,0
grid_3x3,heavy,medium,p1_probes_h1,202,10,11,6,5,286,977,238,82,174,66,3,1.6014301776885986,0
grid_3x3,heavy,medium,p1_probes_h2,101,11,12,7,5,289,924,291,73,176,67,3,1.490368127822876,0
grid_3x3,heavy,medium,p1_probes_h3,42,11,12,10,2,293,928,312,59,207,39,3,1.4810676574707031,0
grid_3x3,heavy,medium,p1_probes_h3,101,11,12,7,5,289,924,291,73,176,67,3,1.4223544597625732,0
grid_3x3,heavy,medium,p1_probes_h5,101,11,12,7,5,289,924,291,73,176,67,3,1.3434967994689941,0
grid_3x3,heavy,medium,p1_probes_h3,202,10,11,6,5,286,977,238,82,174,66,3,1.5298738479614258,0
grid_3x3,heavy,medium,p1_probes_h5,42,11,12,10,2,293,928,312,59,207,39,3,1.542642593383789,0
grid_3x3,heavy,sparse,baseline,42,4,4,1,3,122,417,113,42,72,32,0,1.2493374347686768,0
grid_3x3,heavy,medium,p1_auto,42,8,8,8,0,212,658,245,21,153,25,0,1.3542180061340332,0
grid_3x3,heavy,sparse,baseline,202,8,8,6,2,185,606,191,43,126,32,0,1.2203595638275146,0
grid_3x3,heavy,medium,p1_probes_h5,202,10,11,6,5,286,977,238,82,174,66,3,1.5048303604125977,0
grid_3x3,heavy,medium,p1_auto,101,7,8,4,4,222,711,244,63,152,36,0,1.4416048526763916,0
grid_3x3,heavy,medium,p1_auto,202,7,8,6,2,223,665,283,40,161,28,0,1.5436091423034668,0
grid_3x3,heavy,sparse,baseline,101,8,8,8,0,173,543,196,29,125,21,0,1.4451158046722412,0
grid_3x3,heavy,sparse,p1_default,101,8,8,8,0,173,543,196,29,125,21,0,1.3678324222564697,0
grid_3x3,heavy,sparse,p1_default,42,4,4,3,1,129,428,128,37,81,29,0,1.4020543098449707,0
grid_3x3,heavy,sparse,p1_default,202,8,8,6,2,185,606,191,43,126,32,0,1.4099359512329102,0
grid_3x3,heavy,sparse,p1_penalty_off,42,4,4,3,1,129,428,128,37,81,29,0,1.419734239578247,0
grid_3x3,heavy,sparse,p1_etl_60,42,4,4,3,1,129,428,128,37,81,29,0,1.1214382648468018,0
grid_3x3,heavy,sparse,p1_penalty_off,101,8,8,8,0,173,543,196,29,125,21,0,1.2945539951324463,0
grid_3x3,heavy,sparse,p1_penalty_off,202,8,8,6,2,185,606,191,43,126,32,0,1.2723548412322998,0
grid_3x3,heavy,sparse,p1_etl_60,101,8,8,8,0,173,543,196,29,125,21,0,1.2934274673461914,0
grid_3x3,heavy,sparse,p1_etl_300,202,8,8,6,2,185,606,191,43,126,32,0,1.0825014114379883,0
grid_3x3,heavy,sparse,p1_etl_300,42,4,4,3,1,129,428,128,37,81,29,0,1.3845629692077637,0
grid_3x3,heavy,sparse,p1_etl_60,202,8,8,6,2,185,606,191,43,126,32,0,1.5017404556274414,0
grid_3x3,heavy,sparse,p1_etl_300,101,8,8,8,0,173,543,196,29,125,21,0,1.3270373344421387,0
grid_3x3,heavy,sparse,p1_etl_7200,202,8,8,6,2,185,606,191,43,126,32,0,1.150721788406372,0
grid_3x3,heavy,sparse,p1_etl_7200,42,4,4,3,1,129,428,128,37,81,29,0,1.2453203201293945,0
grid_3x3,heavy,sparse,p1_etl_1800,101,8,8,8,0,173,543,196,29,125,21,0,1.3130769729614258,0
grid_3x3,heavy,sparse,p1_etl_1800,42,4,4,3,1,129,428,128,37,81,29,0,1.3410415649414062,0
grid_3x3,heavy,sparse,p1_etl_1800,202,8,8,6,2,185,606,191,43,126,32,0,1.3137445449829102,0
grid_3x3,heavy,sparse,p1_etl_86400,42,4,4,3,1,129,428,128,37,81,29,0,1.1950221061706543,0
grid_3x3,heavy,sparse,p1_etl_7200,101,8,8,8,0,173,543,196,29,125,21,0,1.256178617477417,0
grid_3x3,heavy,sparse,p1_c80,42,4,4,0,4,114,393,92,40,63,34,0,0.967017412185669,0
grid_3x3,heavy,sparse,p1_etl_86400,202,8,8,6,2,185,606,191,43,126,32,0,1.1803655624389648,0
grid_3x3,heavy,sparse,p1_c40,202,7,8,0,8,181,611,167,70,108,49,0,1.0899717807769775,0
grid_3x3,heavy,sparse,p1_etl_86400,101,8,8,8,0,173,543,196,29,125,21,0,1.279442310333252,0
grid_3x3,heavy,sparse,p1_c40,42,4,4,0,4,114,393,92,40,63,34,0,1.2575786113739014,0
grid_3x3,heavy,sparse,p1_c40,101,8,8,0,8,184,640,149,80,107,52,0,1.247417688369751,0
grid_3x3,heavy,sparse,p1_c80,202,7,8,0,8,181,611,167,70,108,49,0,1.1321375370025635,0
grid_3x3,heavy,sparse,p1_c80,101,8,8,0,8,184,640,149,80,107,52,0,1.2758569717407227,0
grid_3x3,heavy,sparse,p1_c100,101,8,8,0,8,184,640,149,80,107,52,0,1.2113690376281738,0
grid_3x3,heavy,sparse,p1_c100,42,4,4,0,4,114,393,92,40,63,34,0,1.2315595149993896,0
grid_3x3,heavy,sparse,p1_c100,202,7,8,0,8,181,611,167,70,108,49,0,1.268751621246338,0
grid_3x3,heavy,sparse,p1_c120,42,4,4,3,1,129,428,128,37,81,29,0,1.2777204513549805,0
grid_3x3,heavy,sparse,p1_c120,202,8,8,6,2,185,606,191,43,126,32,0,1.2413771152496338,0
grid_3x3,heavy,sparse,p1_c120,101,8,8,8,0,173,543,196,29,125,21,0,1.2845609188079834,0
grid_3x3,heavy,sparse,p1_mp2,101,8,8,8,0,173,543,196,29,125,21,0,1.2381823062896729,0
grid_3x3,heavy,sparse,p1_mp2,42,4,4,3,1,117,373,126,24,72,26,0,1.3197927474975586,0
grid_3x3,heavy,sparse,p1_mp2,202,8,8,6,2,187,613,186,43,126,32,0,1.1812806129455566,0
grid_3x3,heavy,sparse,p1_mp3,42,4,4,3,1,118,374,126,24,72,26,0,1.3106780052185059,0
grid_3x3,heavy,sparse,p1_mp3,202,8,8,6,2,189,612,189,43,126,32,0,1.2346785068511963,0
grid_3x3,heavy,sparse,p1_mp3,101,8,8,8,0,173,543,196,29,125,21,0,1.2910757064819336,0
grid_3x3,heavy,sparse,p1_mp4,101,8,8,8,0,173,543,196,29,125,21,0,1.1579945087432861,0
grid_3x3,heavy,sparse,p1_probes_h1,202,7,8,7,1,192,631,186,33,127,36,3,1.09769868850708,0
grid_3x3,heavy,sparse,p1_mp4,42,4,4,3,1,119,385,116,24,72,26,0,1.2655887603759766,0
grid_3x3,heavy,sparse,p1_mp4,202,8,8,6,2,191,614,189,43,126,32,0,1.1664636135101318,0
grid_3x3,heavy,sparse,p1_probes_h2,202,7,8,6,2,188,618,177,33,118,41,3,1.1200816631317139,0
grid_3x3,heavy,sparse,p1_probes_h1,101,8,8,6,2,197,660,186,45,127,40,3,1.1906287670135498,0
grid_3x3,heavy,sparse,p1_probes_h1,42,4,4,3,1,142,483,131,33,90,31,2,1.263444185256958,0
grid_3x3,heavy,sparse,p1_probes_h2,42,4,4,3,1,148,513,124,33,90,36,3,1.2533230781555176,0
grid_3x3,heavy,sparse,p1_probes_h2,101,8,8,6,2,197,660,186,45,127,40,3,1.3249616622924805,0
grid_3x3,heavy,sparse,p1_probes_h3,42,4,4,3,1,148,513,124,33,90,36,3,1.2918035984039307,0
grid_3x3,heavy,sparse,p1_probes_h3,101,8,8,6,2,197,660,186,45,127,40,3,1.2909471988677979,0
grid_3x3,heavy,sparse,p1_probes_h3,202,7,8,6,2,188,618,177,33,118,41,3,1.308210849761963,0
grid_3x3,heavy,sparse,p1_probes_h5,42,4,4,3,1,148,513,124,33,90,36,3,1.2500369548797607,0
grid_3x3,heavy,sparse,p1_probes_h5,101,8,8,6,2,197,660,186,45,127,40,3,1.2643804550170898,0
grid_3x3,heavy,sparse,p1_auto,101,8,8,8,0,173,543,196,29,125,21,0,1.1056420803070068,0
grid_3x3,heavy,sparse,p1_auto,202,8,8,6,2,185,606,191,43,126,32,0,1.1411066055297852,0
grid_3x3,heavy,sparse,p1_probes_h5,202,7,8,6,2,188,618,177,33,118,41,3,1.301992654800415,0
grid_3x3,heavy,sparse,p1_auto,42,4,4,0,4,114,393,92,40,63,34,0,1.296440839767456,0
grid_5x5,light,medium,p1_default,42,2,3,3,0,418,1407,940,2,330,63,0,2.689239025115967,0
grid_5x5,light,medium,p1_etl_60,202,3,3,3,0,496,1768,1017,65,400,71,0,2.248511552810669,0
grid_5x5,light,medium,baseline,42,2,3,3,0,418,1407,940,2,330,63,0,2.8916783332824707,0
grid_5x5,light,medium,baseline,101,2,3,3,0,416,1444,871,33,326,66,0,2.8526477813720703,0
grid_5x5,light,medium,p1_default,202,3,3,3,0,496,1768,1017,65,400,71,0,2.8136792182922363,0
grid_5x5,light,medium,baseline,202,3,3,3,0,496,1768,1017,65,400,71,0,2.954956531524658,0
grid_5x5,light,medium,p1_default,101,2,3,3,0,416,1444,871,33,326,66,0,2.872389554977417,0
grid_5x5,light,medium,p1_penalty_off,42,2,3,3,0,418,1407,940,2,330,63,0,2.8810994625091553,0
grid_5x5,light,medium,p1_c80,42,1,3,0,3,401,1366,880,26,305,72,0,2.0638372898101807,0
grid_5x5,light,medium,p1_etl_1800,202,3,3,3,0,496,1768,1017,65,400,71,0,2.5614664554595947,0
grid_5x5,light,medium,p1_etl_60,101,2,3,3,0,416,1444,871,33,326,66,0,2.759521722793579,0
grid_5x5,light,medium,p1_penalty_off,101,2,3,3,0,416,1444,871,33,326,66,0,2.8650782108306885,0
grid_5x5,light,medium,p1_penalty_off,202,3,3,3,0,496,1768,1017,65,400,71,0,2.8350703716278076,0
grid_5x5,light,medium,p1_etl_7200,202,3,3,3,0,496,1768,1017,65,400,71,0,2.485787868499756,0
grid_5x5,light,medium,p1_etl_1800,42,2,3,3,0,418,1407,940,2,330,63,0,2.824408769607544,0
grid_5x5,light,medium,p1_etl_300,101,2,3,3,0,416,1444,871,33,326,66,0,2.907519578933716,0
grid_5x5,light,medium,p1_etl_60,42,2,3,3,0,418,1407,940,2,330,63,0,2.9522767066955566,0
grid_5x5,light,medium,p1_etl_300,42,2,3,3,0,418,1407,940,2,330,63,0,2.9433350563049316,0
grid_5x5,light,medium,p1_etl_1800,101,2,3,3,0,416,1444,871,33,326,66,0,2.840958833694458,0
grid_5x5,light,medium,p1_etl_300,202,3,3,3,0,496,1768,1017,65,400,71,0,2.960181713104248,0
grid_5x5,light,medium,p1_etl_7200,42,2,3,3,0,418,1407,940,2,330,63,0,2.781245470046997,0
grid_5x5,light,medium,p1_c40,202,1,3,0,3,392,1386,793,26,300,71,0,2.5931010246276855,0
grid_5x5,light,medium,p1_etl_86400,202,3,3,3,0,496,1768,1017,65,400,71,0,2.739192247390747,0
grid_5x5,light,medium,p1_etl_7200,101,2,3,3,0,416,1444,871,33,326,66,0,2.910963535308838,0
grid_5x5,light,medium,p1_etl_86400,101,2,3,3,0,416,1444,871,33,326,66,0,2.85128116607666,0
grid_5x5,light,medium,p1_etl_86400,42,2,3,3,0,418,1407,940,2,330,63,0,2.8974204063415527,0
grid_5x5,light,medium,p1_c40,42,1,3,0,3,401,1366,880,26,305,72,0,2.820338487625122,0
grid_5x5,light,medium,p1_c40,101,2,3,0,3,399,1432,783,52,302,74,0,2.843245029449463,0
grid_5x5,light,medium,p1_mp2,42,2,3,3,0,418,1407,940,2,330,63,0,2.223949432373047,0
grid_5x5,light,medium,p1_c80,101,2,3,0,3,399,1432,783,52,302,74,0,2.7816030979156494,0
grid_5x5,light,medium,p1_probes_h1,42,2,3,3,0,406,1384,873,2,308,72,3,2.0753393173217773,0
grid_5x5,light,medium,p1_c80,202,1,3,0,3,392,1386,793,26,300,71,0,2.847118377685547,0
grid_5x5,light,medium,p1_c100,101,2,3,0,3,399,1432,783,52,302,74,0,2.866478443145752,0
grid_5x5,light,medium,p1_probes_h5,101,2,3,3,0,422,1403,926,33,323,71,3,1.9077036380767822,0
grid_5x5,light,medium,p1_c100,202,1,3,0,3,392,1386,793,26,300,71,0,2.8239152431488037,0
grid_5x5,light,medium,p1_c100,42,1,3,0,3,401,1366,880,26,305,72,0,2.9475929737091064,0
grid_5x5,light,medium,p1_c120,202,3,3,3,0,496,1768,1017,65,400,71,0,2.89225435256958,0
grid_5x5,light,medium,p1_c120,101,2,3,3,0,416,1444,871,33,326,66,0,2.954101324081421,0
grid_5x5,light,medium,p1_c120,42,2,3,3,0,418,1407,940,2,330,63,0,2.9739909172058105,0
grid_5x5,light,medium,p1_mp2,101,2,3,3,0,416,1444,871,33,326,66,0,2.8107666969299316,0
grid_5x5,light,medium,p1_mp3,202,3,3,3,0,496,1768,1017,65,400,71,0,2.7776379585266113,0
grid_5x5,light,medium,p1_mp2,202,3,3,3,0,496,1768,1017,65,400,71,0,2.8760569095611572,0
grid_5x5,light,medium,p1_mp3,101,2,3,3,0,416,1444,871,33,326,66,0,2.876225471496582,0
grid_5x5,light,medium,p1_mp3,42,2,3,3,0,418,1407,940,2,330,63,0,2.903640031814575,0
grid_5x5,light,medium,p1_mp4,101,2,3,3,0,416,1444,871,33,326,66,0,2.8062148094177246,0
grid_5x5,light,medium,p1_mp4,42,2,3,3,0,418,1407,940,2,330,63,0,2.8967788219451904,0
grid_5x5,light,medium,p1_mp4,202,3,3,3,0,496,1768,1017,65,400,71,0,2.880872964859009,0
grid_5x5,light,medium,p1_probes_h1,101,2,3,3,0,422,1403,926,33,323,71,3,2.857506275177002,0
grid_5x5,light,medium,p1_probes_h2,202,3,3,3,0,502,1780,1021,65,400,74,3,2.678191900253296,0
grid_5x5,light,medium,p1_probes_h2,42,2,3,3,0,408,1390,874,2,308,74,3,2.8516318798065186,0
grid_5x5,light,medium,p1_probes_h1,202,3,3,3,0,502,1780,1021,65,400,74,3,2.947596788406372,0
grid_5x5,light,medium,p1_probes_h2,101,2,3,3,0,422,1403,926,33,323,71,3,2.849740743637085,0
grid_5x5,light,medium,p1_probes_h3,202,3,3,3,0,502,1780,1021,65,400,74,3,2.820730447769165,0
grid_5x5,light,medium,p1_probes_h3,42,2,3,3,0,408,1390,874,2,308,74,3,2.900613307952881,0
grid_5x5,light,medium,p1_probes_h3,101,2,3,3,0,422,1403,926,33,323,71,3,2.8994030952453613,0
grid_5x5,light,medium,p1_probes_h5,42,2,3,3,0,408,1390,874,2,308,74,3,2.901186943054199,0
grid_5x5,light,sparse,baseline,202,2,2,2,0,250,949,462,2,175,61,0,2.2336435317993164,0
grid_5x5,light,medium,p1_probes_h5,202,3,3,3,0,502,1780,1021,65,400,74,3,2.850903272628784,0
grid_5x5,light,medium,p1_auto,101,2,3,3,0,416,1444,871,33,326,66,0,2.773818254470825,0
grid_5x5,light,sparse,baseline,42,1,2,2,0,252,947,471,27,174,63,0,2.66658616065979,0
grid_5x5,light,medium,p1_auto,42,2,3,3,0,418,1407,940,2,330,63,0,2.910644054412842,0
grid_5x5,light,sparse,p1_etl_300,202,2,2,2,0,250,949,462,2,175,61,0,2.1543455123901367,0
grid_5x5,light,sparse,p1_default,42,1,2,2,0,252,947,471,27,174,63,0,2.720607280731201,0
grid_5x5,light,sparse,baseline,101,1,2,2,0,225,853,398,1,151,61,0,2.789426326751709,0
grid_5x5,light,medium,p1_auto,202,3,3,3,0,496,1768,1017,65,400,71,0,2.979741096496582,0
grid_5x5,light,sparse,p1_etl_7200,202,2,2,2,0,250,949,462,2,175,61,0,2.031303882598877,0
grid_5x5,light,sparse,p1_penalty_off,42,1,2,2,0,252,947,471,27,174,63,0,2.7513608932495117,0
grid_5x5,light,sparse,p1_penalty_off,202,2,2,2,0,250,949,462,2,175,61,0,2.6110782623291016,0
grid_5x5,light,sparse,p1_default,101,1,2,2,0,225,853,398,1,151,61,0,2.864537239074707,0
grid_5x5,light,sparse,p1_default,202,2,2,2,0,250,949,462,2,175,61,0,2.861967086791992,0
grid_5x5,light,sparse,p1_penalty_off,101,1,2,2,0,225,853,398,1,151,61,0,2.8238799571990967,0
grid_5x5,light,sparse,p1_etl_300,42,1,2,2,0,252,947,471,27,174,63,0,2.7045466899871826,0
grid_5x5,light,sparse,p1_etl_60,202,2,2,2,0,250,949,462,2,175,61,0,2.8021740913391113,0
grid_5x5,light,sparse,p1_etl_60,42,1,2,2,0,252,947,471,27,174,63,0,2.926805019378662,0
grid_5x5,light,sparse,p1_etl_300,101,1,2,2,0,225,853,398,1,151,61,0,2.7643632888793945,0
grid_5x5,light,sparse,p1_etl_1800,202,2,2,2,0,250,949,462,2,175,61,0,2.749891996383667,0
grid_5x5,light,sparse,p1_etl_7200,101,1,2,2,0,225,853,398,1,151,61,0,2.6391263008117676,0
grid_5x5,light,sparse,p1_etl_1800,42,1,2,2,0,252,947,471,27,174,63,0,2.8202872276306152,0
grid_5x5,light,sparse,p1_etl_1800,101,1,2,2,0,225,853,398,1,151,61,0,2.827848434448242,0
grid_5x5,light,sparse,p1_etl_60,101,1,2,2,0,225,853,398,1,151,61,0,3.0391225814819336,0
grid_5x5,light,sparse,p1_etl_7200,42,1,2,2,0,252,947,471,27,174,63,0,2.761561155319214,0
grid_5x5,light,sparse,p1_etl_86400,42,1,2,2,0,252,947,471,27,174,63,0,2.80070161819458,0
grid_5x5,light,sparse,p1_etl_86400,101,1,2,2,0,225,853,398,1,151,61,0,2.7977423667907715,0
grid_5x5,light,sparse,p1_etl_86400,202,2,2,2,0,250,949,462,2,175,61,0,2.796187162399292,0
grid_5x5,light,sparse,p1_c40,42,0,2,0,2,202,761,368,0,124,65,0,2.6890859603881836,0
grid_5x5,light,sparse,p1_c100,42,0,2,0,2,202,761,368,0,124,65,0,2.200958728790283,0
grid_5x5,light,sparse,p1_c100,101,1,2,0,2,229,870,396,25,150,66,0,2.20041823387146,0
grid_5x5,light,sparse,p1_c40,101,1,2,0,2,229,870,396,25,150,66,0,2.80135440826416,0
grid_5x5,light,sparse,p1_mp4,202,2,2,2,0,250,949,462,2,175,61,0,1.9414012432098389,0
grid_5x5,light,sparse,p1_c40,202,1,2,0,2,232,882,423,26,150,69,0,2.8064634799957275,0
grid_5x5,light,sparse,p1_c80,101,1,2,0,2,229,870,396,25,150,66,0,2.710557460784912,0
grid_5x5,light,sparse,p1_c80,42,0,2,0,2,202,761,368,0,124,65,0,2.7755160331726074,0
grid_5x5,light,sparse,p1_c80,202,1,2,0,2,232,882,423,26,150,69,0,2.7877821922302246,0
grid_5x5,light,sparse,p1_c100,202,1,2,0,2,232,882,423,26,150,69,0,2.779515027999878,0
grid_5x5,light,sparse,p1_c120,42,1,2,2,0,252,947,471,27,174,63,0,2.7921576499938965,0
grid_5x5,light,sparse,p1_c120,101,1,2,2,0,225,853,398,1,151,61,0,2.8790910243988037,0
grid_5x5,light,sparse,p1_mp2,101,1,2,2,0,225,853,398,1,151,61,0,2.791266918182373,0
grid_5x5,light,sparse,p1_mp2,42,1,2,2,0,252,947,471,27,174,63,0,2.8306872844696045,0
grid_5x5,light,sparse,p1_c120,202,2,2,2,0,250,949,462,2,175,61,0,2.9054765701293945,0
grid_5x5,light,sparse,p1_mp3,202,2,2,2,0,250,949,462,2,175,61,0,2.63901424407959,0
grid_5x5,light,sparse,p1_mp3,42,1,2,2,0,252,947,471,27,174,63,0,2.766310691833496,0
grid_5x5,light,sparse,p1_mp2,202,2,2,2,0,250,949,462,2,175,61,0,2.8476715087890625,0
grid_5x5,light,sparse,p1_mp3,101,1,2,2,0,225,853,398,1,151,61,0,2.871914863586426,0
grid_5x5,light,sparse,p1_mp4,42,1,2,2,0,252,947,471,27,174,63,0,2.8326220512390137,0
grid_5x5,light,sparse,p1_mp4,101,1,2,2,0,225,853,398,1,151,61,0,2.8174233436584473,0
grid_5x5,light,sparse,p1_probes_h1,202,2,2,2,0,259,978,465,2,175,67,3,2.80714750289917,0
grid_5x5,light,sparse,p1_probes_h1,101,1,2,2,0,261,991,458,27,178,67,2,2.840294599533081,0
grid_5x5,light,sparse,p1_probes_h1,42,2,3,3,0,312,1110,636,29,224,70,2,2.8570706844329834,0
grid_5x5,light,sparse,p1_probes_h2,101,1,2,2,0,267,1015,458,27,178,72,3,2.693336009979248,0
grid_5x5,light,sparse,p1_probes_h2,42,2,3,3,0,316,1121,640,29,224,73,3,2.922373056411743,0
grid_5x5,light,sparse,p1_probes_h3,42,2,3,3,0,316,1121,640,29,224,73,3,2.70038104057312,0
grid_5x5,light,sparse,p1_probes_h2,202,2,2,2,0,261,994,465,2,175,69,3,2.8919970989227295,0
grid_5x5,light,sparse,p1_probes_h3,202,2,2,2,0,261,994,465,2,175,69,3,2.6498851776123047,0
grid_5x5,light,sparse,p1_probes_h3,101,1,2,2,0,267,1015,458,27,178,72,3,2.7029354572296143,0
grid_5x5,light,sparse,p1_probes_h5,42,2,3,3,0,316,1121,640,29,224,73,3,2.7365317344665527,0
grid_5x5,light,sparse,p1_probes_h5,101,1,2,2,0,267,1015,458,27,178,72,3,2.687448263168335,0
grid_5x5,light,sparse,p1_auto,101,1,2,2,0,225,853,398,1,151,61,0,2.6399545669555664,0
grid_5x5,light,sparse,p1_probes_h5,202,2,2,2,0,261,994,465,2,175,69,3,2.798232316970825,0
grid_5x5,medium,medium,p1_default,101,6,6,4,2,543,1898,1127,95,427,84,0,2.338458776473999,0
grid_5x5,medium,medium,baseline,42,5,6,4,2,557,1937,1193,82,455,69,0,2.729193687438965,0
grid_5x5,light,sparse,p1_auto,42,1,2,2,0,252,947,471,27,174,63,0,2.880465507507324,0
grid_5x5,light,sparse,p1_auto,202,2,2,2,0,250,949,462,2,175,61,0,2.9164743423461914,0
grid_5x5,medium,medium,baseline,101,6,6,4,2,543,1898,1127,95,427,84,0,2.7774159908294678,0
grid_5x5,medium,medium,baseline,202,6,6,5,1,546,1907,1155,57,450,66,0,2.7488300800323486,0
grid_5x5,medium,medium,p1_etl_1800,42,5,6,4,2,557,1937,1193,82,455,69,0,2.2518820762634277,0
grid_5x5,medium,medium,p1_etl_60,202,6,6,5,1,546,1907,1155,57,450,66,0,2.410696268081665,0
grid_5x5,medium,medium,p1_default,42,5,6,4,2,557,1937,1193,82,455,69,0,2.8736884593963623,0
grid_5x5,medium,medium,p1_default,202,6,6,5,1,546,1907,1155,57,450,66,0,2.8639235496520996,0
grid_5x5,medium,medium,p1_penalty_off,101,6,6,4,2,543,1898,1127,95,427,84,0,2.800086736679077,0
grid_5x5,medium,medium,p1_penalty_off,42,5,6,4,2,557,1937,1193,82,455,69,0,2.9091310501098633,0
grid_5x5,medium,medium,p1_penalty_off,202,6,6,5,1,546,1907,1155,57,450,66,0,2.9083266258239746,0
grid_5x5,medium,medium,p1_etl_60,42,5,6,4,2,557,1937,1193,82,455,69,0,2.9457406997680664,0
grid_5x5,medium,medium,p1_etl_60,101,6,6,4,2,543,1898,1127,95,427,84,0,2.925825595855713,0
grid_5x5,medium,medium,p1_etl_300,42,5,6,4,2,557,1937,1193,82,455,69,0,2.828583240509033,0
grid_5x5,medium,medium,p1_etl_300,202,6,6,5,1,546,1907,1155,57,450,66,0,2.7922861576080322,0
grid_5x5,medium,medium,p1_etl_1800,101,6,6,4,2,543,1898,1127,95,427,84,0,2.7360055446624756,0
grid_5x5,medium,medium,p1_etl_300,101,6,6,4,2,543,1898,1127,95,427,84,0,2.998250722885132,0
grid_5x5,medium,medium,p1_etl_1800,202,6,6,5,1,546,1907,1155,57,450,66,0,2.8564538955688477,0
grid_5x5,medium,medium,p1_etl_7200,42,5,6,4,2,557,1937,1193,82,455,69,0,2.885382652282715,0
grid_5x5,medium,medium,p1_etl_7200,101,6,6,4,2,543,1898,1127,95,427,84,0,2.7676479816436768,0
grid_5x5,medium,medium,p1_etl_86400,42,5,6,4,2,557,1937,1193,82,455,69,0,2.80239200592041,0
grid_5x5,medium,medium,p1_etl_7200,202,6,6,5,1,546,1907,1155,57,450,66,0,2.8910157680511475,0
grid_5x5,medium,medium,p1_c80,42,4,6,0,6,499,1746,1035,104,380,89,0,2.3224895000457764,0
grid_5x5,medium,medium,p1_etl_86400,101,6,6,4,2,543,1898,1127,95,427,84,0,2.874657392501831,0
grid_5x5,medium,medium,p1_c40,42,4,6,0,6,499,1746,1035,104,380,89,0,2.7665152549743652,0
grid_5x5,medium,medium,p1_c80,101,6,6,0,6,529,1888,1039,156,402,97,0,2.584939479827881,0
grid_5x5,medium,medium,p1_c120,42,5,6,4,2,557,1937,1193,82,455,69,0,2.299757242202759,0
grid_5x5,medium,medium,p1_etl_86400,202,6,6,5,1,546,1907,1155,57,450,66,0,2.9122390747070312,0
grid_5x5,medium,medium,p1_c40,101,6,6,0,6,529,1888,1039,156,402,97,0,2.865730047225952,0
grid_5x5,medium,medium,p1_c40,202,3,6,0,6,463,1664,906,78,350,87,0,2.8419666290283203,0
grid_5x5,medium,medium,p1_c80,202,3,6,0,6,463,1664,906,78,350,87,0,2.837843894958496,0
grid_5x5,medium,medium,p1_mp3,101,6,6,4,2,576,2041,1164,126,452,89,0,2.1842644214630127,0
grid_5x5,medium,medium,p1_c100,42,4,6,0,6,499,1746,1035,104,380,89,0,2.8506674766540527,0
grid_5x5,medium,medium,p1_c100,101,6,6,0,6,529,1888,1039,156,402,97,0,2.8946280479431152,0
grid_5x5,medium,medium,p1_c120,202,6,6,5,1,546,1907,1155,57,450,66,0,2.707277774810791,0
grid_5x5,medium,medium,p1_c100,202,3,6,0,6,463,1664,906,78,350,87,0,2.925666570663452,0
grid_5x5,medium,medium,p1_mp2,101,6,6,4,2,570,1989,1186,121,452,84,0,2.7241854667663574,0
grid_5x5,medium,medium,p1_c120,101,6,6,4,2,543,1898,1127,95,427,84,0,2.8417325019836426,0
grid_5x5,medium,medium,p1_mp2,42,5,6,4,2,559,1938,1194,82,455,69,0,2.8914361000061035,0
grid_5x5,medium,medium,p1_mp3,42,5,6,4,2,561,1939,1195,82,455,69,0,2.8224589824676514,0
grid_5x5,medium,medium,p1_mp2,202,6,6,5,1,547,1904,1159,57,450,66,0,2.9541783332824707,0
grid_5x5,medium,medium,p1_mp3,202,6,6,5,1,548,1911,1153,57,450,66,0,2.7994778156280518,0
grid_5x5,medium,medium,p1_mp4,42,6,6,4,2,622,2159,1316,135,505,76,0,2.9408650398254395,0
grid_5x5,medium,medium,p1_mp4,101,6,6,4,2,577,2042,1164,126,452,89,0,2.8872249126434326,0
grid_5x5,medium,medium,p1_mp4,202,6,6,5,1,548,1911,1153,57,450,66,0,2.876725196838379,0
grid_5x5,medium,medium,p1_probes_h1,42,4,6,5,1,520,1810,1090,61,408,79,3,2.970766544342041,0
grid_5x5,medium,medium,p1_probes_h1,101,6,6,5,1,560,1931,1165,88,448,76,3,2.8974320888519287,0
grid_5x5,medium,medium,p1_probes_h1,202,6,6,5,1,552,1919,1159,57,450,69,3,2.9591565132141113,0
grid_5x5,medium,medium,p1_probes_h3,101,6,6,5,1,560,1931,1165,88,448,76,3,2.4275245666503906,0
grid_5x5,medium,medium,p1_probes_h2,42,4,6,5,1,522,1815,1092,61,408,81,3,2.8856658935546875,0
grid_5x5,medium,medium,p1_probes_h2,101,6,6,5,1,560,1931,1165,88,448,76,3,2.857480764389038,0
grid_5x5,medium,medium,p1_probes_h5,202,6,6,5,1,552,1919,1159,57,450,69,3,2.4083313941955566,0
grid_5x5,medium,medium,p1_probes_h3,42,4,6,5,1,522,1815,1092,61,408,81,3,2.837235927581787,0
grid_5x5,medium,medium,p1_probes_h5,42,4,6,5,1,522,1815,1092,61,408,81,3,2.6482436656951904,0
grid_5x5,medium,medium,p1_probes_h2,202,6,6,5,1,552,1919,1159,57,450,69,3,3.0616657733917236,0
grid_5x5,medium,medium,p1_auto,42,5,6,4,2,557,1937,1193,82,455,69,0,2.7351622581481934,0
grid_5x5,medium,medium,p1_probes_h3,202,6,6,5,1,552,1919,1159,57,450,69,3,2.9589014053344727,0
grid_5x5,medium,medium,p1_probes_h5,101,6,6,5,1,560,1931,1165,88,448,76,3,2.950111150741577,0
grid_5x5,medium,sparse,baseline,101,4,4,4,0,336,1267,611,35,251,66,0,2.501460552215576,0
grid_5x5,medium,sparse,baseline,42,2,4,2,2,318,1173,606,64,224,75,0,2.7275116443634033,0
grid_5x5,medium,medium,p1_auto,101,6,6,4,2,543,1898,1127,95,427,84,0,2.8137755393981934,0
grid_5x5,medium,medium,p1_auto,202,6,6,5,1,546,1907,1155,57,450,66,0,2.852505922317505,0
grid_5x5,medium,sparse,baseline,202,4,4,4,0,330,1222,638,30,250,61,0,2.6575310230255127,0
grid_5x5,medium,sparse,p1_default,42,2,4,2,2,318,1173,606,64,224,75,0,2.7278518676757812,0
grid_5x5,medium,sparse,p1_default,202,4,4,4,0,330,1222,638,30,250,61,0,2.7382619380950928,0
grid_5x5,medium,sparse,p1_default,101,4,4,4,0,336,1267,611,35,251,66,0,2.8100204467773438,0
grid_5x5,medium,sparse,p1_penalty_off,42,2,4,2,2,318,1173,606,64,224,75,0,2.9151787757873535,0
grid_5x5,medium,sparse,p1_penalty_off,101,4,4,4,0,336,1267,611,35,251,66,0,2.8352818489074707,0
grid_5x5,medium,sparse,p1_etl_60,101,4,4,4,0,336,1267,611,35,251,66,0,2.601449489593506,0
grid_5x5,medium,sparse,p1_etl_60,42,2,4,2,2,318,1173,606,64,224,75,0,2.8064825534820557,0
grid_5x5,medium,sparse,p1_penalty_off,202,4,4,4,0,330,1222,638,30,250,61,0,2.8244497776031494,0
grid_5x5,medium,sparse,p1_etl_60,202,4,4,4,0,330,1222,638,30,250,61,0,2.747868776321411,0
grid_5x5,medium,sparse,p1_etl_1800,42,2,4,2,2,318,1173,606,64,224,75,0,2.4748456478118896,0
grid_5x5,medium,sparse,p1_etl_300,42,2,4,2,2,318,1173,606,64,224,75,0,2.6910183429718018,0
grid_5x5,medium,sparse,p1_etl_300,101,4,4,4,0,336,1267,611,35,251,66,0,2.688095808029175,0
grid_5x5,medium,sparse,p1_etl_300,202,4,4,4,0,330,1222,638,30,250,61,0,2.75577712059021,0
grid_5x5,medium,sparse,p1_etl_1800,202,4,4,4,0,330,1222,638,30,250,61,0,2.5747203826904297,0
grid_5x5,medium,sparse,p1_etl_1800,101,4,4,4,0,336,1267,611,35,251,66,0,2.9206600189208984,0
grid_5x5,medium,sparse,p1_etl_7200,42,2,4,2,2,318,1173,606,64,224,75,0,2.8476850986480713,0
grid_5x5,medium,sparse,p1_etl_7200,101,4,4,4,0,336,1267,611,35,251,66,0,2.8120839595794678,0
grid_5x5,medium,sparse,p1_etl_7200,202,4,4,4,0,330,1222,638,30,250,61,0,2.813058853149414,0
grid_5x5,medium,sparse,p1_etl_86400,42,2,4,2,2,318,1173,606,64,224,75,0,2.8125953674316406,0
grid_5x5,medium,sparse,p1_c100,101,4,4,0,4,325,1251,539,104,226,81,0,2.1505799293518066,0
grid_5x5,medium,sparse,p1_etl_86400,101,4,4,4,0,336,1267,611,35,251,66,0,2.7773542404174805,0
grid_5x5,medium,sparse,p1_etl_86400,202,4,4,4,0,330,1222,638,30,250,61,0,2.79337739944458,0
grid_5x5,medium,sparse,p1_c40,42,2,4,0,4,267,1014,469,52,174,76,0,2.7759838104248047,0
grid_5x5,medium,sparse,p1_c80,42,2,4,0,4,267,1014,469,52,174,76,0,2.6741514205932617,0
grid_5x5,medium,sparse,p1_c40,202,3,4,0,4,298,1141,529,78,200,81,0,2.835960865020752,0
grid_5x5,medium,sparse,p1_c40,101,4,4,0,4,325,1251,539,104,226,81,0,2.897813558578491,0
grid_5x5,medium,sparse,p1_c120,202,4,4,4,0,330,1222,638,30,250,61,0,2.220574140548706,0
grid_5x5,medium,sparse,p1_c80,101,4,4,0,4,325,1251,539,104,226,81,0,2.8477087020874023,0
grid_5x5,medium,sparse,p1_c80,202,3,4,0,4,298,1141,529,78,200,81,0,2.803471088409424,0
grid_5x5,medium,sparse,p1_c120,42,2,4,2,2,318,1173,606,64,224,75,0,2.5947325229644775,0
grid_5x5,medium,sparse,p1_c100,42,2,4,0,4,267,1014,469,52,174,76,0,2.8240764141082764,0
grid_5x5,medium,sparse,p1_c100,202,3,4,0,4,298,1141,529,78,200,81,0,2.774163007736206,0
grid_5x5,medium,sparse,p1_mp4,101,4,4,4,0,336,1267,611,35,251,66,0,2.162750720977783,0
grid_5x5,medium,sparse,p1_c120,101,4,4,4,0,336,1267,611,35,251,66,0,2.790715217590332,0
grid_5x5,medium,sparse,p1_mp2,101,4,4,4,0,336,1267,611,35,251,66,0,2.830371379852295,0
grid_5x5,medium,sparse,p1_mp2,42,3,4,2,2,329,1224,601,70,224,83,0,2.9324097633361816,0
grid_5x5,medium,sparse,p1_mp2,202,4,4,4,0,330,1222,638,30,250,61,0,2.9056501388549805,0
grid_5x5,medium,sparse,p1_mp3,42,3,4,2,2,331,1225,602,70,224,83,0,2.8003764152526855,0
grid_5x5,medium,sparse,p1_mp3,101,4,4,4,0,336,1267,611,35,251,66,0,2.887667655944824,0
grid_5x5,medium,sparse,p1_mp3,202,4,4,4,0,330,1222,638,30,250,61,0,2.881422519683838,0
grid_5x5,medium,sparse,p1_mp4,42,4,4,2,2,344,1277,602,76,224,93,0,2.8656392097473145,0
grid_5x5,medium,sparse,p1_probes_h1,42,4,6,5,1,373,1338,749,35,274,76,2,2.4290130138397217,0
grid_5x5,medium,sparse,p1_mp4,202,4,4,4,0,330,1222,638,30,250,61,0,2.8090105056762695,0
grid_5x5,medium,sparse,p1_probes_h1,202,4,4,4,0,344,1293,625,35,250,72,3,2.784766674041748,0
grid_5x5,medium,sparse,p1_probes_h3,101,4,4,4,0,347,1298,624,30,253,72,3,2.473398208618164,0
grid_5x5,medium,sparse,p1_probes_h5,202,4,4,4,0,346,1309,625,35,250,74,3,2.316380262374878,0
grid_5x5,medium,sparse,p1_probes_h2,101,4,4,4,0,347,1298,624,30,253,72,3,2.7731704711914062,0
grid_5x5,medium,sparse,p1_probes_h1,101,4,4,4,0,341,1274,624,30,253,67,2,2.9167845249176025,0
grid_5x5,medium,sparse,p1_probes_h2,42,4,6,5,1,379,1360,751,35,274,81,3,2.8456740379333496,0
grid_5x5,medium,sparse,p1_probes_h2,202,4,4,4,0,346,1309,625,35,250,74,3,2.8277387619018555,0
grid_5x5,medium,sparse,p1_probes_h5,42,4,6,5,1,379,1360,751,35,274,81,3,2.5180671215057373,0
grid_5x5,medium,sparse,p1_probes_h3,42,4,6,5,1,379,1360,751,35,274,81,3,2.858548879623413,0
grid_5x5,medium,sparse,p1_probes_h3,202,4,4,4,0,346,1309,625,35,250,74,3,2.8350110054016113,0
grid_5x5,medium,sparse,p1_probes_h5,101,4,4,4,0,347,1298,624,30,253,72,3,2.7942471504211426,0
grid_5x5,medium,sparse,p1_auto,42,2,4,2,2,318,1173,606,64,224,75,0,2.9318764209747314,0
grid_5x5,heavy,medium,p1_default,42,11,12,10,2,709,2434,1511,108,576,88,0,2.5710527896881104,0
grid_5x5,medium,sparse,p1_auto,101,4,4,4,0,336,1267,611,35,251,66,0,2.908024787902832,0
grid_5x5,medium,sparse,p1_auto,202,4,4,4,0,330,1222,638,30,250,61,0,2.9145290851593018,0
grid_5x5,heavy,medium,baseline,42,11,12,10,2,709,2434,1511,108,576,88,0,2.907672882080078,0
grid_5x5,heavy,medium,baseline,101,7,8,5,3,541,1898,1105,111,428,79,0,2.9397666454315186,0
grid_5x5,heavy,medium,baseline,202,10,11,8,3,641,2188,1357,135,524,76,0,2.9271504878997803,0
grid_5x5,heavy,medium,p1_penalty_off,202,10,11,8,3,641,2188,1357,135,524,76,0,2.4659783840179443,0
grid_5x5,heavy,medium,p1_default,101,7,8,5,3,541,1898,1105,111,428,79,0,2.778205633163452,0
grid_5x5,heavy,medium,p1_etl_60,42,11,12,10,2,709,2434,1511,108,576,88,0,2.510098457336426,0
grid_5x5,heavy,medium,p1_penalty_off,42,11,12,10,2,709,2434,1511,108,576,88,0,2.772449016571045,0
grid_5x5,heavy,medium,p1_default,202,10,11,8,3,641,2188,1357,135,524,76,0,2.874246120452881,0
grid_5x5,heavy,medium,p1_penalty_off,101,7,8,5,3,541,1898,1105,111,428,79,0,2.866607189178467,0
grid_5x5,heavy,medium,p1_etl_60,101,7,8,5,3,541,1898,1105,111,428,79,0,2.8865630626678467,0
grid_5x5,heavy,medium,p1_etl_60,202,10,11,8,3,641,2188,1357,135,524,76,0,2.8252408504486084,0
grid_5x5,heavy,medium,p1_etl_300,42,11,12,10,2,709,2434,1511,108,576,88,0,2.6089720726013184,0
grid_5x5,heavy,medium,p1_etl_300,101,7,8,5,3,541,1898,1105,111,428,79,0,2.694013833999634,0
grid_5x5,heavy,medium,p1_etl_7200,42,11,12,10,2,709,2434,1511,108,576,88,0,2.3135769367218018,0
grid_5x5,heavy,medium,p1_etl_7200,101,7,8,5,3,541,1898,1105,111,428,79,0,2.3556923866271973,0
grid_5x5,heavy,medium,p1_etl_86400,42,11,12,10,2,709,2434,1511,108,576,88,0,2.640611410140991,0
grid_5x5,heavy,medium,p1_etl_1800,101,7,8,5,3,541,1898,1105,111,428,79,0,2.783846616744995,0
grid_5x5,heavy,medium,p1_etl_300,202,10,11,8,3,641,2188,1357,135,524,76,0,2.854468584060669,0
grid_5x5,heavy,medium,p1_etl_7200,202,10,11,8,3,641,2188,1357,135,524,76,0,2.7721822261810303,0
grid_5x5,heavy,medium,p1_etl_1800,42,11,12,10,2,709,2434,1511,108,576,88,0,2.915234327316284,0
grid_5x5,heavy,medium,p1_etl_86400,101,7,8,5,3,541,1898,1105,111,428,79,0,2.7169029712677,0
grid_5x5,heavy,medium,p1_etl_1800,202,10,11,8,3,641,2188,1357,135,524,76,0,2.959852695465088,0
grid_5x5,heavy,medium,p1_etl_86400,202,10,11,8,3,641,2188,1357,135,524,76,0,2.906855344772339,0
grid_5x5,heavy,medium,p1_c100,101,6,8,4,4,488,1722,969,81,378,78,0,2.4024953842163086,0
grid_5x5,heavy,medium,p1_c40,42,9,12,0,12,671,2384,1316,234,509,122,0,2.9237449169158936,0
grid_5x5,heavy,medium,p1_c40,202,4,12,0,12,459,1656,830,104,326,100,0,2.8421757221221924,0
grid_5x5,heavy,medium,p1_c40,101,6,8,4,4,488,1722,969,81,378,78,0,2.8807730674743652,0
grid_5x5,heavy,medium,p1_c80,42,9,12,0,12,671,2384,1316,234,509,122,0,2.9315602779388428,0
grid_5x5,heavy,medium,p1_c80,101,6,8,4,4,488,1722,969,81,378,78,0,2.940078020095825,0
grid_5x5,heavy,medium,p1_c80,202,4,12,0,12,459,1656,830,104,326,100,0,2.932784080505371,0
grid_5x5,heavy,medium,p1_c100,202,4,12,0,12,459,1656,830,104,326,100,0,2.779811143875122,0
grid_5x5,heavy,medium,p1_c100,42,9,12,0,12,671,2384,1316,234,509,122,0,2.9938313961029053,0
grid_5x5,heavy,medium,p1_c120,202,10,11,8,3,641,2188,1357,135,524,76,0,2.5671885013580322,0
grid_5x5,heavy,medium,p1_c120,42,11,12,10,2,709,2434,1511,108,576,88,0,2.9124021530151367,0
grid_5x5,heavy,medium,p1_c120,101,7,8,5,3,541,1898,1105,111,428,79,0,2.870816946029663,0
grid_5x5,heavy,medium,p1_mp2,42,11,12,10,2,686,2346,1458,83,551,89,0,2.805669069290161,0
grid_5x5,heavy,medium,p1_mp2,101,6,8,4,4,537,1893,1057,124,403,96,0,2.798630475997925,0
grid_5x5,heavy,medium,p1_mp2,202,9,11,8,3,627,2169,1279,143,501,83,0,2.8037166595458984,0
grid_5x5,heavy,medium,p1_mp3,42,11,12,10,2,687,2346,1456,82,551,88,0,2.892397403717041,0
grid_5x5,heavy,medium,p1_mp3,202,10,11,8,3,623,2133,1282,111,501,76,0,2.5429065227508545,0
grid_5x5,heavy,medium,p1_mp3,101,6,8,4,4,551,1915,1115,136,428,82,0,2.896466016769409,0
grid_5x5,heavy,medium,p1_mp4,42,11,12,10,2,694,2375,1455,87,551,93,0,2.8966033458709717,0
grid_5x5,heavy,medium,p1_mp4,101,7,8,5,3,583,2039,1161,144,453,86,0,2.9630043506622314,0
grid_5x5,heavy,medium,p1_mp4,202,9,11,7,4,622,2161,1225,149,476,96,0,2.8688266277313232,0
grid_5x5,heavy,medium,p1_probes_h1,101,10,12,11,1,638,2191,1327,48,506,87,3,2.8055856227874756,0
grid_5x5,heavy,medium,p1_probes_h1,202,9,11,7,4,633,2203,1280,161,501,89,3,2.78710675239563,0
grid_5x5,heavy,medium,p1_probes_h3,101,10,12,11,1,640,2198,1327,48,506,89,3,2.3258776664733887,0
grid_5x5,heavy,medium,p1_probes_h1,42,10,12,8,4,622,2239,1172,95,450,127,3,2.9185850620269775,0
grid_5x5,heavy,medium,p1_probes_h2,101,10,12,11,1,640,2198,1327,48,506,89,3,2.8897485733032227,0
grid_5x5,heavy,medium,p1_probes_h2,202,9,11,7,4,635,2210,1280,161,501,91,3,2.8294553756713867,0
grid_5x5,heavy,medium,p1_probes_h2,42,10,12,8,4,624,2246,1172,95,450,129,3,2.935481309890747,0
grid_5x5,heavy,medium,p1_probes_h5,42,10,12,8,4,624,2246,1172,95,450,129,3,2.458601236343384,0
grid_5x5,heavy,medium,p1_probes_h3,202,9,11,7,4,635,2210,1280,161,501,91,3,2.8284287452697754,0
grid_5x5,heavy,medium,p1_probes_h3,42,10,12,8,4,624,2246,1172,95,450,129,3,2.992840051651001,0
grid_5x5,heavy,medium,p1_auto,101,7,8,5,3,541,1898,1105,111,428,79,0,2.660285472869873,0
grid_5x5,heavy,sparse,p1_default,101,7,8,5,3,371,1393,627,53,249,96,0,2.301661491394043,0
grid_5x5,heavy,medium,p1_auto,202,10,11,8,3,641,2188,1357,135,524,76,0,2.6576249599456787,0
grid_5x5,heavy,medium,p1_probes_h5,101,10,12,11,1,640,2198,1327,48,506,89,3,2.9079082012176514,0
grid_5x5,heavy,sparse,baseline,101,7,8,5,3,371,1393,627,53,249,96,0,2.7089662551879883,0
grid_5x5,heavy,medium,p1_probes_h5,202,9,11,7,4,635,2210,1280,161,501,91,3,2.900984048843384,0
grid_5x5,heavy,medium,p1_auto,42,11,12,10,2,709,2434,1511,108,576,88,0,2.9642796516418457,0
grid_5x5,heavy,sparse,baseline,42,8,8,8,0,414,1463,855,8,324,63,0,2.8453938961029053,0
grid_5x5,heavy,sparse,baseline,202,6,8,6,2,393,1423,774,57,300,68,0,2.725006103515625,0
grid_5x5,heavy,sparse,p1_default,42,8,8,8,0,414,1463,855,8,324,63,0,2.753868341445923,0
grid_5x5,heavy,sparse,p1_default,202,6,8,6,2,393,1423,774,57,300,68,0,2.784837245941162,0
grid_5x5,heavy,sparse,p1_penalty_off,42,8,8,8,0,414,1463,855,8,324,63,0,2.655954122543335,0
grid_5x5,heavy,sparse,p1_penalty_off,101,7,8,5,3,371,1393,627,53,249,96,0,2.9234676361083984,0
grid_5x5,heavy,sparse,p1_penalty_off,202,6,8,6,2,393,1423,774,57,300,68,0,2.769217014312744,0
grid_5x5,heavy,sparse,p1_etl_60,42,8,8,8,0,414,1463,855,8,324,63,0,2.744478464126587,0
grid_5x5,heavy,sparse,p1_etl_60,101,7,8,5,3,371,1393,627,53,249,96,0,2.7570834159851074,0
grid_5x5,heavy,sparse,p1_etl_1800,101,7,8,5,3,371,1393,627,53,249,96,0,2.4040169715881348,0
grid_5x5,heavy,sparse,p1_etl_60,202,6,8,6,2,393,1423,774,57,300,68,0,2.9196739196777344,0
grid_5x5,heavy,sparse,p1_etl_300,202,6,8,6,2,393,1423,774,57,300,68,0,2.6730024814605713,0
grid_5x5,heavy,sparse,p1_etl_1800,42,8,8,8,0,414,1463,855,8,324,63,0,2.71334171295166,0
grid_5x5,heavy,sparse,p1_etl_7200,42,8,8,8,0,414,1463,855,8,324,63,0,2.641418218612671,0
grid_5x5,heavy,sparse,p1_etl_300,42,8,8,8,0,414,1463,855,8,324,63,0,2.854919195175171,0
grid_5x5,heavy,sparse,p1_etl_300,101,7,8,5,3,371,1393,627,53,249,96,0,2.9133143424987793,0
grid_5x5,heavy,sparse,p1_etl_7200,101,7,8,5,3,371,1393,627,53,249,96,0,2.763546943664551,0
grid_5x5,heavy,sparse,p1_etl_1800,202,6,8,6,2,393,1423,774,57,300,68,0,2.8186469078063965,0
grid_5x5,heavy,sparse,p1_etl_86400,101,7,8,5,3,371,1393,627,53,249,96,0,2.4471752643585205,0
grid_5x5,heavy,sparse,p1_etl_7200,202,6,8,6,2,393,1423,774,57,300,68,0,2.7575650215148926,0
grid_5x5,heavy,sparse,p1_etl_86400,202,6,8,6,2,393,1423,774,57,300,68,0,2.575331687927246,0
grid_5x5,heavy,sparse,p1_etl_86400,42,8,8,8,0,414,1463,855,8,324,63,0,2.859419822692871,0
grid_5x5,heavy,sparse,p1_c40,42,8,8,0,8,458,1771,769,208,324,107,0,2.875455617904663,0
grid_5x5,heavy,sparse,p1_c40,101,7,8,0,8,424,1603,716,182,301,98,0,2.901995897293091,0
grid_5x5,heavy,sparse,p1_c100,42,8,8,0,8,458,1771,769,208,324,107,0,2.732367753982544,0
grid_5x5,heavy,sparse,p1_c40,202,4,8,0,8,337,1309,561,104,225,90,0,2.9247374534606934,0
grid_5x5,heavy,sparse,p1_c80,101,7,8,0,8,424,1603,716,182,301,98,0,2.8468716144561768,0
grid_5x5,heavy,sparse,p1_c120,42,8,8,8,0,414,1463,855,8,324,63,0,2.442211866378784,0
grid_5x5,heavy,sparse,p1_c80,42,8,8,0,8,458,1771,769,208,324,107,0,2.8838729858398438,0
grid_5x5,heavy,sparse,p1_c80,202,4,8,0,8,337,1309,561,104,225,90,0,2.803560256958008,0
grid_5x5,heavy,sparse,p1_c120,101,7,8,5,3,371,1393,627,53,249,96,0,2.4765708446502686,0
grid_5x5,heavy,sparse,p1_c100,101,7,8,0,8,424,1603,716,182,301,98,0,2.8827950954437256,0
grid_5x5,heavy,sparse,p1_c100,202,4,8,0,8,337,1309,561,104,225,90,0,2.9126474857330322,0
star_5,light,medium,baseline,42,3,3,3,0,61,189,0,12,26,6,0,0.4222567081451416,0
grid_5x5,heavy,sparse,p1_c120,202,6,8,6,2,393,1423,774,57,300,68,0,2.5748932361602783,0
grid_5x5,heavy,sparse,p1_mp2,42,8,8,8,0,414,1463,855,8,324,63,0,2.545779228210449,0
star_5,light,medium,baseline,101,3,3,3,0,60,184,0,12,26,5,0,0.6492254734039307,0
star_5,light,medium,baseline,202,3,3,3,0,60,184,0,12,26,5,0,0.6344268321990967,0
star_5,light,medium,p1_default,42,3,3,3,0,61,189,0,12,26,6,0,0.43947291374206543,0
grid_5x5,heavy,sparse,p1_mp3,42,8,8,8,0,414,1463,855,8,324,63,0,2.2888407707214355,0
grid_5x5,heavy,sparse,p1_mp2,101,7,8,5,3,400,1533,639,79,274,96,0,2.636103868484497,0
star_5,light,medium,p1_default,101,3,3,3,0,60,184,0,12,26,5,0,0.6599159240722656,0
grid_5x5,heavy,sparse,p1_mp2,202,6,8,6,2,395,1433,766,57,300,68,0,2.829432249069214,0
star_5,light,medium,p1_default,202,3,3,3,0,60,184,0,12,26,5,0,0.6509072780609131,0
star_5,light,medium,p1_penalty_off,42,3,3,3,0,61,189,0,12,26,6,0,0.641526460647583,0
grid_5x5,heavy,sparse,p1_mp4,42,8,8,8,0,414,1463,855,8,324,63,0,2.5560879707336426,0
star_5,light,medium,p1_penalty_off,101,3,3,3,0,60,184,0,12,26,5,0,0.624598503112793,0
star_5,light,medium,p1_penalty_off,202,3,3,3,0,60,184,0,12,26,5,0,0.6440417766571045,0
star_5,light,medium,p1_etl_60,101,3,3,3,0,60,184,0,12,26,5,0,0.582327127456665,0
star_5,light,medium,p1_etl_60,42,3,3,3,0,61,189,0,12,26,6,0,0.6468241214752197,0
grid_5x5,heavy,sparse,p1_mp4,202,7,8,6,2,403,1457,764,58,300,71,0,2.6049818992614746,0
grid_5x5,heavy,sparse,p1_probes_h1,101,8,8,4,4,495,1820,955,160,378,87,2,2.511918783187866,0
grid_5x5,heavy,sparse,p1_mp3,101,7,8,5,3,403,1509,666,79,274,96,0,2.828519344329834,0
grid_5x5,heavy,sparse,p1_mp4,101,7,8,5,3,380,1398,631,53,249,96,0,2.741471290588379,0
star_5,light,medium,p1_etl_60,202,3,3,3,0,60,184,0,12,26,5,0,0.6335742473602295,0
grid_5x5,heavy,sparse,p1_mp3,202,6,8,6,2,429,1581,806,89,325,74,0,2.9201629161834717,0
grid_5x5,heavy,sparse,p1_probes_h1,202,6,8,7,1,429,1533,856,63,325,75,3,2.6601815223693848,0
grid_5x5,heavy,sparse,p1_probes_h1,42,11,12,8,4,535,1984,956,94,374,123,3,2.9184417724609375,0
star_5,light,medium,p1_etl_300,42,3,3,3,0,61,189,0,12,26,6,0,0.6148803234100342,0
star_5,light,medium,p1_etl_1800,101,3,3,3,0,60,184,0,12,26,5,0,0.5436866283416748,0
star_5,light,medium,p1_etl_300,202,3,3,3,0,60,184,0,12,26,5,0,0.6295242309570312,0
star_5,light,medium,p1_etl_1800,42,3,3,3,0,61,189,0,12,26,6,0,0.5989651679992676,0
star_5,light,medium,p1_etl_300,101,3,3,3,0,60,184,0,12,26,5,0,0.661414384841919,0
grid_5x5,heavy,sparse,p1_probes_h2,42,11,12,8,4,535,1984,956,94,374,123,3,2.8872201442718506,0
star_5,light,medium,p1_etl_1800,202,3,3,3,0,60,184,0,12,26,5,0,0.6199550628662109,0
star_5,light,medium,p1_etl_7200,42,3,3,3,0,61,189,0,12,26,6,0,0.6375641822814941,0
grid_5x5,heavy,sparse,p1_probes_h2,101,8,8,5,3,461,1725,809,100,328,102,3,2.919628143310547,0
star_5,light,medium,p1_etl_7200,101,3,3,3,0,60,184,0,12,26,5,0,0.6536719799041748,0
star_5,light,medium,p1_etl_86400,42,3,3,3,0,61,189,0,12,26,6,0,0.6047136783599854,0
star_5,light,medium,p1_etl_7200,202,3,3,3,0,60,184,0,12,26,5,0,0.6485707759857178,0
star_5,light,medium,p1_etl_86400,101,3,3,3,0,60,184,0,12,26,5,0,0.596668004989624,0
grid_5x5,heavy,sparse,p1_probes_h2,202,6,8,7,1,431,1543,856,63,325,77,3,2.8264687061309814,0
star_5,light,medium,p1_etl_86400,202,3,3,3,0,60,184,0,12,26,5,0,0.6330180168151855,0
star_5,light,medium,p1_c40,202,3,3,0,3,54,166,0,6,23,5,0,0.5613560676574707,0
grid_5x5,heavy,sparse,p1_probes_h5,202,6,8,7,1,431,1543,856,63,325,77,3,2.475525379180908,0
star_5,light,medium,p1_c40,101,3,3,0,3,54,166,0,6,23,5,0,0.6060695648193359,0
grid_5x5,heavy,sparse,p1_probes_h3,202,6,8,7,1,431,1543,856,63,325,77,3,2.5588879585266113,0
star_5,light,medium,p1_c40,42,3,3,0,3,55,171,0,6,23,6,0,0.6427409648895264,0
grid_5x5,heavy,sparse,p1_probes_h3,42,11,12,8,4,535,1984,956,94,374,123,3,2.886087656021118,0
grid_5x5,heavy,sparse,p1_auto,101,7,8,5,3,371,1393,627,53,249,96,0,2.6606526374816895,0
grid_5x5,heavy,sparse,p1_probes_h3,101,8,8,5,3,461,1725,809,100,328,102,3,2.794670343399048,0
star_5,light,medium,p1_c80,42,3,3,0,3,55,171,0,6,23,6,0,0.6326589584350586,0
star_5,light,medium,p1_c80,202,3,3,0,3,54,166,0,6,23,5,0,0.6078791618347168,0
star_5,light,medium,p1_c120,101,3,3,3,0,60,184,0,12,26,5,0,0.5294344425201416,0
star_5,light,medium,p1_c100,202,3,3,0,3,54,166,0,6,23,5,0,0.5988929271697998,0
star_5,light,medium,p1_c100,42,3,3,0,3,55,171,0,6,23,6,0,0.6363131999969482,0
star_5,light,medium,p1_c80,101,3,3,0,3,54,166,0,6,23,5,0,0.6636569499969482,0
star_5,light,medium,p1_c120,42,3,3,3,0,61,189,0,12,26,6,0,0.5675520896911621,0
grid_5x5,heavy,sparse,p1_probes_h5,101,8,8,5,3,461,1725,809,100,328,102,3,2.795279026031494,0
grid_5x5,heavy,sparse,p1_auto,42,8,8,8,0,414,1463,855,8,324,63,0,2.7877824306488037,0
star_5,light,medium,p1_c100,101,3,3,0,3,54,166,0,6,23,5,0,0.6546132564544678,0
grid_5x5,heavy,sparse,p1_probes_h5,42,11,12,8,4,535,1984,956,94,374,123,3,2.832186222076416,0
star_5,light,medium,p1_mp2,42,3,3,3,0,61,189,0,12,26,6,0,0.6121902465820312,0
star_5,light,medium,p1_c120,202,3,3,3,0,60,184,0,12,26,5,0,0.6450803279876709,0
grid_5x5,heavy,sparse,p1_auto,202,6,8,6,2,393,1423,774,57,300,68,0,2.878661632537842,0
star_5,light,medium,p1_mp2,101,3,3,3,0,60,184,0,12,26,5,0,0.6436221599578857,0
star_5,light,medium,p1_mp2,202,3,3,3,0,60,184,0,12,26,5,0,0.6309504508972168,0
star_5,light,medium,p1_mp4,42,3,3,3,0,61,189,0,12,26,6,0,0.5130488872528076,0
star_5,light,medium,p1_mp3,101,3,3,3,0,60,184,0,12,26,5,0,0.6296596527099609,0
star_5,light,medium,p1_mp3,42,3,3,3,0,61,189,0,12,26,6,0,0.6506738662719727,0
star_5,light,medium,p1_mp3,202,3,3,3,0,60,184,0,12,26,5,0,0.621654748916626,0
star_5,light,medium,p1_mp4,202,3,3,3,0,60,184,0,12,26,5,0,0.5359506607055664,0
star_5,light,medium,p1_probes_h1,42,3,3,3,0,61,189,0,12,26,6,0,0.5412321090698242,0
star_5,light,medium,p1_mp4,101,3,3,3,0,60,184,0,12,26,5,0,0.6313788890838623,0
star_5,light,medium,p1_probes_h1,202,3,3,3,0,60,184,0,12,26,5,0,0.6176605224609375,0
star_5,light,medium,p1_probes_h2,42,3,3,3,0,61,189,0,12,26,6,0,0.5914132595062256,0
star_5,light,medium,p1_probes_h1,101,3,3,3,0,60,184,0,12,26,5,0,0.636507511138916,0
star_5,light,medium,p1_probes_h3,42,3,3,3,0,61,189,0,12,26,6,0,0.6327297687530518,0
star_5,light,medium,p1_probes_h2,202,3,3,3,0,60,184,0,12,26,5,0,0.643028974533081,0
star_5,light,medium,p1_probes_h2,101,3,3,3,0,60,184,0,12,26,5,0,0.6485226154327393,0
star_5,light,medium,p1_auto,101,3,3,0,3,54,166,0,6,23,5,0,0.5478429794311523,0
star_5,light,medium,p1_probes_h5,202,3,3,3,0,60,184,0,12,26,5,0,0.5793216228485107,0
star_5,light,sparse,baseline,101,3,3,3,0,40,124,0,12,16,5,0,0.5333478450775146,0
star_5,light,medium,p1_probes_h3,101,3,3,3,0,60,184,0,12,26,5,0,0.6637609004974365,0
star_5,light,medium,p1_probes_h3,202,3,3,3,0,60,184,0,12,26,5,0,0.6444244384765625,0
star_5,light,medium,p1_probes_h5,101,3,3,3,0,60,184,0,12,26,5,0,0.6267659664154053,0
star_5,light,medium,p1_probes_h5,42,3,3,3,0,61,189,0,12,26,6,0,0.6399600505828857,0
star_5,light,medium,p1_auto,42,3,3,0,3,55,171,0,6,23,6,0,0.6273901462554932,0
star_5,light,sparse,p1_default,42,3,3,3,0,41,129,0,12,16,6,0,0.5171053409576416,0
star_5,light,sparse,baseline,42,3,3,3,0,41,129,0,12,16,6,0,0.5961213111877441,0
star_5,light,medium,p1_auto,202,3,3,0,3,54,166,0,6,23,5,0,0.6264922618865967,0
star_5,light,sparse,baseline,202,3,3,3,0,40,124,0,12,16,5,0,0.6133601665496826,0
star_5,light,sparse,p1_default,202,3,3,3,0,40,124,0,12,16,5,0,0.5487267971038818,0
star_5,light,sparse,p1_default,101,3,3,3,0,40,124,0,12,16,5,0,0.5997648239135742,0
star_5,light,sparse,p1_etl_60,42,3,3,3,0,41,129,0,12,16,6,0,0.5577683448791504,0
star_5,light,sparse,p1_penalty_off,42,3,3,3,0,41,129,0,12,16,6,0,0.616969108581543,0
star_5,light,sparse,p1_penalty_off,101,3,3,3,0,40,124,0,12,16,5,0,0.6386187076568604,0
star_5,light,sparse,p1_penalty_off,202,3,3,3,0,40,124,0,12,16,5,0,0.6248981952667236,0
star_5,light,sparse,p1_etl_300,202,3,3,3,0,40,124,0,12,16,5,0,0.4893064498901367,0
star_5,light,sparse,p1_etl_60,202,3,3,3,0,40,124,0,12,16,5,0,0.6061091423034668,0
star_5,light,sparse,p1_etl_300,42,3,3,3,0,41,129,0,12,16,6,0,0.6128661632537842,0
star_5,light,sparse,p1_etl_60,101,3,3,3,0,40,124,0,12,16,5,0,0.6344211101531982,0
star_5,light,sparse,p1_etl_1800,101,3,3,3,0,40,124,0,12,16,5,0,0.5129287242889404,0
star_5,light,sparse,p1_etl_1800,42,3,3,3,0,41,129,0,12,16,6,0,0.5558702945709229,0
star_5,light,sparse,p1_etl_300,101,3,3,3,0,40,124,0,12,16,5,0,0.5899777412414551,0
star_5,light,sparse,p1_etl_86400,101,3,3,3,0,40,124,0,12,16,5,0,0.5377755165100098,0
star_5,light,sparse,p1_c80,42,3,3,0,3,35,111,0,6,13,6,0,0.5148093700408936,0
star_5,light,sparse,p1_etl_7200,202,3,3,3,0,40,124,0,12,16,5,0,0.5761032104492188,0
star_5,light,sparse,p1_etl_1800,202,3,3,3,0,40,124,0,12,16,5,0,0.6051023006439209,0
star_5,light,sparse,p1_etl_7200,42,3,3,3,0,41,129,0,12,16,6,0,0.6115622520446777,0
star_5,light,sparse,p1_etl_86400,42,3,3,3,0,41,129,0,12,16,6,0,0.6222696304321289,0
star_5,light,sparse,p1_etl_7200,101,3,3,3,0,40,124,0,12,16,5,0,0.6332225799560547,0
star_5,light,sparse,p1_etl_86400,202,3,3,3,0,40,124,0,12,16,5,0,0.6015503406524658,0
star_5,light,sparse,p1_c80,202,3,3,0,3,34,106,0,6,13,5,0,0.5886304378509521,0
star_5,light,sparse,p1_c80,101,3,3,0,3,34,106,0,6,13,5,0,0.6135799884796143,0
star_5,light,sparse,p1_c40,42,3,3,0,3,35,111,0,6,13,6,0,0.6296699047088623,0
star_5,light,sparse,p1_c40,202,3,3,0,3,34,106,0,6,13,5,0,0.622002124786377,0
star_5,light,sparse,p1_c40,101,3,3,0,3,34,106,0,6,13,5,0,0.6351664066314697,0
star_5,light,sparse,p1_c100,42,3,3,0,3,35,111,0,6,13,6,0,0.6324236392974854,0
star_5,light,sparse,p1_c100,202,3,3,0,3,34,106,0,6,13,5,0,0.5880410671234131,0
star_5,light,sparse,p1_c100,101,3,3,0,3,34,106,0,6,13,5,0,0.6004478931427002,0
star_5,light,sparse,p1_mp2,42,3,3,3,0,41,129,0,12,16,6,0,0.4933032989501953,0
star_5,light,sparse,p1_c120,42,3,3,3,0,41,129,0,12,16,6,0,0.5971219539642334,0
star_5,light,sparse,p1_c120,202,3,3,3,0,40,124,0,12,16,5,0,0.5818040370941162,0
star_5,light,sparse,p1_c120,101,3,3,3,0,40,124,0,12,16,5,0,0.6388185024261475,0
star_5,light,sparse,p1_mp2,101,3,3,3,0,40,124,0,12,16,5,0,0.6175150871276855,0
star_5,light,sparse,p1_mp2,202,3,3,3,0,40,124,0,12,16,5,0,0.6124587059020996,0
star_5,light,sparse,p1_mp3,42,3,3,3,0,41,129,0,12,16,6,0,0.6122016906738281,0
star_5,light,sparse,p1_mp3,101,3,3,3,0,40,124,0,12,16,5,0,0.6005785465240479,0
star_5,light,sparse,p1_mp3,202,3,3,3,0,40,124,0,12,16,5,0,0.6102259159088135,0
star_5,light,sparse,p1_mp4,42,3,3,3,0,41,129,0,12,16,6,0,0.6322734355926514,0
star_5,light,sparse,p1_mp4,202,3,3,3,0,40,124,0,12,16,5,0,0.5959904193878174,0
star_5,light,sparse,p1_mp4,101,3,3,3,0,40,124,0,12,16,5,0,0.634415864944458,0
star_5,light,sparse,p1_probes_h3,42,3,3,3,0,41,129,0,12,16,6,0,0.526038408279419,0
star_5,light,sparse,p1_probes_h1,101,3,3,3,0,40,124,0,12,16,5,0,0.5877301692962646,0
star_5,light,sparse,p1_probes_h2,202,3,3,3,0,40,124,0,12,16,5,0,0.5429139137268066,0
star_5,light,sparse,p1_probes_h3,202,3,3,3,0,40,124,0,12,16,5,0,0.5293745994567871,0
star_5,light,sparse,p1_probes_h1,202,3,3,3,0,40,124,0,12,16,5,0,0.609893798828125,0
star_5,light,sparse,p1_probes_h1,42,3,3,3,0,41,129,0,12,16,6,0,0.6339445114135742,0
star_5,light,sparse,p1_probes_h2,42,3,3,3,0,41,129,0,12,16,6,0,0.6131100654602051,0
star_5,light,sparse,p1_probes_h3,101,3,3,3,0,40,124,0,12,16,5,0,0.5796124935150146,0
star_5,light,sparse,p1_probes_h2,101,3,3,3,0,40,124,0,12,16,5,0,0.6334784030914307,0
star_5,light,sparse,p1_auto,42,3,3,0,3,35,111,0,6,13,6,0,0.5782382488250732,0
star_5,light,sparse,p1_probes_h5,42,3,3,3,0,41,129,0,12,16,6,0,0.6042890548706055,0
star_5,light,sparse,p1_probes_h5,202,3,3,3,0,40,124,0,12,16,5,0,0.6088976860046387,0
star_5,light,sparse,p1_probes_h5,101,3,3,3,0,40,124,0,12,16,5,0,0.6353764533996582,0
star_5,light,sparse,p1_auto,101,3,3,0,3,34,106,0,6,13,5,0,0.6362230777740479,0
star_5,light,sparse,p1_auto,202,3,3,0,3,34,106,0,6,13,5,0,0.6200058460235596,0
star_5,medium,medium,p1_penalty_off,202,6,6,4,2,74,226,0,20,28,10,0,0.4962756633758545,0
star_5,medium,medium,p1_penalty_off,42,6,6,4,2,75,231,0,20,28,11,0,0.4985041618347168,0
star_5,medium,medium,baseline,42,6,6,4,2,75,231,0,20,28,11,0,0.6299495697021484,0
star_5,medium,medium,baseline,101,6,6,4,2,74,226,0,20,28,10,0,0.6365196704864502,0
star_5,medium,medium,baseline,202,6,6,4,2,74,226,0,20,28,10,0,0.6342964172363281,0
star_5,medium,medium,p1_default,101,6,6,4,2,74,226,0,20,28,10,0,0.591212272644043,0
star_5,medium,medium,p1_default,42,6,6,4,2,75,231,0,20,28,11,0,0.6403272151947021,0
star_5,medium,medium,p1_etl_60,42,6,6,4,2,75,231,0,20,28,11,0,0.5850794315338135,0
star_5,medium,medium,p1_etl_60,101,6,6,4,2,74,226,0,20,28,10,0,0.5618846416473389,0
star_5,medium,medium,p1_penalty_off,101,6,6,4,2,74,226,0,20,28,10,0,0.6254804134368896,0
star_5,medium,medium,p1_default,202,6,6,4,2,74,226,0,20,28,10,0,0.6323866844177246,0
star_5,medium,medium,p1_etl_60,202,6,6,4,2,74,226,0,20,28,10,0,0.5930240154266357,0
star_5,medium,medium,p1_etl_300,42,6,6,4,2,75,231,0,20,28,11,0,0.6298887729644775,0
star_5,medium,medium,p1_etl_1800,101,6,6,4,2,74,226,0,20,28,10,0,0.5443933010101318,0
star_5,medium,medium,p1_etl_300,101,6,6,4,2,74,226,0,20,28,10,0,0.5849208831787109,0
star_5,medium,medium,p1_etl_1800,202,6,6,4,2,74,226,0,20,28,10,0,0.574028730392456,0
star_5,medium,medium,p1_etl_300,202,6,6,4,2,74,226,0,20,28,10,0,0.6429738998413086,0
star_5,medium,medium,p1_etl_7200,42,6,6,4,2,75,231,0,20,28,11,0,0.6204202175140381,0
star_5,medium,medium,p1_c40,42,6,6,0,6,67,207,0,12,26,9,0,0.5252234935760498,0
star_5,medium,medium,p1_etl_1800,42,6,6,4,2,75,231,0,20,28,11,0,0.6460561752319336,0
star_5,medium,medium,p1_etl_7200,101,6,6,4,2,74,226,0,20,28,10,0,0.6154804229736328,0
star_5,medium,medium,p1_etl_7200,202,6,6,4,2,74,226,0,20,28,10,0,0.6267781257629395,0
star_5,medium,medium,p1_etl_86400,42,6,6,4,2,75,231,0,20,28,11,0,0.6300022602081299,0
star_5,medium,medium,p1_c120,42,6,6,4,2,75,231,0,20,28,11,0,0.4594612121582031,0
star_5,medium,medium,p1_etl_86400,101,6,6,4,2,74,226,0,20,28,10,0,0.6388022899627686,0
star_5,medium,medium,p1_etl_86400,202,6,6,4,2,74,226,0,20,28,10,0,0.6417956352233887,0
star_5,medium,medium,p1_c40,101,6,6,0,6,66,202,0,12,26,8,0,0.6295297145843506,0
star_5,medium,medium,p1_c80,42,6,6,0,6,67,207,0,12,26,9,0,0.5897135734558105,0
star_5,medium,medium,p1_c80,202,6,6,0,6,66,202,0,12,26,8,0,0.5895888805389404,0
star_5,medium,medium,p1_c40,202,6,6,0,6,66,202,0,12,26,8,0,0.6409780979156494,0
star_5,medium,medium,p1_c80,101,6,6,0,6,66,202,0,12,26,8,0,0.6142768859863281,0
star_5,medium,medium,p1_c100,42,6,6,0,6,67,207,0,12,26,9,0,0.647162914276123,0
star_5,medium,medium,p1_c100,101,6,6,0,6,66,202,0,12,26,8,0,0.6515171527862549,0
star_5,medium,medium,p1_c100,202,6,6,0,6,66,202,0,12,26,8,0,0.642277717590332,0
star_5,medium,medium,p1_c120,202,6,6,4,2,74,226,0,20,28,10,0,0.5898373126983643,0
star_5,medium,medium,p1_mp2,101,6,6,4,2,76,228,0,20,28,10,0,0.6008250713348389,0
star_5,medium,medium,p1_c120,101,6,6,4,2,74,226,0,20,28,10,0,0.6543228626251221,0
star_5,medium,medium,p1_mp2,202,6,6,4,2,76,228,0,20,28,10,0,0.6075782775878906,0
star_5,medium,medium,p1_mp2,42,6,6,4,2,77,233,0,20,28,11,0,0.6324026584625244,0
star_5,medium,medium,p1_mp3,101,6,6,4,2,78,230,0,20,28,10,0,0.5409121513366699,0
star_5,medium,medium,p1_mp3,42,6,6,4,2,79,235,0,20,28,11,0,0.627140998840332,0
star_5,medium,medium,p1_mp3,202,6,6,4,2,78,230,0,20,28,10,0,0.6358649730682373,0
star_5,medium,medium,p1_mp4,42,6,6,4,2,80,230,2,19,28,10,0,0.6495976448059082,0
star_5,medium,medium,p1_mp4,101,6,6,4,2,80,232,0,20,28,10,0,0.6411774158477783,0
star_5,medium,medium,p1_mp4,202,6,6,4,2,80,232,0,20,28,10,0,0.6079719066619873,0
star_5,medium,medium,p1_probes_h1,202,6,6,4,2,74,226,0,20,28,10,0,0.6234898567199707,0
star_5,medium,medium,p1_probes_h2,42,6,6,4,2,75,231,0,20,28,11,0,0.6369743347167969,0
star_5,medium,medium,p1_probes_h1,101,6,6,4,2,74,226,0,20,28,10,0,0.6547954082489014,0
star_5,medium,medium,p1_probes_h1,42,6,6,4,2,75,231,0,20,28,11,0,0.6561620235443115,0
star_5,medium,sparse,baseline,42,6,6,4,2,55,171,0,20,18,11,0,0.43735432624816895,0
star_5,medium,medium,p1_probes_h2,101,6,6,4,2,74,226,0,20,28,10,0,0.6448957920074463,0
star_5,medium,medium,p1_probes_h2,202,6,6,4,2,74,226,0,20,28,10,0,0.6352157592773438,0
star_5,medium,medium,p1_probes_h3,101,6,6,4,2,74,226,0,20,28,10,0,0.6207871437072754,0
star_5,medium,medium,p1_probes_h3,42,6,6,4,2,75,231,0,20,28,11,0,0.6469449996948242,0
star_5,medium,medium,p1_probes_h5,42,6,6,4,2,75,231,0,20,28,11,0,0.6101794242858887,0
star_5,medium,medium,p1_auto,202,6,6,0,6,66,202,0,12,26,8,0,0.5253405570983887,0
star_5,medium,medium,p1_probes_h3,202,6,6,4,2,74,226,0,20,28,10,0,0.6481935977935791,0
star_5,medium,sparse,p1_default,202,6,6,4,2,54,166,0,20,18,10,0,0.47127604484558105,0
star_5,medium,medium,p1_probes_h5,202,6,6,4,2,74,226,0,20,28,10,0,0.6386821269989014,0
star_5,medium,medium,p1_probes_h5,101,6,6,4,2,74,226,0,20,28,10,0,0.6638591289520264,0
star_5,medium,medium,p1_auto,42,6,6,0,6,67,207,0,12,26,9,0,0.6342427730560303,0
star_5,medium,medium,p1_auto,101,6,6,0,6,66,202,0,12,26,8,0,0.629277229309082,0
star_5,medium,sparse,baseline,101,6,6,4,2,54,166,0,20,18,10,0,0.623734712600708,0
star_5,medium,sparse,baseline,202,6,6,4,2,54,166,0,20,18,10,0,0.6194779872894287,0
star_5,medium,sparse,p1_default,101,6,6,4,2,54,166,0,20,18,10,0,0.597614049911499,0
star_5,medium,sparse,p1_penalty_off,101,6,6,4,2,54,166,0,20,18,10,0,0.5790567398071289,0
star_5,medium,sparse,p1_default,42,6,6,4,2,55,171,0,20,18,11,0,0.6170203685760498,0
star_5,medium,sparse,p1_penalty_off,42,6,6,4,2,55,171,0,20,18,11,0,0.6174492835998535,0
star_5,medium,sparse,p1_penalty_off,202,6,6,4,2,54,166,0,20,18,10,0,0.6039795875549316,0
star_5,medium,sparse,p1_etl_60,202,6,6,4,2,54,166,0,20,18,10,0,0.545478105545044,0
star_5,medium,sparse,p1_etl_60,42,6,6,4,2,55,171,0,20,18,11,0,0.593045711517334,0
star_5,medium,sparse,p1_etl_60,101,6,6,4,2,54,166,0,20,18,10,0,0.5801827907562256,0
star_5,medium,sparse,p1_etl_300,101,6,6,4,2,54,166,0,20,18,10,0,0.5496389865875244,0
star_5,medium,sparse,p1_etl_300,42,6,6,4,2,55,171,0,20,18,11,0,0.5973958969116211,0
star_5,medium,sparse,p1_etl_7200,42,6,6,4,2,55,171,0,20,18,11,0,0.5322854518890381,0
star_5,medium,sparse,p1_etl_300,202,6,6,4,2,54,166,0,20,18,10,0,0.5902800559997559,0
star_5,medium,sparse,p1_etl_1800,202,6,6,4,2,54,166,0,20,18,10,0,0.5836038589477539,0
star_5,medium,sparse,p1_etl_86400,42,6,6,4,2,55,171,0,20,18,11,0,0.5358281135559082,0
star_5,medium,sparse,p1_etl_1800,42,6,6,4,2,55,171,0,20,18,11,0,0.6157207489013672,0
star_5,medium,sparse,p1_etl_1800,101,6,6,4,2,54,166,0,20,18,10,0,0.6218020915985107,0
star_5,medium,sparse,p1_etl_86400,202,6,6,4,2,54,166,0,20,18,10,0,0.5358150005340576,0
star_5,medium,sparse,p1_etl_7200,202,6,6,4,2,54,166,0,20,18,10,0,0.587608814239502,0
star_5,medium,sparse,p1_c40,42,6,6,0,6,47,147,0,12,16,9,0,0.540055513381958,0
star_5,medium,sparse,p1_etl_7200,101,6,6,4,2,54,166,0,20,18,10,0,0.6188504695892334,0
star_5,medium,sparse,p1_etl_86400,101,6,6,4,2,54,166,0,20,18,10,0,0.6332995891571045,0
star_5,medium,sparse,p1_c80,42,6,6,0,6,47,147,0,12,16,9,0,0.5746135711669922,0
star_5,medium,sparse,p1_c40,101,6,6,0,6,46,142,0,12,16,8,0,0.6155741214752197,0
star_5,medium,sparse,p1_c40,202,6,6,0,6,46,142,0,12,16,8,0,0.6086742877960205,0
star_5,medium,sparse,p1_c80,202,6,6,0,6,46,142,0,12,16,8,0,0.6159436702728271,0
star_5,medium,sparse,p1_c80,101,6,6,0,6,46,142,0,12,16,8,0,0.6316466331481934,0
star_5,medium,sparse,p1_c100,42,6,6,0,6,47,147,0,12,16,9,0,0.6099708080291748,0
star_5,medium,sparse,p1_c100,202,6,6,0,6,46,142,0,12,16,8,0,0.5977299213409424,0
star_5,medium,sparse,p1_c120,42,6,6,4,2,55,171,0,20,18,11,0,0.5859756469726562,0
star_5,medium,sparse,p1_c120,101,6,6,4,2,54,166,0,20,18,10,0,0.5859107971191406,0
star_5,medium,sparse,p1_c100,101,6,6,0,6,46,142,0,12,16,8,0,0.6240239143371582,0
star_5,medium,sparse,p1_c120,202,6,6,4,2,54,166,0,20,18,10,0,0.6060943603515625,0
star_5,medium,sparse,p1_mp2,42,6,6,4,2,57,173,0,20,18,11,0,0.613422155380249,0
star_5,medium,sparse,p1_mp2,202,6,6,4,2,56,168,0,20,18,10,0,0.522028923034668,0
star_5,medium,sparse,p1_mp3,202,6,6,4,2,58,170,0,20,18,10,0,0.5050456523895264,0
star_5,medium,sparse,p1_mp2,101,6,6,4,2,56,168,0,20,18,10,0,0.621800422668457,0
star_5,medium,sparse,p1_mp4,202,6,6,4,2,60,172,0,20,18,10,0,0.5007050037384033,0
star_5,medium,sparse,p1_mp3,42,6,6,4,2,59,175,0,20,18,11,0,0.629767656326294,0
star_5,medium,sparse,p1_mp3,101,6,6,4,2,57,163,2,19,18,9,0,0.6308999061584473,0
star_5,medium,sparse,p1_probes_h1,202,6,6,4,2,54,166,0,20,18,10,0,0.5385470390319824,0
star_5,medium,sparse,p1_probes_h3,42,6,6,4,2,55,171,0,20,18,11,0,0.5293846130371094,0
star_5,medium,sparse,p1_mp4,42,6,6,4,2,61,177,0,20,18,11,0,0.6294050216674805,0
star_5,medium,sparse,p1_mp4,101,6,6,4,2,60,172,0,20,18,10,0,0.6074328422546387,0
star_5,medium,sparse,p1_probes_h1,101,6,6,4,2,54,166,0,20,18,10,0,0.6014726161956787,0
star_5,medium,sparse,p1_probes_h2,101,6,6,4,2,54,166,0,20,18,10,0,0.5821413993835449,0
star_5,medium,sparse,p1_probes_h1,42,6,6,4,2,55,171,0,20,18,11,0,0.6291649341583252,0
star_5,medium,sparse,p1_probes_h2,202,6,6,4,2,54,166,0,20,18,10,0,0.6119952201843262,0
star_5,medium,sparse,p1_probes_h2,42,6,6,4,2,55,171,0,20,18,11,0,0.6322922706604004,0
star_5,medium,sparse,p1_probes_h3,101,6,6,4,2,54,166,0,20,18,10,0,0.5853838920593262,0
star_5,medium,sparse,p1_probes_h5,202,6,6,4,2,54,166,0,20,18,10,0,0.5248334407806396,0
star_5,medium,sparse,p1_probes_h3,202,6,6,4,2,54,166,0,20,18,10,0,0.5869350433349609,0
star_5,medium,sparse,p1_probes_h5,42,6,6,4,2,55,171,0,20,18,11,0,0.5904452800750732,0
star_5,medium,sparse,p1_probes_h5,101,6,6,4,2,54,166,0,20,18,10,0,0.6295299530029297,0
star_5,medium,sparse,p1_auto,42,6,6,0,6,47,147,0,12,16,9,0,0.6359901428222656,0
star_5,medium,sparse,p1_auto,101,6,6,0,6,46,142,0,12,16,8,0,0.6265068054199219,0
star_5,medium,sparse,p1_auto,202,6,6,0,6,46,142,0,12,16,8,0,0.627861499786377,0
star_5,heavy,medium,baseline,202,12,12,4,8,96,286,2,31,29,19,0,0.616783618927002,0
star_5,heavy,medium,p1_default,42,12,12,8,4,105,315,2,39,36,17,0,0.5841248035430908,0
star_5,heavy,medium,baseline,101,12,12,4,8,96,286,2,31,29,19,0,0.626713752746582,0
star_5,heavy,medium,baseline,42,12,12,4,8,97,291,2,31,29,20,0,0.6380047798156738,0
star_5,heavy,medium,p1_default,101,12,12,8,4,104,310,2,39,36,16,0,0.6254422664642334,0
star_5,heavy,medium,p1_default,202,12,12,8,4,104,310,2,39,36,16,0,0.6158666610717773,0
star_5,heavy,medium,p1_penalty_off,42,12,12,8,4,105,315,2,39,36,17,0,0.633467435836792,0
star_5,heavy,medium,p1_penalty_off,101,12,12,8,4,104,310,2,39,36,16,0,0.615196704864502,0
star_5,heavy,medium,p1_penalty_off,202,12,12,8,4,104,310,2,39,36,16,0,0.6273767948150635,0
star_5,heavy,medium,p1_etl_300,101,12,12,8,4,104,310,2,39,36,16,0,0.5498237609863281,0
star_5,heavy,medium,p1_etl_1800,42,12,12,8,4,105,315,2,39,36,17,0,0.5308349132537842,0
star_5,heavy,medium,p1_etl_60,42,12,12,8,4,105,315,2,39,36,17,0,0.6447656154632568,0
star_5,heavy,medium,p1_etl_60,101,12,12,8,4,104,310,2,39,36,16,0,0.6446714401245117,0
star_5,heavy,medium,p1_etl_60,202,12,12,8,4,104,310,2,39,36,16,0,0.6440966129302979,0
star_5,heavy,medium,p1_etl_300,42,12,12,8,4,105,315,2,39,36,17,0,0.6285285949707031,0
star_5,heavy,medium,p1_etl_1800,202,12,12,8,4,104,310,2,39,36,16,0,0.5815067291259766,0
star_5,heavy,medium,p1_etl_300,202,12,12,8,4,104,310,2,39,36,16,0,0.6416647434234619,0
star_5,heavy,medium,p1_etl_7200,101,12,12,8,4,104,310,2,39,36,16,0,0.6165773868560791,0
star_5,heavy,medium,p1_etl_1800,101,12,12,8,4,104,310,2,39,36,16,0,0.6583125591278076,0
star_5,heavy,medium,p1_etl_7200,42,12,12,8,4,105,315,2,39,36,17,0,0.6388280391693115,0
star_5,heavy,medium,p1_etl_7200,202,12,12,8,4,104,310,2,39,36,16,0,0.6443560123443604,0
star_5,heavy,medium,p1_etl_86400,42,12,12,8,4,105,315,2,39,36,17,0,0.6480107307434082,0
star_5,heavy,medium,p1_etl_86400,101,12,12,8,4,104,310,2,39,36,16,0,0.6357619762420654,0
star_5,heavy,medium,p1_c40,42,12,12,0,12,91,279,0,24,32,15,0,0.5674867630004883,0
star_5,heavy,medium,p1_etl_86400,202,12,12,8,4,104,310,2,39,36,16,0,0.6214303970336914,0
star_5,heavy,medium,p1_c80,101,12,12,0,12,89,268,1,24,31,14,0,0.4872291088104248,0
star_5,heavy,medium,p1_c80,42,12,12,0,12,91,279,0,24,32,15,0,0.5856108665466309,0
star_5,heavy,medium,p1_c40,101,12,12,0,12,89,268,1,24,31,14,0,0.6314632892608643,0
star_5,heavy,medium,p1_c40,202,12,12,0,12,90,274,0,24,32,14,0,0.6306214332580566,0
star_5,heavy,medium,p1_c80,202,12,12,0,12,90,274,0,24,32,14,0,0.6245443820953369,0
star_5,heavy,medium,p1_c100,101,12,12,0,12,89,268,1,24,31,14,0,0.6287741661071777,0
star_5,heavy,medium,p1_c100,42,12,12,0,12,91,279,0,24,32,15,0,0.6505541801452637,0
star_5,heavy,medium,p1_c100,202,12,12,0,12,90,274,0,24,32,14,0,0.6387948989868164,0
star_5,heavy,medium,p1_c120,202,12,12,8,4,104,310,2,39,36,16,0,0.49611401557922363,0
star_5,heavy,medium,p1_c120,42,12,12,8,4,105,315,2,39,36,17,0,0.5972859859466553,0
star_5,heavy,medium,p1_mp2,42,12,12,8,4,109,319,2,39,36,17,0,0.5534846782684326,0
star_5,heavy,medium,p1_c120,101,12,12,8,4,104,310,2,39,36,16,0,0.6381704807281494,0
star_5,heavy,medium,p1_mp4,42,12,12,8,4,116,320,4,38,36,16,0,0.5334227085113525,0
star_5,heavy,medium,p1_mp2,202,12,12,8,4,108,314,2,39,36,16,0,0.6039021015167236,0
star_5,heavy,medium,p1_mp2,101,12,12,8,4,108,314,2,39,36,16,0,0.6359348297119141,0
star_5,heavy,medium,p1_mp3,101,12,12,8,4,112,318,2,39,36,16,0,0.6136298179626465,0
star_5,heavy,medium,p1_mp3,42,12,12,8,4,112,316,4,38,36,16,0,0.6449165344238281,0
star_5,heavy,medium,p1_mp4,101,12,12,8,4,116,322,2,39,36,16,0,0.6240496635437012,0
star_5,heavy,medium,p1_mp3,202,12,12,8,4,112,318,2,39,36,16,0,0.6432788372039795,0
star_5,heavy,medium,p1_mp4,202,12,12,8,4,115,312,5,38,36,15,0,0.6251318454742432,0
star_5,heavy,medium,p1_probes_h1,202,12,12,8,4,104,310,2,39,36,16,0,0.6093018054962158,0
star_5,heavy,medium,p1_probes_h2,202,12,12,8,4,104,310,2,39,36,16,0,0.5546746253967285,0
star_5,heavy,medium,p1_probes_h1,42,12,12,8,4,105,315,2,39,36,17,0,0.661970853805542,0
star_5,heavy,medium,p1_probes_h1,101,12,12,8,4,104,310,2,39,36,16,0,0.6636865139007568,0
star_5,heavy,medium,p1_probes_h3,42,12,12,8,4,105,315,2,39,36,17,0,0.6249148845672607,0
star_5,heavy,medium,p1_probes_h2,42,12,12,8,4,105,315,2,39,36,17,0,0.6580672264099121,0
star_5,heavy,medium,p1_probes_h3,202,12,12,8,4,104,310,2,39,36,16,0,0.6465456485748291,0
star_5,heavy,medium,p1_probes_h2,101,12,12,8,4,104,310,2,39,36,16,0,0.6627054214477539,0
star_5,heavy,medium,p1_probes_h3,101,12,12,8,4,104,310,2,39,36,16,0,0.663520336151123,0
star_5,heavy,medium,p1_auto,42,12,12,0,12,91,279,0,24,32,15,0,0.5828428268432617,0
star_5,heavy,medium,p1_probes_h5,42,12,12,8,4,105,315,2,39,36,17,0,0.6277222633361816,0
star_5,heavy,medium,p1_probes_h5,101,12,12,8,4,104,310,2,39,36,16,0,0.633974552154541,0
star_5,heavy,medium,p1_probes_h5,202,12,12,8,4,104,310,2,39,36,16,0,0.6312241554260254,0
star_5,heavy,medium,p1_auto,101,12,12,0,12,89,268,1,24,31,14,0,0.6209805011749268,0
star_5,heavy,medium,p1_auto,202,12,12,0,12,90,274,0,24,32,14,0,0.6357777118682861,0
star_5,heavy,sparse,baseline,42,12,12,4,8,79,243,0,32,18,23,0,0.5919406414031982,0
star_5,heavy,sparse,baseline,202,12,12,4,8,78,238,0,32,18,22,0,0.567429780960083,0
star_5,heavy,sparse,baseline,101,12,12,4,8,78,238,0,32,18,22,0,0.5991520881652832,0
star_5,heavy,sparse,p1_default,42,12,12,8,4,87,267,0,40,26,19,0,0.586580753326416,0
star_5,heavy,sparse,p1_penalty_off,202,12,12,8,4,86,262,0,40,26,18,0,0.5123491287231445,0
star_5,heavy,sparse,p1_default,202,12,12,8,4,86,262,0,40,26,18,0,0.5787205696105957,0
star_5,heavy,sparse,p1_default,101,12,12,8,4,86,262,0,40,26,18,0,0.628809928894043,0
star_5,heavy,sparse,p1_penalty_off,42,12,12,8,4,87,267,0,40,26,19,0,0.6044206619262695,0
star_5,heavy,sparse,p1_penalty_off,101,12,12,8,4,86,262,0,40,26,18,0,0.6271452903747559,0
star_5,heavy,sparse,p1_etl_60,202,12,12,8,4,86,262,0,40,26,18,0,0.5770318508148193,0
star_5,heavy,sparse,p1_etl_1800,42,12,12,8,4,87,267,0,40,26,19,0,0.4937164783477783,0
star_5,heavy,sparse,p1_etl_300,42,12,12,8,4,87,267,0,40,26,19,0,0.585453987121582,0
star_5,heavy,sparse,p1_etl_60,42,12,12,8,4,87,267,0,40,26,19,0,0.6517057418823242,0
star_5,heavy,sparse,p1_etl_60,101,12,12,8,4,86,262,0,40,26,18,0,0.6419296264648438,0
star_5,heavy,sparse,p1_etl_300,101,12,12,8,4,86,262,0,40,26,18,0,0.6057865619659424,0
star_5,heavy,sparse,p1_etl_300,202,12,12,8,4,86,262,0,40,26,18,0,0.6083555221557617,0
star_5,heavy,sparse,p1_etl_1800,101,12,12,8,4,86,262,0,40,26,18,0,0.6112773418426514,0
star_5,heavy,sparse,p1_etl_86400,42,12,12,8,4,87,267,0,40,26,19,0,0.5775985717773438,0
star_5,heavy,sparse,p1_etl_1800,202,12,12,8,4,86,262,0,40,26,18,0,0.6266956329345703,0
star_5,heavy,sparse,p1_etl_7200,202,12,12,8,4,86,262,0,40,26,18,0,0.5941712856292725,0
star_5,heavy,sparse,p1_etl_7200,101,12,12,8,4,86,262,0,40,26,18,0,0.6096606254577637,0
star_5,heavy,sparse,p1_etl_86400,202,12,12,8,4,86,262,0,40,26,18,0,0.5378437042236328,0
star_5,heavy,sparse,p1_etl_7200,42,12,12,8,4,87,267,0,40,26,19,0,0.6184594631195068,0
star_5,heavy,sparse,p1_c40,202,12,12,0,12,70,214,0,24,22,14,0,0.5362670421600342,0
star_5,heavy,sparse,p1_c40,42,12,12,0,12,71,219,0,24,22,15,0,0.5926859378814697,0
star_5,heavy,sparse,p1_etl_86400,101,12,12,8,4,86,262,0,40,26,18,0,0.6383841037750244,0
star_5,heavy,sparse,p1_c40,101,12,12,0,12,70,214,0,24,22,14,0,0.6405324935913086,0
star_5,heavy,sparse,p1_c80,42,12,12,0,12,71,219,0,24,22,15,0,0.6186046600341797,0
star_5,heavy,sparse,p1_c80,202,12,12,0,12,70,214,0,24,22,14,0,0.5989937782287598,0
star_5,heavy,sparse,p1_c80,101,12,12,0,12,70,214,0,24,22,14,0,0.6200308799743652,0
star_5,heavy,sparse,p1_c100,101,12,12,0,12,70,214,0,24,22,14,0,0.5316927433013916,0
star_5,heavy,sparse,p1_c100,42,12,12,0,12,71,219,0,24,22,15,0,0.5932669639587402,0
star_5,heavy,sparse,p1_c120,101,12,12,8,4,86,262,0,40,26,18,0,0.4811360836029053,0
star_5,heavy,sparse,p1_c100,202,12,12,0,12,70,214,0,24,22,14,0,0.5714807510375977,0
star_5,heavy,sparse,p1_mp2,42,12,12,8,4,91,271,0,40,26,19,0,0.5465035438537598,0
star_5,heavy,sparse,p1_c120,42,12,12,8,4,87,267,0,40,26,19,0,0.621060848236084,0
star_5,heavy,sparse,p1_c120,202,12,12,8,4,86,262,0,40,26,18,0,0.6033871173858643,0
star_5,heavy,sparse,p1_mp2,101,12,12,8,4,90,266,0,40,26,18,0,0.5955424308776855,0
star_5,heavy,sparse,p1_mp2,202,12,12,8,4,90,266,0,40,26,18,0,0.6141457557678223,0
star_5,heavy,sparse,p1_mp3,42,12,12,8,4,94,268,2,39,26,18,0,0.6112797260284424,0
star_5,heavy,sparse,p1_mp3,101,12,12,8,4,93,263,2,39,26,17,0,0.6414787769317627,0
star_5,heavy,sparse,p1_mp3,202,12,12,8,4,94,270,0,40,26,18,0,0.6365511417388916,0
star_5,heavy,sparse,p1_mp4,42,12,12,8,4,99,279,0,40,26,19,0,0.6235518455505371,0
star_5,heavy,sparse,p1_mp4,202,12,12,8,4,98,274,0,40,26,18,0,0.5927309989929199,0
star_5,heavy,sparse,p1_probes_h1,42,12,12,8,4,87,267,0,40,26,19,0,0.5550286769866943,0
star_5,heavy,sparse,p1_mp4,101,12,12,8,4,98,274,0,40,26,18,0,0.6433203220367432,0
star_5,heavy,sparse,p1_probes_h1,101,12,12,8,4,86,262,0,40,26,18,0,0.6186292171478271,0
star_5,heavy,sparse,p1_probes_h1,202,12,12,8,4,86,262,0,40,26,18,0,0.6212582588195801,0
star_5,heavy,sparse,p1_probes_h2,101,12,12,8,4,86,262,0,40,26,18,0,0.6232333183288574,0
star_5,heavy,sparse,p1_probes_h2,202,12,12,8,4,86,262,0,40,26,18,0,0.6382484436035156,0
star_5,heavy,sparse,p1_probes_h2,42,12,12,8,4,87,267,0,40,26,19,0,0.646575927734375,0
star_5,heavy,sparse,p1_auto,101,12,12,0,12,70,214,0,24,22,14,0,0.46709275245666504,0
star_5,heavy,sparse,p1_probes_h3,202,12,12,8,4,86,262,0,40,26,18,0,0.5544533729553223,0
star_5,heavy,sparse,p1_probes_h3,101,12,12,8,4,86,262,0,40,26,18,0,0.596813440322876,0
star_5,heavy,sparse,p1_probes_h3,42,12,12,8,4,87,267,0,40,26,19,0,0.6226835250854492,0
star_5,heavy,sparse,p1_probes_h5,42,12,12,8,4,87,267,0,40,26,19,0,0.6126160621643066,0
star_5,heavy,sparse,p1_probes_h5,202,12,12,8,4,86,262,0,40,26,18,0,0.5914678573608398,0
star_5,heavy,sparse,p1_auto,42,12,12,0,12,71,219,0,24,22,15,0,0.6193697452545166,0
star_5,heavy,sparse,p1_auto,202,12,12,0,12,70,214,0,24,22,14,0,0.6097862720489502,0
star_5,heavy,sparse,p1_probes_h5,101,12,12,8,4,86,262,0,40,26,18,0,0.6453781127929688,0
tree_d3f2,light,medium,p1_etl_300,101,2,2,2,0,385,687,200,42,299,43,0,1.68739914894104,0
tree_d3f2,light,medium,p1_etl_7200,42,3,3,3,0,371,662,185,55,284,41,0,1.743546962738037,0
tree_d3f2,light,medium,p1_etl_7200,101,2,2,2,0,385,687,200,42,299,43,0,1.7652339935302734,0
tree_d3f2,light,medium,p1_default,101,2,2,2,0,385,687,200,42,299,43,0,2.1125752925872803,0
tree_d3f2,light,medium,baseline,42,3,3,3,0,371,662,185,55,284,41,0,2.2621781826019287,0
tree_d3f2,light,medium,baseline,101,2,2,2,0,385,687,200,42,299,43,0,2.3031628131866455,0
tree_d3f2,light,medium,baseline,202,2,2,2,0,330,589,163,42,245,42,0,2.270117998123169,0
tree_d3f2,light,medium,p1_default,202,2,2,2,0,330,589,163,42,245,42,0,2.220855474472046,0
tree_d3f2,light,medium,p1_default,42,3,3,3,0,371,662,185,55,284,41,0,2.344970941543579,0
tree_d3f2,light,medium,p1_etl_300,202,2,2,2,0,330,589,163,42,245,42,0,2.1706738471984863,0
tree_d3f2,light,medium,p1_penalty_off,42,3,3,3,0,371,662,185,55,284,41,0,2.3995065689086914,0
tree_d3f2,light,medium,p1_etl_60,101,2,2,2,0,385,687,200,42,299,43,0,2.319045066833496,0
tree_d3f2,light,medium,p1_penalty_off,101,2,2,2,0,385,687,200,42,299,43,0,2.4154369831085205,0
tree_d3f2,light,medium,p1_etl_60,42,3,3,3,0,371,662,185,55,284,41,0,2.3502986431121826,0
tree_d3f2,light,medium,p1_penalty_off,202,2,2,2,0,330,589,163,42,245,42,0,2.3854174613952637,0
tree_d3f2,light,medium,p1_etl_60,202,2,2,2,0,330,589,163,42,245,42,0,2.3577935695648193,0
tree_d3f2,light,medium,p1_etl_86400,42,3,3,3,0,371,662,185,55,284,41,0,2.2326622009277344,0
tree_d3f2,light,medium,p1_etl_300,42,3,3,3,0,371,662,185,55,284,41,0,2.37677001953125,0
tree_d3f2,light,medium,p1_etl_86400,101,2,2,2,0,385,687,200,42,299,43,0,2.256084442138672,0
tree_d3f2,light,medium,p1_etl_1800,101,2,2,2,0,385,687,200,42,299,43,0,2.3529059886932373,0
tree_d3f2,light,medium,p1_etl_1800,42,3,3,3,0,371,662,185,55,284,41,0,2.3962466716766357,0
tree_d3f2,light,medium,p1_etl_7200,202,2,2,2,0,330,589,163,42,245,42,0,2.363041639328003,0
tree_d3f2,light,medium,p1_etl_1800,202,2,2,2,0,330,589,163,42,245,42,0,2.3815560340881348,0
tree_d3f2,light,medium,p1_c40,42,3,3,0,3,331,596,159,48,239,49,0,2.2745442390441895,0
tree_d3f2,light,medium,p1_etl_86400,202,2,2,2,0,330,589,163,42,245,42,0,2.3344411849975586,0
tree_d3f2,light,medium,p1_c40,202,2,2,0,2,298,524,152,32,215,42,0,2.2795069217681885,0
tree_d3f2,light,medium,p1_c80,42,3,3,0,3,331,596,159,48,239,49,0,2.336374044418335,0
tree_d3f2,light,medium,p1_c40,101,1,2,0,2,334,582,183,16,254,40,0,2.3576042652130127,0
tree_d3f2,light,medium,p1_c120,101,2,2,2,0,385,687,200,42,299,43,0,1.7617695331573486,0
tree_d3f2,light,medium,p1_c80,101,1,2,0,2,334,582,183,16,254,40,0,2.169064998626709,0
tree_d3f2,light,medium,p1_probes_h3,202,2,2,2,0,370,656,194,29,274,51,3,1.6342058181762695,0
tree_d3f2,light,medium,p1_mp2,101,2,2,2,0,385,687,200,42,299,43,0,1.9836921691894531,0
tree_d3f2,light,medium,p1_c100,202,2,2,0,2,298,524,152,32,215,42,0,2.300151824951172,0
tree_d3f2,light,medium,p1_c80,202,2,2,0,2,298,524,152,32,215,42,0,2.389866352081299,0
tree_d3f2,light,medium,p1_c100,101,1,2,0,2,334,582,183,16,254,40,0,2.3357670307159424,0
tree_d3f2,light,medium,p1_c100,42,3,3,0,3,331,596,159,48,239,49,0,2.4010908603668213,0
tree_d3f2,light,medium,p1_probes_h2,202,2,2,2,0,368,651,194,29,274,49,3,1.8202753067016602,0
tree_d3f2,light,medium,p1_c120,42,3,3,3,0,371,662,185,55,284,41,0,2.3395187854766846,0
tree_d3f2,light,medium,p1_c120,202,2,2,2,0,330,589,163,42,245,42,0,2.297793388366699,0
tree_d3f2,light,medium,p1_mp2,202,2,2,2,0,330,589,163,42,245,42,0,2.178162097930908,0
tree_d3f2,light,medium,p1_mp3,101,2,2,2,0,385,687,200,42,299,43,0,2.19596004486084,0
tree_d3f2,light,medium,p1_mp2,42,3,3,3,0,371,662,185,55,284,41,0,2.4084243774414062,0
tree_d3f2,light,medium,p1_mp3,42,3,3,3,0,371,662,185,55,284,41,0,2.340374708175659,0
tree_d3f2,light,medium,p1_mp4,42,3,3,3,0,371,662,185,55,284,41,0,2.352787494659424,0
tree_d3f2,light,medium,p1_mp3,202,2,2,2,0,330,589,163,42,245,42,0,2.3796958923339844,0
tree_d3f2,light,medium,p1_mp4,101,2,2,2,0,385,687,200,42,299,43,0,2.3678207397460938,0
tree_d3f2,light,medium,p1_probes_h1,101,2,2,2,0,391,695,204,42,299,46,3,2.3482143878936768,0
tree_d3f2,light,medium,p1_mp4,202,2,2,2,0,330,589,163,42,245,42,0,2.4151742458343506,0
tree_d3f2,light,medium,p1_probes_h1,42,3,3,3,0,377,670,189,55,284,44,3,2.412534475326538,0
tree_d3f2,light,medium,p1_probes_h2,101,2,2,2,0,393,701,204,42,299,48,3,2.3726747035980225,0
tree_d3f2,light,medium,p1_probes_h1,202,2,2,2,0,362,635,194,29,274,44,2,2.4158551692962646,0
tree_d3f2,light,medium,p1_probes_h3,42,3,3,3,0,377,670,189,55,284,44,3,2.3707313537597656,0
tree_d3f2,light,medium,p1_probes_h2,42,3,3,3,0,377,670,189,55,284,44,3,2.430724859237671,0
tree_d3f2,light,medium,p1_probes_h3,101,2,2,2,0,393,701,204,42,299,48,3,2.373842477798462,0
tree_d3f2,light,medium,p1_probes_h5,101,2,2,2,0,393,701,204,42,299,48,3,2.2949299812316895,0
tree_d3f2,light,medium,p1_probes_h5,42,3,3,3,0,377,670,189,55,284,44,3,2.343782901763916,0
tree_d3f2,light,sparse,p1_default,101,2,2,2,0,213,385,103,34,153,35,0,1.7468039989471436,0
tree_d3f2,light,medium,p1_auto,42,3,3,3,0,371,662,185,55,284,41,0,2.221726655960083,0
tree_d3f2,light,sparse,p1_penalty_off,42,2,2,2,0,230,416,116,38,164,41,0,1.7951602935791016,0
tree_d3f2,light,medium,p1_probes_h5,202,2,2,2,0,370,656,194,29,274,51,3,2.3981270790100098,0
tree_d3f2,light,sparse,baseline,42,2,2,2,0,230,416,116,38,164,41,0,2.017119884490967,0
tree_d3f2,light,sparse,p1_default,42,2,2,2,0,230,416,116,38,164,41,0,2.034700393676758,0
tree_d3f2,light,sparse,p1_default,202,1,1,1,0,202,374,90,17,146,34,0,2.076239585876465,0
tree_d3f2,light,medium,p1_auto,101,2,2,2,0,385,687,200,42,299,43,0,2.353586435317993,0
tree_d3f2,light,sparse,baseline,101,2,2,2,0,213,385,103,34,153,35,0,2.3361902236938477,0
tree_d3f2,light,sparse,baseline,202,1,1,1,0,202,374,90,17,146,34,0,2.3299777507781982,0
tree_d3f2,light,medium,p1_auto,202,2,2,2,0,330,589,163,42,245,42,0,2.38901948928833,0
tree_d3f2,light,sparse,p1_etl_60,101,2,2,2,0,213,385,103,34,153,35,0,2.0518524646759033,0
tree_d3f2,light,sparse,p1_penalty_off,101,2,2,2,0,213,385,103,34,153,35,0,2.252182722091675,0
tree_d3f2,light,sparse,p1_penalty_off,202,1,1,1,0,202,374,90,17,146,34,0,2.286498546600342,0
tree_d3f2,light,sparse,p1_etl_86400,202,1,1,1,0,202,374,90,17,146,34,0,1.865980863571167,0
tree_d3f2,light,sparse,p1_etl_60,42,2,2,2,0,230,416,116,38,164,41,0,2.362417459487915,0
tree_d3f2,light,sparse,p1_etl_1800,101,2,2,2,0,213,385,103,34,153,35,0,2.2105395793914795,0
tree_d3f2,light,sparse,p1_etl_300,101,2,2,2,0,213,385,103,34,153,35,0,2.2917940616607666,0
tree_d3f2,light,sparse,p1_etl_1800,42,2,2,2,0,230,416,116,38,164,41,0,2.2736105918884277,0
tree_d3f2,light,sparse,p1_etl_300,42,2,2,2,0,230,416,116,38,164,41,0,2.3607261180877686,0
tree_d3f2,light,sparse,p1_etl_60,202,1,1,1,0,202,374,90,17,146,34,0,2.368875503540039,0
tree_d3f2,light,sparse,p1_etl_300,202,1,1,1,0,202,374,90,17,146,34,0,2.3444812297821045,0
tree_d3f2,light,sparse,p1_etl_7200,101,2,2,2,0,213,385,103,34,153,35,0,2.257169723510742,0
tree_d3f2,light,sparse,p1_etl_7200,42,2,2,2,0,230,416,116,38,164,41,0,2.2991299629211426,0
tree_d3f2,light,sparse,p1_etl_86400,101,2,2,2,0,213,385,103,34,153,35,0,2.2808315753936768,0
tree_d3f2,light,sparse,p1_etl_1800,202,1,1,1,0,202,374,90,17,146,34,0,2.351630210876465,0
tree_d3f2,light,sparse,p1_etl_86400,42,2,2,2,0,230,416,116,38,164,41,0,2.299001932144165,0
tree_d3f2,light,sparse,p1_etl_7200,202,1,1,1,0,202,374,90,17,146,34,0,2.3296725749969482,0
tree_d3f2,light,sparse,p1_c40,42,2,2,0,2,202,376,91,32,134,45,0,2.304570198059082,0
tree_d3f2,light,sparse,p1_c40,101,2,2,0,2,189,361,73,32,123,43,0,2.334273099899292,0
tree_d3f2,light,sparse,p1_c80,202,1,1,0,1,190,348,89,16,131,38,0,2.1179559230804443,0
tree_d3f2,light,sparse,p1_c80,101,2,2,0,2,189,361,73,32,123,43,0,2.1947317123413086,0
tree_d3f2,light,sparse,p1_c40,202,1,1,0,1,190,348,89,16,131,38,0,2.303140163421631,0
tree_d3f2,light,sparse,p1_c80,42,2,2,0,2,202,376,91,32,134,45,0,2.3288416862487793,0
tree_d3f2,light,sparse,p1_c100,101,2,2,0,2,189,361,73,32,123,43,0,2.0286190509796143,0
tree_d3f2,light,sparse,p1_probes_h1,101,2,2,2,0,222,407,102,34,153,41,3,1.6302988529205322,0
tree_d3f2,light,sparse,p1_c100,202,1,1,0,1,190,348,89,16,131,38,0,2.182863235473633,0
tree_d3f2,light,sparse,p1_c120,101,2,2,2,0,213,385,103,34,153,35,0,2.169351100921631,0
tree_d3f2,light,sparse,p1_c100,42,2,2,0,2,202,376,91,32,134,45,0,2.369180917739868,0
tree_d3f2,light,sparse,p1_c120,42,2,2,2,0,230,416,116,38,164,41,0,2.255549669265747,0
tree_d3f2,light,sparse,p1_mp4,42,2,2,2,0,230,416,116,38,164,41,0,1.8334181308746338,0
tree_d3f2,light,sparse,p1_probes_h1,202,1,1,1,0,218,393,110,17,154,40,2,1.755685806274414,0
tree_d3f2,light,sparse,p1_mp2,101,2,2,2,0,213,385,103,34,153,35,0,2.163268566131592,0
tree_d3f2,light,sparse,p1_c120,202,1,1,1,0,202,374,90,17,146,34,0,2.3104331493377686,0
tree_d3f2,light,sparse,p1_mp2,42,2,2,2,0,230,416,116,38,164,41,0,2.3097083568573,0
tree_d3f2,light,sparse,p1_mp2,202,1,1,1,0,202,374,90,17,146,34,0,2.3693044185638428,0
tree_d3f2,light,sparse,p1_mp3,202,1,1,1,0,202,374,90,17,146,34,0,2.2067360877990723,0
tree_d3f2,light,sparse,p1_mp3,101,2,2,2,0,213,385,103,34,153,35,0,2.252615213394165,0
tree_d3f2,light,sparse,p1_mp3,42,2,2,2,0,230,416,116,38,164,41,0,2.3636634349823,0
tree_d3f2,light,sparse,p1_mp4,202,1,1,1,0,202,374,90,17,146,34,0,2.2258782386779785,0
tree_d3f2,light,sparse,p1_mp4,101,2,2,2,0,213,385,103,34,153,35,0,2.28665828704834,0
tree_d3f2,light,sparse,p1_probes_h1,42,2,2,2,0,239,436,117,38,164,47,3,2.3491370677948,0
tree_d3f2,light,sparse,p1_probes_h3,42,2,2,2,0,241,442,117,38,164,49,3,2.213563919067383,0
tree_d3f2,light,sparse,p1_probes_h2,101,2,2,2,0,224,413,102,34,153,43,3,2.3051202297210693,0
tree_d3f2,light,sparse,p1_probes_h2,42,2,2,2,0,241,442,117,38,164,49,3,2.3234410285949707,0
tree_d3f2,light,sparse,p1_probes_h2,202,1,1,1,0,224,409,110,17,154,45,3,2.3695285320281982,0
tree_d3f2,light,sparse,p1_probes_h5,101,2,2,2,0,224,413,102,34,153,43,3,2.0659019947052,0
tree_d3f2,light,sparse,p1_probes_h3,101,2,2,2,0,224,413,102,34,153,43,3,2.1865274906158447,0
tree_d3f2,light,sparse,p1_auto,101,2,2,2,0,213,385,103,34,153,35,0,2.0269711017608643,0
tree_d3f2,light,sparse,p1_probes_h5,202,1,1,1,0,224,409,110,17,154,45,3,2.127488851547241,0
tree_d3f2,medium,medium,p1_default,101,3,3,3,0,415,736,221,59,326,43,0,1.742830753326416,0
tree_d3f2,light,sparse,p1_probes_h3,202,1,1,1,0,224,409,110,17,154,45,3,2.2975642681121826,0
tree_d3f2,light,sparse,p1_probes_h5,42,2,2,2,0,241,442,117,38,164,49,3,2.327099561691284,0
tree_d3f2,light,sparse,p1_auto,42,2,2,2,0,230,416,116,38,164,41,0,2.2809841632843018,0
tree_d3f2,medium,medium,baseline,101,3,3,3,0,415,736,221,59,326,43,0,2.2121593952178955,0
tree_d3f2,medium,medium,baseline,202,4,4,4,0,390,700,192,76,299,42,0,2.182873249053955,0
tree_d3f2,medium,medium,baseline,42,6,6,6,0,474,858,231,110,374,45,0,2.2657835483551025,0
tree_d3f2,light,sparse,p1_auto,202,1,1,1,0,202,374,90,17,146,34,0,2.3369157314300537,0
tree_d3f2,medium,medium,p1_default,42,6,6,6,0,474,858,231,110,374,45,0,2.3507418632507324,0
tree_d3f2,medium,medium,p1_penalty_off,42,6,6,6,0,474,858,231,110,374,45,0,2.274280309677124,0
tree_d3f2,medium,medium,p1_default,202,4,4,4,0,390,700,192,76,299,42,0,2.333294630050659,0
tree_d3f2,medium,medium,p1_penalty_off,101,3,3,3,0,415,736,221,59,326,43,0,2.3169031143188477,0
tree_d3f2,medium,medium,p1_penalty_off,202,4,4,4,0,390,700,192,76,299,42,0,2.3190526962280273,0
tree_d3f2,medium,medium,p1_etl_7200,42,6,6,6,0,474,858,231,110,374,45,0,1.9859459400177002,0
tree_d3f2,medium,medium,p1_etl_60,42,6,6,6,0,474,858,231,110,374,45,0,2.3289449214935303,0
tree_d3f2,medium,medium,p1_etl_1800,101,3,3,3,0,415,736,221,59,326,43,0,2.105668544769287,0
tree_d3f2,medium,medium,p1_etl_300,101,3,3,3,0,415,736,221,59,326,43,0,2.3062565326690674,0
tree_d3f2,medium,medium,p1_etl_300,202,4,4,4,0,390,700,192,76,299,42,0,2.259340286254883,0
tree_d3f2,medium,medium,p1_etl_60,101,3,3,3,0,415,736,221,59,326,43,0,2.387485980987549,0
tree_d3f2,medium,medium,p1_etl_60,202,4,4,4,0,390,700,192,76,299,42,0,2.3784923553466797,0
tree_d3f2,medium,medium,p1_etl_300,42,6,6,6,0,474,858,231,110,374,45,0,2.3644373416900635,0
tree_d3f2,medium,medium,p1_etl_1800,42,6,6,6,0,474,858,231,110,374,45,0,2.3617990016937256,0
tree_d3f2,medium,medium,p1_etl_1800,202,4,4,4,0,390,700,192,76,299,42,0,2.3326594829559326,0
tree_d3f2,medium,medium,p1_etl_7200,101,3,3,3,0,415,736,221,59,326,43,0,2.3863213062286377,0
tree_d3f2,medium,medium,p1_etl_86400,101,3,3,3,0,415,736,221,59,326,43,0,1.959533929824829,0
tree_d3f2,medium,medium,p1_etl_86400,202,4,4,4,0,390,700,192,76,299,42,0,1.9649786949157715,0
tree_d3f2,medium,medium,p1_c40,101,3,3,0,3,374,670,191,48,284,47,0,2.112473487854004,0
tree_d3f2,medium,medium,p1_etl_7200,202,4,4,4,0,390,700,192,76,299,42,0,2.3234341144561768,0
tree_d3f2,medium,medium,p1_etl_86400,42,6,6,6,0,474,858,231,110,374,45,0,2.3428096771240234,0
tree_d3f2,medium,medium,p1_c40,42,6,6,0,6,394,728,177,96,284,61,0,2.2694091796875,0
tree_d3f2,medium,medium,p1_c40,202,4,4,0,4,337,597,172,61,242,50,0,2.2911691665649414,0
tree_d3f2,medium,medium,p1_c80,42,6,6,0,6,394,728,177,96,284,61,0,2.393653631210327,0
tree_d3f2,medium,medium,p1_c80,202,4,4,0,4,337,597,172,61,242,50,0,2.2152554988861084,0
tree_d3f2,medium,medium,p1_c80,101,3,3,0,3,374,670,191,48,284,47,0,2.305661916732788,0
tree_d3f2,medium,medium,p1_mp4,202,4,4,4,0,390,700,192,76,299,42,0,1.758976697921753,0
tree_d3f2,medium,medium,p1_c100,42,6,6,0,6,394,728,177,96,284,61,0,2.3800792694091797,0
tree_d3f2,medium,medium,p1_c100,101,3,3,0,3,374,670,191,48,284,47,0,2.334429979324341,0
tree_d3f2,medium,medium,p1_c100,202,4,4,0,4,337,597,172,61,242,50,0,2.335110664367676,0
tree_d3f2,medium,medium,p1_c120,42,6,6,6,0,474,858,231,110,374,45,0,2.371218204498291,0
tree_d3f2,medium,medium,p1_c120,101,3,3,3,0,415,736,221,59,326,43,0,2.3655240535736084,0
tree_d3f2,medium,medium,p1_c120,202,4,4,4,0,390,700,192,76,299,42,0,2.3095743656158447,0
tree_d3f2,medium,medium,p1_mp3,101,3,3,3,0,415,736,221,59,326,43,0,2.137509346008301,0
tree_d3f2,medium,medium,p1_mp2,42,6,6,6,0,474,858,231,110,374,45,0,2.4094462394714355,0
tree_d3f2,medium,medium,p1_mp3,202,4,4,4,0,390,700,192,76,299,42,0,2.1676955223083496,0
tree_d3f2,medium,medium,p1_mp2,101,3,3,3,0,415,736,221,59,326,43,0,2.322549819946289,0
tree_d3f2,medium,medium,p1_mp2,202,4,4,4,0,390,700,192,76,299,42,0,2.3552703857421875,0
tree_d3f2,medium,medium,p1_mp3,42,6,6,6,0,474,858,231,110,374,45,0,2.3591606616973877,0
tree_d3f2,medium,medium,p1_mp4,101,3,3,3,0,415,736,221,59,326,43,0,2.292311906814575,0
tree_d3f2,medium,medium,p1_mp4,42,6,6,6,0,474,858,231,110,374,45,0,2.3490970134735107,0
tree_d3f2,medium,medium,p1_probes_h1,101,3,3,3,0,421,744,225,59,326,46,3,2.3647496700286865,0
tree_d3f2,medium,medium,p1_probes_h1,42,6,6,6,0,480,866,235,110,374,48,3,2.4379255771636963,0
tree_d3f2,medium,medium,p1_probes_h1,202,4,4,4,0,434,771,226,72,339,44,2,2.3860340118408203,0
tree_d3f2,medium,medium,p1_probes_h2,42,6,6,6,0,480,866,235,110,374,48,3,2.362386703491211,0
tree_d3f2,medium,medium,p1_probes_h2,101,3,3,3,0,421,744,225,59,326,46,3,2.380162239074707,0
tree_d3f2,medium,medium,p1_probes_h3,101,3,3,3,0,421,744,225,59,326,46,3,2.0917508602142334,0
tree_d3f2,medium,medium,p1_probes_h2,202,4,4,4,0,440,787,226,72,339,49,3,2.363330602645874,0
tree_d3f2,medium,medium,p1_probes_h3,42,6,6,6,0,480,866,235,110,374,48,3,2.364224672317505,0
tree_d3f2,medium,medium,p1_probes_h5,42,6,6,6,0,480,866,235,110,374,48,3,2.230224609375,0
tree_d3f2,medium,medium,p1_probes_h3,202,4,4,4,0,440,787,226,72,339,49,3,2.38735032081604,0
tree_d3f2,medium,medium,p1_probes_h5,202,4,4,4,0,440,787,226,72,339,49,3,2.206068277359009,0
tree_d3f2,medium,sparse,baseline,42,5,5,5,0,337,614,171,97,254,49,0,2.135037660598755,0
tree_d3f2,medium,sparse,baseline,101,3,3,3,0,246,444,121,51,183,35,0,2.0603930950164795,0
tree_d3f2,medium,medium,p1_auto,202,4,4,4,0,390,700,192,76,299,42,0,2.1952569484710693,0
tree_d3f2,medium,medium,p1_probes_h5,101,3,3,3,0,421,744,225,59,326,46,3,2.3860859870910645,0
tree_d3f2,medium,sparse,baseline,202,3,3,3,0,265,484,127,51,203,34,0,2.021336078643799,0
tree_d3f2,medium,sparse,p1_default,202,3,3,3,0,265,484,127,51,203,34,0,1.906125545501709,0
tree_d3f2,medium,medium,p1_auto,42,6,6,6,0,474,858,231,110,374,45,0,2.3637335300445557,0
tree_d3f2,medium,medium,p1_auto,101,3,3,3,0,415,736,221,59,326,43,0,2.3367631435394287,0
tree_d3f2,medium,sparse,p1_penalty_off,202,3,3,3,0,265,484,127,51,203,34,0,2.0234670639038086,0
tree_d3f2,medium,sparse,p1_default,101,3,3,3,0,246,444,121,51,183,35,0,2.301663398742676,0
tree_d3f2,medium,sparse,p1_default,42,5,5,5,0,337,614,171,97,254,49,0,2.3190205097198486,0
tree_d3f2,medium,sparse,p1_penalty_off,101,3,3,3,0,246,444,121,51,183,35,0,2.161653518676758,0
tree_d3f2,medium,sparse,p1_etl_300,42,5,5,5,0,337,614,171,97,254,49,0,2.085392713546753,0
tree_d3f2,medium,sparse,p1_penalty_off,42,5,5,5,0,337,614,171,97,254,49,0,2.316443920135498,0
tree_d3f2,medium,sparse,p1_etl_60,101,3,3,3,0,246,444,121,51,183,35,0,2.191506862640381,0
tree_d3f2,medium,sparse,p1_etl_60,42,5,5,5,0,337,614,171,97,254,49,0,2.2448344230651855,0
tree_d3f2,medium,sparse,p1_etl_60,202,3,3,3,0,265,484,127,51,203,34,0,2.312190055847168,0
tree_d3f2,medium,sparse,p1_etl_300,202,3,3,3,0,265,484,127,51,203,34,0,2.1913599967956543,0
tree_d3f2,medium,sparse,p1_etl_300,101,3,3,3,0,246,444,121,51,183,35,0,2.2787747383117676,0
tree_d3f2,medium,sparse,p1_etl_1800,42,5,5,5,0,337,614,171,97,254,49,0,2.358203172683716,0
tree_d3f2,medium,sparse,p1_etl_7200,42,5,5,5,0,337,614,171,97,254,49,0,2.2266361713409424,0
tree_d3f2,medium,sparse,p1_etl_1800,101,3,3,3,0,246,444,121,51,183,35,0,2.341970920562744,0
tree_d3f2,medium,sparse,p1_etl_86400,42,5,5,5,0,337,614,171,97,254,49,0,1.981553316116333,0
tree_d3f2,medium,sparse,p1_etl_1800,202,3,3,3,0,265,484,127,51,203,34,0,2.3685500621795654,0
tree_d3f2,medium,sparse,p1_c100,101,3,3,0,3,210,403,81,48,138,47,0,1.718515157699585,0
tree_d3f2,medium,sparse,p1_etl_7200,101,3,3,3,0,246,444,121,51,183,35,0,2.2761666774749756,0
tree_d3f2,medium,sparse,p1_etl_86400,101,3,3,3,0,246,444,121,51,183,35,0,2.227212905883789,0
tree_d3f2,medium,sparse,p1_etl_7200,202,3,3,3,0,265,484,127,51,203,34,0,2.3535704612731934,0
tree_d3f2,medium,sparse,p1_etl_86400,202,3,3,3,0,265,484,127,51,203,34,0,2.2368409633636475,0
tree_d3f2,medium,sparse,p1_c40,202,3,3,0,3,232,436,101,48,161,46,0,2.1861894130706787,0
tree_d3f2,medium,sparse,p1_c80,42,5,5,0,5,265,508,109,80,179,57,0,2.205761432647705,0
tree_d3f2,medium,sparse,p1_c40,101,3,3,0,3,210,403,81,48,138,47,0,2.28149151802063,0
tree_d3f2,medium,sparse,p1_c40,42,5,5,0,5,265,508,109,80,179,57,0,2.3089802265167236,0
tree_d3f2,medium,sparse,p1_c100,42,5,5,0,5,265,508,109,80,179,57,0,2.2479021549224854,0
tree_d3f2,medium,sparse,p1_c80,101,3,3,0,3,210,403,81,48,138,47,0,2.2933244705200195,0
tree_d3f2,medium,sparse,p1_c100,202,3,3,0,3,232,436,101,48,161,46,0,2.074397325515747,0
tree_d3f2,medium,sparse,p1_c80,202,3,3,0,3,232,436,101,48,161,46,0,2.2897841930389404,0
tree_d3f2,medium,sparse,p1_c120,42,5,5,5,0,337,614,171,97,254,49,0,2.0429866313934326,0
tree_d3f2,medium,sparse,p1_c120,101,3,3,3,0,246,444,121,51,183,35,0,2.1789660453796387,0
tree_d3f2,medium,sparse,p1_mp2,42,5,5,5,0,337,614,171,97,254,49,0,2.0963196754455566,0
tree_d3f2,medium,sparse,p1_c120,202,3,3,3,0,265,484,127,51,203,34,0,2.252434253692627,0
tree_d3f2,medium,sparse,p1_mp2,202,3,3,3,0,265,484,127,51,203,34,0,2.122499704360962,0
tree_d3f2,medium,sparse,p1_mp2,101,3,3,3,0,246,444,121,51,183,35,0,2.239654302597046,0
tree_d3f2,medium,sparse,p1_mp3,42,5,5,5,0,337,614,171,97,254,49,0,2.3628103733062744,0
tree_d3f2,medium,sparse,p1_mp3,101,3,3,3,0,246,444,121,51,183,35,0,2.2963576316833496,0
tree_d3f2,medium,sparse,p1_mp3,202,3,3,3,0,265,484,127,51,203,34,0,2.2440290451049805,0
tree_d3f2,medium,sparse,p1_mp4,101,3,3,3,0,246,444,121,51,183,35,0,2.065471649169922,0
tree_d3f2,medium,sparse,p1_mp4,42,5,5,5,0,337,614,171,97,254,49,0,2.3299849033355713,0
tree_d3f2,medium,sparse,p1_probes_h1,101,3,3,3,0,255,470,116,51,183,41,3,2.121366262435913,0
tree_d3f2,medium,sparse,p1_mp4,202,3,3,3,0,265,484,127,51,203,34,0,2.1944727897644043,0
tree_d3f2,medium,sparse,p1_probes_h1,42,5,5,5,0,342,623,172,93,254,51,3,2.311264991760254,0
tree_d3f2,medium,sparse,p1_probes_h1,202,2,2,2,0,251,456,124,34,184,40,2,2.337617874145508,0
tree_d3f2,medium,sparse,p1_probes_h2,101,3,3,3,0,255,470,116,51,183,41,3,2.267622470855713,0
tree_d3f2,medium,sparse,p1_probes_h5,101,3,3,3,0,255,470,116,51,183,41,3,1.881587266921997,0
tree_d3f2,medium,sparse,p1_probes_h3,42,5,5,5,0,342,623,172,93,254,51,3,2.2078640460968018,0
tree_d3f2,medium,sparse,p1_probes_h2,42,5,5,5,0,342,623,172,93,254,51,3,2.314208984375,0
tree_d3f2,medium,sparse,p1_probes_h2,202,2,2,2,0,257,472,124,34,184,45,3,2.2863519191741943,0
tree_d3f2,medium,sparse,p1_auto,101,3,3,3,0,246,444,121,51,183,35,0,1.9417648315429688,0
tree_d3f2,medium,sparse,p1_probes_h3,202,2,2,2,0,257,472,124,34,184,45,3,2.1790525913238525,0
tree_d3f2,medium,sparse,p1_probes_h3,101,3,3,3,0,255,470,116,51,183,41,3,2.3037478923797607,0
tree_d3f2,medium,sparse,p1_probes_h5,42,5,5,5,0,342,623,172,93,254,51,3,2.2721967697143555,0
tree_d3f2,medium,sparse,p1_auto,42,5,5,5,0,337,614,171,97,254,49,0,2.2114663124084473,0
tree_d3f2,heavy,medium,baseline,101,5,7,6,1,430,764,223,77,330,47,0,2.159024953842163,0
tree_d3f2,medium,sparse,p1_auto,202,3,3,3,0,265,484,127,51,203,34,0,2.246250867843628,0
tree_d3f2,medium,sparse,p1_probes_h5,202,2,2,2,0,257,472,124,34,184,45,3,2.316246747970581,0
tree_d3f2,heavy,medium,baseline,42,8,10,8,2,520,917,281,144,404,54,0,2.3691415786743164,0
tree_d3f2,heavy,medium,p1_default,42,8,10,8,2,520,917,281,144,404,54,0,2.296208143234253,0
tree_d3f2,heavy,medium,p1_default,101,5,7,6,1,430,764,223,77,330,47,0,2.2926766872406006,0
tree_d3f2,heavy,medium,baseline,202,7,7,4,3,414,733,214,102,303,56,0,2.369525909423828,0
tree_d3f2,heavy,medium,p1_default,202,7,7,4,3,414,733,214,102,303,56,0,2.360952615737915,0
tree_d3f2,heavy,medium,p1_penalty_off,42,8,10,8,2,520,917,281,144,404,54,0,2.4117183685302734,0
tree_d3f2,heavy,medium,p1_penalty_off,202,7,7,4,3,414,733,214,102,303,56,0,2.2655277252197266,0
tree_d3f2,heavy,medium,p1_penalty_off,101,5,7,6,1,430,764,223,77,330,47,0,2.3821961879730225,0
tree_d3f2,heavy,medium,p1_etl_60,202,7,7,4,3,414,733,214,102,303,56,0,2.068385124206543,0
tree_d3f2,heavy,medium,p1_etl_60,42,8,10,8,2,520,917,281,144,404,54,0,2.423147678375244,0
tree_d3f2,heavy,medium,p1_etl_60,101,5,7,6,1,430,764,223,77,330,47,0,2.342196226119995,0
tree_d3f2,heavy,medium,p1_etl_1800,42,8,10,8,2,520,917,281,144,404,54,0,1.8680295944213867,0
tree_d3f2,heavy,medium,p1_etl_300,42,8,10,8,2,520,917,281,144,404,54,0,2.207268714904785,0
tree_d3f2,heavy,medium,p1_etl_300,101,5,7,6,1,430,764,223,77,330,47,0,2.3656835556030273,0
tree_d3f2,heavy,medium,p1_etl_300,202,7,7,4,3,414,733,214,102,303,56,0,2.2538862228393555,0
tree_d3f2,heavy,medium,p1_etl_86400,42,8,10,8,2,520,917,281,144,404,54,0,2.087127923965454,0
tree_d3f2,heavy,medium,p1_etl_7200,202,7,7,4,3,414,733,214,102,303,56,0,2.165447473526001,0
tree_d3f2,heavy,medium,p1_etl_1800,101,5,7,6,1,430,764,223,77,330,47,0,2.260385513305664,0
tree_d3f2,heavy,medium,p1_etl_86400,202,7,7,4,3,414,733,214,102,303,56,0,2.1259782314300537,0
tree_d3f2,heavy,medium,p1_etl_86400,101,5,7,6,1,430,764,223,77,330,47,0,2.13022780418396,0
tree_d3f2,heavy,medium,p1_etl_7200,42,8,10,8,2,520,917,281,144,404,54,0,2.336876392364502,0
tree_d3f2,heavy,medium,p1_etl_1800,202,7,7,4,3,414,733,214,102,303,56,0,2.392428398132324,0
tree_d3f2,heavy,medium,p1_etl_7200,101,5,7,6,1,430,764,223,77,330,47,0,2.394824981689453,0
tree_d3f2,heavy,medium,p1_c40,202,8,8,0,8,414,750,201,100,295,66,0,2.266329765319824,0
tree_d3f2,heavy,medium,p1_c40,42,9,9,0,9,437,818,188,128,309,73,0,2.363886594772339,0
tree_d3f2,heavy,medium,p1_c40,101,7,9,0,9,406,743,191,94,284,69,0,2.3359994888305664,0
tree_d3f2,heavy,medium,p1_c80,42,9,9,0,9,437,818,188,128,309,73,0,2.30410099029541,0
tree_d3f2,heavy,medium,p1_c80,101,7,9,0,9,406,743,191,94,284,69,0,2.320580244064331,0
tree_d3f2,heavy,medium,p1_c80,202,8,8,0,8,414,750,201,100,295,66,0,2.320803642272949,0
tree_d3f2,heavy,medium,p1_c100,202,8,8,0,8,414,750,201,100,295,66,0,2.154615879058838,0
tree_d3f2,heavy,medium,p1_c100,42,9,9,0,9,437,818,188,128,309,73,0,2.2078659534454346,0
tree_d3f2,heavy,medium,p1_c100,101,7,9,0,9,406,743,191,94,284,69,0,2.3385238647460938,0
tree_d3f2,heavy,medium,p1_c120,42,8,10,8,2,520,917,281,144,404,54,0,2.3504114151000977,0
tree_d3f2,heavy,medium,p1_c120,101,5,7,6,1,430,764,223,77,330,47,0,2.22074294090271,0
tree_d3f2,heavy,medium,p1_c120,202,7,7,4,3,414,733,214,102,303,56,0,2.156862735748291,0
tree_d3f2,heavy,medium,p1_mp2,101,5,7,6,1,431,765,223,77,330,47,0,2.3178508281707764,0
tree_d3f2,heavy,medium,p1_mp2,42,9,10,8,2,530,941,279,149,404,61,0,2.387949228286743,0
tree_d3f2,heavy,medium,p1_mp3,42,9,10,8,2,532,942,280,149,404,61,0,2.2636260986328125,0
tree_d3f2,heavy,medium,p1_mp2,202,7,7,4,3,417,736,214,102,303,56,0,2.312124252319336,0
tree_d3f2,heavy,medium,p1_mp3,101,5,7,6,1,432,766,223,77,330,47,0,2.216228723526001,0
tree_d3f2,heavy,medium,p1_mp4,42,9,10,8,2,534,945,279,149,404,61,0,2.081064462661743,0
tree_d3f2,heavy,medium,p1_mp3,202,7,7,4,3,420,734,219,102,303,56,0,2.339653253555298,0
tree_d3f2,heavy,medium,p1_mp4,101,5,7,6,1,433,767,223,77,330,47,0,2.327087640762329,0
tree_d3f2,heavy,medium,p1_probes_h1,42,9,10,9,1,542,965,280,143,429,47,3,2.1938631534576416,0
tree_d3f2,heavy,medium,p1_probes_h1,101,5,7,6,1,443,791,228,81,330,57,3,2.2793402671813965,0
tree_d3f2,heavy,medium,p1_mp4,202,7,7,4,3,430,757,216,109,310,56,0,2.3348073959350586,0
tree_d3f2,heavy,medium,p1_probes_h1,202,7,10,10,0,543,969,283,119,424,56,3,2.213442087173462,0
tree_d3f2,heavy,medium,p1_probes_h2,42,9,10,9,1,542,965,280,143,429,47,3,2.26277494430542,0
tree_d3f2,heavy,medium,p1_probes_h2,101,5,7,6,1,443,791,228,81,330,57,3,2.3391671180725098,0
tree_d3f2,heavy,medium,p1_probes_h3,42,9,10,9,1,542,965,280,143,429,47,3,2.3791186809539795,0
tree_d3f2,heavy,medium,p1_probes_h2,202,7,10,10,0,543,969,283,119,424,56,3,2.440992593765259,0
tree_d3f2,heavy,medium,p1_probes_h5,101,5,7,6,1,443,791,228,81,330,57,3,2.123180389404297,0
tree_d3f2,heavy,medium,p1_probes_h3,101,5,7,6,1,443,791,228,81,330,57,3,2.2933349609375,0
tree_d3f2,heavy,medium,p1_auto,42,8,10,8,2,520,917,281,144,404,54,0,2.131052255630493,0
tree_d3f2,heavy,medium,p1_probes_h5,42,9,10,9,1,542,965,280,143,429,47,3,2.316986322402954,0
tree_d3f2,heavy,medium,p1_probes_h3,202,7,10,10,0,543,969,283,119,424,56,3,2.337996006011963,0
tree_d3f2,heavy,sparse,baseline,42,9,9,6,3,419,782,197,151,311,65,0,2.0350446701049805,0
tree_d3f2,heavy,medium,p1_probes_h5,202,7,10,10,0,543,969,283,119,424,56,3,2.417186975479126,0
tree_d3f2,heavy,medium,p1_auto,101,5,7,6,1,430,764,223,77,330,47,0,2.29303240776062,0
tree_d3f2,heavy,medium,p1_auto,202,7,7,4,3,414,733,214,102,303,56,0,2.3134312629699707,0
tree_d3f2,heavy,sparse,baseline,101,6,6,4,2,321,594,148,100,243,43,0,2.1886823177337646,0
tree_d3f2,heavy,sparse,baseline,202,6,6,4,2,340,623,165,100,263,42,0,2.3016574382781982,0
tree_d3f2,heavy,sparse,p1_penalty_off,42,9,9,6,3,419,782,197,151,311,65,0,1.9009084701538086,0
tree_d3f2,heavy,sparse,p1_default,42,9,9,6,3,419,782,197,151,311,65,0,2.35074520111084,0
tree_d3f2,heavy,sparse,p1_default,202,6,6,4,2,340,623,165,100,263,42,0,2.224834442138672,0
tree_d3f2,heavy,sparse,p1_penalty_off,101,6,6,4,2,321,594,148,100,243,43,0,2.0929999351501465,0
tree_d3f2,heavy,sparse,p1_default,101,6,6,4,2,321,594,148,100,243,43,0,2.32532000541687,0
tree_d3f2,heavy,sparse,p1_penalty_off,202,6,6,4,2,340,623,165,100,263,42,0,2.346144914627075,0
tree_d3f2,heavy,sparse,p1_etl_60,42,9,9,6,3,419,782,197,151,311,65,0,2.261791467666626,0
tree_d3f2,heavy,sparse,p1_etl_60,101,6,6,4,2,321,594,148,100,243,43,0,2.2048580646514893,0
tree_d3f2,heavy,sparse,p1_etl_1800,42,9,9,6,3,419,782,197,151,311,65,0,1.9913020133972168,0
tree_d3f2,heavy,sparse,p1_etl_300,42,9,9,6,3,419,782,197,151,311,65,0,2.3011698722839355,0
tree_d3f2,heavy,sparse,p1_etl_60,202,6,6,4,2,340,623,165,100,263,42,0,2.326284646987915,0
tree_d3f2,heavy,sparse,p1_etl_1800,101,6,6,4,2,321,594,148,100,243,43,0,2.1261065006256104,0
tree_d3f2,heavy,sparse,p1_etl_300,202,6,6,4,2,340,623,165,100,263,42,0,2.2975406646728516,0
tree_d3f2,heavy,sparse,p1_etl_7200,202,6,6,4,2,340,623,165,100,263,42,0,2.0165741443634033,0
tree_d3f2,heavy,sparse,p1_etl_300,101,6,6,4,2,321,594,148,100,243,43,0,2.365464448928833,0
tree_d3f2,heavy,sparse,p1_etl_86400,42,9,9,6,3,419,782,197,151,311,65,0,2.0420873165130615,0
tree_d3f2,heavy,sparse,p1_c40,42,9,9,0,9,349,688,129,144,239,73,0,1.991095781326294,0
tree_d3f2,heavy,sparse,p1_etl_1800,202,6,6,4,2,340,623,165,100,263,42,0,2.396442413330078,0
tree_d3f2,heavy,sparse,p1_etl_7200,42,9,9,6,3,419,782,197,151,311,65,0,2.3280844688415527,0
tree_d3f2,heavy,sparse,p1_c80,42,9,9,0,9,349,688,129,144,239,73,0,1.9616620540618896,0
tree_d3f2,heavy,sparse,p1_etl_86400,202,6,6,4,2,340,623,165,100,263,42,0,2.153456926345825,0
tree_d3f2,heavy,sparse,p1_etl_7200,101,6,6,4,2,321,594,148,100,243,43,0,2.3572418689727783,0
tree_d3f2,heavy,sparse,p1_c40,101,5,6,0,6,256,501,93,80,168,58,0,2.1311824321746826,0
tree_d3f2,heavy,sparse,p1_etl_86400,101,6,6,4,2,321,594,148,100,243,43,0,2.3056790828704834,0
tree_d3f2,heavy,sparse,p1_c80,101,5,6,0,6,256,501,93,80,168,58,0,2.1049652099609375,0
tree_d3f2,heavy,sparse,p1_c40,202,6,6,0,6,295,564,123,96,206,58,0,2.2917726039886475,0
tree_d3f2,heavy,sparse,p1_c80,202,6,6,0,6,295,564,123,96,206,58,0,2.3109288215637207,0
tree_d3f2,heavy,sparse,p1_c100,101,5,6,0,6,256,501,93,80,168,58,0,2.2832798957824707,0
tree_d3f2,heavy,sparse,p1_c100,42,9,9,0,9,349,688,129,144,239,73,0,2.321380615234375,0
tree_d3f2,heavy,sparse,p1_c100,202,6,6,0,6,295,564,123,96,206,58,0,2.3528449535369873,0
tree_d3f2,heavy,sparse,p1_c120,101,6,6,4,2,321,594,148,100,243,43,0,2.226834774017334,0
tree_d3f2,heavy,sparse,p1_c120,42,9,9,6,3,419,782,197,151,311,65,0,2.322171211242676,0
tree_d3f2,heavy,sparse,p1_c120,202,6,6,4,2,340,623,165,100,263,42,0,2.284172773361206,0
tree_d3f2,heavy,sparse,p1_mp2,101,6,6,4,2,320,591,146,97,240,43,0,1.8334150314331055,0
tree_d3f2,heavy,sparse,p1_mp3,202,6,6,4,2,344,629,163,100,263,42,0,1.7005820274353027,0
tree_d3f2,heavy,sparse,p1_mp2,42,9,9,6,3,422,784,198,151,311,65,0,2.321063995361328,0
tree_d3f2,heavy,sparse,p1_mp2,202,6,6,4,2,342,626,164,100,263,42,0,2.3262104988098145,0
tree_d3f2,heavy,sparse,p1_mp3,101,5,6,4,2,307,559,144,84,228,41,0,2.027458429336548,0
tree_d3f2,heavy,sparse,p1_mp4,42,9,9,6,3,428,791,197,151,311,65,0,2.040862798690796,0
tree_d3f2,heavy,sparse,p1_mp3,42,9,9,6,3,425,790,195,151,311,65,0,2.303554058074951,0
tree_d3f2,heavy,sparse,p1_probes_h3,101,5,6,4,2,312,576,144,84,228,47,3,1.7262074947357178,0
tree_d3f2,heavy,sparse,p1_mp4,101,5,6,4,2,309,561,144,84,228,41,0,2.1034746170043945,0
tree_d3f2,heavy,sparse,p1_probes_h2,202,6,6,4,2,370,683,182,105,271,61,3,1.8415050506591797,0
tree_d3f2,heavy,sparse,p1_probes_h3,202,6,6,4,2,370,683,182,105,271,61,3,1.8387467861175537,0
tree_d3f2,heavy,sparse,p1_probes_h1,42,9,9,6,3,421,775,207,144,308,67,3,2.1862807273864746,0
tree_d3f2,heavy,sparse,p1_probes_h1,101,5,6,4,2,312,576,144,84,228,47,3,2.1025846004486084,0
tree_d3f2,heavy,sparse,p1_probes_h2,101,5,6,4,2,312,576,144,84,228,47,3,1.9734883308410645,0
tree_d3f2,heavy,sparse,p1_mp4,202,6,6,4,2,346,631,163,100,263,42,0,2.235846996307373,0
tree_d3f2,heavy,sparse,p1_probes_h5,202,6,6,4,2,370,683,182,105,271,61,3,1.6896436214447021,0
tree_d3f2,heavy,sparse,p1_probes_h1,202,6,6,4,2,360,664,174,101,271,52,2,2.1339800357818604,0
tree_d3f2,heavy,sparse,p1_probes_h5,42,9,9,6,3,421,775,207,144,308,67,3,1.8663132190704346,0
tree_d3f2,heavy,sparse,p1_probes_h2,42,9,9,6,3,421,775,207,144,308,67,3,2.131165027618408,0
tree_d3f2,heavy,sparse,p1_probes_h3,42,9,9,6,3,421,775,207,144,308,67,3,2.0546178817749023,0
tree_d3f2,heavy,sparse,p1_auto,42,9,9,6,3,419,782,197,151,311,65,0,1.6629388332366943,0
tree_d3f2,heavy,sparse,p1_probes_h5,101,5,6,4,2,312,576,144,84,228,47,3,2.04201340675354,0
tree_d3f2,heavy,sparse,p1_auto,101,6,6,4,2,321,594,148,100,243,43,0,1.8718628883361816,0
tree_d3f2,heavy,sparse,p1_auto,202,6,6,4,2,340,623,165,100,263,42,0,1.8701865673065186,0
